<?xml version="1.0"?>
<COLLADA xmlns="http://www.collada.org/2005/11/COLLADASchema" version="1.4.1">
    <asset>
        <contributor>
            <authoring_tool>CINEMA4D 17.055 COLLADA Exporter</authoring_tool>
        </contributor>
        <created>2017-11-05T16:23:14Z</created>
        <modified>2017-11-05T16:23:14Z</modified>
        <unit meter="7" name="meter"/>
        <up_axis>Y_UP</up_axis>
    </asset>
    <library_images>
        <image id="ID3">
            <init_from>Texture2D/chr027a01.png</init_from>
        </image>
    </library_images>
    <library_effects>
        <effect id="ID2">
            <profile_COMMON>
                <newparam sid="ID4">
                    <surface type="2D">
                        <init_from>ID3</init_from>
                    </surface>
                </newparam>
                <newparam sid="ID5">
                    <sampler2D>
                        <source>ID4</source>
                    </sampler2D>
                </newparam>
                <technique sid="COMMON">
                    <blinn>
                        <diffuse>
                            <texture texture="ID5" texcoord="UVSET0"/>
                        </diffuse>
                        <specular>
                            <color>0.2 0.2 0.2 1</color>
                        </specular>
                        <shininess>
                            <float>0.567807</float>
                        </shininess>
                    </blinn>
                </technique>
            </profile_COMMON>
        </effect>
    </library_effects>
    <library_materials>
        <material id="ID1" name="chr027a01">
            <instance_effect url="#ID2"/>
        </material>
    </library_materials>
    <library_geometries>
        <geometry id="ID46">
            <mesh>
                <source id="ID47">
                    <float_array id="ID48" count="23406">0.00438836 0.139028 0.00294932 -0.00438836 0.139028 0.00294932 9.74019e-018 0.137225 0.00430629 0.006717 0.1422 -0.000214044 -0.006717 0.1422 -0.000214044 -0.00586539 0.143847 0.000656854 0.00586539 0.143847 0.000656854 -0.00777883 0.147795 -0.00434823 -0.00833966 0.146102 -0.000747431 0 0.145982 -0.000638754 -0.00525506 0.150676 -0.00973915 -0.00232724 0.152422 -0.0122514 0 0.153644 0.000971906 -0.00763521 0.150302 0.000271462 -0.0026017 0.153253 -0.00774418 0 0.154317 -0.00839005 -0.00232724 0.152422 -0.0122514 -2.73962e-011 0.153305 -0.0133564 -0.00525506 0.150676 -0.00973915 -0.00521294 0.151473 -0.00670065 -0.00777883 0.147795 -0.00434823 -0.00833966 0.146102 -0.000747431 0 0.145982 -0.000638754 -2.73962e-011 0.153305 -0.0133564 -0.00232724 0.152422 -0.0122514 0.00833966 0.146102 -0.000747431 0.00777883 0.147795 -0.00434823 0 0.145982 -0.000638754 0.00525506 0.150676 -0.00973915 0.00232724 0.152422 -0.0122514 -2.73962e-011 0.153305 -0.0133564 0 0.145982 -0.000638754 0.00763521 0.150302 0.000271462 0 0.153644 0.000971906 0.0026017 0.153253 -0.00774418 0 0.154317 -0.00839005 0.00232724 0.152422 -0.0122514 -2.73962e-011 0.153305 -0.0133564 0.00525506 0.150676 -0.00973915 0.00521294 0.151473 -0.00670065 0.00777883 0.147795 -0.00434823 0.00833966 0.146102 -0.000747431 -0.00749724 0.152031 -0.00251271 -0.00824136 0.149673 -0.00252592 -0.00743397 0.15124 -0.00392354 -0.00814995 0.150445 -0.00151293 -0.00651838 0.153826 -0.00300678 -0.00690629 0.153859 -0.00202489 -0.00568881 0.153383 -0.00524091 -0.00518627 0.155365 -0.00252555 -0.0067262 0.154838 -0.000360919 -0.00595328 0.155668 0.00129957 -0.00384205 0.156137 -0.00225518 -0.00436291 0.156453 0.00190104 -0.00203287 0.156715 -0.00221419 -0.00352671 0.155192 -0.00582427 -0.00252631 0.154116 -0.00880869 -0.0063327 0.155018 0.00341229 -0.00438328 0.155994 0.00395166 -0.0024571 0.157041 0.00222037 -0.00254378 0.156567 0.00442991 -0.00429979 0.154524 0.00673372 -0.00255359 0.155075 0.00712615 -0.00703664 0.154365 0.00149727 -0.00763313 0.15278 0.00248234 -0.00630039 0.153586 0.00590481 -0.00172083 0.155943 -0.00598213 0 0.15637 -0.00603098 0 0.155427 -0.00988535 0 0.157109 -0.00214637 0 0.157508 0.00250644 -0.00601386 0.152152 0.00789254 -0.00710923 0.150609 0.00679115 -0.00750446 0.151784 0.0043939 -0.00798642 0.15037 0.00328767 -0.00817616 0.151021 0.0020324 -0.00497497 0.149999 0.011021 -0.00562282 0.148541 0.0100448 -0.00375846 0.147828 0.0137395 -0.00368788 0.150828 0.0117428 -0.00408109 0.153078 0.0087135 -0.00244424 0.153664 0.00913679 -0.00202561 0.151203 0.0120686 -0.00149922 0.148523 0.0150756 0 0.150318 0.0133597 0 0.151433 0.0123054 -0.00223622 0.1457 0.0169427 0 0.146542 0.0172502 -0.00281196 0.144524 0.0163049 -0.00430738 0.146675 0.0127077 0 0.145071 0.018233 0 0.14358 0.0182771 0 0.145071 0.018233 -0.00443862 0.145394 0.0116934 -0.00276509 0.143338 0.0155417 -0.00167303 0.142916 0.0164754 0 0.14358 0.0182771 0 0.154224 0.0095268 -0.00586397 0.147154 0.00892802 0 0.14358 0.0182771 0 0.142304 0.0177278 0 0.140842 0.016863 0 0.14358 0.0182771 0.00167303 0.142916 0.0164754 0 0.140842 0.016863 0 0.14358 0.0182771 0.00281196 0.144524 0.0163049 0.00276509 0.143338 0.0155417 0.00430738 0.146675 0.0127077 0.00375846 0.147828 0.0137395 0.00223622 0.1457 0.0169427 0.00149922 0.148523 0.0150756 0 0.146542 0.0172502 0.00368788 0.150828 0.0117428 0.00202561 0.151203 0.0120686 0 0.145071 0.018233 0.00497497 0.149999 0.011021 0.00562282 0.148541 0.0100448 0.00710923 0.150609 0.00679115 0 0.14358 0.0182771 0 0.145071 0.018233 0.00601386 0.152152 0.00789254 0.00408109 0.153078 0.0087135 0.00443862 0.145394 0.0116934 0.00586397 0.147154 0.00892802 0.00429979 0.154524 0.00673372 0.00630039 0.153586 0.00590481 0.00438328 0.155994 0.00395166 0.0063327 0.155018 0.00341229 0.00436291 0.156453 0.00190104 0.00595328 0.155668 0.00129957 0.00384205 0.156137 -0.00225518 0.00518465 0.155365 -0.00252555 0.00203149 0.156715 -0.00221414 0.0024571 0.157041 0.00222037 0.00172083 0.155943 -0.00598213 0 0.15637 -0.00603098 0 0.155427 -0.00988535 0.00352671 0.155192 -0.00582427 0.00703664 0.154365 0.00149727 0.00763313 0.15278 0.00248234 0.0067262 0.154838 -0.000360919 0.00750446 0.151784 0.0043939 0.00798642 0.15037 0.00328767 0.00817616 0.151021 0.0020324 0.00690629 0.153859 -0.00202489 0.00651838 0.153826 -0.00300678 0.00749724 0.152031 -0.00251271 0.00743397 0.15124 -0.00392354 0.00824136 0.149673 -0.00252592 0.00814995 0.150445 -0.00151293 0.00568881 0.153383 -0.00524091 0.00252631 0.154116 -0.00880869 0.00865891 0.148765 -0.00110042 0.00844286 0.150117 0.000385094 0.00866061 0.147979 0.000473522 0.00830374 0.146261 0.00307386 0.00768129 0.14745 0.0051004 0.00769534 0.145935 0.00503235 0.00626125 0.145771 0.00785086 0.00551706 0.147164 0.00876158 0.0039006 0.14598 0.0120283 0.00893709 0.146334 -0.000871809 0.00885289 0.145072 0.00104731 0.00871004 0.147596 -0.00279093 0.00829638 0.148584 -0.00378396 0.00501691 0.15238 -0.00731769 0.00718536 0.150307 -0.00555269 0.00675383 0.144377 0.00694017 0.00763247 0.14465 0.00497459 0.00462524 0.143867 0.0105497 0.00611683 0.135161 0.00527708 0.0029148 0.144865 0.0144067 0.00448203 0.142398 0.0106947 0.00301678 0.141688 0.0122259 0.00180708 0.143847 0.0165174 0.001877 0.141036 0.0133636 0 0.140104 0.0152421 0 0.138665 0.0136085 0 0.140104 0.0152421 0 0.142149 0.0167719 0 0.150318 0.0133597 -0.00128928 0.151481 0.0165417 -0.00149922 0.148523 0.0150756 0 0.152729 0.0149195 0 0.149759 0.0186398 0 0.146542 0.0172502 0 0.154719 0.0203294 -0.000960603 0.155866 0.0184921 0 0.160173 0.0215617 -0.000523108 0.160774 0.0204285 0 0.165936 0.0222848 0 0.161362 0.019706 0 0.156726 0.017232 -0.00626125 0.145771 0.00785086 -0.00768129 0.14745 0.0051004 -0.00551706 0.147164 0.00876158 -0.00769534 0.145935 0.00503235 -0.0039006 0.14598 0.0120283 -0.00830374 0.146261 0.00307386 -0.00866061 0.147979 0.000473522 -0.00844286 0.150117 0.000385094 -0.00865891 0.148765 -0.00110042 -0.00893709 0.146334 -0.000871809 -0.00885289 0.145072 0.00104731 -0.00871004 0.147596 -0.00279093 -0.00829638 0.148584 -0.00378396 -0.00718536 0.150307 -0.00555269 -0.00501691 0.15238 -0.00731769 -0.00763247 0.14465 0.00497459 -0.00675383 0.144377 0.00694017 -0.00462524 0.143867 0.0105497 -0.00611683 0.135161 0.00527708 -0.0029148 0.144865 0.0144067 -0.00448203 0.142398 0.0106947 -0.00301678 0.141688 0.0122259 -0.00180708 0.143847 0.0165174 -0.001877 0.141036 0.0133636 0 0.140104 0.0152421 0 0.138665 0.0136085 0 0.142149 0.0167719 0 0.140104 0.0152421 0 0.141543 0.0137012 -0.001877 0.141036 0.0133636 0 0.138665 0.0136085 -0.00246607 0.14289 0.0110453 0 0.141924 0.0100521 -0.00301678 0.141688 0.0122259 -0.00448203 0.142398 0.0106947 -0.00462524 0.143867 0.0105497 0 0.145042 0.0106759 -0.00474442 0.145 0.00881268 0 0.145246 0.00116329 -0.00675383 0.144377 0.00694017 -0.00763247 0.14465 0.00497459 -0.00885289 0.145072 0.00104731 0 0.147102 -0.00116948 -0.00893709 0.146334 -0.000871809 -0.00871004 0.147596 -0.00279093 -0.00829638 0.148584 -0.00378396 -0.00718536 0.150307 -0.00555269 -0.00501691 0.15238 -0.00731769 -0.00252631 0.154116 -0.00880869 0 0.155427 -0.00988535 -0.0068424 0.150501 0.00656775 -0.00657512 0.150818 0.00661022 -0.00771444 0.150297 0.00319692 -0.00614177 0.149329 0.0074598 -0.00489273 0.14716 0.00869754 -0.00798642 0.15037 0.00328767 -0.00710923 0.150609 0.00679115 -0.00551706 0.147164 0.00876158 -0.00751685 0.14741 0.00494111 -0.00798642 0.15037 0.00328767 -0.00551706 0.147164 0.00876158 -0.00586397 0.147154 0.00892802 -0.0068424 0.150501 0.00656775 -0.00489273 0.14716 0.00869754 -0.00443862 0.145394 0.0116934 -0.00551706 0.147164 0.00876158 -0.0039006 0.14598 0.0120283 -0.00443862 0.145394 0.0116934 -0.0029148 0.144865 0.0144067 -0.00276509 0.143338 0.0155417 -0.00180708 0.143847 0.0165174 -0.00167303 0.142916 0.0164754 0 0.142149 0.0167719 0 0.142149 0.0167719 0 0.140842 0.016863 -0.00551706 0.147164 0.00876158 -0.00751685 0.14741 0.00494111 0.00167303 0.142916 0.0164754 0 0.140842 0.016863 0.00180708 0.143847 0.0165174 0.00276509 0.143338 0.0155417 0.0029148 0.144865 0.0144067 0.00443862 0.145394 0.0116934 0.0039006 0.14598 0.0120283 0.00551706 0.147164 0.00876158 0.00443862 0.145394 0.0116934 0.00586397 0.147154 0.00892802 0.00710923 0.150609 0.00679115 0.00551706 0.147164 0.00876158 0.00798642 0.15037 0.00328767 0.0068424 0.150501 0.00656775 0.00771444 0.150297 0.00319692 0.00657512 0.150818 0.00661022 0.00614177 0.149329 0.0074598 0.00489273 0.14716 0.00869754 0.00551706 0.147164 0.00876158 0.00798642 0.15037 0.00328767 0.00751685 0.14741 0.00494111 0.0068424 0.150501 0.00656775 0.00489273 0.14716 0.00869754 0.00751685 0.14741 0.00494111 0.00551706 0.147164 0.00876158 0.00653047 0.147268 0.00639493 0.00751685 0.14741 0.00494111 0.00753643 0.147205 0.00480898 0.00771444 0.150297 0.00319692 0.00798642 0.15037 0.00328767 0.00768129 0.14745 0.0051004 0.00551706 0.147164 0.00876158 -0.00462524 0.143867 0.0105497 -0.00474442 0.145 0.00881268 -0.00611683 0.135161 0.00527708 -0.00675383 0.144377 0.00694017 -0.00798642 0.15037 0.00328767 -0.00751685 0.14741 0.00494111 -0.00768129 0.14745 0.0051004 -0.00551706 0.147164 0.00876158 -0.00653047 0.147268 0.00639493 -0.00753643 0.147205 0.00480898 -0.00771444 0.150297 0.00319692 -0.00749724 0.152031 -0.00251271 -0.0130613 0.155981 -0.00213348 -0.0138989 0.154387 -0.00252817 -0.00690629 0.153859 -0.00202489 -0.0126373 0.156866 -0.000622074 -0.0067262 0.154838 -0.000360919 -0.00703664 0.154365 0.00149727 -0.0128753 0.156523 0.00112065 -0.00814995 0.150445 -0.00151293 -0.0146594 0.153017 -0.00157499 -0.0139695 0.157125 0.00106268 -0.0139546 0.157566 -0.000681886 -0.0151294 0.157077 -0.00213722 -0.0168057 0.155945 -0.00245077 -0.0180016 0.154832 -0.0014389 -0.0172562 0.166464 0.00280513 -0.0139695 0.157125 0.00106268 -0.0151653 0.156012 0.00207453 -0.0136358 0.155154 0.00207385 -0.0128753 0.156523 0.00112065 -0.00763313 0.15278 0.00248234 -0.00703664 0.154365 0.00149727 -0.00817616 0.151021 0.0020324 -0.0144734 0.15356 0.00167913 -0.00844286 0.150117 0.000385094 -0.0148974 0.152675 0.000167736 -0.0146594 0.153017 -0.00157499 -0.00814995 0.150445 -0.00151293 -0.0180164 0.154391 0.000305656 -0.0180016 0.154832 -0.0014389 -0.0168416 0.154879 0.00176096 -0.00591787 0.143463 0.00237723 -0.006717 0.1422 -0.000214044 -0.00681241 0.146383 0.00082166 -0.00438836 0.139028 0.00294932 -0.00391554 0.140315 0.00393733 0 0.138488 0.00511058 9.74019e-018 0.137225 0.00430629 -0.00457426 0.142287 0.00815566 -0.00357673 0.139943 0.00807288 -0.00369131 0.142092 0.0102623 -0.00395486 0.144335 0.0108625 0 0.142186 0.0143687 -0.00298557 0.139904 0.0114179 0 0.138872 0.0117689 0 0.138488 0.00511058 -0.0049738 0.14474 0.00830638 0 0.13807 0.00802048 0 0.138488 0.00511058 0 0.13845 0.011196 0 0.13845 0.011196 0 0.138388 0.0104071 0 0.138388 0.0104071 0 0.13807 0.00802048 0 0.138648 0.00444523 -0.00403413 0.137905 0.00218511 -0.00380683 0.140484 0.00286004 0 0.136437 0.00380746 -0.00586539 0.143847 0.000656854 -0.00458798 0.133926 0.00182565 0 0.132148 0.00402976 -0.00665256 0.139757 -0.000190522 -0.00741848 0.135593 -0.000231255 0 0.139769 -0.00150212 -0.00586539 0.143847 0.000656854 -0.00665256 0.139757 -0.000190522 0 0.143847 -0.00150026 -0.00458798 0.133926 0.00182565 0 0.135814 -0.00252268 -0.00741848 0.135593 -0.000231255 0 0.133475 0.00236711 0 0.132148 0.00402976 -0.00665256 0.139757 -0.000190522 0 0.139769 -0.00150212 0 0.133486 0.0032814 -0.00417825 0.133532 0.00187888 -0.00398338 0.134871 0.00146322 0 0.132134 0.00358678 -0.00710928 0.134715 6.75109e-005 -0.00692706 0.136476 -0.000185673 -0.00479516 0.129609 0.00399029 0 0.127745 0.00587908 -0.00768838 0.131096 0.00214193 0 0.131313 -0.000722056 -0.00710928 0.134715 6.75109e-005 -0.00768838 0.131096 0.00214193 0 0.134819 -0.00278252 -0.00479516 0.129609 0.00399029 0 0.12987 0.00212041 0 0.127745 0.00587908 -0.00657512 0.150818 0.00661022 -0.00753643 0.147205 0.00480898 -0.00771444 0.150297 0.00319692 -0.00653047 0.147268 0.00639493 -0.00614177 0.149329 0.0074598 -0.00489273 0.14716 0.00869754 0.00128928 0.151481 0.0165417 0 0.150318 0.0133597 0.00149922 0.148523 0.0150756 0 0.152729 0.0149195 0 0.149759 0.0186398 0 0.146542 0.0172502 0 0.154719 0.0203294 0.000960603 0.155866 0.0184921 0 0.160173 0.0215617 0.000523108 0.160774 0.0204285 0 0.165936 0.0222848 0 0.161362 0.019706 0 0.156726 0.017232 0.001877 0.141036 0.0133636 0 0.141543 0.0137012 0 0.138665 0.0136085 0.00246607 0.14289 0.0110453 0 0.141924 0.0100521 0.00301678 0.141688 0.0122259 0.00448203 0.142398 0.0106947 0.00462524 0.143867 0.0105497 0 0.145042 0.0106759 0.00474442 0.145 0.00881268 0 0.145246 0.00116329 0.00675383 0.144377 0.00694017 0.00763247 0.14465 0.00497459 0.00885289 0.145072 0.00104731 0.00893709 0.146334 -0.000871809 0 0.147102 -0.00116948 0.00829638 0.148584 -0.00378396 0.00718536 0.150307 -0.00555269 0.00501691 0.15238 -0.00731769 0.00252631 0.154116 -0.00880869 0 0.155427 -0.00988535 0.00871004 0.147596 -0.00279093 0.00829638 0.148584 -0.00378396 0.00893709 0.146334 -0.000871809 0 0.157508 0.00250644 0.00254378 0.156567 0.00442991 0 0.157056 0.00475823 0.00255359 0.155075 0.00712615 0 0.1556 0.00748533 0.00244424 0.153664 0.00913679 0 0.154224 0.0095268 0 0.151433 0.0123054 0 0.150318 0.0133597 0 0.157109 -0.00214637 0.00474442 0.145 0.00881268 0.00462524 0.143867 0.0105497 0.00611683 0.135161 0.00527708 0.00675383 0.144377 0.00694017 0.00749724 0.152031 -0.00251271 0.0130613 0.155981 -0.00213348 0.00690629 0.153859 -0.00202489 0.0138989 0.154387 -0.00252817 0.0126373 0.156866 -0.000622074 0.0067262 0.154838 -0.000360919 0.00703664 0.154365 0.00149727 0.0128753 0.156523 0.00112065 0.00814995 0.150445 -0.00151293 0.0146594 0.153017 -0.00157499 0.0139695 0.157125 0.00106268 0.0139546 0.157566 -0.000681886 0.0151294 0.157077 -0.00213722 0.0168057 0.155945 -0.00245077 0.0180016 0.154832 -0.0014389 0.0172562 0.166464 0.00280513 0.0139695 0.157125 0.00106268 0.0151653 0.156012 0.00207453 0.0136358 0.155154 0.00207385 0.0128753 0.156523 0.00112065 0.00763313 0.15278 0.00248234 0.00703664 0.154365 0.00149727 0.00817616 0.151021 0.0020324 0.0144734 0.15356 0.00167913 0.00844286 0.150117 0.000385094 0.0148974 0.152675 0.000167736 0.0146594 0.153017 -0.00157499 0.00814995 0.150445 -0.00151293 0.0180164 0.154391 0.000305656 0.0180016 0.154832 -0.0014389 0.0168416 0.154879 0.00176096 0.006717 0.1422 -0.000214044 0.00591787 0.143463 0.00237723 0.00681241 0.146383 0.00082166 0.00438836 0.139028 0.00294932 0.00391554 0.140315 0.00393733 0 0.138488 0.00511058 9.74019e-018 0.137225 0.00430629 0.00457426 0.142287 0.00815566 0.00357673 0.139943 0.00807288 0.00369131 0.142092 0.0102623 0.00395486 0.144335 0.0108625 0 0.142186 0.0143687 0.00298557 0.139904 0.0114179 0 0.138872 0.0117689 0 0.138488 0.00511058 0.0049738 0.14474 0.00830638 0 0.13807 0.00802048 0 0.138488 0.00511058 0 0.13845 0.011196 0 0.138388 0.0104071 0 0.13845 0.011196 0 0.13807 0.00802048 0 0.138388 0.0104071 0.00403413 0.137905 0.00218511 0 0.138648 0.00444523 0.00380683 0.140484 0.00286004 0 0.136437 0.00380746 0.00586539 0.143847 0.000656854 0.00458798 0.133926 0.00182565 0 0.132148 0.00402976 0.00665256 0.139757 -0.000190522 0.00741848 0.135593 -0.000231255 0 0.139769 -0.00150212 0.00586539 0.143847 0.000656854 0 0.143847 -0.00150026 0.00665256 0.139757 -0.000190522 0.00458798 0.133926 0.00182565 0 0.135814 -0.00252268 0 0.133475 0.00236711 0.00741848 0.135593 -0.000231255 0 0.132148 0.00402976 0.00665256 0.139757 -0.000190522 0 0.139769 -0.00150212 0.00417825 0.133532 0.00187888 0 0.133486 0.0032814 0.00398338 0.134871 0.00146322 0 0.132134 0.00358678 0.00710928 0.134715 6.75109e-005 0.00692706 0.136476 -0.000185673 0.00479516 0.129609 0.00399029 0 0.127745 0.00587908 0.00768838 0.131096 0.00214193 0 0.131313 -0.000722056 0.00710928 0.134715 6.75109e-005 0 0.134819 -0.00278252 0.00768838 0.131096 0.00214193 0.00479516 0.129609 0.00399029 0 0.12987 0.00212041 0 0.127745 0.00587908 0.00753643 0.147205 0.00480898 0.00657512 0.150818 0.00661022 0.00771444 0.150297 0.00319692 0.00653047 0.147268 0.00639493 0.00614177 0.149329 0.0074598 0.00489273 0.14716 0.00869754 0.00831047 0.142616 -0.00476242 0.00286045 0.144959 -0.00257622 0.00591726 0.141235 -0.00326741 0.00599171 0.144746 -0.000731959 0.00269108 0.147643 -0.00142209 0.0046006 0.147415 0.00074518 0.00759932 0.141507 -0.00186481 0.00748947 0.138991 -0.00401043 0.00873646 0.139396 -0.00289022 0.0107082 0.136946 -0.00491774 0 0.146832 -0.0054707 0.00844997 0.139982 -0.00530868 0.0107082 0.136946 -0.00491774 0.00831047 0.142616 -0.00476242 0 0.146832 -0.0054707 0.00161506 0.145945 -0.00647423 0.00125964 0.14713 -0.00783306 0.00552254 0.142022 -0.00596379 0.00831047 0.142616 -0.00476242 0 0.148301 -0.00879437 0.00391277 0.14425 -0.0101539 0.0080642 0.139095 -0.0115736 0.00611782 0.143429 -0.0118949 0.00381305 0.140105 -0.0168466 0.00248303 0.143421 -0.0101627 0.00183288 0.143622 -0.0112042 0 0.148301 -0.00879437 0.00183288 0.143622 -0.0112042 0 0.143729 -0.0108211 0.00914723 0.142101 -0.0120603 0.00749239 0.141679 -0.0136339 0.0083218 0.143135 -0.00971276 0.0104542 0.140713 -0.0152521 0.00746435 0.143283 -0.0141418 0.00539971 0.145313 -0.0131978 0.00711396 0.140504 -0.00805541 0.0098966 0.140734 -0.0107763 0.00909185 0.139909 -0.00939114 0.0119471 0.139515 -0.0111054 0.0105706 0.140418 -0.00863183 0.00933671 0.141293 -0.0070234 0.00711396 0.140504 -0.00805541 0.00552254 0.142022 -0.00596379 0.00831047 0.142616 -0.00476242 0.00183288 0.143622 -0.0112042 0.00157751 0.144264 -0.0141575 0 0.140885 -0.017986 -0.00157751 0.144264 -0.0141575 -0.00183288 0.143622 -0.0112042 0.00576128 0.145046 -0.0151403 0.00394541 0.14525 -0.0144116 0.00434492 0.145072 -0.0156117 0.00572691 0.144641 -0.0182488 0.00339916 0.145883 -0.0162656 0.00237355 0.147005 -0.0147366 0 0.148301 -0.00879437 -0.00183288 0.143622 -0.0112042 -0.00125964 0.14713 -0.00783306 -0.00161506 0.145945 -0.00647423 0 0.146832 -0.0054707 -0.00286045 0.144959 -0.00257622 -0.00552254 0.142022 -0.00596379 -0.00831047 0.142616 -0.00476242 0 0.148301 -0.00879437 -0.00391277 0.14425 -0.0101539 -0.0080642 0.139095 -0.0115736 -0.00611782 0.143429 -0.0118949 -0.00381305 0.140105 -0.0168466 -0.00248303 0.143421 -0.0101627 -0.00183288 0.143622 -0.0112042 -0.00831047 0.142616 -0.00476242 -0.00591726 0.141235 -0.00326741 -0.00599171 0.144746 -0.000731959 -0.00269108 0.147643 -0.00142209 -0.0046006 0.147415 0.00074518 -0.00759932 0.141507 -0.00186481 -0.00748947 0.138991 -0.00401043 -0.00873646 0.139396 -0.00289022 -0.0107082 0.136946 -0.00491774 -0.00844997 0.139982 -0.00530868 -0.0107082 0.136946 -0.00491774 -0.00831047 0.142616 -0.00476242 -0.00914723 0.142101 -0.0120603 -0.0083218 0.143135 -0.00971276 -0.00749239 0.141679 -0.0136339 -0.0104542 0.140713 -0.0152521 -0.00746435 0.143283 -0.0141418 -0.00539971 0.145313 -0.0131978 0 0.146832 -0.0054707 -0.0098966 0.140734 -0.0107763 -0.00711396 0.140504 -0.00805541 -0.00909185 0.139909 -0.00939114 -0.0119471 0.139515 -0.0111054 -0.0105706 0.140418 -0.00863183 -0.00933671 0.141293 -0.0070234 -0.00711396 0.140504 -0.00805541 -0.00552254 0.142022 -0.00596379 -0.00831047 0.142616 -0.00476242 -0.00394541 0.14525 -0.0144116 -0.00576128 0.145046 -0.0151403 -0.00434492 0.145072 -0.0156117 -0.00572691 0.144641 -0.0182488 -0.00339916 0.145883 -0.0162656 -0.00237355 0.147005 -0.0147366 0.00759932 0.141507 -0.00186481 0.00791182 0.145464 -0.00110934 0.00870618 0.142154 -0.00236751 0.00599171 0.144746 -0.000731959 0.00676872 0.148175 -9.01032e-005 0.0046006 0.147415 0.00074518 0.00873646 0.139396 -0.00289022 0.00948723 0.139735 -0.00343606 0.0107082 0.136946 -0.00491774 0.0090501 0.142764 -0.00407622 0.00998918 0.140301 -0.00471988 0.0107082 0.136946 -0.00491774 0.00817265 0.14618 -0.0023503 0.00831047 0.142616 -0.00476242 0.00653504 0.146423 -0.00270289 0.00771187 0.148899 -0.00145692 0.00892241 0.14424 -0.00560832 0.0102666 0.142427 -0.00734111 0.00875459 0.145506 -0.00707199 0.00998588 0.143271 -0.00912058 0.00734421 0.144939 -0.00829986 0.0083218 0.143135 -0.00971276 0.00737946 0.145475 -0.0116343 0.00849028 0.143342 -0.0131873 0.00914723 0.142101 -0.0120603 0.0104542 0.140713 -0.0152521 0.00746435 0.143283 -0.0141418 0.00539971 0.145313 -0.0131978 0.00633689 0.147062 -0.00981055 0.00483601 0.147216 -0.0105972 0.00399445 0.149611 -0.0065551 0.0112451 0.141065 -0.00904065 0.0110523 0.141327 -0.0102726 0.0119471 0.139515 -0.0111054 0.0098966 0.140734 -0.0107763 0.0119471 0.139515 -0.0111054 0.00548439 0.148511 -0.00524759 0.00443842 0.149665 -0.0110679 0.00325344 0.151493 -0.00850265 0.00502567 0.147607 -0.0139761 0.00547525 0.146285 -0.0158957 0.00576128 0.145046 -0.0151403 0.00572691 0.144641 -0.0182488 0.00433631 0.146662 -0.0161702 0.00382252 0.148109 -0.0145816 0.00237355 0.147005 -0.0147366 0.00339916 0.145883 -0.0162656 0.00572691 0.144641 -0.0182488 0.00254137 0.150262 -0.0116403 0.00227855 0.150784 -0.0118116 0.00339103 0.150252 -0.0115952 0.00186556 0.149451 -0.0150293 0 0.152001 -0.0125396 0 0.150824 -0.0151686 0 0.149072 -0.0178685 0.00115944 0.148377 -0.0174589 0 0.147207 -0.0209889 0.00237355 0.147005 -0.0147366 0.00148827 0.146723 -0.0173428 0 0.147207 -0.0209889 0 0.152952 -0.0098662 0 0.15363 -0.00684035 -0.00115944 0.148377 -0.0174589 -0.00148827 0.146723 -0.0173428 -0.00237355 0.147005 -0.0147366 -0.00186556 0.149451 -0.0150293 0 0.149072 -0.0178685 0 0.147207 -0.0209889 0 0.150824 -0.0151686 0 0.152001 -0.0125396 -0.00227855 0.150784 -0.0118116 -0.00254137 0.150262 -0.0116403 -0.00325344 0.151493 -0.00850265 -0.00339103 0.150252 -0.0115952 -0.00382252 0.148109 -0.0145816 -0.00237355 0.147005 -0.0147366 -0.00433631 0.146662 -0.0161702 -0.00339916 0.145883 -0.0162656 -0.00572691 0.144641 -0.0182488 -0.00502567 0.147607 -0.0139761 -0.00547525 0.146285 -0.0158957 -0.00539971 0.145313 -0.0131978 -0.00576128 0.145046 -0.0151403 -0.00572691 0.144641 -0.0182488 -0.00483601 0.147216 -0.0105972 -0.00737946 0.145475 -0.0116343 -0.00746435 0.143283 -0.0141418 -0.00849028 0.143342 -0.0131873 -0.0083218 0.143135 -0.00971276 -0.00914723 0.142101 -0.0120603 -0.0104542 0.140713 -0.0152521 -0.00734421 0.144939 -0.00829986 -0.00633689 0.147062 -0.00981055 -0.00399445 0.149611 -0.0065551 -0.00998588 0.143271 -0.00912058 -0.00875459 0.145506 -0.00707199 -0.0102666 0.142427 -0.00734111 -0.00892241 0.14424 -0.00560832 -0.0112451 0.141065 -0.00904065 -0.0110523 0.141327 -0.0102726 -0.0119471 0.139515 -0.0111054 -0.0098966 0.140734 -0.0107763 -0.0119471 0.139515 -0.0111054 -0.00727779 0.147727 -0.00494551 -0.00754205 0.146989 -0.00322024 -0.00548439 0.148511 -0.00524759 -0.00653504 0.146423 -0.00270289 -0.00831047 0.142616 -0.00476242 -0.00933671 0.141293 -0.0070234 -0.0105706 0.140418 -0.00863183 -0.00771187 0.148899 -0.00145692 -0.0119471 0.139515 -0.0111054 -0.00831047 0.142616 -0.00476242 -0.00653504 0.146423 -0.00270289 -0.00817265 0.14618 -0.0023503 -0.0090501 0.142764 -0.00407622 -0.00998918 0.140301 -0.00471988 -0.00948723 0.139735 -0.00343606 -0.00870618 0.142154 -0.00236751 -0.0107082 0.136946 -0.00491774 -0.00873646 0.139396 -0.00289022 -0.0107082 0.136946 -0.00491774 -0.00759932 0.141507 -0.00186481 -0.00791182 0.145464 -0.00110934 -0.00599171 0.144746 -0.000731959 -0.00676872 0.148175 -9.01032e-005 -0.0046006 0.147415 0.00074518 -0.00771187 0.148899 -0.00145692 -0.00844997 0.139982 -0.00530868 -0.0107082 0.136946 -0.00491774 0.00681807 0.146474 -0.00547421 0.00754205 0.146989 -0.00322024 0.00852348 0.146658 -0.00763453 0.00852348 0.146658 -0.00763453 0.00650037 0.148866 -0.00397523 0.00548439 0.148511 -0.00524759 0.0042447 0.150042 -0.00328183 0.00771187 0.148899 -0.00145692 0.00681807 0.146474 -0.00547421 0.00852348 0.146658 -0.00763453 0.00611782 0.143429 -0.0118949 0.00539971 0.145313 -0.0131978 0.00381305 0.140105 -0.0168466 0.00462971 0.145873 -0.014572 0.0080642 0.139095 -0.0115736 0.0083218 0.143135 -0.00971276 0.00552254 0.142022 -0.00596379 0.00237355 0.147005 -0.0147366 0.00381305 0.140105 -0.0168466 0.00381305 0.140105 -0.0168466 0.00157751 0.144264 -0.0141575 0.00183288 0.143622 -0.0112042 0.00381305 0.140105 -0.0168466 0.0042447 0.150042 -0.00328183 0.0051719 0.150458 -0.00706425 0.00548439 0.148511 -0.00524759 0.00264234 0.152509 -0.00547832 0.00745673 0.148061 -0.0110448 0.00325344 0.151493 -0.00850265 0 0.15363 -0.00684035 0.00745673 0.148061 -0.0110448 0.00745673 0.148061 -0.0110448 0.00393924 0.147438 -0.00850458 0.00548439 0.148511 -0.00524759 0.00727779 0.147727 -0.00494551 0.00754205 0.146989 -0.00322024 0.00653504 0.146423 -0.00270289 0.00771187 0.148899 -0.00145692 0.0080642 0.139095 -0.0115736 0.00161506 0.145945 -0.00647423 0.00552254 0.142022 -0.00596379 0.00711396 0.140504 -0.00805541 0 0.140885 -0.017986 0.00156606 0.145209 -0.0158048 0 0.14585 -0.0156773 0.00237355 0.147005 -0.0147366 0.00157751 0.144264 -0.0141575 0 0.140885 -0.017986 -0.00157751 0.144264 -0.0141575 -0.00156606 0.145209 -0.0158048 -0.00237355 0.147005 -0.0147366 0 0.14585 -0.0156773 0 0.140885 -0.017986 0 0.14585 -0.0156773 0.00148827 0.146723 -0.0173428 0 0.147207 -0.0209889 0.00237355 0.147005 -0.0147366 0 0.14585 -0.0156773 0.00572691 0.144641 -0.0182488 0.00933671 0.141293 -0.0070234 0.0105706 0.140418 -0.00863183 0.0119471 0.139515 -0.0111054 0.00844997 0.139982 -0.00530868 0.0107082 0.136946 -0.00491774 -0.00754205 0.146989 -0.00322024 -0.00681807 0.146474 -0.00547421 -0.00852348 0.146658 -0.00763453 -0.00852348 0.146658 -0.00763453 -0.00650037 0.148866 -0.00397523 -0.00548439 0.148511 -0.00524759 -0.0042447 0.150042 -0.00328183 -0.00771187 0.148899 -0.00145692 -0.00681807 0.146474 -0.00547421 -0.00852348 0.146658 -0.00763453 -0.00539971 0.145313 -0.0131978 -0.00611782 0.143429 -0.0118949 -0.00381305 0.140105 -0.0168466 -0.00462971 0.145873 -0.014572 -0.0080642 0.139095 -0.0115736 -0.0083218 0.143135 -0.00971276 -0.00552254 0.142022 -0.00596379 -0.00237355 0.147005 -0.0147366 -0.00381305 0.140105 -0.0168466 -0.00381305 0.140105 -0.0168466 -0.00157751 0.144264 -0.0141575 -0.00183288 0.143622 -0.0112042 -0.00381305 0.140105 -0.0168466 -0.0042447 0.150042 -0.00328183 -0.0051719 0.150458 -0.00706425 -0.00264234 0.152509 -0.00547832 -0.00548439 0.148511 -0.00524759 -0.00745673 0.148061 -0.0110448 -0.00325344 0.151493 -0.00850265 0 0.15363 -0.00684035 -0.00745673 0.148061 -0.0110448 -0.00745673 0.148061 -0.0110448 -0.00393924 0.147438 -0.00850458 -0.00548439 0.148511 -0.00524759 -0.00161506 0.145945 -0.00647423 -0.0080642 0.139095 -0.0115736 -0.00552254 0.142022 -0.00596379 -0.00711396 0.140504 -0.00805541 0 0.152952 -0.0098662 0 0.15363 -0.00684035 -0.00443842 0.149665 -0.0110679 -0.00148827 0.146723 -0.0173428 0 0.14585 -0.0156773 0 0.147207 -0.0209889 -0.00237355 0.147005 -0.0147366 0 0.14585 -0.0156773 -0.00572691 0.144641 -0.0182488 -0.00257637 0.101073 0.00811101 -0.00184307 0.100903 0.00988967 -0.00291546 0.100484 0.00789864 -0.00173284 0.101452 0.00949998 -0.00124099 0.101085 0.00818342 -0.000748055 0.101405 0.00864997 -0.000402714 0.101994 0.0106983 -0.000598096 0.102322 0.0101045 0.000714845 0.103579 0.00992114 0.00122329 0.10358 0.0103719 0.000752348 0.102689 0.00897682 -8.12813e-005 0.101934 0.00894225 0.00144812 0.104488 0.00909122 0.00125076 0.103201 0.00878728 0.000752348 0.102689 0.00897682 0.00210984 0.104748 0.00912459 -0.000748055 0.101405 0.00864997 0.00187859 0.103144 0.0104744 0.00284216 0.104443 0.00901746 9.53541e-005 0.101395 0.0108726 -0.00149852 0.100191 0.00996152 -0.00268587 0.0997529 0.00766808 0.000752348 0.102689 0.00897682 0.000718772 0.100948 0.00934875 0.00186529 0.102031 0.00924121 -8.12813e-005 0.101934 0.00894225 0.00125076 0.103201 0.00878728 0.00251711 0.102802 0.00863333 0.00223445 0.102218 0.00977374 0.00304919 0.103265 0.00872193 0.00221496 0.102691 0.0102752 0.000480576 0.100992 0.0106511 0.000755096 0.100787 0.0100331 0.0031546 0.103949 0.00888347 0.00187859 0.103144 0.0104744 0.00284216 0.104443 0.00901746 9.53541e-005 0.101395 0.0108726 -0.000748055 0.101405 0.00864997 -0.000253534 0.100197 0.00885266 -0.00124099 0.101085 0.00818342 -0.000975396 0.099838 0.00778375 -0.000542097 0.0997989 0.0093201 -0.00106559 0.0998235 0.00977191 -0.00149852 0.100191 0.00996152 -0.00150727 0.0993991 0.00761108 -0.00221721 0.099392 0.00757243 -0.00268587 0.0997529 0.00766808 -0.00157103 0.103381 0.0110762 -0.00144101 0.104247 0.0094138 -0.000951319 0.103435 0.0106086 -0.00220769 0.104443 0.00950478 -0.00126536 0.102875 0.00891271 -0.000983686 0.102417 0.0095741 0.00059659 0.102005 0.011041 -9.71972e-005 0.101595 0.00982962 -0.000983686 0.102417 0.0095741 0.000444706 0.10152 0.0116342 0.00223132 0.101094 0.00973379 0.00248192 0.100399 0.00996432 0.00096837 0.100982 0.00903529 -9.71972e-005 0.101595 0.00982962 0.00278214 0.10119 0.00811032 0.00132213 0.101039 0.00800466 0.00096837 0.100982 0.00903529 0.00317203 0.100521 0.0079217 0.00220937 0.0996572 0.00990554 0.00295719 0.0997902 0.00768932 5.44619e-006 0.100866 0.0117257 -0.00220407 0.102905 0.0111155 -0.00290159 0.10407 0.0093882 0.00132213 0.101039 0.00800466 0.000946389 0.0995444 0.00920709 0.00149719 0.0996394 0.00758363 0.00096837 0.100982 0.00903529 -0.000688345 0.100455 0.0105143 -9.71972e-005 0.101595 0.00982962 0.00157333 0.0993031 0.00959188 0.00226345 0.099425 0.00754929 0.00220937 0.0996572 0.00990554 0.00295719 0.0997902 0.00768932 5.44619e-006 0.100866 0.0117257 -0.00046388 0.100424 0.0112618 -0.00223625 0.101885 0.0100819 -0.000983686 0.102417 0.0095741 -0.00126536 0.102875 0.00891271 -0.00272595 0.102697 0.0088871 -0.00220407 0.102905 0.0111155 -0.00247961 0.102285 0.0107037 -0.00311628 0.103347 0.00913234 -0.00290159 0.10407 0.0093882 -0.00194372 0.112159 0.0131993 -0.00185375 0.112759 0.0112903 -0.00117359 0.112124 0.0125903 -0.00282702 0.112998 0.0113727 -0.00158696 0.11094 0.0110292 -0.00119434 0.110592 0.0115834 0.000689262 0.110644 0.0134673 -0.000144697 0.109757 0.0120901 0.00131532 0.108747 0.0112421 0.00291828 0.109116 0.0120386 0.000494337 0.110223 0.0143389 0.00326718 0.108328 0.0124995 0.00357104 0.10879 0.0103693 0.00173304 0.108525 0.01032 0.00131532 0.108747 0.0112421 0.00408607 0.107929 0.0103019 0.00295206 0.107387 0.0126306 0.00383977 0.106958 0.0102141 -4.60251e-005 0.109434 0.0146401 -0.00272235 0.111559 0.0133915 -0.00368978 0.112482 0.0113469 -0.00119434 0.110592 0.0115834 0.00173304 0.108525 0.01032 0.00134905 0.107019 0.0118341 0.00200178 0.106693 0.0101648 0.00131532 0.108747 0.0112421 -0.000879983 0.108547 0.0132629 -0.000144697 0.109757 0.0120901 0.00215755 0.106845 0.012355 0.00297645 0.106446 0.0101573 0.00295206 0.107387 0.0126306 0.00383977 0.106958 0.0102141 -4.60251e-005 0.109434 0.0146401 -0.000615287 0.10874 0.0141944 -0.00274284 0.110027 0.0123858 -0.00119434 0.110592 0.0115834 -0.00158696 0.11094 0.0110292 -0.00342301 0.110662 0.0110858 -0.00272235 0.111559 0.0133915 -0.00305333 0.110676 0.0130547 -0.00393664 0.111515 0.0112281 -0.00368978 0.112482 0.0113469 -0.00337345 0.108705 0.0105178 -0.00218215 0.109009 0.0126233 -0.00378277 0.107907 0.0104668 -0.00214429 0.109587 0.0119839 -0.00169267 0.1088 0.01039 -0.00103257 0.109343 0.0107985 -0.000346829 0.110639 0.0130961 -0.000703862 0.110873 0.0123142 0.00081392 0.112432 0.0115494 0.00151613 0.112578 0.01202 0.000792363 0.111082 0.0106213 -0.000196787 0.110104 0.0109107 0.00153895 0.113361 0.0101771 0.00134832 0.111683 0.0101752 0.000792363 0.111082 0.0106213 0.00235158 0.11372 0.010044 0.00230548 0.112211 0.0121887 0.00319966 0.113466 0.0098919 0.00025911 0.11007 0.0134303 -0.00103257 0.109343 0.0107985 -0.00178609 0.108258 0.0128818 -0.00358414 0.107037 0.0103584 0.000792363 0.111082 0.0106213 0.000941161 0.109035 0.0115402 0.00227542 0.110392 0.0109406 -0.000196787 0.110104 0.0109107 0.00134832 0.111683 0.0101752 0.0029418 0.111208 0.00988952 0.00280065 0.110784 0.0114844 0.00358437 0.111827 0.00979119 0.00281259 0.111502 0.0119771 0.000830153 0.109432 0.013161 0.00109939 0.109023 0.0124146 0.0036863 0.112718 0.00979211 0.00230548 0.112211 0.0121887 0.00319966 0.113466 0.0098919 0.00025911 0.11007 0.0134303 -0.00103257 0.109343 0.0107985 -0.000289377 0.107931 0.0112856 -0.00169267 0.1088 0.01039 -0.00132107 0.107167 0.0101865 -0.000550944 0.107554 0.0120086 -0.00114189 0.107683 0.0126389 -0.00178609 0.108258 0.0128818 -0.00197756 0.106555 0.0101755 -0.00287114 0.106504 0.0102434 -0.00358414 0.107037 0.0103584 -0.00540515 0.119209 0.0123823 -0.00533083 0.120129 0.010596 -0.00474002 0.120264 0.012093 -0.00615493 0.118813 0.0106589 -0.0051533 0.117992 0.0126755 -0.00589765 0.117319 0.010892 -0.00230797 0.120134 0.0110055 -0.00219419 0.120121 0.0120439 0.0023562 0.125713 0.0105587 0.00212226 0.125215 0.0124967 0.00113818 0.124924 0.0118522 0.00363807 0.126148 0.0105397 0.00188321 0.123387 0.011015 0.00117537 0.122847 0.0112534 0.00324752 0.124704 0.0129341 0.00490324 0.12571 0.0106668 -0.00109829 0.123346 0.0135736 -0.000303096 0.121719 0.011877 -0.00185307 0.120501 0.0124519 -0.00405656 0.120884 0.0136379 -0.00219419 0.120121 0.0120439 -0.00474002 0.120264 0.012093 -0.000621607 0.123308 0.0148383 -0.0043929 0.120188 0.0145996 0.00023407 0.122622 0.0156055 -0.00400474 0.119193 0.0152001 -0.00540515 0.119209 0.0123823 -0.0051533 0.117992 0.0126755 0.00188321 0.123387 0.011015 0.00330055 0.121826 0.0119286 0.00425656 0.122494 0.0113226 0.00117537 0.122847 0.0112534 0.00399191 0.123066 0.0127617 0.00544822 0.123992 0.0110304 0.00324752 0.124704 0.0129341 0.00490324 0.12571 0.0106668 0.00127908 0.121178 0.0150654 0.00023407 0.122622 0.0156055 -0.00255595 0.118225 0.0148273 -0.00137839 0.118492 0.0135207 0.00130378 0.120433 0.0133201 -0.00400474 0.119193 0.0152001 -0.00344406 0.117157 0.0128159 -0.0051533 0.117992 0.0126755 -0.0017212 0.11793 0.0125552 -0.00219419 0.120121 0.0120439 -0.00185307 0.120501 0.0124519 -0.000303096 0.121719 0.011877 0.00223169 0.123426 0.00977143 0.00425656 0.122494 0.0113226 0.00463149 0.122596 0.00962472 0.00188321 0.123387 0.011015 0.00544822 0.123992 0.0110304 0.00572889 0.123964 0.0089741 0.00490324 0.12571 0.0106668 0.00511706 0.125637 0.00852338 0.00363807 0.126148 0.0105397 0.00259098 0.125685 0.00895365 0.00383987 0.12608 0.00860107 0.0023562 0.125713 0.0105587 0.00490324 0.12571 0.0106668 0.00511706 0.125637 0.00852338 0.00223169 0.123426 0.00977143 0.00188321 0.123387 0.011015 -0.00387688 0.11635 0.011295 -0.0051533 0.117992 0.0126755 -0.00344406 0.117157 0.0128159 -0.00589765 0.117319 0.010892 -0.00182743 0.117328 0.0114432 -0.0017212 0.11793 0.0125552 -0.00230797 0.120134 0.0110055 -0.00219419 0.120121 0.0120439 -0.00217455 0.125637 0.0111528 -0.00234382 0.125431 0.0143101 -0.00361107 0.126037 0.0109272 -0.00124524 0.125178 0.0133064 -0.00187964 0.12301 0.0118475 -0.00148418 0.122785 0.0121463 -0.000206041 0.121892 0.013091 0.00095263 0.123632 0.0148315 0.00157924 0.120487 0.013002 0.00367078 0.121477 0.0145471 0.000504193 0.123423 0.0162441 0.00388193 0.120737 0.0158216 0.00527456 0.120017 0.0123133 0.00599168 0.11877 0.0125144 0.00322677 0.119587 0.0164559 -0.000424183 0.122493 0.0169357 -0.0035415 0.124693 0.0148325 -0.00496235 0.125376 0.0109765 0.00243283 0.119788 0.0124223 0.00554449 0.117418 0.0127518 0.00232017 0.119762 0.0110408 0.00527456 0.120017 0.0123133 0.00243283 0.119788 0.0124223 0.0056391 0.120061 0.0106076 0.00599168 0.11877 0.0125144 0.00650418 0.118554 0.0106576 0.00554449 0.117418 0.0127518 0.00599448 0.116923 0.010887 0.0027366 0.11716 0.0128393 0.00232017 0.119762 0.0110408 0.00267551 0.116624 0.0113201 0.00419801 0.11675 0.0128866 0.0044086 0.116124 0.0111614 0.00554449 0.117418 0.0127518 0.00599448 0.116923 0.010887 -0.00158285 0.120753 0.0151952 0.00157924 0.120487 0.013002 -0.000206041 0.121892 0.013091 0.00113529 0.118597 0.0149108 -0.00128866 0.121387 0.0165012 0.00208907 0.118701 0.0160787 -0.000424183 0.122493 0.0169357 0.00322677 0.119587 0.0164559 0.00419801 0.11675 0.0128866 0.00554449 0.117418 0.0127518 -0.00378071 0.122299 0.0136701 -0.00148418 0.122785 0.0121463 -0.00187964 0.12301 0.0118475 -0.00477637 0.122824 0.0116347 -0.0035415 0.124693 0.0148325 -0.00413667 0.123395 0.0145672 -0.00544815 0.124047 0.0112687 -0.00496235 0.125376 0.0109765 0.00243283 0.119788 0.0124223 0.0027366 0.11716 0.0128393 -0.00575739 0.123815 0.00900643 -0.00496235 0.125376 0.0109765 -0.00544815 0.124047 0.0112687 -0.00523921 0.125209 0.0084916 -0.0050354 0.122583 0.00970326 -0.00477637 0.122824 0.0116347 -0.00204134 0.122972 0.0101427 -0.00204134 0.122972 0.0101427 -0.00187964 0.12301 0.0118475 -0.00217455 0.125637 0.0111528 -0.00224515 0.125598 0.008931 -0.00361107 0.126037 0.0109272 -0.0037844 0.125947 0.00846036 -0.00496235 0.125376 0.0109765 -0.00523921 0.125209 0.0084916 0 0.0773968 0.0166391 -0.00323025 0.0666872 0.0159419 0 0.0668053 0.0159413 -0.0040352 0.0772381 0.0166385 -0.00496072 0.0757415 0.0120783 -0.00411477 0.066122 0.0119855 -0.00361739 0.0540921 0.0149039 -0.00534307 0.0660243 0.0119801 -0.00439819 0.0666643 0.016619 -0.0043812 0.0550634 0.0116067 -0.00296687 0.0539133 0.0155104 -0.00360484 0.0667794 0.0174177 0 0.0667794 0.0174177 0 0.0539133 0.0155104 -0.00775172 0.0841982 0.0101673 -0.00899196 0.0943676 0.00985764 -0.00610679 0.0880402 0.0167517 -0.00966648 0.0916917 0.00671518 -0.00523626 0.0775642 0.0173433 -0.00484769 0.0868726 0.0179301 -0.00429481 0.0778693 0.0182044 0 0.0868726 0.0179301 0 0.0778693 0.0182044 -0.00634053 0.075865 0.0120852 -0.00510248 0.0774276 0.0172211 -0.00634053 0.075865 0.0120852 -0.00523626 0.0775642 0.0173433 -0.00620192 0.0757433 0.0121732 -0.00416265 0.0777298 0.0180814 -0.00429481 0.0778693 0.0182044 0 0.0778693 0.0182044 0 0.0777298 0.0180814 0 0.0868726 0.0179301 -0.00452846 0.0877669 0.0165068 0 0.0877669 0.0165039 -0.00484769 0.0868726 0.0179301 -0.00610679 0.0880402 0.0167517 -0.00754799 0.0942144 0.00961413 -0.00899196 0.0943676 0.00985764 -0.00899196 0.0943676 0.00985764 -0.00838271 0.0916917 0.00671518 -0.00754799 0.0942144 0.00961413 -0.00966648 0.0916917 0.00671518 -0.00634053 0.075865 0.0120852 -0.00625836 0.0841982 0.0101673 -0.00775172 0.0841982 0.0101673 -0.00496072 0.0757415 0.0120783 -0.00361739 0.0540921 0.0149039 -0.00329253 0.0550634 0.0116067 -0.0043812 0.0550634 0.0116067 -0.00251265 0.0541688 0.0146432 -0.00296687 0.0539133 0.0155104 0 0.0539133 0.0155104 0 0.0541561 0.0146866 -0.00775172 0.0841982 0.0101673 -0.00838271 0.0916917 0.00671518 -0.00966648 0.0916917 0.00671518 -0.00625836 0.0841982 0.0101673 -0.00634053 0.075865 0.0120852 -0.00620192 0.0757433 0.0121732 -0.00496072 0.0757415 0.0120783 -0.0043812 0.0550634 0.0116067 -0.00411477 0.066122 0.0119855 -0.00534307 0.0660243 0.0119801 -0.00329253 0.0550634 0.0116067 -0.00523804 0.066137 0.0119864 -0.00754799 0.0942144 0.00961413 -0.00625836 0.0841982 0.0101673 -0.00452846 0.0877669 0.0165068 -0.00838271 0.0916917 0.00671518 -0.00496072 0.0757415 0.0120783 0 0.0775866 0.0181791 -0.00361627 0.0670019 0.0174442 -0.00427932 0.0775866 0.0181791 0 0.0670019 0.0174442 -0.00521746 0.0772869 0.0173197 -0.00441211 0.0668828 0.0166431 -0.0063183 0.0756181 0.0120714 -0.00535991 0.0662196 0.011991 -0.00496072 0.0757415 0.0120783 -0.00535991 0.0662196 0.011991 -0.00411477 0.066122 0.0119855 -0.0063183 0.0756181 0.0120714 -0.00523804 0.066137 0.0119864 -0.00416265 0.0777298 0.0180814 0 0.0775866 0.0181791 -0.00427932 0.0775866 0.0181791 0 0.0777298 0.0180814 -0.00510248 0.0774276 0.0172211 -0.00521746 0.0772869 0.0173197 -0.00620192 0.0757433 0.0121732 -0.0063183 0.0756181 0.0120714 -0.00429415 0.0667901 0.016477 -0.00534307 0.0660243 0.0119801 -0.00523804 0.066137 0.0119864 -0.00439819 0.0666643 0.016619 -0.00349938 0.0669072 0.0172775 -0.00360484 0.0667794 0.0174177 0 0.0667794 0.0174177 0 0.0669072 0.0172775 0 0.0670019 0.0174442 -0.00349938 0.0669072 0.0172775 -0.00361627 0.0670019 0.0174442 0 0.0669072 0.0172775 -0.00441211 0.0668828 0.0166431 -0.00429415 0.0667901 0.016477 -0.00535991 0.0662196 0.011991 -0.00523804 0.066137 0.0119864 -0.00620192 0.0757433 0.0121732 -0.0063183 0.0756181 0.0120714 -0.00496072 0.0757415 0.0120783 0 0.0877669 0.0165039 -0.0040352 0.0772381 0.0166385 0 0.0773968 0.0166391 -0.00452846 0.0877669 0.0165068 -0.00496072 0.0757415 0.0120783 -0.00251265 0.0541688 0.0146432 -0.00411477 0.066122 0.0119855 -0.00329253 0.0550634 0.0116067 -0.00323025 0.0666872 0.0159419 0 0.0668053 0.0159413 0 0.0541561 0.0146866 0.00323025 0.0666872 0.0159419 0 0.0773968 0.0166391 0 0.0668053 0.0159413 0.0040352 0.0772381 0.0166385 0.00496072 0.0757415 0.0120783 0.00411477 0.066122 0.0119855 0.00534307 0.0660243 0.0119801 0.00361739 0.0540921 0.0149039 0.00439819 0.0666643 0.016619 0.0043812 0.0550634 0.0116067 0.00296687 0.0539133 0.0155104 0.00360484 0.0667794 0.0174177 0 0.0667794 0.0174177 0 0.0539133 0.0155104 0.00775172 0.0841982 0.0101673 0.00899196 0.0943676 0.00985764 0.00966648 0.0916917 0.00671518 0.00610679 0.0880402 0.0167517 0.00523626 0.0775642 0.0173433 0.00484769 0.0868726 0.0179301 0.00429481 0.0778693 0.0182044 0 0.0868726 0.0179301 0 0.0778693 0.0182044 0.00634053 0.075865 0.0120852 0.00510248 0.0774276 0.0172211 0.00634053 0.075865 0.0120852 0.00620192 0.0757433 0.0121732 0.00523626 0.0775642 0.0173433 0.00416265 0.0777298 0.0180814 0.00429481 0.0778693 0.0182044 0 0.0778693 0.0182044 0 0.0777298 0.0180814 0 0.0868726 0.0179301 0.00452846 0.0877669 0.0165068 0.00484769 0.0868726 0.0179301 0 0.0877669 0.0165039 0.00610679 0.0880402 0.0167517 0.00754799 0.0942144 0.00961413 0.00899196 0.0943676 0.00985764 0.00899196 0.0943676 0.00985764 0.00838271 0.0916917 0.00671518 0.00966648 0.0916917 0.00671518 0.00754799 0.0942144 0.00961413 0.00625836 0.0841982 0.0101673 0.00634053 0.075865 0.0120852 0.00775172 0.0841982 0.0101673 0.00496072 0.0757415 0.0120783 0.00329253 0.0550634 0.0116067 0.00361739 0.0540921 0.0149039 0.0043812 0.0550634 0.0116067 0.00251265 0.0541688 0.0146432 0.00296687 0.0539133 0.0155104 0 0.0539133 0.0155104 0 0.0541561 0.0146866 0.00838271 0.0916917 0.00671518 0.00775172 0.0841982 0.0101673 0.00966648 0.0916917 0.00671518 0.00625836 0.0841982 0.0101673 0.00620192 0.0757433 0.0121732 0.00634053 0.075865 0.0120852 0.00496072 0.0757415 0.0120783 0.00411477 0.066122 0.0119855 0.0043812 0.0550634 0.0116067 0.00534307 0.0660243 0.0119801 0.00329253 0.0550634 0.0116067 0.00523804 0.066137 0.0119864 0.00625836 0.0841982 0.0101673 0.00754799 0.0942144 0.00961413 0.00452846 0.0877669 0.0165068 0.00838271 0.0916917 0.00671518 0.00496072 0.0757415 0.0120783 0.00361627 0.0670019 0.0174442 0 0.0775866 0.0181791 0.00427932 0.0775866 0.0181791 0 0.0670019 0.0174442 0.00521746 0.0772869 0.0173197 0.00441211 0.0668828 0.0166431 0.0063183 0.0756181 0.0120714 0.00535991 0.0662196 0.011991 0.00496072 0.0757415 0.0120783 0.00535991 0.0662196 0.011991 0.0063183 0.0756181 0.0120714 0.00411477 0.066122 0.0119855 0.00523804 0.066137 0.0119864 0.00416265 0.0777298 0.0180814 0 0.0775866 0.0181791 0 0.0777298 0.0180814 0.00427932 0.0775866 0.0181791 0.00510248 0.0774276 0.0172211 0.00521746 0.0772869 0.0173197 0.00620192 0.0757433 0.0121732 0.0063183 0.0756181 0.0120714 0.00429415 0.0667901 0.016477 0.00534307 0.0660243 0.0119801 0.00439819 0.0666643 0.016619 0.00523804 0.066137 0.0119864 0.00349938 0.0669072 0.0172775 0.00360484 0.0667794 0.0174177 0 0.0667794 0.0174177 0 0.0669072 0.0172775 0.00349938 0.0669072 0.0172775 0 0.0670019 0.0174442 0.00361627 0.0670019 0.0174442 0 0.0669072 0.0172775 0.00441211 0.0668828 0.0166431 0.00429415 0.0667901 0.016477 0.00535991 0.0662196 0.011991 0.00523804 0.066137 0.0119864 0.0063183 0.0756181 0.0120714 0.00620192 0.0757433 0.0121732 0.00496072 0.0757415 0.0120783 0.0040352 0.0772381 0.0166385 0 0.0877669 0.0165039 0 0.0773968 0.0166391 0.00452846 0.0877669 0.0165068 0.00496072 0.0757415 0.0120783 0.00251265 0.0541688 0.0146432 0.00411477 0.066122 0.0119855 0.00323025 0.0666872 0.0159419 0.00329253 0.0550634 0.0116067 0 0.0668053 0.0159413 0 0.0541561 0.0146866 0.0168329 0.114501 0.00170512 0.0162645 0.11909 0.0045595 0.0176715 0.1182 0.000617695 0.0154451 0.116166 0.00542341 0.0147407 0.11487 0.00141287 0.0155792 0.118568 0.000325443 0.0155792 0.118568 0.000325443 0.0147407 0.11487 0.00141287 0.0162645 0.11909 0.0045595 0.0155792 0.118568 0.000325443 0.0176715 0.1182 0.000617695 0.0154451 0.116166 0.00542341 0.0168329 0.114501 0.00170512 0.0147407 0.11487 0.00141287 0.0114997 0.10667 0.00247642 0.0107238 0.10945 0.00549227 0.0117675 0.109666 0.00241933 0.0104568 0.107089 0.00553888 0.00996163 0.10681 0.00262098 0.0102295 0.109806 0.0025639 0.0102295 0.109806 0.0025639 0.00996163 0.10681 0.00262098 0.0107238 0.10945 0.00549227 0.0102295 0.109806 0.0025639 0.0117675 0.109666 0.00241933 0.0104568 0.107089 0.00553888 0.0114997 0.10667 0.00247642 0.00996163 0.10681 0.00262098 0.0102962 0.100348 0.00166996 0.00958212 0.101846 0.00495981 0.0105766 0.102854 0.00245975 0.00927346 0.099853 0.00432051 0.0092774 0.100425 0.0017316 0.00955789 0.102931 0.00252139 0.00955789 0.102931 0.00252139 0.0092774 0.100425 0.0017316 0.00958212 0.101846 0.00495981 0.00955789 0.102931 0.00252139 0.0105766 0.102854 0.00245975 0.00927346 0.099853 0.00432051 0.0102962 0.100348 0.00166996 0.0092774 0.100425 0.0017316 0.00122592 0.116412 0.0118065 0.00858314 0.120683 0.0109192 0.00796788 0.11513 0.0115707 0.00122592 0.120973 0.0112693 0.0068135 0.112865 0.00954082 0.000409133 0.113989 0.010992 0 0.120282 0.00879343 0 0.113894 0.00942317 0.0117095 0.114342 0.00929579 0.0124259 0.120217 0.00869554 0.00991166 0.112199 0.0068281 0.0153196 0.115944 0.00609036 0.00960382 0.112013 0.00506758 0.0147366 0.114354 0.00204345 0.015935 0.119155 0.00155155 0.0160033 0.119661 0.00598526 0.00122592 0.126025 0.00893381 0 0.126479 0.00586737 0.0161602 0.123381 0.00517759 0.016479 0.124067 0.00138427 0.0127372 0.127318 0.00663631 0.0118023 0.127866 0.00285877 0.00846011 0.129063 0.00397855 0.00936846 0.128626 0.00788271 0.00690067 0.128194 0.00823107 0.00583352 0.128639 0.00474576 0 0.126479 0.00586737 0.00846011 0.129063 0.00397855 0.00936846 0.128626 0.00788271 0 0.0974987 0.00583629 0.00533024 0.0974209 0.00633606 0.0045098 0.0978527 0.00372339 0.000620304 0.0970661 0.0084119 0.00846712 0.0979566 0.00397723 0.0077185 0.0983986 0.00134531 0.00601142 0.103444 0.00864298 0.00907014 0.102942 0.00609864 0.00571663 0.104724 0.00755957 0.000620304 0.104421 0.0100747 0.000620304 0.0970661 0.0084119 0.000359611 0.105874 0.00910323 0.00866709 0.104192 0.00492872 0.00955203 0.10182 0.00515783 0.00955144 0.10297 0.00259918 0.00832152 0.104515 0.00357703 0.00925533 0.0998662 0.00431541 0.00925474 0.10038 0.00173994 0.000359611 0.105874 0.00910323 0 0.0974987 0.00583629 0 0.106328 0.00783059 0.000620304 0.0970661 0.0084119 -0.000359611 0.105874 0.00910323 0 0.106328 0.00783059 -0.000620304 0.0970661 0.0084119 0.000359611 0.105874 0.00910323 0.000620304 0.104421 0.0100747 0.000620304 0.0970661 0.0084119 0.000359611 0.105874 0.00910323 0.00643212 0.105717 0.00911659 0.00571663 0.104724 0.00755957 0.000655757 0.106846 0.0109101 0.00952716 0.105299 0.00661083 0.00866709 0.104192 0.00492872 0.00708475 0.112022 0.0103081 0.000655757 0.113344 0.0117893 0.0101765 0.111063 0.00764583 0.0068135 0.112865 0.00954082 0.000409133 0.113989 0.010992 0.00991166 0.112199 0.0068281 0.0104495 0.106569 0.00602458 0.0104327 0.106891 0.00290134 0.0107843 0.109686 0.00637497 0.0108166 0.110648 0.00346728 0.00832152 0.104515 0.00357703 0.00960382 0.112013 0.00506758 0.000655757 0.106846 0.0109101 0.000409133 0.113989 0.010992 0.000655757 0.113344 0.0117893 0.000359611 0.105874 0.00910323 0 0.113894 0.00942317 0.000409133 0.113989 0.010992 0 0.106328 0.00783059 0.000359611 0.105874 0.00910323 -0.0168329 0.114501 0.00170512 -0.0162645 0.11909 0.0045595 -0.0154451 0.116166 0.00542341 -0.0176715 0.1182 0.000617695 -0.0147407 0.11487 0.00141287 -0.0155792 0.118568 0.000325443 -0.0155792 0.118568 0.000325443 -0.0147407 0.11487 0.00141287 -0.0155792 0.118568 0.000325443 -0.0162645 0.11909 0.0045595 -0.0176715 0.1182 0.000617695 -0.0168329 0.114501 0.00170512 -0.0154451 0.116166 0.00542341 -0.0147407 0.11487 0.00141287 -0.0114997 0.10667 0.00247642 -0.0107238 0.10945 0.00549227 -0.0104568 0.107089 0.00553888 -0.0117675 0.109666 0.00241933 -0.00996163 0.10681 0.00262098 -0.0102295 0.109806 0.0025639 -0.0102295 0.109806 0.0025639 -0.00996163 0.10681 0.00262098 -0.0102295 0.109806 0.0025639 -0.0107238 0.10945 0.00549227 -0.0117675 0.109666 0.00241933 -0.0114997 0.10667 0.00247642 -0.0104568 0.107089 0.00553888 -0.00996163 0.10681 0.00262098 -0.0102962 0.100348 0.00166996 -0.00958212 0.101846 0.00495981 -0.00927346 0.099853 0.00432051 -0.0105766 0.102854 0.00245975 -0.0092774 0.100425 0.0017316 -0.00955789 0.102931 0.00252139 -0.00955789 0.102931 0.00252139 -0.0092774 0.100425 0.0017316 -0.00955789 0.102931 0.00252139 -0.00958212 0.101846 0.00495981 -0.0105766 0.102854 0.00245975 -0.0102962 0.100348 0.00166996 -0.00927346 0.099853 0.00432051 -0.0092774 0.100425 0.0017316 -0.0153196 0.115944 0.00609036 -0.015935 0.119155 0.00155155 -0.0160033 0.119661 0.00598526 -0.0147366 0.114354 0.00204345 -0.00991166 0.112199 0.0068281 -0.0117095 0.114342 0.00929579 -0.00960382 0.112013 0.00506758 -0.0068135 0.112865 0.00954082 -0.00796788 0.11513 0.0115707 -0.00858314 0.120683 0.0109192 -0.0124259 0.120217 0.00869554 -0.0161602 0.123381 0.00517759 -0.016479 0.124067 0.00138427 -0.0127372 0.127318 0.00663631 -0.0118023 0.127866 0.00285877 -0.00846011 0.129063 0.00397855 -0.00936846 0.128626 0.00788271 -0.00690067 0.128194 0.00823107 -0.00122592 0.120973 0.0112693 -0.00122592 0.126025 0.00893381 0 0.120282 0.00879343 -0.000409133 0.113989 0.010992 0 0.113894 0.00942317 -0.00122592 0.116412 0.0118065 0 0.126479 0.00586737 -0.00583352 0.128639 0.00474576 0 0.126479 0.00586737 -0.00846011 0.129063 0.00397855 -0.00936846 0.128626 0.00788271 -0.00846712 0.0979566 0.00397723 -0.0045098 0.0978527 0.00372339 -0.0077185 0.0983986 0.00134531 -0.00533024 0.0974209 0.00633606 -0.00907014 0.102942 0.00609864 -0.00601142 0.103444 0.00864298 -0.00571663 0.104724 0.00755957 -0.00866709 0.104192 0.00492872 -0.00955203 0.10182 0.00515783 -0.00955144 0.10297 0.00259918 -0.00832152 0.104515 0.00357703 -0.00925533 0.0998662 0.00431541 -0.00925474 0.10038 0.00173994 -0.000620304 0.104421 0.0100747 -0.000359611 0.105874 0.00910323 -0.000620304 0.0970661 0.0084119 -0.000620304 0.0970661 0.0084119 0 0.0974987 0.00583629 -0.000620304 0.104421 0.0100747 -0.000359611 0.105874 0.00910323 -0.000620304 0.0970661 0.0084119 -0.00571663 0.104724 0.00755957 -0.00952716 0.105299 0.00661083 -0.00643212 0.105717 0.00911659 -0.00866709 0.104192 0.00492872 -0.0101765 0.111063 0.00764583 -0.00708475 0.112022 0.0103081 -0.0068135 0.112865 0.00954082 -0.00991166 0.112199 0.0068281 -0.0107843 0.109686 0.00637497 -0.0108166 0.110648 0.00346728 -0.00960382 0.112013 0.00506758 -0.0104327 0.106891 0.00290134 -0.0104495 0.106569 0.00602458 -0.00832152 0.104515 0.00357703 -0.000655757 0.113344 0.0117893 -0.000409133 0.113989 0.010992 -0.000655757 0.106846 0.0109101 -0.000359611 0.105874 0.00910323 -0.000409133 0.113989 0.010992 -0.000655757 0.106846 0.0109101 -0.000655757 0.113344 0.0117893 -0.000359611 0.105874 0.00910323 -0.000409133 0.113989 0.010992 0 0.113894 0.00942317 -0.000359611 0.105874 0.00910323 0 0.106328 0.00783059 -0.0185194 0.0918253 -0.0026969 -0.0154868 0.0941758 -0.0026969 -0.0168987 0.0912543 -0.0026969 -0.0179888 0.0957918 -0.0026969 -0.0179888 0.0957918 -0.0026969 -0.0154868 0.0941758 -0.00497154 -0.0154868 0.0941758 -0.0026969 -0.0179888 0.0957918 -0.00497154 -0.0154868 0.0941758 -0.00497154 -0.0185194 0.0918253 -0.00497154 -0.0168987 0.0912543 -0.00497154 -0.0179888 0.0957918 -0.00497154 -0.0185194 0.0918253 -0.00497154 -0.0168987 0.0912543 -0.0026969 -0.0168987 0.0912543 -0.00497154 -0.0185194 0.0918253 -0.0026969 -0.0185194 0.0918253 -0.00497154 -0.0179888 0.0957918 -0.0026969 -0.0185194 0.0918253 -0.0026969 -0.0179888 0.0957918 -0.00497154 -0.0168987 0.0912543 -0.0026969 -0.0154868 0.0941758 -0.00497154 -0.0168987 0.0912543 -0.00497154 -0.0154868 0.0941758 -0.0026969 -0.0135036 0.0930689 0.00578762 -0.0306746 0.0568508 0.00428468 -0.0148129 0.0936335 0.00578762 -0.0293652 0.0562861 0.00428468 -0.0166651 0.0940072 0.00199572 -0.0153252 0.0934293 0.00200469 -0.0135036 0.0930689 0.00578762 -0.0325267 0.0572244 0.00108507 -0.0311869 0.0566466 0.00109264 -0.0293652 0.0562861 0.00428468 -0.0160733 0.0936843 -0.00237591 -0.017429 0.0942688 -0.00237816 -0.0184973 0.0917915 -0.00237816 -0.0320591 0.0569552 -0.00383423 -0.0334198 0.0575419 -0.00383423 -0.0186266 0.0918474 -0.00383423 -0.0153252 0.0934293 0.00200469 -0.0293652 0.0562861 0.00428468 -0.0135036 0.0930689 0.00578762 -0.0311869 0.0566466 0.00109264 -0.0171416 0.0912068 -0.00237591 -0.0320591 0.0569552 -0.00383423 -0.0172657 0.0912604 -0.00383423 -0.0160733 0.0936843 -0.00237591 -0.0184973 0.0917915 -0.00237816 -0.0172657 0.0912604 -0.00383423 -0.0171416 0.0912068 -0.00237591 -0.0186266 0.0918474 -0.00383423 -0.0184973 0.0917915 -0.00237816 -0.0160733 0.0936843 -0.00237591 -0.017429 0.0942688 -0.00237816 -0.0171416 0.0912068 -0.00237591 -0.0306746 0.0568508 -0.0119531 -0.0135036 0.0930689 -0.0134561 -0.0148129 0.0936335 -0.0134561 -0.0293652 0.0562861 -0.0119531 -0.0166651 0.0940072 -0.00966417 -0.0153252 0.0934293 -0.00967313 -0.0135036 0.0930689 -0.0134561 -0.0325267 0.0572244 -0.00875353 -0.0311869 0.0566466 -0.0087611 -0.0293652 0.0562861 -0.0119531 -0.0160733 0.0936843 -0.00529252 -0.017429 0.0942688 -0.00529029 -0.0184973 0.0917915 -0.00529029 -0.0320591 0.0569552 -0.00383423 -0.0334198 0.0575419 -0.00383423 -0.0186266 0.0918474 -0.00383423 -0.0293652 0.0562861 -0.0119531 -0.0153252 0.0934293 -0.00967313 -0.0135036 0.0930689 -0.0134561 -0.0311869 0.0566466 -0.0087611 -0.0171416 0.0912068 -0.00529252 -0.0320591 0.0569552 -0.00383423 -0.0172657 0.0912604 -0.00383423 -0.0160733 0.0936843 -0.00529252 -0.0184973 0.0917915 -0.00529029 -0.0172657 0.0912604 -0.00383423 -0.0186266 0.0918474 -0.00383423 -0.0171416 0.0912068 -0.00529252 -0.0160733 0.0936843 -0.00529252 -0.0184973 0.0917915 -0.00529029 -0.017429 0.0942688 -0.00529029 -0.0171416 0.0912068 -0.00529252 0.0154868 0.0941758 -0.0026969 0.0185194 0.0918253 -0.0026969 0.0168987 0.0912543 -0.0026969 0.0179888 0.0957918 -0.0026969 0.0154868 0.0941758 -0.00497154 0.0179888 0.0957918 -0.0026969 0.0154868 0.0941758 -0.0026969 0.0179888 0.0957918 -0.00497154 0.0154868 0.0941758 -0.00497154 0.0185194 0.0918253 -0.00497154 0.0179888 0.0957918 -0.00497154 0.0168987 0.0912543 -0.00497154 0.0168987 0.0912543 -0.0026969 0.0185194 0.0918253 -0.00497154 0.0168987 0.0912543 -0.00497154 0.0185194 0.0918253 -0.0026969 0.0179888 0.0957918 -0.0026969 0.0185194 0.0918253 -0.00497154 0.0185194 0.0918253 -0.0026969 0.0179888 0.0957918 -0.00497154 0.0154868 0.0941758 -0.00497154 0.0168987 0.0912543 -0.0026969 0.0168987 0.0912543 -0.00497154 0.0154868 0.0941758 -0.0026969 0.0306746 0.0568508 0.00428468 0.0135036 0.0930689 0.00578762 0.0148129 0.0936335 0.00578762 0.0293652 0.0562861 0.00428468 0.0166651 0.0940072 0.00199572 0.0153252 0.0934293 0.00200469 0.0135036 0.0930689 0.00578762 0.0325267 0.0572244 0.00108507 0.0311869 0.0566466 0.00109264 0.0293652 0.0562861 0.00428468 0.0160733 0.0936843 -0.00237591 0.017429 0.0942688 -0.00237816 0.0184973 0.0917915 -0.00237816 0.0320591 0.0569552 -0.00383423 0.0334198 0.0575419 -0.00383423 0.0186266 0.0918474 -0.00383423 0.0293652 0.0562861 0.00428468 0.0153252 0.0934293 0.00200469 0.0135036 0.0930689 0.00578762 0.0311869 0.0566466 0.00109264 0.0171416 0.0912068 -0.00237591 0.0320591 0.0569552 -0.00383423 0.0172657 0.0912604 -0.00383423 0.0160733 0.0936843 -0.00237591 0.0184973 0.0917915 -0.00237816 0.0172657 0.0912604 -0.00383423 0.0186266 0.0918474 -0.00383423 0.0171416 0.0912068 -0.00237591 0.0160733 0.0936843 -0.00237591 0.0184973 0.0917915 -0.00237816 0.017429 0.0942688 -0.00237816 0.0171416 0.0912068 -0.00237591 0.0135036 0.0930689 -0.0134561 0.0306746 0.0568508 -0.0119531 0.0148129 0.0936335 -0.0134561 0.0293652 0.0562861 -0.0119531 0.0166651 0.0940072 -0.00966417 0.0153252 0.0934293 -0.00967313 0.0135036 0.0930689 -0.0134561 0.0325267 0.0572244 -0.00875353 0.0311869 0.0566466 -0.0087611 0.0293652 0.0562861 -0.0119531 0.0160733 0.0936843 -0.00529252 0.017429 0.0942688 -0.00529029 0.0184973 0.0917915 -0.00529029 0.0320591 0.0569552 -0.00383423 0.0334198 0.0575419 -0.00383423 0.0186266 0.0918474 -0.00383423 0.0153252 0.0934293 -0.00967313 0.0293652 0.0562861 -0.0119531 0.0135036 0.0930689 -0.0134561 0.0311869 0.0566466 -0.0087611 0.0171416 0.0912068 -0.00529252 0.0320591 0.0569552 -0.00383423 0.0172657 0.0912604 -0.00383423 0.0160733 0.0936843 -0.00529252 0.0184973 0.0917915 -0.00529029 0.0172657 0.0912604 -0.00383423 0.0171416 0.0912068 -0.00529252 0.0186266 0.0918474 -0.00383423 0.0184973 0.0917915 -0.00529029 0.0160733 0.0936843 -0.00529252 0.017429 0.0942688 -0.00529029 0.0171416 0.0912068 -0.00529252 -0.00868926 0.146571 -0.0017705 -0.00639455 0.148675 -0.00116105 -0.00833262 0.148693 -0.000602282 -0.00675122 0.146553 -0.00232926 -0.00853313 0.144206 -0.00115218 -0.00659506 0.144188 -0.00171094 -0.00795566 0.142985 0.000890448 -0.00601759 0.142967 0.000331683 -0.005734 0.149313 0.00110933 -0.0076721 0.149331 0.0016681 -0.00729511 0.143623 0.00316085 -0.00601759 0.142967 0.000331683 -0.00795566 0.142985 0.000890448 -0.00535706 0.143604 0.00260208 -0.00693847 0.145745 0.00432902 -0.0050004 0.145727 0.00377027 -0.0070946 0.148109 0.00371074 -0.00515653 0.148091 0.00315196 -0.0076721 0.149331 0.0016681 -0.005734 0.149313 0.00110933 -0.00853313 0.144206 -0.00115218 -0.00868926 0.146571 -0.0017705 -0.00833262 0.148693 -0.000602282 -0.00795566 0.142985 0.000890448 -0.0076721 0.149331 0.0016681 -0.00729511 0.143623 0.00316085 -0.0076721 0.149331 0.0016681 -0.0070946 0.148109 0.00371074 -0.00795566 0.142985 0.000890448 -0.00693847 0.145745 0.00432902 0.00639455 0.148675 -0.00116105 0.00868926 0.146571 -0.0017705 0.00833262 0.148693 -0.000602282 0.00675122 0.146553 -0.00232926 0.00853313 0.144206 -0.00115218 0.00659506 0.144188 -0.00171094 0.00795566 0.142985 0.000890448 0.00601759 0.142967 0.000331683 0.005734 0.149313 0.00110933 0.0076721 0.149331 0.0016681 0.00601759 0.142967 0.000331683 0.00729511 0.143623 0.00316085 0.00795566 0.142985 0.000890448 0.00535706 0.143604 0.00260208 0.00693847 0.145745 0.00432902 0.0050004 0.145727 0.00377027 0.0070946 0.148109 0.00371074 0.00515653 0.148091 0.00315196 0.0076721 0.149331 0.0016681 0.005734 0.149313 0.00110933 0.00868926 0.146571 -0.0017705 0.00853313 0.144206 -0.00115218 0.00833262 0.148693 -0.000602282 0.00795566 0.142985 0.000890448 0.0076721 0.149331 0.0016681 0.0076721 0.149331 0.0016681 0.00729511 0.143623 0.00316085 0.0070946 0.148109 0.00371074 0.00795566 0.142985 0.000890448 0.00693847 0.145745 0.00432902 -0.015338 0.091582 -0.00474896 -0.0139253 0.0909526 0.000938418 -0.0139253 0.0917486 -0.0104363 -0.0103903 0.0920115 -0.0147809 -0.00969993 0.0892782 0.00556064 -0.00427553 0.0915187 -0.0136275 -0.00598531 0.0862142 0.00832744 -0.00637225 0.0922226 -0.0176303 -0.00389171 0.0857507 0.00783646 0 0.0912698 -0.0136593 0 0.0854926 0.00789092 -0.00389171 0.0857507 0.00783646 -0.00598531 0.0862142 0.00832744 -0.00378176 0.0827771 0.0110021 -0.015338 0.091582 -0.00474896 -0.0149677 0.0965497 0.0018587 -0.0139253 0.0909526 0.000938418 -0.0164264 0.0973722 -0.00401419 -0.0100163 0.0958502 0.00685378 -0.00969993 0.0892782 0.00556064 -0.0149677 0.0981946 -0.0098871 -0.0139253 0.0917486 -0.0104363 -0.0113173 0.0988228 -0.0143734 -0.0103903 0.0920115 -0.0147809 -0.00674883 0.0992983 -0.0173157 -0.00637225 0.0922226 -0.0176303 -0.00598935 0.0941573 0.0110297 -0.00598531 0.0862142 0.00832744 -0.00389357 0.0917387 0.017063 -0.00378176 0.0827771 0.0110021 -0.00399415 0.0984242 -0.0216163 -0.00390121 0.0922917 -0.0207812 -0.00422857 0.0750578 -0.0177265 -0.00316314 0.0750578 -0.0196168 -0.00426641 0.0729521 -0.0142895 0 0.0917387 0.017063 -0.00378176 0.0827771 0.0110021 0 0.0825812 0.0112143 -0.00425153 0.0728411 0.00607733 0 0.0705734 0.00676145 0 0.0729521 -0.0142895 -0.00426641 0.0729521 -0.0142895 0 0.092361 -0.0212755 0 0.0984956 -0.0221268 -0.00390121 0.0922917 -0.0207812 0 0.0750578 -0.0196168 0 0.0729521 -0.0142895 -0.00426641 0.0729521 -0.0142895 -0.00432102 0.0973381 0.00709727 -0.0100163 0.0958502 0.00685378 -0.0081152 0.097839 0.0052785 -0.0046052 0.0954756 0.00952749 0 0.0969107 0.00823486 0 0.0953326 0.0105484 -0.0107669 0.0987616 0.000527883 -0.0149677 0.0965497 0.0018587 -0.0117522 0.0993264 -0.00369562 -0.0164264 0.0973722 -0.00401419 -0.0149677 0.0981946 -0.0098871 -0.0107669 0.0998913 -0.00791914 -0.0113173 0.0988228 -0.0143734 -0.0081152 0.100353 -0.0113723 -0.00674883 0.0992983 -0.0173157 -0.00432102 0.100645 -0.0135527 0 0.0995893 -0.0179034 0 0.100746 -0.0143093 -0.00389357 0.0917387 0.017063 -0.00598935 0.0941573 0.0110297 0 0.0917387 0.017063 -0.00399415 0.0984242 -0.0216163 0 0.0984956 -0.0221268 -0.00432102 0.0973381 0.00709727 0 0.100746 -0.0143093 0 0.0969107 0.00823486 -0.00432102 0.100645 -0.0135527 -0.0081152 0.100353 -0.0113723 -0.0081152 0.097839 0.0052785 -0.0107669 0.0987616 0.000527883 -0.0107669 0.0998913 -0.00791914 -0.0117522 0.0993264 -0.00369562 -0.00320449 0.07734 -0.00932045 0 0.07852 -0.0128083 0 0.07734 -0.00932045 -0.00320449 0.0785434 -0.0128114 0 0.0912698 -0.0136593 -0.00427553 0.0915187 -0.0136275 -0.00295293 0.0752455 0.00426499 0 0.0854926 0.00789092 -0.00389171 0.0857507 0.00783646 0 0.0735688 0.00460761 0 0.07734 -0.00932045 -0.00320449 0.07734 -0.00932045 -0.00295293 0.0752455 0.00426499 -0.00378176 0.0827771 0.0110021 -0.00425153 0.0728411 0.00607733 -0.00320449 0.07734 -0.00932045 -0.00426641 0.0729521 -0.0142895 -0.00389171 0.0857507 0.00783646 -0.00378176 0.0827771 0.0110021 -0.00426641 0.0729521 -0.0142895 -0.00320449 0.0785434 -0.0128114 -0.00320449 0.07734 -0.00932045 -0.00422857 0.0750578 -0.0177265 -0.00637225 0.0922226 -0.0176303 -0.00427553 0.0915187 -0.0136275 0.0139253 0.0909526 0.000938418 0.015338 0.091582 -0.00474896 0.0139253 0.0917486 -0.0104363 0.0103903 0.0920115 -0.0147809 0.00969993 0.0892782 0.00556064 0.00427553 0.0915187 -0.0136275 0.00598531 0.0862142 0.00832744 0.00637225 0.0922226 -0.0176303 0.00389171 0.0857507 0.00783646 0 0.0912698 -0.0136593 0 0.0854926 0.00789092 0.00598531 0.0862142 0.00832744 0.00389171 0.0857507 0.00783646 0.00378176 0.0827771 0.0110021 0.015338 0.091582 -0.00474896 0.0149677 0.0965497 0.0018587 0.0164264 0.0973722 -0.00401419 0.0139253 0.0909526 0.000938418 0.0100163 0.0958502 0.00685378 0.00969993 0.0892782 0.00556064 0.0149677 0.0981946 -0.0098871 0.0139253 0.0917486 -0.0104363 0.0113173 0.0988228 -0.0143734 0.0103903 0.0920115 -0.0147809 0.00674883 0.0992983 -0.0173157 0.00637225 0.0922226 -0.0176303 0.00598935 0.0941573 0.0110297 0.00598531 0.0862142 0.00832744 0.00389357 0.0917387 0.017063 0.00378176 0.0827771 0.0110021 0.00399415 0.0984242 -0.0216163 0.00390121 0.0922917 -0.0207812 0.00422857 0.0750578 -0.0177265 0.00316314 0.0750578 -0.0196168 0.00426641 0.0729521 -0.0142895 0 0.092361 -0.0212755 0 0.0750578 -0.0196168 0.00390121 0.0922917 -0.0207812 0.00399415 0.0984242 -0.0216163 0 0.0984956 -0.0221268 0 0.0729521 -0.0142895 0.00426641 0.0729521 -0.0142895 0.00432102 0.0973381 0.00709727 0.0100163 0.0958502 0.00685378 0.0046052 0.0954756 0.00952749 0.0081152 0.097839 0.0052785 0 0.0969107 0.00823486 0 0.0953326 0.0105484 0.0107669 0.0987616 0.000527883 0.0149677 0.0965497 0.0018587 0.0117522 0.0993264 -0.00369562 0.0164264 0.0973722 -0.00401419 0.0149677 0.0981946 -0.0098871 0.0107669 0.0998913 -0.00791914 0.0113173 0.0988228 -0.0143734 0.0081152 0.100353 -0.0113723 0.00674883 0.0992983 -0.0173157 0.00432102 0.100645 -0.0135527 0 0.0995893 -0.0179034 0 0.100746 -0.0143093 0.00399415 0.0984242 -0.0216163 0 0.0984956 -0.0221268 0.00389357 0.0917387 0.017063 0 0.0917387 0.017063 0.00598935 0.0941573 0.0110297 0 0.0917387 0.017063 0.00378176 0.0827771 0.0110021 0 0.0825812 0.0112143 0.00389357 0.0917387 0.017063 0.00425153 0.0728411 0.00607733 0 0.0705734 0.00676145 0 0.0729521 -0.0142895 0.00426641 0.0729521 -0.0142895 0.00432102 0.0973381 0.00709727 0 0.100746 -0.0143093 0.00432102 0.100645 -0.0135527 0 0.0969107 0.00823486 0.0081152 0.100353 -0.0113723 0.0081152 0.097839 0.0052785 0.0107669 0.0987616 0.000527883 0.0107669 0.0998913 -0.00791914 0.0117522 0.0993264 -0.00369562 0.00320449 0.0785434 -0.0128114 0 0.0912698 -0.0136593 0.00427553 0.0915187 -0.0136275 0 0.07852 -0.0128083 0.00320449 0.07734 -0.00932045 0 0.07734 -0.00932045 0.00637225 0.0922226 -0.0176303 0.00320449 0.0785434 -0.0128114 0.00427553 0.0915187 -0.0136275 0.00422857 0.0750578 -0.0177265 0.00426641 0.0729521 -0.0142895 0.00320449 0.07734 -0.00932045 0.00295293 0.0752455 0.00426499 0 0.0854926 0.00789092 0 0.0735688 0.00460761 0.00389171 0.0857507 0.00783646 0 0.07734 -0.00932045 0.00320449 0.07734 -0.00932045 0.00378176 0.0827771 0.0110021 0.00295293 0.0752455 0.00426499 0.00425153 0.0728411 0.00607733 0.00320449 0.07734 -0.00932045 0.00426641 0.0729521 -0.0142895 0.00389171 0.0857507 0.00783646 0.00378176 0.0827771 0.0110021 -0.0338171 0.0919241 -0.0048277 -0.0361097 0.0931215 -0.00240464 -0.0330416 0.0915187 -0.00437799 -0.0363169 0.0932299 -0.00304744 -0.0393479 0.0948131 -0.00216557 -0.0312544 0.094962 -0.00438254 -0.0343169 0.0965617 -0.00241289 -0.0375493 0.0982502 -0.00217426 -0.0393479 0.0948131 -0.00216557 -0.0303776 0.0945043 -0.0088013 -0.032163 0.0910603 -0.00880506 -0.0329951 0.0914949 -0.00869569 -0.0340081 0.0920245 -0.0128215 -0.0346105 0.0923394 -0.0122123 -0.0322191 0.0954669 -0.0128102 -0.0340081 0.0920245 -0.0128215 -0.0375958 0.0938992 -0.0148411 -0.0358003 0.0973379 -0.0148261 -0.0375958 0.0938992 -0.0148411 -0.0377518 0.0939805 -0.0139806 -0.041548 0.0959637 -0.0140952 -0.0412123 0.0957882 -0.0133275 -0.0443588 0.0974319 -0.010875 -0.0436733 0.0970737 -0.010508 -0.0441988 0.0973478 -0.0065943 -0.044959 0.097745 -0.00640499 -0.0425834 0.0965035 -0.00307769 -0.043114 0.0967806 -0.00238857 -0.039481 0.0948825 -0.000832061 -0.0393967 0.0948385 -0.00177253 -0.0358318 0.0929762 -0.00165115 -0.0360822 0.0931073 -0.00232402 -0.041548 0.0959637 -0.0140952 -0.0397452 0.0993986 -0.0140816 -0.0425506 0.100864 -0.0108674 -0.0443588 0.0974319 -0.010875 -0.0431498 0.101177 -0.00640573 -0.044959 0.097745 -0.00640499 -0.043114 0.0967806 -0.00238857 -0.041308 0.100214 -0.00239684 -0.039481 0.0948825 -0.000832061 -0.0376819 0.0983193 -0.000844121 -0.0358318 0.0929762 -0.00165115 -0.0340401 0.0964169 -0.00166182 -0.0320451 0.094903 -0.00216271 -0.0340401 0.0964169 -0.00166182 -0.0340035 0.091633 -0.00288442 -0.0301457 0.0932091 -0.00278201 -0.0322257 0.0900537 -0.00365661 -0.0320208 0.0953623 -0.00482735 -0.0343169 0.0965617 -0.00241289 -0.0345206 0.0966681 -0.00304709 -0.0312544 0.094962 -0.00438254 -0.0375493 0.0982502 -0.00217426 -0.0338171 0.0919241 -0.0048277 -0.0363169 0.0932299 -0.00304744 -0.0375493 0.0982502 -0.00217426 -0.0393479 0.0948131 -0.00216557 -0.0329951 0.0914949 -0.00869569 -0.0311988 0.0949333 -0.00869533 -0.0303776 0.0945043 -0.0088013 -0.0322191 0.0954669 -0.0128102 -0.0328143 0.0957776 -0.0122119 -0.0328143 0.0957776 -0.0122119 -0.0346105 0.0923394 -0.0122123 -0.0377518 0.0939805 -0.0139806 -0.0359557 0.0974189 -0.0139802 -0.0358003 0.0973379 -0.0148261 -0.0359557 0.0974189 -0.0139802 -0.0397452 0.0993986 -0.0140816 -0.039416 0.0992266 -0.0133272 -0.041877 0.100512 -0.0105077 -0.0425506 0.100864 -0.0108674 -0.0424025 0.100786 -0.00659392 -0.0431498 0.101177 -0.00640573 -0.0407871 0.0999419 -0.00307734 -0.041308 0.100214 -0.00239684 -0.0376819 0.0983193 -0.000844121 -0.0376004 0.0982769 -0.00177217 -0.0340401 0.0964169 -0.00166182 -0.0342859 0.0965454 -0.00232366 -0.039416 0.0992266 -0.0133272 -0.0412123 0.0957882 -0.0133275 -0.0436733 0.0970737 -0.010508 -0.041877 0.100512 -0.0105077 -0.0441988 0.0973478 -0.0065943 -0.0424025 0.100786 -0.00659392 -0.0407871 0.0999419 -0.00307734 -0.0425834 0.0965035 -0.00307769 -0.0393967 0.0948385 -0.00177253 -0.0376004 0.0982769 -0.00177217 -0.0342859 0.0965454 -0.00232366 -0.0360822 0.0931073 -0.00232402 -0.0321577 0.0950966 -0.00272298 -0.0340401 0.0964169 -0.00166182 -0.0320451 0.094903 -0.00216271 -0.0306197 0.0936668 -0.00329141 -0.0301457 0.0932091 -0.00278201 -0.0360822 0.0931073 -0.00232402 -0.0340035 0.091633 -0.00288442 -0.0341196 0.0918312 -0.00345641 -0.0358318 0.0929762 -0.00165115 -0.0327081 0.0905195 -0.00417586 -0.0322257 0.0900537 -0.00365661 -0.0360822 0.0931073 -0.00232402 -0.0321577 0.0950966 -0.00272298 -0.0342859 0.0965454 -0.00232366 -0.0341196 0.0918312 -0.00345641 -0.0306197 0.0936668 -0.00329141 -0.0327081 0.0905195 -0.00417586 -0.0327081 0.0905195 -0.00417586 -0.0301457 0.0932091 -0.00278201 -0.0306197 0.0936668 -0.00329141 -0.0322257 0.0900537 -0.00365661 -0.0350624 0.0921626 -0.00270647 -0.0327292 0.0962388 -0.00166545 -0.0328892 0.0963226 -0.00270604 -0.0349024 0.0920788 -0.00166589 -0.0411968 0.0953671 -0.000434584 -0.0391833 0.0996107 -0.00147473 -0.0390233 0.0995271 -0.00043415 -0.0413565 0.0954507 -0.00147516 -0.0380012 0.0936978 -0.00147341 -0.0349024 0.0920788 -0.00166589 -0.0350624 0.0921626 -0.00270647 -0.0378412 0.0936142 -0.000432836 -0.0411968 0.0953671 -0.000434584 -0.0413565 0.0954507 -0.00147516 -0.0358292 0.0978583 -0.00147272 -0.0327292 0.0962388 -0.00166545 -0.0356692 0.0977748 -0.00043214 -0.0328892 0.0963226 -0.00270604 -0.0390233 0.0995271 -0.00043415 -0.0391833 0.0996107 -0.00147473 -0.0354642 0.093091 -0.00257012 -0.0328892 0.0963226 -0.00270604 -0.0338806 0.0961222 -0.00256979 -0.0350624 0.0921626 -0.00270647 -0.0380012 0.0936978 -0.00147341 -0.0377066 0.0942622 -0.00147332 -0.0358292 0.0978583 -0.00147272 -0.0361239 0.0972939 -0.0014728 -0.0403946 0.0956666 -0.0016056 -0.0413565 0.0954507 -0.00147516 -0.0388109 0.0986978 -0.00160528 -0.0391833 0.0996107 -0.00147473 -0.0337208 0.0960384 -0.00152922 -0.0349024 0.0920788 -0.00166589 -0.0353042 0.0930072 -0.00152953 -0.0327292 0.0962388 -0.00166545 -0.0378412 0.0936142 -0.000432836 -0.0353042 0.0930072 -0.00152953 -0.0375465 0.0941786 -0.000432737 -0.0402346 0.095583 -0.00056502 -0.0390233 0.0995271 -0.00043415 -0.0386512 0.0986142 -0.000564705 -0.0411968 0.0953671 -0.000434584 -0.0402346 0.095583 -0.00056502 -0.0337208 0.0960384 -0.00152922 -0.0356692 0.0977748 -0.00043214 -0.0359641 0.0972104 -0.000432219 -0.0386512 0.0986142 -0.000564705 -0.0386512 0.0986142 -0.000564705 -0.0403946 0.0956666 -0.0016056 -0.0402346 0.095583 -0.00056502 -0.0388109 0.0986978 -0.00160528 -0.0353042 0.0930072 -0.00152953 -0.0377066 0.0942622 -0.00147332 -0.0354642 0.093091 -0.00257012 -0.0375465 0.0941786 -0.000432737 -0.0402346 0.095583 -0.00056502 -0.0403946 0.0956666 -0.0016056 -0.0338806 0.0961222 -0.00256979 -0.0353042 0.0930072 -0.00152953 -0.0354642 0.093091 -0.00257012 -0.0337208 0.0960384 -0.00152922 -0.0361239 0.0972939 -0.0014728 -0.0337208 0.0960384 -0.00152922 -0.0338806 0.0961222 -0.00256979 -0.0359641 0.0972104 -0.000432219 -0.0386512 0.0986142 -0.000564705 -0.0388109 0.0986978 -0.00160528 -0.0369532 0.0962586 -0.00122373 -0.0381353 0.0963557 0.000252365 -0.0381127 0.0967679 -0.000231256 -0.0398102 0.0972304 0.00014645 -0.0365547 0.0955299 -0.00126256 -0.0381353 0.0963557 0.000252365 -0.0373804 0.095441 -0.00122382 -0.0381353 0.0963557 0.000252365 -0.0384609 0.0961014 -0.000231324 -0.0381353 0.0963557 0.000252365 -0.0398102 0.0972304 0.00014645 -0.0384609 0.0961014 -0.000231324 -0.0373992 0.0959711 -0.00123819 -0.0383306 0.0964578 -0.000410456 -0.0373804 0.095441 -0.00122382 -0.0398102 0.0972304 0.00014645 -0.0373804 0.095441 -0.00122382 -0.0369532 0.0962586 -0.00122373 -0.0373992 0.0959711 -0.00123819 -0.0365547 0.0955299 -0.00126256 -0.0373992 0.0959711 -0.00123819 -0.0381127 0.0967679 -0.000231256 -0.0383306 0.0964578 -0.000410456 -0.0369532 0.0962586 -0.00122373 -0.0398102 0.0972304 0.00014645 -0.036562 0.0877628 -0.0045276 -0.0390721 0.0890511 -0.00238279 -0.0358386 0.0873676 -0.00399062 -0.0392138 0.0891403 -0.00304607 -0.0423024 0.0907694 -0.00251951 -0.0340281 0.0907979 -0.00392509 -0.0372557 0.0924784 -0.00232026 -0.04048 0.0941934 -0.00245673 -0.0423024 0.0907694 -0.00251951 -0.0327221 0.0901936 -0.00821845 -0.03453 0.0867623 -0.00829203 -0.0353649 0.0872053 -0.00827949 -0.035959 0.0876089 -0.0125 -0.0366159 0.0879467 -0.0119638 -0.0341483 0.0910387 -0.0124185 -0.035959 0.0876089 -0.0125 -0.0393113 0.08944 -0.0149236 -0.0374945 0.0928665 -0.0148376 -0.0393113 0.08944 -0.0149236 -0.0395514 0.0895497 -0.0140858 -0.0432989 0.0915515 -0.0146388 -0.0430423 0.0913986 -0.0138364 -0.046401 0.093139 -0.0117611 -0.0457586 0.0927885 -0.0113168 -0.0466669 0.0931908 -0.0074851 -0.0474383 0.0935985 -0.00738475 -0.0454157 0.0924496 -0.00380081 -0.0460096 0.0927519 -0.0031768 -0.0425663 0.0908822 -0.00120861 -0.0423898 0.0908078 -0.00213424 -0.0388719 0.0889284 -0.00160128 -0.039053 0.0890392 -0.00229944 -0.0432989 0.0915515 -0.0146388 -0.0414744 0.0949742 -0.0145533 -0.0445709 0.0965584 -0.011681 -0.046401 0.093139 -0.0117611 -0.0456062 0.0970171 -0.00731284 -0.0474383 0.0935985 -0.00738475 -0.0460096 0.0927519 -0.0031768 -0.04418 0.096172 -0.00311277 -0.0425663 0.0908822 -0.00120861 -0.0407431 0.0943059 -0.00114914 -0.0388719 0.0889284 -0.00160128 -0.0370561 0.0923559 -0.00154127 -0.035066 0.0908289 -0.00201365 -0.0370561 0.0923559 -0.00154127 -0.0369692 0.0874669 -0.00236415 -0.0329687 0.0891708 -0.00187823 -0.0348635 0.0859803 -0.00300855 -0.0347429 0.0911885 -0.0044561 -0.0372557 0.0924784 -0.00232026 -0.0373946 0.0925657 -0.00297457 -0.0340281 0.0907979 -0.00392509 -0.04048 0.0941934 -0.00245673 -0.036562 0.0877628 -0.0045276 -0.0392138 0.0891403 -0.00304607 -0.04048 0.0941934 -0.00245673 -0.0423024 0.0907694 -0.00251951 -0.0353649 0.0872053 -0.00827949 -0.0335458 0.090631 -0.00820798 -0.0327221 0.0901936 -0.00821845 -0.0341483 0.0910387 -0.0124185 -0.0347967 0.0913722 -0.0118923 -0.0347967 0.0913722 -0.0118923 -0.0366159 0.0879467 -0.0119638 -0.0395514 0.0895497 -0.0140858 -0.037732 0.0929754 -0.0140143 -0.0374945 0.0928665 -0.0148376 -0.037732 0.0929754 -0.0140143 -0.0414744 0.0949742 -0.0145533 -0.0412232 0.0948243 -0.0137649 -0.0439395 0.0962139 -0.0112453 -0.0445709 0.0965584 -0.011681 -0.0448478 0.0966165 -0.00741362 -0.0456062 0.0970171 -0.00731284 -0.0435966 0.0958751 -0.00372933 -0.04418 0.096172 -0.00311277 -0.0407431 0.0943059 -0.00114914 -0.0405707 0.0942332 -0.00206274 -0.0370561 0.0923559 -0.00154127 -0.0372339 0.0924649 -0.00222795 -0.0412232 0.0948243 -0.0137649 -0.0430423 0.0913986 -0.0138364 -0.0457586 0.0927885 -0.0113168 -0.0439395 0.0962139 -0.0112453 -0.0466669 0.0931908 -0.0074851 -0.0448478 0.0966165 -0.00741362 -0.0435966 0.0958751 -0.00372933 -0.0454157 0.0924496 -0.00380081 -0.0423898 0.0908078 -0.00213424 -0.0405707 0.0942332 -0.00206274 -0.0372339 0.0924649 -0.00222795 -0.039053 0.0890392 -0.00229944 -0.0351998 0.0909665 -0.00258557 -0.0370561 0.0923559 -0.00154127 -0.035066 0.0908289 -0.00201365 -0.0333037 0.0895977 -0.00251027 -0.0329687 0.0891708 -0.00187823 -0.0371071 0.0876082 -0.00294803 -0.0388719 0.0889284 -0.00160128 -0.0369692 0.0874669 -0.00236415 -0.039053 0.0890392 -0.00229944 -0.0352041 0.0864146 -0.00365255 -0.0348635 0.0859803 -0.00300855 -0.039053 0.0890392 -0.00229944 -0.0351998 0.0909665 -0.00258557 -0.0372339 0.0924649 -0.00222795 -0.0371071 0.0876082 -0.00294803 -0.0333037 0.0895977 -0.00251027 -0.0352041 0.0864146 -0.00365255 -0.0352041 0.0864146 -0.00365255 -0.0329687 0.0891708 -0.00187823 -0.0333037 0.0895977 -0.00251027 -0.0348635 0.0859803 -0.00300855 -0.0380091 0.0880768 -0.00254902 -0.0357528 0.09217 -0.0014091 -0.0358082 0.0922213 -0.00246252 -0.037954 0.0880255 -0.0014956 -0.0443083 0.0913897 -0.00099885 -0.0421627 0.0955855 -0.00196577 -0.0421074 0.0955342 -0.000912353 -0.0443636 0.091441 -0.00205227 -0.0410413 0.0896686 -0.00166251 -0.037954 0.0880255 -0.0014956 -0.0380091 0.0880768 -0.00254902 -0.0409862 0.0896173 -0.000609097 -0.0443083 0.0913897 -0.00099885 -0.0443636 0.091441 -0.00205227 -0.0388417 0.0938136 -0.00157591 -0.0357528 0.09217 -0.0014091 -0.0387866 0.0937623 -0.000522498 -0.0358082 0.0922213 -0.00246252 -0.0421074 0.0955342 -0.000912353 -0.0421627 0.0955855 -0.00196577 -0.0384139 0.0890115 -0.0024823 -0.0358082 0.0922213 -0.00246252 -0.0368102 0.0920313 -0.00241927 -0.0380091 0.0880768 -0.00254902 -0.0410413 0.0896686 -0.00166251 -0.0407429 0.090231 -0.00165076 -0.0388417 0.0938136 -0.00157591 -0.0391401 0.0932515 -0.00158765 -0.0433916 0.0916468 -0.00209317 -0.0443636 0.091441 -0.00205227 -0.0417878 0.0946666 -0.00203015 -0.0421627 0.0955855 -0.00196577 -0.0367548 0.09198 -0.00136585 -0.037954 0.0880255 -0.0014956 -0.0383586 0.0889602 -0.00142888 -0.0357528 0.09217 -0.0014091 -0.0409862 0.0896173 -0.000609097 -0.0383586 0.0889602 -0.00142888 -0.0406878 0.0901797 -0.000597344 -0.0433362 0.0915954 -0.00103976 -0.0421074 0.0955342 -0.000912353 -0.0417325 0.0946155 -0.000976732 -0.0443083 0.0913897 -0.00099885 -0.0433362 0.0915954 -0.00103976 -0.0367548 0.09198 -0.00136585 -0.0387866 0.0937623 -0.000522498 -0.039085 0.0932002 -0.000534238 -0.0417325 0.0946155 -0.000976732 -0.0417325 0.0946155 -0.000976732 -0.0433916 0.0916468 -0.00209317 -0.0433362 0.0915954 -0.00103976 -0.0417878 0.0946666 -0.00203015 -0.0383586 0.0889602 -0.00142888 -0.0407429 0.090231 -0.00165076 -0.0384139 0.0890115 -0.0024823 -0.0406878 0.0901797 -0.000597344 -0.0433362 0.0915954 -0.00103976 -0.0433916 0.0916468 -0.00209317 -0.0368102 0.0920313 -0.00241927 -0.0383586 0.0889602 -0.00142888 -0.0384139 0.0890115 -0.0024823 -0.0367548 0.09198 -0.00136585 -0.0391401 0.0932515 -0.00158765 -0.0367548 0.09198 -0.00136585 -0.0368102 0.0920313 -0.00241927 -0.039085 0.0932002 -0.000534238 -0.0417325 0.0946155 -0.000976732 -0.0417878 0.0946666 -0.00203015 -0.0399997 0.0922294 -0.00139001 -0.0413212 0.0923811 -4.2387e-005 -0.0412471 0.0927776 -0.000534005 -0.0429689 0.0932622 -0.000341389 -0.039606 0.0914977 -0.00136628 -0.0413212 0.0923811 -4.2387e-005 -0.0404322 0.0914149 -0.00140701 -0.0413212 0.0923811 -4.2387e-005 -0.0415996 0.0921136 -0.000547863 -0.0413212 0.0923811 -4.2387e-005 -0.0429689 0.0932622 -0.000341389 -0.0415996 0.0921136 -0.000547863 -0.0404447 0.0919444 -0.00143973 -0.041449 0.0924629 -0.0007242 -0.0404322 0.0914149 -0.00140701 -0.0429689 0.0932622 -0.000341389 -0.0404322 0.0914149 -0.00140701 -0.0399997 0.0922294 -0.00139001 -0.0404447 0.0919444 -0.00143973 -0.039606 0.0914977 -0.00136628 -0.0404447 0.0919444 -0.00143973 -0.0412471 0.0927776 -0.000534005 -0.041449 0.0924629 -0.0007242 -0.0399997 0.0922294 -0.00139001 -0.0429689 0.0932622 -0.000341389 -0.0435381 0.0823394 -0.00408142 -0.0445607 0.0799546 0.000301343 -0.0459001 0.0837032 -0.00214754 -0.0432143 0.0785632 -0.0017898 -0.0469445 0.0806534 0.000973714 -0.0483243 0.0851027 -0.00391178 -0.0496125 0.0803153 -3.65707e-005 -0.0514815 0.078616 -0.00276741 -0.0436453 0.076883 -0.00383748 -0.0439179 0.082058 -0.00809516 -0.0457289 0.0761002 -0.00533164 -0.0449595 0.0747832 -0.00269456 -0.0474871 0.0735109 -0.00262225 -0.0478975 0.0762706 -0.00590448 -0.0510741 0.0725094 -0.00496814 -0.05121 0.0719907 -0.00227146 -0.0494383 0.0737662 -0.000878434 -0.0526796 0.0721175 -0.00100902 -0.0467154 0.0710931 -0.00035417 -0.0525523 0.0680121 -0.00241087 -0.0538135 0.0666222 -0.00827595 -0.0512676 0.0731202 -0.00828218 -0.0509354 0.0734248 -0.0116592 -0.0525534 0.06801 -0.0141535 -0.0509516 0.073694 -0.0149462 -0.0474406 0.0770009 -0.0146061 -0.0462582 0.0763181 -0.0121511 -0.0435381 0.0823394 -0.0124257 -0.0474881 0.0770283 -0.0100123 -0.0526796 0.0721175 -0.00100902 -0.0504924 0.0753692 0.000561962 -0.0494383 0.0737662 -0.000878434 -0.0545747 0.072615 -0.00204899 -0.0466626 0.0712998 0.00128705 -0.0467154 0.0710931 -0.00035417 -0.0489242 0.0765592 0.00211209 -0.0452928 0.0719569 0.00235058 -0.0462534 0.0772135 0.00210699 -0.0437868 0.0725244 0.0020429 -0.0443075 0.0768614 0.000496847 -0.0427236 0.0728332 0.000678487 -0.0437784 0.0756846 -0.00132714 -0.0429865 0.0727083 -0.00128399 -0.0444541 0.0731972 -0.00263357 -0.0525523 0.0680121 -0.00241087 -0.0553471 0.0732193 -0.00496814 -0.0523542 0.0798378 -0.00810113 -0.0554413 0.073773 -0.00828218 -0.0552082 0.0741347 -0.0116592 -0.0517124 0.0794672 -0.0146061 -0.0483243 0.0851027 -0.0125954 -0.0494167 0.0857336 -0.00826234 -0.0543164 0.0743184 -0.0149462 -0.0459001 0.0837032 -0.0143421 -0.0497843 0.0783539 -0.0155644 -0.0523809 0.0740867 -0.0159862 -0.0474406 0.0770009 -0.0146061 -0.0435381 0.0823394 -0.0124257 -0.0509516 0.073694 -0.0149462 -0.0525534 0.06801 -0.0141535 -0.0525534 0.06801 -0.0141535 -0.0525534 0.06801 -0.0141535 -0.0538135 0.0666222 -0.00827595 -0.0457162 0.0715942 -0.00200867 -0.0467154 0.0710931 -0.00035417 -0.0452034 0.0707448 -0.00203578 -0.0442318 0.0721771 -0.00222079 -0.0439087 0.0714408 -0.00229312 -0.0434137 0.0703158 -0.0030589 -0.0426936 0.0716791 -0.00151534 -0.0418041 0.0694347 -0.00348323 -0.0411356 0.0688924 -0.00245891 -0.0420822 0.0711238 0.000128963 -0.0414063 0.0677349 -0.00197629 -0.0427477 0.0702379 0.00127879 -0.0422674 0.0669351 -0.00187301 -0.0416065 0.067549 -0.00301673 -0.0440017 0.0694931 0.00157976 -0.0453172 0.069281 0.00074594 -0.0434386 0.066929 -0.0023277 -0.0458447 0.0697227 -0.000651309 -0.0441114 0.0677126 -0.0029735 -0.0412036 0.0682381 -0.00316789 -0.0434221 0.0673585 -0.0035515 -0.04277 0.0670877 -0.00321793 -0.0424721 0.0683628 -0.00375161 -0.0428188 0.0693105 -0.00402316 -0.0437891 0.0686478 -0.00382648 -0.0434221 0.0673585 -0.0035515 -0.0441114 0.0677126 -0.0029735 -0.0458447 0.0697227 -0.000651309 -0.0467154 0.0710931 -0.00035417 -0.0416065 0.067549 -0.00301673 -0.0410705 0.0676356 -0.00495498 -0.0416855 0.0669988 -0.00487655 -0.0412036 0.0682381 -0.00316789 -0.0412529 0.0669082 -0.00679666 -0.0421178 0.0670898 -0.00295643 -0.04277 0.0670877 -0.00321793 -0.0416855 0.0669988 -0.00487655 -0.0424955 0.0670707 -0.00520139 -0.0434221 0.0673585 -0.0035515 -0.0412529 0.0669082 -0.00679666 -0.0421178 0.0670898 -0.00295643 -0.0424721 0.0683628 -0.00375161 -0.0424955 0.0670707 -0.00520139 -0.0418625 0.0676354 -0.00527413 -0.0434221 0.0673585 -0.0035515 -0.0412529 0.0669082 -0.00679666 -0.0424721 0.0683628 -0.00375161 -0.0410705 0.0676356 -0.00495498 -0.0412036 0.0682381 -0.00316789 -0.0418625 0.0676354 -0.00527413 -0.0412529 0.0669082 -0.00679666 -0.0421178 0.0670898 -0.00295643 -0.0174031 0.117572 -0.00796585 -0.0205741 0.118085 -0.0125982 -0.0188923 0.117211 -0.007966 -0.0173167 0.119624 -0.0133014 -0.0220064 0.115286 -0.0125749 -0.0196616 0.114407 -0.00796719 -0.0238776 0.119321 -0.013589 -0.0206193 0.122239 -0.0153252 -0.0253096 0.116153 -0.0145598 -0.0276106 0.120887 -0.0130567 -0.0295758 0.117001 -0.0130505 -0.0216026 0.124424 -0.0152558 -0.0294005 0.125605 -0.0118317 -0.024392 0.130493 -0.0138064 -0.031433 0.127132 -0.00796605 -0.031051 0.122433 -0.00796641 -0.0296835 0.121838 -0.0103685 -0.0294005 0.125605 -0.0040816 -0.0298722 0.121934 -0.00577982 -0.0252537 0.133179 -0.00796526 -0.0172473 0.133535 -0.00797598 -0.0243863 0.130503 -0.00243286 -0.016902 0.130607 -0.00209723 -0.0168631 0.130686 -0.0143773 -0.0169979 0.127344 -0.0155993 -0.0215186 0.124161 -0.000944479 -0.0276723 0.120938 -0.00288839 -0.0239969 0.119488 -0.00180939 -0.0257477 0.115746 -0.0013435 -0.022929 0.114967 -0.0020041 -0.028606 0.116639 -0.002099 -0.0300548 0.117117 -0.00415006 -0.0206225 0.12223 -0.000945733 -0.0171399 0.123819 -0.000443448 -0.0173167 0.119624 -0.00186689 -0.0202886 0.118032 -0.00331508 -0.0174031 0.117572 -0.00796585 -0.0188923 0.117211 -0.007966 -0.0207821 0.11455 -0.00418107 -0.0196616 0.114407 -0.00796719 -0.021792 0.108899 -0.00796798 -0.0228817 0.109005 -0.00376613 -0.0262136 0.104111 -0.00795635 -0.0274615 0.103964 -0.00475861 -0.0302621 0.100921 -0.0079535 -0.0318673 0.101163 -0.00451917 -0.0254655 0.109743 -0.00137329 -0.0292054 0.10465 -0.00284904 -0.0341439 0.102145 -0.00360964 -0.0309054 0.0982538 -0.00794746 -0.0325316 0.0984725 -0.00472206 -0.0327088 0.0959335 -0.00404703 -0.0365275 0.0981382 -0.00303654 -0.0357695 0.0992576 -0.00414378 -0.030891 0.0948842 -0.00810097 -0.03397 0.0896772 -0.00809727 -0.0357414 0.0906978 -0.00380845 -0.0395465 0.0928936 -0.00208037 -0.0434393 0.0951423 -0.00383637 -0.0408122 0.101276 -0.00446087 -0.037605 0.101739 -0.00501089 -0.0421622 0.101366 -0.00809849 -0.0393725 0.103348 -0.00795787 -0.0403944 0.100371 -0.0121947 -0.0374764 0.102921 -0.0111702 -0.0364759 0.0981085 -0.0138065 -0.0346555 0.101203 -0.012363 -0.0318945 0.0995919 -0.0111631 -0.0326723 0.0959124 -0.0121564 -0.0309054 0.0982538 -0.00794746 -0.030891 0.0948842 -0.00810097 -0.0452816 0.0962083 -0.00813854 -0.0434106 0.0951304 -0.0124097 -0.0395061 0.0928769 -0.0141201 -0.0357129 0.0906856 -0.0123818 -0.03397 0.0896772 -0.00809727 -0.0462056 0.0888106 -0.0114195 -0.0474937 0.0893415 -0.00801985 -0.0464038 0.0884906 -0.00460075 -0.0436103 0.0873917 -0.0127852 -0.0411602 0.085882 -0.0114079 -0.040135 0.0850697 -0.00800265 -0.0438887 0.0869422 -0.00320949 -0.0413583 0.0855619 -0.00458912 -0.040135 0.0850697 -0.00800265 -0.0365079 0.108443 -0.0056545 -0.0365369 0.103936 -0.0048913 -0.0378137 0.105063 -0.00795353 -0.0379489 0.109063 -0.0079564 -0.036182 0.104845 -0.011374 -0.03443 0.108281 -0.0120842 -0.0348645 0.104278 -0.0120008 -0.0324569 0.105128 -0.0132212 -0.0313197 0.107238 -0.0137481 -0.028179 0.105654 -0.0120841 -0.0320243 0.102708 -0.0120751 -0.0313103 0.102157 -0.011374 -0.0262136 0.104111 -0.00795635 -0.0302621 0.100921 -0.0079535 -0.0326205 0.113025 -0.0130915 -0.0343111 0.113024 -0.0114326 -0.0284686 0.112138 -0.0151568 -0.0239033 0.110583 -0.0130915 -0.021792 0.108899 -0.00796798 -0.0333535 0.103539 -0.0135618 -0.0318541 0.117523 -0.0105375 -0.0337866 0.117806 -0.0079676 -0.0318712 0.117499 -0.00530075 -0.0363456 0.113499 -0.00796831 -0.0349126 0.113311 -0.00504896 -0.0352997 0.107536 -0.00462437 -0.0332786 0.113026 -0.00375173 -0.0342684 0.10708 -0.00283042 -0.032113 0.11241 -0.00143831 -0.0290693 0.111098 -0.000462714 -0.0320655 0.105908 -0.00201207 -0.0462056 0.0888106 -0.0114195 -0.0494167 0.0857336 -0.00826234 -0.0483243 0.0851027 -0.0125954 -0.0474937 0.0893415 -0.00801985 -0.0436103 0.0873917 -0.0127852 -0.0459001 0.0837032 -0.0143421 -0.0435381 0.0823394 -0.0124257 -0.0411602 0.085882 -0.0114079 -0.0464038 0.0884906 -0.00460075 -0.0483243 0.0851027 -0.00391178 -0.0438887 0.0869422 -0.00320949 -0.0459001 0.0837032 -0.00214754 -0.0435381 0.0823394 -0.00408142 -0.0413583 0.0855619 -0.00458912 -0.0439179 0.082058 -0.00809516 -0.040135 0.0850697 -0.00800265 -0.0411602 0.085882 -0.0114079 -0.0435381 0.0823394 -0.0124257 -0.0171399 0.123819 -0.0154511 -0.0160372 0.122029 -0.0162328 -0.0164071 0.1178 -0.0120576 -0.016588 0.116168 -0.0060836 -0.0153774 0.129116 -0.0148968 -0.015682 0.132571 -0.0075409 -0.0162452 0.130641 -0.00184955 -0.0160372 0.124402 0.000142665 -0.0164071 0.119225 -0.000702295 -0.016588 0.116168 -0.0060836 0.0338171 0.0919241 -0.0048277 0.0361097 0.0931215 -0.00240464 0.0363169 0.0932299 -0.00304744 0.0330416 0.0915187 -0.00437799 0.0393479 0.0948131 -0.00216557 0.0312544 0.094962 -0.00438254 0.0343169 0.0965617 -0.00241289 0.0375493 0.0982502 -0.00217426 0.0393479 0.0948131 -0.00216557 0.0303776 0.0945043 -0.0088013 0.032163 0.0910603 -0.00880506 0.0329951 0.0914949 -0.00869569 0.0340081 0.0920245 -0.0128215 0.0346105 0.0923394 -0.0122123 0.0322191 0.0954669 -0.0128102 0.0340081 0.0920245 -0.0128215 0.0375958 0.0938992 -0.0148411 0.0358003 0.0973379 -0.0148261 0.0375958 0.0938992 -0.0148411 0.0377518 0.0939805 -0.0139806 0.041548 0.0959637 -0.0140952 0.0412123 0.0957882 -0.0133275 0.0443588 0.0974319 -0.010875 0.0436733 0.0970737 -0.010508 0.0441988 0.0973478 -0.0065943 0.044959 0.097745 -0.00640499 0.0425834 0.0965035 -0.00307769 0.043114 0.0967806 -0.00238857 0.039481 0.0948825 -0.000832061 0.0393967 0.0948385 -0.00177253 0.0358318 0.0929762 -0.00165115 0.0360822 0.0931073 -0.00232402 0.041548 0.0959637 -0.0140952 0.0397452 0.0993986 -0.0140816 0.0425506 0.100864 -0.0108674 0.0443588 0.0974319 -0.010875 0.0431498 0.101177 -0.00640573 0.044959 0.097745 -0.00640499 0.043114 0.0967806 -0.00238857 0.041308 0.100214 -0.00239684 0.039481 0.0948825 -0.000832061 0.0376819 0.0983193 -0.000844121 0.0358318 0.0929762 -0.00165115 0.0340401 0.0964169 -0.00166182 0.0340035 0.091633 -0.00288442 0.0341196 0.0918312 -0.00345641 0.0327081 0.0905195 -0.00417586 0.0322257 0.0900537 -0.00365661 0.0343169 0.0965617 -0.00241289 0.0320208 0.0953623 -0.00482735 0.0345206 0.0966681 -0.00304709 0.0312544 0.094962 -0.00438254 0.0375493 0.0982502 -0.00217426 0.0338171 0.0919241 -0.0048277 0.0363169 0.0932299 -0.00304744 0.0375493 0.0982502 -0.00217426 0.0393479 0.0948131 -0.00216557 0.0329951 0.0914949 -0.00869569 0.0311988 0.0949333 -0.00869533 0.0303776 0.0945043 -0.0088013 0.0322191 0.0954669 -0.0128102 0.0328143 0.0957776 -0.0122119 0.0328143 0.0957776 -0.0122119 0.0346105 0.0923394 -0.0122123 0.0377518 0.0939805 -0.0139806 0.0359557 0.0974189 -0.0139802 0.0358003 0.0973379 -0.0148261 0.0359557 0.0974189 -0.0139802 0.0397452 0.0993986 -0.0140816 0.039416 0.0992266 -0.0133272 0.041877 0.100512 -0.0105077 0.0425506 0.100864 -0.0108674 0.0424025 0.100786 -0.00659392 0.0431498 0.101177 -0.00640573 0.0407871 0.0999419 -0.00307734 0.041308 0.100214 -0.00239684 0.0376819 0.0983193 -0.000844121 0.0376004 0.0982769 -0.00177217 0.0340401 0.0964169 -0.00166182 0.0342859 0.0965454 -0.00232366 0.039416 0.0992266 -0.0133272 0.0436733 0.0970737 -0.010508 0.0412123 0.0957882 -0.0133275 0.041877 0.100512 -0.0105077 0.0441988 0.0973478 -0.0065943 0.0424025 0.100786 -0.00659392 0.0407871 0.0999419 -0.00307734 0.0425834 0.0965035 -0.00307769 0.0393967 0.0948385 -0.00177253 0.0376004 0.0982769 -0.00177217 0.0342859 0.0965454 -0.00232366 0.0360822 0.0931073 -0.00232402 0.0340401 0.0964169 -0.00166182 0.0321577 0.0950966 -0.00272298 0.0320451 0.094903 -0.00216271 0.0306197 0.0936668 -0.00329141 0.0301457 0.0932091 -0.00278201 0.0321577 0.0950966 -0.00272298 0.0341196 0.0918312 -0.00345641 0.0342859 0.0965454 -0.00232366 0.0306197 0.0936668 -0.00329141 0.0327081 0.0905195 -0.00417586 0.0320451 0.094903 -0.00216271 0.0340401 0.0964169 -0.00166182 0.0340035 0.091633 -0.00288442 0.0301457 0.0932091 -0.00278201 0.0322257 0.0900537 -0.00365661 0.0301457 0.0932091 -0.00278201 0.0327081 0.0905195 -0.00417586 0.0306197 0.0936668 -0.00329141 0.0322257 0.0900537 -0.00365661 0.0327292 0.0962388 -0.00166545 0.0350624 0.0921626 -0.00270647 0.0328892 0.0963226 -0.00270604 0.0349024 0.0920788 -0.00166589 0.0391833 0.0996107 -0.00147473 0.0411968 0.0953671 -0.000434584 0.0390233 0.0995271 -0.00043415 0.0413565 0.0954507 -0.00147516 0.0349024 0.0920788 -0.00166589 0.0380012 0.0936978 -0.00147341 0.0350624 0.0921626 -0.00270647 0.0378412 0.0936142 -0.000432836 0.0411968 0.0953671 -0.000434584 0.0413565 0.0954507 -0.00147516 0.0358292 0.0978583 -0.00147272 0.0327292 0.0962388 -0.00166545 0.0328892 0.0963226 -0.00270604 0.0356692 0.0977748 -0.00043214 0.0390233 0.0995271 -0.00043415 0.0391833 0.0996107 -0.00147473 0.0328892 0.0963226 -0.00270604 0.0354642 0.093091 -0.00257012 0.0338806 0.0961222 -0.00256979 0.0350624 0.0921626 -0.00270647 0.0380012 0.0936978 -0.00147341 0.0377066 0.0942622 -0.00147332 0.0358292 0.0978583 -0.00147272 0.0361239 0.0972939 -0.0014728 0.0403946 0.0956666 -0.0016056 0.0413565 0.0954507 -0.00147516 0.0388109 0.0986978 -0.00160528 0.0391833 0.0996107 -0.00147473 0.0349024 0.0920788 -0.00166589 0.0337208 0.0960384 -0.00152922 0.0353042 0.0930072 -0.00152953 0.0327292 0.0962388 -0.00166545 0.0378412 0.0936142 -0.000432836 0.0375465 0.0941786 -0.000432737 0.0353042 0.0930072 -0.00152953 0.0402346 0.095583 -0.00056502 0.0390233 0.0995271 -0.00043415 0.0386512 0.0986142 -0.000564705 0.0411968 0.0953671 -0.000434584 0.0402346 0.095583 -0.00056502 0.0356692 0.0977748 -0.00043214 0.0359641 0.0972104 -0.000432219 0.0337208 0.0960384 -0.00152922 0.0386512 0.0986142 -0.000564705 0.0403946 0.0956666 -0.0016056 0.0386512 0.0986142 -0.000564705 0.0402346 0.095583 -0.00056502 0.0388109 0.0986978 -0.00160528 0.0353042 0.0930072 -0.00152953 0.0377066 0.0942622 -0.00147332 0.0375465 0.0941786 -0.000432737 0.0354642 0.093091 -0.00257012 0.0402346 0.095583 -0.00056502 0.0403946 0.0956666 -0.0016056 0.0353042 0.0930072 -0.00152953 0.0338806 0.0961222 -0.00256979 0.0354642 0.093091 -0.00257012 0.0337208 0.0960384 -0.00152922 0.0361239 0.0972939 -0.0014728 0.0337208 0.0960384 -0.00152922 0.0359641 0.0972104 -0.000432219 0.0338806 0.0961222 -0.00256979 0.0386512 0.0986142 -0.000564705 0.0388109 0.0986978 -0.00160528 0.0369532 0.0962586 -0.00122373 0.0381353 0.0963557 0.000252365 0.0365547 0.0955299 -0.00126256 0.0381127 0.0967679 -0.000231256 0.0381353 0.0963557 0.000252365 0.0398102 0.0972304 0.00014645 0.0381353 0.0963557 0.000252365 0.0373804 0.095441 -0.00122382 0.0384609 0.0961014 -0.000231324 0.0381353 0.0963557 0.000252365 0.0398102 0.0972304 0.00014645 0.0373992 0.0959711 -0.00123819 0.0384609 0.0961014 -0.000231324 0.0383306 0.0964578 -0.000410456 0.0373804 0.095441 -0.00122382 0.0398102 0.0972304 0.00014645 0.0369532 0.0962586 -0.00122373 0.0373804 0.095441 -0.00122382 0.0373992 0.0959711 -0.00123819 0.0365547 0.0955299 -0.00126256 0.0373992 0.0959711 -0.00123819 0.0381127 0.0967679 -0.000231256 0.0369532 0.0962586 -0.00122373 0.0383306 0.0964578 -0.000410456 0.0398102 0.0972304 0.00014645 0.036562 0.0877628 -0.0045276 0.0390721 0.0890511 -0.00238279 0.0392138 0.0891403 -0.00304607 0.0358386 0.0873676 -0.00399062 0.0423024 0.0907694 -0.00251951 0.0340281 0.0907979 -0.00392509 0.0372557 0.0924784 -0.00232026 0.04048 0.0941934 -0.00245673 0.0423024 0.0907694 -0.00251951 0.0327221 0.0901936 -0.00821845 0.03453 0.0867623 -0.00829203 0.0353649 0.0872053 -0.00827949 0.035959 0.0876089 -0.0125 0.0366159 0.0879467 -0.0119638 0.0341483 0.0910387 -0.0124185 0.035959 0.0876089 -0.0125 0.0393113 0.08944 -0.0149236 0.0374945 0.0928665 -0.0148376 0.0393113 0.08944 -0.0149236 0.0395514 0.0895497 -0.0140858 0.0432989 0.0915515 -0.0146388 0.0430423 0.0913986 -0.0138364 0.046401 0.093139 -0.0117611 0.0457586 0.0927885 -0.0113168 0.0466669 0.0931908 -0.0074851 0.0474383 0.0935985 -0.00738475 0.0454157 0.0924496 -0.00380081 0.0460096 0.0927519 -0.0031768 0.0425663 0.0908822 -0.00120861 0.0423898 0.0908078 -0.00213424 0.0388719 0.0889284 -0.00160128 0.039053 0.0890392 -0.00229944 0.0432989 0.0915515 -0.0146388 0.0414744 0.0949742 -0.0145533 0.0445709 0.0965584 -0.011681 0.046401 0.093139 -0.0117611 0.0456062 0.0970171 -0.00731284 0.0474383 0.0935985 -0.00738475 0.0460096 0.0927519 -0.0031768 0.04418 0.096172 -0.00311277 0.0425663 0.0908822 -0.00120861 0.0407431 0.0943059 -0.00114914 0.0388719 0.0889284 -0.00160128 0.0370561 0.0923559 -0.00154127 0.0371071 0.0876082 -0.00294803 0.0369692 0.0874669 -0.00236415 0.0352041 0.0864146 -0.00365255 0.0348635 0.0859803 -0.00300855 0.0372557 0.0924784 -0.00232026 0.0347429 0.0911885 -0.0044561 0.0373946 0.0925657 -0.00297457 0.0340281 0.0907979 -0.00392509 0.04048 0.0941934 -0.00245673 0.036562 0.0877628 -0.0045276 0.0392138 0.0891403 -0.00304607 0.04048 0.0941934 -0.00245673 0.0423024 0.0907694 -0.00251951 0.0353649 0.0872053 -0.00827949 0.0335458 0.090631 -0.00820798 0.0327221 0.0901936 -0.00821845 0.0341483 0.0910387 -0.0124185 0.0347967 0.0913722 -0.0118923 0.0347967 0.0913722 -0.0118923 0.0366159 0.0879467 -0.0119638 0.0395514 0.0895497 -0.0140858 0.037732 0.0929754 -0.0140143 0.0374945 0.0928665 -0.0148376 0.037732 0.0929754 -0.0140143 0.0414744 0.0949742 -0.0145533 0.0412232 0.0948243 -0.0137649 0.0439395 0.0962139 -0.0112453 0.0445709 0.0965584 -0.011681 0.0448478 0.0966165 -0.00741362 0.0456062 0.0970171 -0.00731284 0.0435966 0.0958751 -0.00372933 0.04418 0.096172 -0.00311277 0.0407431 0.0943059 -0.00114914 0.0405707 0.0942332 -0.00206274 0.0370561 0.0923559 -0.00154127 0.0372339 0.0924649 -0.00222795 0.0412232 0.0948243 -0.0137649 0.0457586 0.0927885 -0.0113168 0.0430423 0.0913986 -0.0138364 0.0439395 0.0962139 -0.0112453 0.0466669 0.0931908 -0.0074851 0.0448478 0.0966165 -0.00741362 0.0435966 0.0958751 -0.00372933 0.0454157 0.0924496 -0.00380081 0.0423898 0.0908078 -0.00213424 0.0405707 0.0942332 -0.00206274 0.0372339 0.0924649 -0.00222795 0.039053 0.0890392 -0.00229944 0.0370561 0.0923559 -0.00154127 0.0351998 0.0909665 -0.00258557 0.035066 0.0908289 -0.00201365 0.0333037 0.0895977 -0.00251027 0.0329687 0.0891708 -0.00187823 0.0351998 0.0909665 -0.00258557 0.0371071 0.0876082 -0.00294803 0.0372339 0.0924649 -0.00222795 0.0333037 0.0895977 -0.00251027 0.0352041 0.0864146 -0.00365255 0.035066 0.0908289 -0.00201365 0.0370561 0.0923559 -0.00154127 0.0369692 0.0874669 -0.00236415 0.0329687 0.0891708 -0.00187823 0.0348635 0.0859803 -0.00300855 0.0329687 0.0891708 -0.00187823 0.0352041 0.0864146 -0.00365255 0.0333037 0.0895977 -0.00251027 0.0348635 0.0859803 -0.00300855 0.0357528 0.09217 -0.0014091 0.0380091 0.0880768 -0.00254902 0.0358082 0.0922213 -0.00246252 0.037954 0.0880255 -0.0014956 0.0421627 0.0955855 -0.00196577 0.0443083 0.0913897 -0.00099885 0.0421074 0.0955342 -0.000912353 0.0443636 0.091441 -0.00205227 0.037954 0.0880255 -0.0014956 0.0410413 0.0896686 -0.00166251 0.0380091 0.0880768 -0.00254902 0.0409862 0.0896173 -0.000609097 0.0443083 0.0913897 -0.00099885 0.0443636 0.091441 -0.00205227 0.0388417 0.0938136 -0.00157591 0.0357528 0.09217 -0.0014091 0.0358082 0.0922213 -0.00246252 0.0387866 0.0937623 -0.000522498 0.0421074 0.0955342 -0.000912353 0.0421627 0.0955855 -0.00196577 0.0358082 0.0922213 -0.00246252 0.0384139 0.0890115 -0.0024823 0.0368102 0.0920313 -0.00241927 0.0380091 0.0880768 -0.00254902 0.0410413 0.0896686 -0.00166251 0.0407429 0.090231 -0.00165076 0.0388417 0.0938136 -0.00157591 0.0391401 0.0932515 -0.00158765 0.0433916 0.0916468 -0.00209317 0.0443636 0.091441 -0.00205227 0.0417878 0.0946666 -0.00203015 0.0421627 0.0955855 -0.00196577 0.037954 0.0880255 -0.0014956 0.0367548 0.09198 -0.00136585 0.0383586 0.0889602 -0.00142888 0.0357528 0.09217 -0.0014091 0.0409862 0.0896173 -0.000609097 0.0406878 0.0901797 -0.000597344 0.0383586 0.0889602 -0.00142888 0.0433362 0.0915954 -0.00103976 0.0421074 0.0955342 -0.000912353 0.0417325 0.0946155 -0.000976732 0.0443083 0.0913897 -0.00099885 0.0433362 0.0915954 -0.00103976 0.0387866 0.0937623 -0.000522498 0.039085 0.0932002 -0.000534238 0.0367548 0.09198 -0.00136585 0.0417325 0.0946155 -0.000976732 0.0433916 0.0916468 -0.00209317 0.0417325 0.0946155 -0.000976732 0.0433362 0.0915954 -0.00103976 0.0417878 0.0946666 -0.00203015 0.0383586 0.0889602 -0.00142888 0.0407429 0.090231 -0.00165076 0.0406878 0.0901797 -0.000597344 0.0384139 0.0890115 -0.0024823 0.0433362 0.0915954 -0.00103976 0.0433916 0.0916468 -0.00209317 0.0383586 0.0889602 -0.00142888 0.0368102 0.0920313 -0.00241927 0.0384139 0.0890115 -0.0024823 0.0367548 0.09198 -0.00136585 0.0391401 0.0932515 -0.00158765 0.0367548 0.09198 -0.00136585 0.039085 0.0932002 -0.000534238 0.0368102 0.0920313 -0.00241927 0.0417325 0.0946155 -0.000976732 0.0417878 0.0946666 -0.00203015 0.0399997 0.0922294 -0.00139001 0.0413212 0.0923811 -4.2387e-005 0.039606 0.0914977 -0.00136628 0.0412471 0.0927776 -0.000534005 0.0413212 0.0923811 -4.2387e-005 0.0429689 0.0932622 -0.000341389 0.0413212 0.0923811 -4.2387e-005 0.0404322 0.0914149 -0.00140701 0.0415996 0.0921136 -0.000547863 0.0413212 0.0923811 -4.2387e-005 0.0429689 0.0932622 -0.000341389 0.0404447 0.0919444 -0.00143973 0.0415996 0.0921136 -0.000547863 0.041449 0.0924629 -0.0007242 0.0404322 0.0914149 -0.00140701 0.0429689 0.0932622 -0.000341389 0.0399997 0.0922294 -0.00139001 0.0404322 0.0914149 -0.00140701 0.0404447 0.0919444 -0.00143973 0.039606 0.0914977 -0.00136628 0.0404447 0.0919444 -0.00143973 0.0412471 0.0927776 -0.000534005 0.0399997 0.0922294 -0.00139001 0.041449 0.0924629 -0.0007242 0.0429689 0.0932622 -0.000341389 0.0435381 0.0823394 -0.00408142 0.0445607 0.0799546 0.000301343 0.0432143 0.0785632 -0.0017898 0.0459001 0.0837032 -0.00214754 0.0469445 0.0806534 0.000973714 0.0483243 0.0851027 -0.00391178 0.0496125 0.0803153 -3.65707e-005 0.0514815 0.078616 -0.00276741 0.0436453 0.076883 -0.00383748 0.0439179 0.082058 -0.00809516 0.0457289 0.0761002 -0.00533164 0.0449595 0.0747832 -0.00269456 0.0474871 0.0735109 -0.00262225 0.0478975 0.0762706 -0.00590448 0.0510741 0.0725094 -0.00496814 0.05121 0.0719907 -0.00227146 0.0494383 0.0737662 -0.000878434 0.0526796 0.0721175 -0.00100902 0.0467154 0.0710931 -0.00035417 0.0525523 0.0680121 -0.00241087 0.0538135 0.0666222 -0.00827595 0.0512676 0.0731202 -0.00828218 0.0509354 0.0734248 -0.0116592 0.0525534 0.06801 -0.0141535 0.0509516 0.073694 -0.0149462 0.0474406 0.0770009 -0.0146061 0.0462582 0.0763181 -0.0121511 0.0435381 0.0823394 -0.0124257 0.0474881 0.0770283 -0.0100123 0.0504924 0.0753692 0.000561962 0.0526796 0.0721175 -0.00100902 0.0494383 0.0737662 -0.000878434 0.0545747 0.072615 -0.00204899 0.0466626 0.0712998 0.00128705 0.0467154 0.0710931 -0.00035417 0.0489242 0.0765592 0.00211209 0.0452928 0.0719569 0.00235058 0.0462534 0.0772135 0.00210699 0.0437868 0.0725244 0.0020429 0.0443075 0.0768614 0.000496847 0.0427236 0.0728332 0.000678487 0.0437784 0.0756846 -0.00132714 0.0429865 0.0727083 -0.00128399 0.0444541 0.0731972 -0.00263357 0.0525523 0.0680121 -0.00241087 0.0553471 0.0732193 -0.00496814 0.0523542 0.0798378 -0.00810113 0.0554413 0.073773 -0.00828218 0.0552082 0.0741347 -0.0116592 0.0517124 0.0794672 -0.0146061 0.0483243 0.0851027 -0.0125954 0.0494167 0.0857336 -0.00826234 0.0543164 0.0743184 -0.0149462 0.0459001 0.0837032 -0.0143421 0.0497843 0.0783539 -0.0155644 0.0523809 0.0740867 -0.0159862 0.0474406 0.0770009 -0.0146061 0.0435381 0.0823394 -0.0124257 0.0509516 0.073694 -0.0149462 0.0525534 0.06801 -0.0141535 0.0525534 0.06801 -0.0141535 0.0525534 0.06801 -0.0141535 0.0538135 0.0666222 -0.00827595 0.0457162 0.0715942 -0.00200867 0.0467154 0.0710931 -0.00035417 0.0452034 0.0707448 -0.00203578 0.0442318 0.0721771 -0.00222079 0.0439087 0.0714408 -0.00229312 0.0434137 0.0703158 -0.0030589 0.0426936 0.0716791 -0.00151534 0.0418041 0.0694347 -0.00348323 0.0411356 0.0688924 -0.00245891 0.0420822 0.0711238 0.000128963 0.0414063 0.0677349 -0.00197629 0.0427477 0.0702379 0.00127879 0.0422674 0.0669351 -0.00187301 0.0416065 0.067549 -0.00301673 0.0440017 0.0694931 0.00157976 0.0453172 0.069281 0.00074594 0.0434386 0.066929 -0.0023277 0.0458447 0.0697227 -0.000651309 0.0441114 0.0677126 -0.0029735 0.0412036 0.0682381 -0.00316789 0.0434221 0.0673585 -0.0035515 0.04277 0.0670877 -0.00321793 0.0424721 0.0683628 -0.00375161 0.0428188 0.0693105 -0.00402316 0.0437891 0.0686478 -0.00382648 0.0434221 0.0673585 -0.0035515 0.0441114 0.0677126 -0.0029735 0.0458447 0.0697227 -0.000651309 0.0467154 0.0710931 -0.00035417 0.0410705 0.0676356 -0.00495498 0.0416065 0.067549 -0.00301673 0.0416855 0.0669988 -0.00487655 0.0412036 0.0682381 -0.00316789 0.0412529 0.0669082 -0.00679666 0.0421178 0.0670898 -0.00295643 0.0416855 0.0669988 -0.00487655 0.04277 0.0670877 -0.00321793 0.0424955 0.0670707 -0.00520139 0.0434221 0.0673585 -0.0035515 0.0412529 0.0669082 -0.00679666 0.0421178 0.0670898 -0.00295643 0.0424721 0.0683628 -0.00375161 0.0424955 0.0670707 -0.00520139 0.0434221 0.0673585 -0.0035515 0.0418625 0.0676354 -0.00527413 0.0412529 0.0669082 -0.00679666 0.0410705 0.0676356 -0.00495498 0.0424721 0.0683628 -0.00375161 0.0412036 0.0682381 -0.00316789 0.0418625 0.0676354 -0.00527413 0.0412529 0.0669082 -0.00679666 0.0421178 0.0670898 -0.00295643 0.0174031 0.117572 -0.00796585 0.0205741 0.118085 -0.0125982 0.0173167 0.119624 -0.0133014 0.0188923 0.117211 -0.007966 0.0220064 0.115286 -0.0125749 0.0196616 0.114407 -0.00796719 0.0238776 0.119321 -0.013589 0.0206193 0.122239 -0.0153252 0.0253096 0.116153 -0.0145598 0.0276106 0.120887 -0.0130567 0.0295758 0.117001 -0.0130505 0.0216026 0.124424 -0.0152558 0.0294005 0.125605 -0.0118317 0.024392 0.130493 -0.0138064 0.031433 0.127132 -0.00796605 0.031051 0.122433 -0.00796641 0.0296835 0.121838 -0.0103685 0.0294005 0.125605 -0.0040816 0.0298722 0.121934 -0.00577982 0.0252537 0.133179 -0.00796526 0.0172473 0.133535 -0.00797598 0.0243863 0.130503 -0.00243286 0.016902 0.130607 -0.00209723 0.0168631 0.130686 -0.0143773 0.0169979 0.127344 -0.0155993 0.0215186 0.124161 -0.000944479 0.0276723 0.120938 -0.00288839 0.0239969 0.119488 -0.00180939 0.0257477 0.115746 -0.0013435 0.022929 0.114967 -0.0020041 0.028606 0.116639 -0.002099 0.0300548 0.117117 -0.00415006 0.0206225 0.12223 -0.000945733 0.0171399 0.123819 -0.000443448 0.0173167 0.119624 -0.00186689 0.0202886 0.118032 -0.00331508 0.0174031 0.117572 -0.00796585 0.0188923 0.117211 -0.007966 0.0207821 0.11455 -0.00418107 0.0196616 0.114407 -0.00796719 0.021792 0.108899 -0.00796798 0.0228817 0.109005 -0.00376613 0.0262136 0.104111 -0.00795635 0.0274615 0.103964 -0.00475861 0.0302621 0.100921 -0.0079535 0.0318673 0.101163 -0.00451917 0.0254655 0.109743 -0.00137329 0.0292054 0.10465 -0.00284904 0.0341439 0.102145 -0.00360964 0.0309054 0.0982538 -0.00794746 0.0325316 0.0984725 -0.00472206 0.0327088 0.0959335 -0.00404703 0.0365275 0.0981382 -0.00303654 0.0357695 0.0992576 -0.00414378 0.030891 0.0948842 -0.00810097 0.03397 0.0896772 -0.00809727 0.0357414 0.0906978 -0.00380845 0.0395465 0.0928936 -0.00208037 0.0434393 0.0951423 -0.00383637 0.0408122 0.101276 -0.00446087 0.037605 0.101739 -0.00501089 0.0421622 0.101366 -0.00809849 0.0393725 0.103348 -0.00795787 0.0403944 0.100371 -0.0121947 0.0374764 0.102921 -0.0111702 0.0364759 0.0981085 -0.0138065 0.0346555 0.101203 -0.012363 0.0318945 0.0995919 -0.0111631 0.0326723 0.0959124 -0.0121564 0.0309054 0.0982538 -0.00794746 0.030891 0.0948842 -0.00810097 0.0452816 0.0962083 -0.00813854 0.0434106 0.0951304 -0.0124097 0.0395061 0.0928769 -0.0141201 0.0357129 0.0906856 -0.0123818 0.03397 0.0896772 -0.00809727 0.0462056 0.0888106 -0.0114195 0.0474937 0.0893415 -0.00801985 0.0464038 0.0884906 -0.00460075 0.0436103 0.0873917 -0.0127852 0.0411602 0.085882 -0.0114079 0.040135 0.0850697 -0.00800265 0.0438887 0.0869422 -0.00320949 0.0413583 0.0855619 -0.00458912 0.040135 0.0850697 -0.00800265 0.0365369 0.103936 -0.0048913 0.0365079 0.108443 -0.0056545 0.0378137 0.105063 -0.00795353 0.0379489 0.109063 -0.0079564 0.036182 0.104845 -0.011374 0.03443 0.108281 -0.0120842 0.0348645 0.104278 -0.0120008 0.0324569 0.105128 -0.0132212 0.0313197 0.107238 -0.0137481 0.028179 0.105654 -0.0120841 0.0320243 0.102708 -0.0120751 0.0313103 0.102157 -0.011374 0.0262136 0.104111 -0.00795635 0.0302621 0.100921 -0.0079535 0.0326205 0.113025 -0.0130915 0.0343111 0.113024 -0.0114326 0.0284686 0.112138 -0.0151568 0.0239033 0.110583 -0.0130915 0.021792 0.108899 -0.00796798 0.0333535 0.103539 -0.0135618 0.0318541 0.117523 -0.0105375 0.0337866 0.117806 -0.0079676 0.0318712 0.117499 -0.00530075 0.0332786 0.113026 -0.00375173 0.032113 0.11241 -0.00143831 0.0342684 0.10708 -0.00283042 0.0352997 0.107536 -0.00462437 0.0349126 0.113311 -0.00504896 0.0363456 0.113499 -0.00796831 0.0320655 0.105908 -0.00201207 0.0290693 0.111098 -0.000462714 0.0462056 0.0888106 -0.0114195 0.0494167 0.0857336 -0.00826234 0.0474937 0.0893415 -0.00801985 0.0483243 0.0851027 -0.0125954 0.0436103 0.0873917 -0.0127852 0.0459001 0.0837032 -0.0143421 0.0435381 0.0823394 -0.0124257 0.0411602 0.085882 -0.0114079 0.0464038 0.0884906 -0.00460075 0.0483243 0.0851027 -0.00391178 0.0438887 0.0869422 -0.00320949 0.0459001 0.0837032 -0.00214754 0.0435381 0.0823394 -0.00408142 0.0413583 0.0855619 -0.00458912 0.0439179 0.082058 -0.00809516 0.040135 0.0850697 -0.00800265 0.0411602 0.085882 -0.0114079 0.0435381 0.0823394 -0.0124257 0.0171399 0.123819 -0.0154511 0.0160372 0.122029 -0.0162328 0.0164071 0.1178 -0.0120576 0.016588 0.116168 -0.0060836 0.0153774 0.129116 -0.0148968 0.015682 0.132571 -0.0075409 0.0162452 0.130641 -0.00184955 0.0160372 0.124402 0.000142665 0.0164071 0.119225 -0.000702295 0.016588 0.116168 -0.0060836 -0.0196582 0.124829 0.00402562 -0.0200373 0.1255 0.00569912 -0.0195948 0.124535 0.00537017 -0.020065 0.125849 0.00410771 -0.0176696 0.12483 0.00396527 -0.0175555 0.124615 0.00519336 -0.0179833 0.122523 0.00751688 -0.0166606 0.123501 0.00637009 -0.0151995 0.1221 0.00622267 -0.0157188 0.120373 0.00718635 -0.0179193 0.122852 0.00853455 -0.0150867 0.120172 0.00807456 -0.0144311 0.119488 0.00530873 -0.0143071 0.121473 0.00485165 -0.013532 0.119118 0.00583314 -0.0125816 0.11957 0.00616824 -0.0142396 0.120686 0.00856356 -0.0173074 0.123586 0.0090772 -0.0196352 0.126497 0.00595617 -0.0196481 0.12687 0.0041797 -0.0151995 0.1221 0.00622267 -0.0159847 0.124564 0.00793031 -0.0166606 0.123501 0.00637009 -0.0137201 0.122414 0.00759981 -0.0124576 0.121556 0.00571116 -0.0143071 0.121473 0.00485165 -0.0121365 0.12058 0.00611772 -0.0136735 0.121615 0.00836691 -0.0125816 0.11957 0.00616824 -0.0142396 0.120686 0.00856356 -0.0173074 0.123586 0.0090772 -0.0165061 0.124295 0.00882691 -0.0175555 0.124615 0.00519336 -0.0175962 0.126577 0.00578363 -0.0176696 0.12483 0.00396527 -0.0176595 0.12687 0.00400235 -0.0186241 0.126943 0.00599148 -0.0196352 0.126497 0.00595617 -0.0186518 0.127293 0.00416629 -0.0196481 0.12687 0.0041797 -0.0173586 0.126772 0.00382646 -0.0177597 0.127633 0.00519049 -0.0173316 0.126626 0.00499981 -0.0177383 0.127776 0.0035674 -0.015383 0.126792 0.00361805 -0.0152871 0.126642 0.00487238 -0.0158647 0.124917 0.00740423 -0.0144764 0.125699 0.00618668 -0.0130178 0.124233 0.00628035 -0.0136019 0.122653 0.00744111 -0.015829 0.125382 0.00836859 -0.0129978 0.122555 0.00836529 -0.0122902 0.123594 0.00541668 -0.0123816 0.121598 0.00583303 -0.0114289 0.121205 0.00623082 -0.0121517 0.123111 0.00880867 -0.0104383 0.121639 0.00645617 -0.0152184 0.126172 0.00882863 -0.0173411 0.128647 0.00532973 -0.0172996 0.128789 0.00352064 -0.0130178 0.124233 0.00628035 -0.0138301 0.126954 0.00761101 -0.0144764 0.125699 0.00618668 -0.0115673 0.12469 0.00764789 -0.0122902 0.123594 0.00541668 -0.010347 0.123635 0.00603982 -0.0115591 0.123996 0.00851151 -0.0099902 0.122645 0.00637705 -0.0121517 0.123111 0.00880867 -0.0104383 0.121639 0.00645617 -0.0152184 0.126172 0.00882863 -0.0143904 0.126823 0.00851482 -0.0152871 0.126642 0.00487238 -0.015297 0.128663 0.00520659 -0.015383 0.126792 0.00361805 -0.015324 0.128809 0.00339842 -0.016321 0.129074 0.00533672 -0.0173411 0.128647 0.00532973 -0.0162996 0.129217 0.00350751 -0.0172996 0.128789 0.00352064 -0.0338506 0.122823 -0.00796458 -0.0351808 0.119422 -0.00382242 -0.0372727 0.118009 -0.00796458 -0.034383 0.12052 -0.00382242 -0.0365897 0.117517 -0.00382242 -0.0341368 0.115751 -0.000446159 -0.0327142 0.117638 -0.000446159 -0.0308684 0.113396 0.00101545 -0.0294676 0.115289 0.00101545 -0.0276941 0.111111 0.0016713 -0.0242919 0.115898 0.0016713 -0.02867 0.116387 0.00101545 -0.0274594 0.118192 0.00101545 -0.0318983 0.118723 -0.000446159 -0.0306697 0.120519 -0.000446159 -0.034383 0.12052 -0.00382242 -0.0331691 0.12233 -0.00382242 -0.0215844 0.117929 0.00114086 -0.0242927 0.115896 -0.000148898 -0.0215844 0.117929 0.00279024 -0.0338506 0.122823 -0.00796458 -0.0335549 0.126471 -0.00296134 -0.0331691 0.12233 -0.00382242 -0.0344259 0.128606 -0.00796458 -0.0342941 0.130522 -0.00643961 -0.0329573 0.130379 -0.00248575 -0.0295493 0.135122 -0.00243603 -0.0296446 0.137015 -0.00643961 -0.0272385 0.137337 -0.0027035 -0.0281864 0.138143 -0.00796458 -0.0245277 0.139745 -0.00796458 -0.0236499 0.139118 -0.00345841 -0.0196348 0.139114 -0.00796458 -0.0191812 0.138602 -0.00399209 -0.0305178 0.124306 0.00144028 -0.0306697 0.120519 -0.000446159 -0.0251273 0.120423 0.00319375 -0.0274594 0.118192 0.00101545 -0.0230792 0.123628 0.00425435 -0.028895 0.127602 0.00233424 -0.0256568 0.132051 0.0024277 -0.0197717 0.128029 0.00436524 -0.0232758 0.134482 0.00192492 -0.0178747 0.130593 0.00376873 -0.0203029 0.136706 0.00028513 -0.0157187 0.133398 0.00182321 -0.0242919 0.115898 0.0016713 -0.0215844 0.117929 0.00279024 -0.0188151 0.120797 0.00379275 -0.0155919 0.125234 0.00389755 -0.014263 0.128209 0.00333372 -0.0133857 0.131708 0.00149005 -0.0177162 0.137335 -0.00190672 -0.0146691 0.134963 -0.000773196 -0.0158636 0.136437 -0.00444838 -0.0159502 0.136759 -0.00796458 -0.0196348 0.139114 -0.00796458 -0.0372727 0.118009 -0.00796458 -0.0352303 0.116538 -0.00457477 -0.0357574 0.116918 -0.00796458 -0.0365897 0.117517 -0.00382242 -0.0341368 0.115751 -0.000446159 -0.0332473 0.11511 -0.001818 -0.0308676 0.113397 -0.000679407 -0.0308684 0.113396 0.00101545 -0.0276941 0.111111 -0.000148898 -0.0276941 0.111111 0.0016713 -0.0242927 0.115896 -0.000148898 -0.0276941 0.111111 0.0016713 -0.0242919 0.115898 0.0016713 -0.0276941 0.111111 -0.000148898 -0.0188151 0.120797 0.00379275 -0.0155919 0.125234 0.00224817 -0.0188151 0.120797 0.00214336 -0.0155919 0.125234 0.00389755 -0.0215844 0.117929 0.00279024 -0.0188151 0.120797 0.00214336 -0.0215844 0.117929 0.00114086 -0.0188151 0.120797 0.00379275 -0.0133857 0.131708 0.00149005 -0.014263 0.128209 0.00168435 -0.014263 0.128209 0.00333372 -0.014263 0.128209 0.00333372 -0.0155919 0.125234 0.00224817 -0.0155919 0.125234 0.00389755 -0.014263 0.128209 0.00168435 -0.0146691 0.134963 -0.000773196 -0.0274592 0.118193 -0.000612239 -0.0242927 0.115896 -0.000148898 -0.0215844 0.117929 0.00114086 -0.0188151 0.120797 0.00214336 -0.0155919 0.125234 0.00224817 -0.014263 0.128209 0.00168435 -0.0133857 0.131708 0.00149005 -0.0286695 0.116388 -0.000633443 -0.0293228 0.119545 -0.00143596 -0.0306954 0.117855 -0.00155657 -0.0313469 0.121013 -0.00449857 -0.0327061 0.119311 -0.00452262 -0.0317787 0.121326 -0.00796458 -0.0158636 0.136437 -0.00444838 -0.0159502 0.136759 -0.00796458 -0.0294673 0.11529 -0.000657019 -0.0336677 0.118329 -0.00454937 -0.0357574 0.116918 -0.00796458 -0.0352303 0.116538 -0.00457477 -0.0332473 0.11511 -0.001818 -0.0316728 0.116886 -0.00169067 -0.0308676 0.113397 -0.000679407 -0.0276941 0.111111 -0.000148898 -0.0318983 0.118723 -0.000446159 -0.0327061 0.119311 -0.00452262 -0.034383 0.12052 -0.00382242 -0.0306954 0.117855 -0.00155657 -0.02867 0.116387 0.00101545 -0.0286695 0.116388 -0.000633443 -0.0286695 0.116388 -0.000633443 -0.0294676 0.115289 0.00101545 -0.0294673 0.11529 -0.000657019 -0.02867 0.116387 0.00101545 -0.0294676 0.115289 0.00101545 -0.0286695 0.116388 -0.000633443 -0.0336677 0.118329 -0.00454937 -0.034383 0.12052 -0.00382242 -0.0327061 0.119311 -0.00452262 -0.0351808 0.119422 -0.00382242 -0.034383 0.12052 -0.00382242 -0.0336677 0.118329 -0.00454937 -0.0327142 0.117638 -0.000446159 -0.0336677 0.118329 -0.00454937 -0.0316728 0.116886 -0.00169067 -0.0351808 0.119422 -0.00382242 -0.0294676 0.115289 0.00101545 -0.0294673 0.11529 -0.000657019 -0.0338506 0.122823 -0.00796458 -0.0351808 0.119422 -0.0121068 -0.034383 0.12052 -0.0121068 -0.0372727 0.118009 -0.00796458 -0.0365897 0.117517 -0.0121068 -0.0341368 0.115751 -0.015483 -0.0327142 0.117638 -0.015483 -0.0308684 0.113396 -0.0169446 -0.0294676 0.115289 -0.0169446 -0.0276941 0.111111 -0.0176005 -0.0242919 0.115898 -0.0176005 -0.02867 0.116387 -0.0169446 -0.0274594 0.118192 -0.0169446 -0.0318983 0.118723 -0.015483 -0.0306697 0.120519 -0.015483 -0.0331691 0.12233 -0.0121068 -0.034383 0.12052 -0.0121068 -0.0215844 0.117929 -0.0166539 -0.0215844 0.117929 -0.0183033 -0.0242927 0.115896 -0.0157803 -0.0335549 0.126471 -0.0129678 -0.0338506 0.122823 -0.00796458 -0.0331691 0.12233 -0.0121068 -0.0344259 0.128606 -0.00796458 -0.0342941 0.130522 -0.00948957 -0.0329573 0.130379 -0.0134434 -0.0295493 0.135122 -0.0134931 -0.0296446 0.137015 -0.00948957 -0.0272385 0.137337 -0.0132257 -0.0281864 0.138143 -0.00796458 -0.0245277 0.139745 -0.00796458 -0.0236499 0.139118 -0.0124708 -0.0196348 0.139114 -0.00796458 -0.0191812 0.138602 -0.0119371 -0.0305178 0.124306 -0.0173695 -0.0306697 0.120519 -0.015483 -0.0251273 0.120423 -0.0191229 -0.0274594 0.118192 -0.0169446 -0.0230792 0.123628 -0.0201835 -0.028895 0.127602 -0.0182634 -0.0256568 0.132051 -0.0183569 -0.0197717 0.128029 -0.0202944 -0.0232758 0.134482 -0.0178541 -0.0178747 0.130593 -0.0196979 -0.0203029 0.136706 -0.0162143 -0.0157187 0.133398 -0.0177524 -0.0242919 0.115898 -0.0176005 -0.0215844 0.117929 -0.0183033 -0.0188151 0.120797 -0.0193058 -0.0155919 0.125234 -0.0194106 -0.014263 0.128209 -0.0188468 -0.0133857 0.131708 -0.0170127 -0.0177162 0.137335 -0.0140225 -0.0146691 0.134963 -0.015156 -0.0158636 0.136437 -0.0114808 -0.0159502 0.136759 -0.00796458 -0.0196348 0.139114 -0.00796458 -0.0372727 0.118009 -0.00796458 -0.0352303 0.116538 -0.0113544 -0.0365897 0.117517 -0.0121068 -0.0357574 0.116918 -0.00796458 -0.0341368 0.115751 -0.015483 -0.0332473 0.11511 -0.0141112 -0.0308676 0.113397 -0.0152498 -0.0308684 0.113396 -0.0169446 -0.0276941 0.111111 -0.0157803 -0.0276941 0.111111 -0.0176005 -0.0276941 0.111111 -0.0176005 -0.0242927 0.115896 -0.0157803 -0.0242919 0.115898 -0.0176005 -0.0276941 0.111111 -0.0157803 -0.0188151 0.120797 -0.0193058 -0.0155919 0.125234 -0.0177612 -0.0155919 0.125234 -0.0194106 -0.0188151 0.120797 -0.0176564 -0.0215844 0.117929 -0.0183033 -0.0188151 0.120797 -0.0176564 -0.0188151 0.120797 -0.0193058 -0.0215844 0.117929 -0.0166539 -0.014263 0.128209 -0.0171974 -0.0133857 0.131708 -0.0170127 -0.014263 0.128209 -0.0188468 -0.0155919 0.125234 -0.0177612 -0.014263 0.128209 -0.0188468 -0.0155919 0.125234 -0.0194106 -0.014263 0.128209 -0.0171974 -0.0274592 0.118193 -0.0153169 -0.0146691 0.134963 -0.015156 -0.0242927 0.115896 -0.0157803 -0.0215844 0.117929 -0.0166539 -0.0188151 0.120797 -0.0176564 -0.0155919 0.125234 -0.0177612 -0.014263 0.128209 -0.0171974 -0.0133857 0.131708 -0.0170127 -0.0286695 0.116388 -0.0152957 -0.0293228 0.119545 -0.0144932 -0.0306954 0.117855 -0.0143726 -0.0313469 0.121013 -0.0114306 -0.0327061 0.119311 -0.0114065 -0.0317787 0.121326 -0.00796458 -0.0158636 0.136437 -0.0114808 -0.0159502 0.136759 -0.00796458 -0.0294673 0.11529 -0.0152722 -0.0336677 0.118329 -0.0113798 -0.0357574 0.116918 -0.00796458 -0.0352303 0.116538 -0.0113544 -0.0332473 0.11511 -0.0141112 -0.0316728 0.116886 -0.0142385 -0.0308676 0.113397 -0.0152498 -0.0276941 0.111111 -0.0157803 -0.0327061 0.119311 -0.0114065 -0.0318983 0.118723 -0.015483 -0.034383 0.12052 -0.0121068 -0.0306954 0.117855 -0.0143726 -0.02867 0.116387 -0.0169446 -0.0286695 0.116388 -0.0152957 -0.0294676 0.115289 -0.0169446 -0.0286695 0.116388 -0.0152957 -0.0294673 0.11529 -0.0152722 -0.02867 0.116387 -0.0169446 -0.0286695 0.116388 -0.0152957 -0.0294676 0.115289 -0.0169446 -0.034383 0.12052 -0.0121068 -0.0336677 0.118329 -0.0113798 -0.0327061 0.119311 -0.0114065 -0.0351808 0.119422 -0.0121068 -0.0336677 0.118329 -0.0113798 -0.034383 0.12052 -0.0121068 -0.0327142 0.117638 -0.015483 -0.0336677 0.118329 -0.0113798 -0.0351808 0.119422 -0.0121068 -0.0316728 0.116886 -0.0142385 -0.0294676 0.115289 -0.0169446 -0.0294673 0.11529 -0.0152722 0.0200373 0.1255 0.00569912 0.0196582 0.124829 0.00402562 0.0195948 0.124535 0.00537017 0.020065 0.125849 0.00410771 0.0176696 0.12483 0.00396527 0.0175555 0.124615 0.00519336 0.0179833 0.122523 0.00751688 0.0166606 0.123501 0.00637009 0.0151995 0.1221 0.00622267 0.0157188 0.120373 0.00718635 0.0179193 0.122852 0.00853455 0.0150867 0.120172 0.00807456 0.0144311 0.119488 0.00530873 0.0143071 0.121473 0.00485165 0.013532 0.119118 0.00583314 0.0125816 0.11957 0.00616824 0.0142396 0.120686 0.00856356 0.0173074 0.123586 0.0090772 0.0196352 0.126497 0.00595617 0.0196481 0.12687 0.0041797 0.0151995 0.1221 0.00622267 0.0159847 0.124564 0.00793031 0.0137201 0.122414 0.00759981 0.0166606 0.123501 0.00637009 0.0124576 0.121556 0.00571116 0.0143071 0.121473 0.00485165 0.0121365 0.12058 0.00611772 0.0136735 0.121615 0.00836691 0.0125816 0.11957 0.00616824 0.0142396 0.120686 0.00856356 0.0173074 0.123586 0.0090772 0.0165061 0.124295 0.00882691 0.0175555 0.124615 0.00519336 0.0175962 0.126577 0.00578363 0.0176696 0.12483 0.00396527 0.0176595 0.12687 0.00400235 0.0186241 0.126943 0.00599148 0.0196352 0.126497 0.00595617 0.0186518 0.127293 0.00416629 0.0196481 0.12687 0.0041797 0.0177597 0.127633 0.00519049 0.0173586 0.126772 0.00382646 0.0173316 0.126626 0.00499981 0.0177383 0.127776 0.0035674 0.015383 0.126792 0.00361805 0.0152871 0.126642 0.00487238 0.0158647 0.124917 0.00740423 0.0144764 0.125699 0.00618668 0.0130178 0.124233 0.00628035 0.0136019 0.122653 0.00744111 0.015829 0.125382 0.00836859 0.0129978 0.122555 0.00836529 0.0122902 0.123594 0.00541668 0.0123816 0.121598 0.00583303 0.0114289 0.121205 0.00623082 0.0121517 0.123111 0.00880867 0.0104383 0.121639 0.00645617 0.0152184 0.126172 0.00882863 0.0173411 0.128647 0.00532973 0.0172996 0.128789 0.00352064 0.0130178 0.124233 0.00628035 0.0138301 0.126954 0.00761101 0.0115673 0.12469 0.00764789 0.0144764 0.125699 0.00618668 0.0122902 0.123594 0.00541668 0.010347 0.123635 0.00603982 0.0115591 0.123996 0.00851151 0.0099902 0.122645 0.00637705 0.0121517 0.123111 0.00880867 0.0104383 0.121639 0.00645617 0.0152184 0.126172 0.00882863 0.0143904 0.126823 0.00851482 0.0152871 0.126642 0.00487238 0.015297 0.128663 0.00520659 0.015383 0.126792 0.00361805 0.015324 0.128809 0.00339842 0.016321 0.129074 0.00533672 0.0173411 0.128647 0.00532973 0.0162996 0.129217 0.00350751 0.0172996 0.128789 0.00352064 0.0338506 0.122823 -0.00796458 0.0351808 0.119422 -0.00382242 0.034383 0.12052 -0.00382242 0.0372727 0.118009 -0.00796458 0.0365897 0.117517 -0.00382242 0.0341368 0.115751 -0.000446159 0.0327142 0.117638 -0.000446159 0.0308684 0.113396 0.00101545 0.0294676 0.115289 0.00101545 0.0276941 0.111111 0.0016713 0.0242919 0.115898 0.0016713 0.02867 0.116387 0.00101545 0.0274594 0.118192 0.00101545 0.0318983 0.118723 -0.000446159 0.0306697 0.120519 -0.000446159 0.0331691 0.12233 -0.00382242 0.034383 0.12052 -0.00382242 0.0215844 0.117929 0.00114086 0.0215844 0.117929 0.00279024 0.0242927 0.115896 -0.000148898 0.0335549 0.126471 -0.00296134 0.0338506 0.122823 -0.00796458 0.0331691 0.12233 -0.00382242 0.0344259 0.128606 -0.00796458 0.0342941 0.130522 -0.00643961 0.0329573 0.130379 -0.00248575 0.0295493 0.135122 -0.00243603 0.0296446 0.137015 -0.00643961 0.0272385 0.137337 -0.0027035 0.0281864 0.138143 -0.00796458 0.0245277 0.139745 -0.00796458 0.0236499 0.139118 -0.00345841 0.0196348 0.139114 -0.00796458 0.0191812 0.138602 -0.00399209 0.0305178 0.124306 0.00144028 0.0306697 0.120519 -0.000446159 0.0251273 0.120423 0.00319375 0.0274594 0.118192 0.00101545 0.0230792 0.123628 0.00425435 0.028895 0.127602 0.00233424 0.0256568 0.132051 0.0024277 0.0197717 0.128029 0.00436524 0.0232758 0.134482 0.00192492 0.0178747 0.130593 0.00376873 0.0203029 0.136706 0.00028513 0.0157187 0.133398 0.00182321 0.0242919 0.115898 0.0016713 0.0215844 0.117929 0.00279024 0.0188151 0.120797 0.00379275 0.0155919 0.125234 0.00389755 0.014263 0.128209 0.00333372 0.0133857 0.131708 0.00149005 0.0177162 0.137335 -0.00190672 0.0146691 0.134963 -0.000773196 0.0158636 0.136437 -0.00444838 0.0159502 0.136759 -0.00796458 0.0196348 0.139114 -0.00796458 0.0296446 0.137015 -0.00643961 0.0407192 0.14491 -0.00796458 0.0411185 0.144475 -0.00771672 0.0281864 0.138143 -0.00796458 0.0415338 0.143813 -0.00773554 0.0342941 0.130522 -0.00643961 0.0417162 0.143424 -0.00796458 0.0344259 0.128606 -0.00796458 0.0296446 0.137015 -0.00948957 0.0411185 0.144475 -0.00821243 0.0415338 0.143813 -0.00819361 0.0342941 0.130522 -0.00948957 0.0421008 0.144742 -0.00783778 0.0418709 0.145109 -0.00782737 0.0416496 0.145349 -0.00796458 0.0418709 0.145109 -0.00810181 0.0421008 0.144742 -0.00809137 0.0422016 0.144527 -0.00796458 0.0426336 0.145709 -0.00796458 0.0372727 0.118009 -0.00796458 0.0352303 0.116538 -0.00457477 0.0365897 0.117517 -0.00382242 0.0357574 0.116918 -0.00796458 0.0341368 0.115751 -0.000446159 0.0332473 0.11511 -0.001818 0.0308676 0.113397 -0.000679407 0.0308684 0.113396 0.00101545 0.0276941 0.111111 -0.000148898 0.0276941 0.111111 0.0016713 0.0276941 0.111111 0.0016713 0.0242927 0.115896 -0.000148898 0.0242919 0.115898 0.0016713 0.0276941 0.111111 -0.000148898 0.0188151 0.120797 0.00379275 0.0155919 0.125234 0.00224817 0.0155919 0.125234 0.00389755 0.0188151 0.120797 0.00214336 0.0215844 0.117929 0.00279024 0.0188151 0.120797 0.00214336 0.0188151 0.120797 0.00379275 0.0215844 0.117929 0.00114086 0.014263 0.128209 0.00168435 0.0133857 0.131708 0.00149005 0.014263 0.128209 0.00333372 0.0155919 0.125234 0.00224817 0.014263 0.128209 0.00333372 0.0155919 0.125234 0.00389755 0.014263 0.128209 0.00168435 0.0274592 0.118193 -0.000612239 0.0146691 0.134963 -0.000773196 0.0242927 0.115896 -0.000148898 0.0215844 0.117929 0.00114086 0.0188151 0.120797 0.00214336 0.0155919 0.125234 0.00224817 0.014263 0.128209 0.00168435 0.0133857 0.131708 0.00149005 0.0286695 0.116388 -0.000633443 0.0293228 0.119545 -0.00143596 0.0306954 0.117855 -0.00155657 0.0313469 0.121013 -0.00449857 0.0327061 0.119311 -0.00452262 0.0317787 0.121326 -0.00796458 0.0158636 0.136437 -0.00444838 0.0159502 0.136759 -0.00796458 0.0294673 0.11529 -0.000657019 0.0336677 0.118329 -0.00454937 0.0357574 0.116918 -0.00796458 0.0352303 0.116538 -0.00457477 0.0332473 0.11511 -0.001818 0.0316728 0.116886 -0.00169067 0.0308676 0.113397 -0.000679407 0.0276941 0.111111 -0.000148898 0.0327061 0.119311 -0.00452262 0.0318983 0.118723 -0.000446159 0.034383 0.12052 -0.00382242 0.0306954 0.117855 -0.00155657 0.02867 0.116387 0.00101545 0.0286695 0.116388 -0.000633443 0.0294676 0.115289 0.00101545 0.0286695 0.116388 -0.000633443 0.0294673 0.11529 -0.000657019 0.02867 0.116387 0.00101545 0.0286695 0.116388 -0.000633443 0.0294676 0.115289 0.00101545 0.034383 0.12052 -0.00382242 0.0336677 0.118329 -0.00454937 0.0327061 0.119311 -0.00452262 0.0351808 0.119422 -0.00382242 0.0336677 0.118329 -0.00454937 0.034383 0.12052 -0.00382242 0.0327142 0.117638 -0.000446159 0.0336677 0.118329 -0.00454937 0.0351808 0.119422 -0.00382242 0.0316728 0.116886 -0.00169067 0.0294676 0.115289 0.00101545 0.0294673 0.11529 -0.000657019 0.0338506 0.122823 -0.00796458 0.0351808 0.119422 -0.0121068 0.0372727 0.118009 -0.00796458 0.034383 0.12052 -0.0121068 0.0365897 0.117517 -0.0121068 0.0341368 0.115751 -0.015483 0.0327142 0.117638 -0.015483 0.0308684 0.113396 -0.0169446 0.0294676 0.115289 -0.0169446 0.0276941 0.111111 -0.0176005 0.0242919 0.115898 -0.0176005 0.02867 0.116387 -0.0169446 0.0274594 0.118192 -0.0169446 0.0318983 0.118723 -0.015483 0.0306697 0.120519 -0.015483 0.034383 0.12052 -0.0121068 0.0331691 0.12233 -0.0121068 0.0215844 0.117929 -0.0166539 0.0242927 0.115896 -0.0157803 0.0215844 0.117929 -0.0183033 0.0338506 0.122823 -0.00796458 0.0335549 0.126471 -0.0129678 0.0331691 0.12233 -0.0121068 0.0344259 0.128606 -0.00796458 0.0342941 0.130522 -0.00948957 0.0329573 0.130379 -0.0134434 0.0295493 0.135122 -0.0134931 0.0296446 0.137015 -0.00948957 0.0272385 0.137337 -0.0132257 0.0281864 0.138143 -0.00796458 0.0245277 0.139745 -0.00796458 0.0236499 0.139118 -0.0124708 0.0196348 0.139114 -0.00796458 0.0191812 0.138602 -0.0119371 0.0305178 0.124306 -0.0173695 0.0306697 0.120519 -0.015483 0.0251273 0.120423 -0.0191229 0.0274594 0.118192 -0.0169446 0.0230792 0.123628 -0.0201835 0.028895 0.127602 -0.0182634 0.0256568 0.132051 -0.0183569 0.0197717 0.128029 -0.0202944 0.0232758 0.134482 -0.0178541 0.0178747 0.130593 -0.0196979 0.0203029 0.136706 -0.0162143 0.0157187 0.133398 -0.0177524 0.0242919 0.115898 -0.0176005 0.0215844 0.117929 -0.0183033 0.0188151 0.120797 -0.0193058 0.0155919 0.125234 -0.0194106 0.014263 0.128209 -0.0188468 0.0133857 0.131708 -0.0170127 0.0177162 0.137335 -0.0140225 0.0146691 0.134963 -0.015156 0.0158636 0.136437 -0.0114808 0.0159502 0.136759 -0.00796458 0.0196348 0.139114 -0.00796458 0.0372727 0.118009 -0.00796458 0.0352303 0.116538 -0.0113544 0.0357574 0.116918 -0.00796458 0.0365897 0.117517 -0.0121068 0.0341368 0.115751 -0.015483 0.0332473 0.11511 -0.0141112 0.0308676 0.113397 -0.0152498 0.0308684 0.113396 -0.0169446 0.0276941 0.111111 -0.0157803 0.0276941 0.111111 -0.0176005 0.0242927 0.115896 -0.0157803 0.0276941 0.111111 -0.0176005 0.0242919 0.115898 -0.0176005 0.0276941 0.111111 -0.0157803 0.0188151 0.120797 -0.0193058 0.0155919 0.125234 -0.0177612 0.0188151 0.120797 -0.0176564 0.0155919 0.125234 -0.0194106 0.0215844 0.117929 -0.0183033 0.0188151 0.120797 -0.0176564 0.0215844 0.117929 -0.0166539 0.0188151 0.120797 -0.0193058 0.0133857 0.131708 -0.0170127 0.014263 0.128209 -0.0171974 0.014263 0.128209 -0.0188468 0.014263 0.128209 -0.0188468 0.0155919 0.125234 -0.0177612 0.0155919 0.125234 -0.0194106 0.014263 0.128209 -0.0171974 0.0146691 0.134963 -0.015156 0.0274592 0.118193 -0.0153169 0.0242927 0.115896 -0.0157803 0.0215844 0.117929 -0.0166539 0.0188151 0.120797 -0.0176564 0.0155919 0.125234 -0.0177612 0.014263 0.128209 -0.0171974 0.0133857 0.131708 -0.0170127 0.0286695 0.116388 -0.0152957 0.0293228 0.119545 -0.0144932 0.0306954 0.117855 -0.0143726 0.0313469 0.121013 -0.0114306 0.0327061 0.119311 -0.0114065 0.0317787 0.121326 -0.00796458 0.0158636 0.136437 -0.0114808 0.0159502 0.136759 -0.00796458 0.0294673 0.11529 -0.0152722 0.0336677 0.118329 -0.0113798 0.0357574 0.116918 -0.00796458 0.0352303 0.116538 -0.0113544 0.0332473 0.11511 -0.0141112 0.0316728 0.116886 -0.0142385 0.0308676 0.113397 -0.0152498 0.0276941 0.111111 -0.0157803 0.0318983 0.118723 -0.015483 0.0327061 0.119311 -0.0114065 0.034383 0.12052 -0.0121068 0.0306954 0.117855 -0.0143726 0.02867 0.116387 -0.0169446 0.0286695 0.116388 -0.0152957 0.0286695 0.116388 -0.0152957 0.0294676 0.115289 -0.0169446 0.0294673 0.11529 -0.0152722 0.02867 0.116387 -0.0169446 0.0294676 0.115289 -0.0169446 0.0286695 0.116388 -0.0152957 0.0336677 0.118329 -0.0113798 0.034383 0.12052 -0.0121068 0.0327061 0.119311 -0.0114065 0.0351808 0.119422 -0.0121068 0.034383 0.12052 -0.0121068 0.0336677 0.118329 -0.0113798 0.0327142 0.117638 -0.015483 0.0336677 0.118329 -0.0113798 0.0316728 0.116886 -0.0142385 0.0351808 0.119422 -0.0121068 0.0294676 0.115289 -0.0169446 0.0294673 0.11529 -0.0152722 -0.0124105 0.0373383 -0.0129358 -0.0166758 0.0365935 -0.0150854 -0.0165044 0.0379898 -0.0133091 -0.0122335 0.0358808 -0.0146654 -0.00886338 0.0345882 -0.0124615 -0.00952101 0.0362359 -0.0110605 -0.00706524 0.0329143 -0.00881682 -0.00795398 0.0347612 -0.00784433 -0.00710438 0.0349133 -0.0138193 -0.00484726 0.0328409 -0.00931601 -0.00600133 0.0368869 -0.0137771 -0.00351513 0.0346146 -0.00884362 -0.0114358 0.0365857 -0.0166798 -0.0108143 0.0387492 -0.0169664 -0.016301 0.0396461 -0.017526 -0.0165742 0.0374211 -0.0171929 -0.00782437 0.0337264 -0.00528828 -0.0069928 0.0316809 -0.00574518 -0.00807811 0.033018 -0.00343378 -0.00766437 0.0308099 -0.00335392 -0.00943384 0.0327391 -0.0025877 -0.00991177 0.0305562 -0.00228103 -0.00641513 0.0300098 -0.00173254 -0.010465 0.0298115 -0.000226693 -0.00557261 0.0314193 -0.000195133 -0.00359811 0.0327894 -0.00423974 -0.00487985 0.0312128 -0.00522219 -0.0105408 0.0312494 0.00152325 -0.00440263 0.036462 -0.00787227 -0.00600133 0.0368869 -0.0137771 -0.00351513 0.0346146 -0.00884362 -0.00665975 0.0385346 -0.0123755 -0.00662066 0.0365351 -0.00737326 -0.0084188 0.038209 -0.011018 -0.00952101 0.0362359 -0.0110605 -0.00795398 0.0347612 -0.00784433 -0.0109912 0.0402069 -0.0152361 -0.0108143 0.0387492 -0.0169664 -0.016301 0.0396461 -0.017526 -0.0161296 0.0410423 -0.0157492 -0.0124105 0.0373383 -0.0129358 -0.0117889 0.0395016 -0.0132218 -0.0162312 0.0402146 -0.0136419 -0.0165044 0.0379898 -0.0133091 -0.00443522 0.0348338 -0.00377848 -0.00359811 0.0327894 -0.00423974 -0.0059705 0.0336311 -0.000288806 -0.00557261 0.0314193 -0.000195133 -0.0100628 0.0334327 0.00121629 -0.0105408 0.0312494 0.00152325 -0.00950958 0.034177 -0.000838223 -0.0072198 0.0344307 -0.00191035 -0.00807811 0.033018 -0.00343378 -0.00654822 0.0353017 -0.00430162 -0.00782437 0.0337264 -0.00528828 -0.00943384 0.0327391 -0.0025877 -0.0072198 0.0344307 -0.00191035 -0.0072198 0.0344307 -0.00191035 -0.0129856 0.032655 -0.0152681 -0.0172528 0.031894 -0.0174081 -0.0170798 0.0333035 -0.0156425 -0.0128101 0.0311841 -0.0169868 -0.00943798 0.0299085 -0.0147763 -0.0100943 0.0315669 -0.0133872 -0.00793532 0.0282992 -0.0111207 -0.00879003 0.0301493 -0.0101614 -0.00853549 0.0290698 -0.0074724 -0.00772465 0.0270137 -0.00788924 -0.0089965 0.0284503 -0.00573761 -0.00860938 0.0262461 -0.00564137 -0.00994456 0.0281346 -0.00488798 -0.0104222 0.025954 -0.00456425 -0.00741114 0.0254648 -0.0040151 -0.0109737 0.0252249 -0.00250375 -0.00659328 0.0268889 -0.00248925 -0.00438892 0.0281117 -0.00632033 -0.0056515 0.0265349 -0.00731459 -0.0110481 0.0266761 -0.000764718 -0.0044845 0.0300114 -0.0111637 -0.00578396 0.0282298 -0.0116213 -0.00768025 0.0302232 -0.0161381 -0.00657718 0.032197 -0.016112 -0.0120143 0.0318737 -0.0190072 -0.0113931 0.0340352 -0.0193109 -0.0168804 0.0349278 -0.0198721 -0.0171532 0.0327053 -0.0195219 -0.0072343 0.0338554 -0.0147223 -0.0044845 0.0300114 -0.0111637 -0.00533799 0.031862 -0.0102056 -0.00657718 0.032197 -0.016112 -0.00520555 0.0301668 -0.00589885 -0.00438892 0.0281117 -0.00632033 -0.00696516 0.029097 -0.00259936 -0.00659328 0.0268889 -0.00248925 -0.0105702 0.0288569 -0.00108874 -0.0110481 0.0266761 -0.000764718 -0.0100188 0.0295857 -0.00314942 -0.00816348 0.0298778 -0.00422577 -0.00994456 0.0281346 -0.00488798 -0.0089965 0.0284503 -0.00573761 -0.00727873 0.0306454 -0.00647365 -0.00853549 0.0290698 -0.0074724 -0.00748942 0.0319308 -0.00970509 -0.00879003 0.0301493 -0.0101614 -0.0100943 0.0315669 -0.0133872 -0.00899206 0.0335402 -0.0133607 -0.0129856 0.032655 -0.0152681 -0.0123642 0.0348158 -0.0155712 -0.0115684 0.0355059 -0.0175915 -0.0113931 0.0340352 -0.0193109 -0.0168804 0.0349278 -0.0198721 -0.0167073 0.0363375 -0.0181061 -0.0168069 0.0355255 -0.0159925 -0.0170798 0.0333035 -0.0156425 -0.0186272 0.0207004 -0.0152738 -0.0146406 0.0182342 -0.0152488 -0.0188663 0.0187531 -0.0164086 -0.0148673 0.0202387 -0.0142239 -0.0116629 0.0178696 -0.0121675 -0.0124228 0.0199405 -0.0116101 -0.0114614 0.0198175 -0.00875025 -0.0106884 0.0177475 -0.00864613 -0.0113427 0.019865 -0.00777418 -0.0110084 0.0178172 -0.00694472 -0.0114573 0.0198235 -0.00684853 -0.00966455 0.0176222 -0.0132788 -0.00867341 0.0175034 -0.00844093 -0.0110084 0.0178172 -0.00694472 -0.0097713 0.0176032 -0.00522887 -0.0118548 0.0178637 -0.0057957 -0.0110084 0.0178172 -0.00694472 -0.00742798 0.0193289 -0.00833951 -0.0097713 0.0176032 -0.00522887 -0.00886605 0.0194366 -0.00433931 -0.0121758 0.0178311 -0.00355686 -0.0120999 0.0197581 -0.002367 -0.0097713 0.0176032 -0.00522887 -0.00842259 0.0194453 -0.0138345 -0.0137106 0.0181201 -0.0172953 -0.0130058 0.0200103 -0.0183204 -0.0188663 0.0187531 -0.0186742 -0.0186272 0.0207004 -0.0198089 -0.00742798 0.0193289 -0.00833951 -0.00918246 0.0215163 -0.0132771 -0.00842259 0.0194453 -0.0138345 -0.00820092 0.0213989 -0.00844372 -0.00920039 0.0214843 -0.00516799 -0.0102159 0.021643 -0.00864895 -0.0104377 0.0216983 -0.0068837 -0.0111809 0.0217637 -0.0121658 -0.0114614 0.0198175 -0.00875025 -0.0113427 0.019865 -0.00777418 -0.0104377 0.0216983 -0.0068837 -0.0114573 0.0198235 -0.00684853 -0.00920039 0.0214843 -0.00516799 -0.00886605 0.0194366 -0.00433931 -0.0117024 0.0217178 -0.00341981 -0.0120999 0.0197581 -0.002367 -0.0113814 0.0217505 -0.00565866 -0.0104377 0.0216983 -0.0068837 -0.00920039 0.0214843 -0.00516799 -0.0124228 0.0199405 -0.0116101 -0.0148673 0.0202387 -0.0142239 -0.0141625 0.0221289 -0.0152489 -0.0132325 0.0220148 -0.0172954 -0.0130058 0.0200103 -0.0183204 -0.0183881 0.0226478 -0.0186742 -0.0186272 0.0207004 -0.0198089 -0.0186272 0.0207004 -0.0152738 -0.0183881 0.0226478 -0.0164086 -0.0192406 0.0157048 -0.0153793 -0.0152539 0.0132386 -0.0153544 -0.0194797 0.0137575 -0.0165141 -0.0154807 0.015243 -0.0143295 -0.0122763 0.0128739 -0.0122731 -0.0130361 0.0149449 -0.0117157 -0.0120748 0.0148218 -0.00885579 -0.0113018 0.0127518 -0.00875167 -0.0119561 0.0148694 -0.00787971 -0.0116217 0.0128215 -0.00705025 -0.0120152 0.0148279 -0.00695307 -0.0102779 0.0126265 -0.0133843 -0.0092868 0.0125077 -0.00854646 -0.0116217 0.0128215 -0.00705025 -0.0103847 0.0126075 -0.00533438 -0.0124126 0.0128681 -0.00590027 -0.0116217 0.0128215 -0.00705025 -0.00804136 0.0143332 -0.00844504 -0.0103847 0.0126075 -0.00533438 -0.00947946 0.014441 -0.00444485 -0.0127337 0.0128354 -0.00366141 -0.0126578 0.0147625 -0.00247156 -0.0103847 0.0126075 -0.00533438 -0.00903597 0.0144497 -0.01394 -0.014324 0.0131245 -0.0174009 -0.0136192 0.0150147 -0.0184259 -0.0194797 0.0137575 -0.0187797 -0.0192406 0.0157048 -0.0199145 -0.00804136 0.0143332 -0.00844504 -0.00979584 0.0165206 -0.0133826 -0.00903597 0.0144497 -0.01394 -0.00881431 0.0164032 -0.00854926 -0.00981377 0.0164886 -0.00527352 -0.0108293 0.0166473 -0.00875449 -0.0110511 0.0167026 -0.00698924 -0.0117942 0.016768 -0.0122713 -0.0120748 0.0148218 -0.00885579 -0.0119561 0.0148694 -0.00787971 -0.0110511 0.0167026 -0.00698924 -0.0120152 0.0148279 -0.00695307 -0.00981377 0.0164886 -0.00527352 -0.00947946 0.014441 -0.00444485 -0.0122603 0.0167222 -0.00352438 -0.0126578 0.0147625 -0.00247156 -0.0119393 0.0167549 -0.00576321 -0.0110511 0.0167026 -0.00698924 -0.00981377 0.0164886 -0.00527352 -0.0130361 0.0149449 -0.0117157 -0.0154807 0.015243 -0.0143295 -0.0147759 0.0171332 -0.0153544 -0.0138459 0.0170191 -0.0174009 -0.0136192 0.0150147 -0.0184259 -0.0190015 0.0176521 -0.0187797 -0.0192406 0.0157048 -0.0199145 -0.0192406 0.0157048 -0.0153793 -0.0190015 0.0176521 -0.0165141 -0.0166758 0.0365935 -0.0150854 -0.0206342 0.0383482 -0.0129358 -0.0165044 0.0379898 -0.0133091 -0.0211587 0.0369766 -0.0146654 -0.0247413 0.0365379 -0.0124615 -0.0237046 0.0379773 -0.0110605 -0.026891 0.0353487 -0.00881682 -0.0255819 0.0369258 -0.00784433 -0.0263695 0.0372788 -0.0138193 -0.0290609 0.035814 -0.00931601 -0.0269624 0.0394604 -0.0137771 -0.0299242 0.0378572 -0.00884362 -0.0217621 0.0378536 -0.0166798 -0.0218417 0.0401033 -0.0169664 -0.016301 0.0396461 -0.017526 -0.0165742 0.0374211 -0.0171929 -0.025958 0.0359529 -0.00528828 -0.0272598 0.0341694 -0.00574518 -0.0258831 0.0352041 -0.00343378 -0.0268188 0.0331617 -0.00335392 -0.0247574 0.0348071 -0.0025609 -0.0294231 0.0342262 -0.00522219 -0.0282245 0.0326878 -0.00173254 -0.0302854 0.0360662 -0.00423974 -0.028701 0.034259 -0.000195133 -0.0244086 0.0316931 -0.000202307 -0.024024 0.033069 0.00154683 -0.0247751 0.032562 -0.00225504 -0.0268188 0.0331617 -0.00335392 -0.0268188 0.0331617 -0.00335392 -0.0286161 0.039435 -0.00787227 -0.0269624 0.0394604 -0.0137771 -0.0259248 0.0409001 -0.0123755 -0.0299242 0.0378572 -0.00884362 -0.0264465 0.0389694 -0.00737326 -0.0242967 0.0401587 -0.011018 -0.0237046 0.0379773 -0.0110605 -0.0255819 0.0369258 -0.00784433 -0.0213175 0.0414749 -0.0152361 -0.0218417 0.0401033 -0.0169664 -0.016301 0.0396461 -0.017526 -0.0161296 0.0410423 -0.0157492 -0.0206342 0.0383482 -0.0129358 -0.0207141 0.0405973 -0.0132218 -0.0162312 0.0402146 -0.0136419 -0.0165044 0.0379898 -0.0133091 -0.0289784 0.0378475 -0.00377848 -0.0302854 0.0360662 -0.00423974 -0.0277797 0.036309 -0.000288806 -0.028701 0.034259 -0.000195133 -0.0240064 0.0353144 0.00124068 -0.024024 0.033069 0.00154683 -0.0243729 0.0361828 -0.000812228 -0.0263741 0.0367825 -0.00191035 -0.0247574 0.0348071 -0.0025609 -0.0258831 0.0352041 -0.00343378 -0.026815 0.0377901 -0.00430162 -0.025958 0.0359529 -0.00528828 -0.0172528 0.031894 -0.0174081 -0.0212093 0.0336647 -0.0152681 -0.0170798 0.0333035 -0.0156425 -0.0217353 0.0322801 -0.0169868 -0.0253159 0.031858 -0.0147763 -0.0242779 0.0333083 -0.0133872 -0.0271633 0.0306601 -0.0111207 -0.0258864 0.0322483 -0.0101614 -0.0263944 0.0312626 -0.0074724 -0.0276786 0.0294637 -0.00788924 -0.026097 0.0305499 -0.00573761 -0.027006 0.0285049 -0.00564137 -0.0252681 0.0302026 -0.00486118 -0.0252855 0.0279598 -0.00453827 -0.0283576 0.0280368 -0.0040151 -0.0249173 0.0271066 -0.00247937 -0.0288066 0.0296164 -0.00248925 -0.0306497 0.031336 -0.00632033 -0.0298061 0.0295006 -0.00731459 -0.0245313 0.0284958 -0.000741136 -0.0300975 0.0331561 -0.0111637 -0.0292674 0.0311132 -0.0116213 -0.0269453 0.0325887 -0.0161381 -0.0275382 0.0347706 -0.016112 -0.0223406 0.0331417 -0.0190072 -0.0224205 0.0353893 -0.0193109 -0.0168804 0.0349278 -0.0198721 -0.0171532 0.0327053 -0.0195219 -0.0300975 0.0331561 -0.0111637 -0.0264993 0.0362209 -0.0147223 -0.0288216 0.0347454 -0.0102056 -0.0275382 0.0347706 -0.016112 -0.0293601 0.0331328 -0.00589885 -0.0306497 0.031336 -0.00632033 -0.0279116 0.0316687 -0.00259936 -0.0288066 0.0296164 -0.00248925 -0.0245139 0.0307388 -0.00106436 -0.0245313 0.0284958 -0.000741136 -0.0248821 0.0315915 -0.00312341 -0.02656 0.0321366 -0.00422577 -0.0252681 0.0302026 -0.00486118 -0.026097 0.0305499 -0.00573761 -0.0272329 0.0330954 -0.00647365 -0.0263944 0.0312626 -0.0074724 -0.0267175 0.0342915 -0.00970509 -0.0258864 0.0322483 -0.0101614 -0.0242779 0.0333083 -0.0133872 -0.02487 0.0354896 -0.0133607 -0.0212093 0.0336647 -0.0152681 -0.0212894 0.0359118 -0.0155712 -0.0218947 0.0367739 -0.0175915 -0.0224205 0.0353893 -0.0193109 -0.0168804 0.0349278 -0.0198721 -0.0167073 0.0363375 -0.0181061 -0.0168069 0.0355255 -0.0159925 -0.0170798 0.0333035 -0.0156425 -0.0186272 0.0207004 -0.0152738 -0.0230921 0.0192719 -0.0152488 -0.0223872 0.021162 -0.0142239 -0.0188663 0.0187531 -0.0164086 -0.0260695 0.0196385 -0.0121675 -0.0248312 0.0214641 -0.0116101 -0.025794 0.0215773 -0.00875025 -0.0270447 0.0197558 -0.00864613 -0.0258976 0.0216522 -0.00777418 -0.0267172 0.019746 -0.00694472 -0.0256235 0.0217353 -0.00682374 -0.0280683 0.0198819 -0.0132788 -0.0290589 0.0200064 -0.00844093 -0.0267172 0.019746 -0.00694472 -0.0279695 0.0198377 -0.00522887 -0.0256723 0.0197285 -0.00577154 -0.0267172 0.019746 -0.00694472 -0.0298257 0.022079 -0.00833951 -0.0284043 0.0218356 -0.00433931 -0.0279695 0.0198377 -0.00522887 -0.0253751 0.0196124 -0.00353377 -0.0250283 0.0215029 -0.00234439 -0.0279695 0.0198377 -0.00522887 -0.0288323 0.0219513 -0.0138345 -0.0240221 0.0193862 -0.0172953 -0.0242486 0.0213908 -0.0183204 -0.0188663 0.0187531 -0.0186742 -0.0186272 0.0207004 -0.0198089 -0.0275941 0.0237769 -0.0132771 -0.0298257 0.022079 -0.00833951 -0.0288323 0.0219513 -0.0138345 -0.028575 0.0239005 -0.00844372 -0.0275844 0.0237416 -0.00516799 -0.0265608 0.0236498 -0.00864895 -0.0263319 0.0236499 -0.0068837 -0.0255951 0.0235335 -0.0121658 -0.025794 0.0215773 -0.00875025 -0.0258976 0.0216522 -0.00777418 -0.0263319 0.0236499 -0.0068837 -0.0256235 0.0217353 -0.00682374 -0.0275844 0.0237416 -0.00516799 -0.0284043 0.0218356 -0.00433931 -0.0249793 0.0235097 -0.00339659 -0.0250283 0.0215029 -0.00234439 -0.0252766 0.0236258 -0.00563435 -0.0263319 0.0236499 -0.0068837 -0.0275844 0.0237416 -0.00516799 -0.0248312 0.0214641 -0.0116101 -0.0223872 0.021162 -0.0142239 -0.0226138 0.0231666 -0.0152489 -0.0235437 0.0232809 -0.0172954 -0.0242486 0.0213908 -0.0183204 -0.0183881 0.0226478 -0.0186742 -0.0186272 0.0207004 -0.0198089 -0.0186272 0.0207004 -0.0152738 -0.0183881 0.0226478 -0.0164086 -0.0192406 0.0157048 -0.0153793 -0.0237055 0.0142763 -0.0153544 -0.0230006 0.0161664 -0.0143295 -0.0194797 0.0137575 -0.0165141 -0.026683 0.0146428 -0.0122731 -0.0254447 0.0164685 -0.0117157 -0.0264074 0.0165816 -0.00885579 -0.0276581 0.0147601 -0.00875167 -0.026511 0.0166565 -0.00787971 -0.0273307 0.0147504 -0.00705025 -0.0261813 0.0167397 -0.00692831 -0.0286817 0.0148862 -0.0133843 -0.0296723 0.0150108 -0.00854646 -0.0273307 0.0147504 -0.00705025 -0.0285829 0.014842 -0.00533438 -0.0262303 0.0147329 -0.00587611 -0.0273307 0.0147504 -0.00705025 -0.0304391 0.0170833 -0.00844504 -0.0290177 0.01684 -0.00444485 -0.0285829 0.014842 -0.00533438 -0.0259329 0.0146167 -0.00363832 -0.0255862 0.0165072 -0.00244895 -0.0285829 0.014842 -0.00533438 -0.0294457 0.0169557 -0.01394 -0.0246355 0.0143906 -0.0174009 -0.024862 0.0163951 -0.0184259 -0.0194797 0.0137575 -0.0187797 -0.0192406 0.0157048 -0.0199145 -0.0282075 0.0187813 -0.0133826 -0.0304391 0.0170833 -0.00844504 -0.0294457 0.0169557 -0.01394 -0.0291884 0.0189048 -0.00854926 -0.0281978 0.0187459 -0.00527352 -0.0271742 0.0186542 -0.00875449 -0.0269453 0.0186542 -0.00698924 -0.0262087 0.0185379 -0.0122713 -0.0264074 0.0165816 -0.00885579 -0.026511 0.0166565 -0.00787971 -0.0269453 0.0186542 -0.00698924 -0.0261813 0.0167397 -0.00692831 -0.0281978 0.0187459 -0.00527352 -0.0290177 0.01684 -0.00444485 -0.0255372 0.018514 -0.00350114 -0.0255862 0.0165072 -0.00244895 -0.0258346 0.0186301 -0.00573893 -0.0269453 0.0186542 -0.00698924 -0.0281978 0.0187459 -0.00527352 -0.0254447 0.0164685 -0.0117157 -0.0230006 0.0161664 -0.0143295 -0.0232272 0.0181709 -0.0153544 -0.0241571 0.0182852 -0.0174009 -0.024862 0.0163951 -0.0184259 -0.0190015 0.0176521 -0.0187797 -0.0192406 0.0157048 -0.0199145 -0.0192406 0.0157048 -0.0153793 -0.0190015 0.0176521 -0.0165141 -0.00665701 0.0397243 0.00633456 -0.00675884 0.0358534 -0.00135296 -0.00894146 0.0330705 0.00357246 -0.00400728 0.0429717 -0.00018815 -0.0113936 0.0366083 0.0127246 -0.01214 0.0303398 0.00860326 -0.0173959 0.0298021 0.0104196 -0.0166385 0.0359705 0.0147581 -0.011165 0.0254363 -0.000791891 -0.00894146 0.0330705 0.00357246 -0.0096058 0.0259044 -0.00654769 -0.011165 0.0254363 -0.000791891 -0.0123564 0.0149674 -0.00201074 -0.0111726 0.012295 -0.00718409 -0.00814614 0.00395707 -0.00390459 -0.0107125 0.00976046 0.00583783 -0.0122349 0.0125997 0.0149979 -0.00696285 0.00402097 0.0100263 -0.0134633 0.0144725 0.0100915 -0.0194001 0.0134794 0.0149979 -0.0191918 0.0151758 0.0100915 -0.00814614 0.00395707 -0.00390459 -0.00793775 0.0434637 0.00033033 -0.00675884 0.0358534 -0.00135296 -0.00400728 0.0429717 -0.00018815 -0.0165039 0.0370675 -0.00156281 -0.0156014 0.044417 0.000174264 -0.0096058 0.0259044 -0.00654769 -0.0177517 0.0269047 -0.00654769 -0.0194211 0.0133078 -0.00718409 -0.0111726 0.012295 -0.00718409 -0.0110378 0.00431216 -0.00390459 -0.0203848 0.00545983 -0.00390459 -0.00814614 0.00395707 -0.00390459 -0.00665701 0.0397243 0.00633456 -0.00793775 0.0434637 0.00033033 -0.00400728 0.0429717 -0.00018815 -0.00919373 0.0403454 0.00585401 -0.0113936 0.0366083 0.0127246 -0.0128446 0.0375128 0.0113912 -0.0165368 0.0367988 0.0133216 -0.0166385 0.0359705 0.0147581 -0.00924603 0.0473047 0.00392763 -0.00919373 0.0403454 0.00585401 -0.0100954 0.045215 0.00779638 -0.00793775 0.0434637 0.00033033 -0.0111117 0.0530644 0.00895017 -0.0119367 0.0521942 0.0106593 -0.0139034 0.058196 0.0131767 -0.0132153 0.0513822 0.0130359 -0.0128961 0.0433073 0.0124777 -0.0147573 0.0511327 0.014287 -0.0139034 0.058196 0.0131767 -0.0157869 0.0429062 0.0140325 -0.0128446 0.0375128 0.0113912 -0.0165368 0.0367988 0.0133216 -0.0184901 0.0439941 0.0124777 -0.0199345 0.0383832 0.0113912 -0.0227947 0.0420152 0.00585401 -0.0207477 0.0465229 0.00779638 -0.0165368 0.0367988 0.0133216 -0.0162269 0.051752 0.0130359 -0.0139034 0.058196 0.0131767 -0.0172714 0.052849 0.0106593 -0.0139034 0.058196 0.0131767 -0.0174081 0.0537804 0.00895017 -0.0210695 0.0487563 0.00392763 -0.0232681 0.0453459 0.00033033 -0.0173959 0.0298021 0.0104196 -0.0130484 0.0308737 0.0078502 -0.0172008 0.0313914 0.0077567 -0.01214 0.0303398 0.00860326 -0.00894146 0.0330705 0.00357246 -0.0104076 0.0335201 0.00306174 -0.0104076 0.0335201 0.00306174 -0.0141016 0.0252962 0.0035769 -0.0130484 0.0308737 0.0078502 -0.012051 0.0255778 -0.00107783 -0.0172008 0.0313914 0.0077567 -0.017892 0.0257617 0.0035769 -0.0149826 0.0178139 0.00261597 -0.0133045 0.0149345 -0.00225738 -0.0188102 0.0182838 0.00261597 -0.0122313 0.00968611 0.00571216 -0.0138966 0.0141157 0.00990646 -0.0192414 0.014772 0.00990646 -0.0104076 0.0335201 0.00306174 -0.011165 0.0254363 -0.000791891 -0.012051 0.0255778 -0.00107783 -0.0123564 0.0149674 -0.00201074 -0.0133045 0.0149345 -0.00225738 -0.0122313 0.00968611 0.00571216 -0.00894146 0.0330705 0.00357246 -0.011165 0.0254363 -0.000791891 -0.0107125 0.00976046 0.00583783 -0.0123564 0.0149674 -0.00201074 -0.00814614 0.00395707 -0.00390459 -0.00905172 0.00427746 0.0100263 -0.00696285 0.00402097 0.0100263 -0.0110378 0.00431216 -0.00390459 -0.0138966 0.0141157 0.00990646 -0.0191918 0.0151758 0.0100915 -0.0192414 0.014772 0.00990646 -0.0134633 0.0144725 0.0100915 -0.0122313 0.00968611 0.00571216 -0.0107125 0.00976046 0.00583783 -0.0131746 0.0115571 0.0144202 -0.0194001 0.0134794 0.0149979 -0.0122349 0.0125997 0.0149979 -0.0195401 0.0123387 0.0144202 -0.00905172 0.00427746 0.0100263 -0.00696285 0.00402097 0.0100263 -0.0131746 0.0115571 0.0144202 -0.0203848 0.00545983 -0.00390459 -0.0195401 0.0123387 0.0144202 -0.0110378 0.00431216 -0.00390459 -0.00905172 0.00427746 0.0100263 -0.0174081 0.0537804 0.00895017 -0.0111117 0.0530644 0.00895017 -0.0139034 0.058196 0.0131767 -0.00924603 0.0473047 0.00392763 -0.0210695 0.0487563 0.00392763 -0.0156014 0.044417 0.000174264 -0.0232681 0.0453459 0.00033033 -0.00793775 0.0434637 0.00033033 -0.0262407 0.0382455 -0.00135296 -0.0254064 0.0420263 0.00633456 -0.0247963 0.0350172 0.00357246 -0.0272009 0.0458196 -0.00018815 -0.0215612 0.0378567 0.0127246 -0.0223534 0.0315938 0.00860326 -0.0173959 0.0298021 0.0104196 -0.0166385 0.0359705 0.0147581 -0.024498 0.0270734 -0.000791891 -0.0247963 0.0350172 0.00357246 -0.0258976 0.0279047 -0.00654769 -0.024498 0.0270734 -0.000791891 -0.0258747 0.0166272 -0.00201074 -0.0276697 0.0143206 -0.00718409 -0.0326235 0.0069625 -0.00390459 -0.0287294 0.0119727 0.00583783 -0.0268547 0.0143948 0.0149979 -0.0337561 0.00731078 0.0100263 -0.0251505 0.0159075 0.0100915 -0.0194001 0.0134794 0.0149979 -0.0191918 0.0151758 0.0100915 -0.0326235 0.0069625 -0.00390459 -0.0262407 0.0382455 -0.00135296 -0.0232681 0.0453459 0.00033033 -0.0272009 0.0458196 -0.00018815 -0.0165039 0.0370675 -0.00156281 -0.0156014 0.044417 0.000174264 -0.0258976 0.0279047 -0.00654769 -0.0177517 0.0269047 -0.00654769 -0.0194211 0.0133078 -0.00718409 -0.0276697 0.0143206 -0.00718409 -0.0301112 0.00665409 -0.00390459 -0.0203848 0.00545983 -0.00390459 -0.0326235 0.0069625 -0.00390459 -0.0232681 0.0453459 0.00033033 -0.0254064 0.0420263 0.00633456 -0.0272009 0.0458196 -0.00018815 -0.0227947 0.0420152 0.00585401 -0.0215612 0.0378567 0.0127246 -0.0199345 0.0383832 0.0113912 -0.0165368 0.0367988 0.0133216 -0.0166385 0.0359705 0.0147581 -0.0173959 0.0298021 0.0104196 -0.0213551 0.0318935 0.0078502 -0.0223534 0.0315938 0.00860326 -0.0172008 0.0313914 0.0077567 -0.0247963 0.0350172 0.00357246 -0.0232771 0.0351003 0.00306174 -0.0218327 0.0262456 0.0035769 -0.0232771 0.0351003 0.00306174 -0.0213551 0.0318935 0.0078502 -0.023604 0.0269964 -0.00107783 -0.0172008 0.0313914 0.0077567 -0.017892 0.0257617 0.0035769 -0.0227896 0.0187725 0.00261597 -0.0249626 0.0163659 -0.00225738 -0.0188102 0.0182838 0.00261597 -0.0272735 0.0115331 0.00571216 -0.0248005 0.0154546 0.00990646 -0.0192414 0.014772 0.00990646 -0.0232771 0.0351003 0.00306174 -0.024498 0.0270734 -0.000791891 -0.0247963 0.0350172 0.00357246 -0.023604 0.0269964 -0.00107783 -0.024498 0.0270734 -0.000791891 -0.0258747 0.0166272 -0.00201074 -0.0249626 0.0163659 -0.00225738 -0.0272735 0.0115331 0.00571216 -0.0287294 0.0119727 0.00583783 -0.0258747 0.0166272 -0.00201074 -0.0326235 0.0069625 -0.00390459 -0.0316672 0.00705429 0.0100263 -0.0301112 0.00665409 -0.00390459 -0.0337561 0.00731078 0.0100263 -0.0191918 0.0151758 0.0100915 -0.0248005 0.0154546 0.00990646 -0.0192414 0.014772 0.00990646 -0.0251505 0.0159075 0.0100915 -0.0272735 0.0115331 0.00571216 -0.0287294 0.0119727 0.00583783 -0.0261623 0.0131518 0.0144202 -0.0194001 0.0134794 0.0149979 -0.0195401 0.0123387 0.0144202 -0.0268547 0.0143948 0.0149979 -0.0316672 0.00705429 0.0100263 -0.0337561 0.00731078 0.0100263 -0.0203848 0.00545983 -0.00390459 -0.0261623 0.0131518 0.0144202 -0.0195401 0.0123387 0.0144202 -0.0301112 0.00665409 -0.00390459 -0.0316672 0.00705429 0.0100263 -0.0049356 0.00284704 0.0256563 -0.0087266 0.00633212 0.02104 -0.00539138 0.00306586 0.0203097 -0.00765241 0.00552689 0.0264081 -0.00502592 -0.00202144 0.0253403 -0.00539018 -0.00262819 0.0203095 -0.00982871 -0.00285648 0.0212813 -0.00870138 -0.00221442 0.0260614 -0.00526745 -0.00196899 0.0305603 -0.00760712 -0.00206547 0.0309735 -0.00636313 -0.00256471 0.0369415 -0.00515323 0.00116387 0.0309964 -0.00685536 0.00285039 0.0315849 -0.00636313 -0.00256471 0.0369415 -0.00899432 0.00164668 0.0318374 -0.00685536 0.00285039 0.0315849 -0.00981365 -0.00139757 0.0315557 -0.00760712 -0.00206547 0.0309735 -0.0109865 0.00360764 0.0269811 -0.00765241 0.00552689 0.0264081 -0.0087266 0.00633212 0.02104 -0.0127346 0.00398887 0.0219176 -0.0121876 -0.00112131 0.0269083 -0.0140815 -0.00153581 0.0222125 -0.00982871 -0.00285648 0.0212813 -0.00870138 -0.00221442 0.0260614 -0.0175146 0.00416067 0.0284216 -0.0202289 0.00764555 0.0231014 -0.0168162 0.00437949 0.0231014 -0.0203278 0.0068403 0.028575 -0.0175352 -0.000707794 0.0280937 -0.016815 -0.00131457 0.0231014 -0.0213571 -0.00154298 0.0231014 -0.0212783 -0.000900958 0.0280119 -0.0188877 -0.000655391 0.0331414 -0.02126 -0.00075202 0.0330444 -0.0213213 -0.00125126 0.0391404 -0.0188694 0.0024775 0.0335918 -0.0213213 -0.00125126 0.0391404 -0.0206564 0.00416387 0.0338026 -0.0206564 0.00416387 0.0338026 -0.0227984 0.00295994 0.0335918 -0.0235385 -8.43445e-005 0.0331414 -0.02126 -0.00075202 0.0330444 -0.0212783 -0.000900958 0.0280119 -0.0248635 0.000192012 0.0280937 -0.0213571 -0.00154298 0.0231014 -0.0257091 -0.000222509 0.0231014 -0.0243304 0.00530212 0.0231014 -0.0237057 0.00492084 0.0284216 -0.0202289 0.00764555 0.0231014 -0.0203278 0.0068403 0.028575 -0.0145528 0.014911 -0.00253584 -0.0194653 0.0138647 0.00100166 -0.0192288 0.0157892 -0.000664053 -0.0129685 0.0113919 -0.000802229 -0.0127265 0.0143355 -0.00768896 -0.01171 0.00856968 -0.0075074 -0.0147005 0.0141978 -0.0132448 -0.0147855 0.00530146 -0.0155351 -0.0193641 0.0146892 -0.0152142 -0.0205584 0.0049626 -0.0178031 -0.0198452 0.0107709 0.0040737 -0.0129808 0.00773471 0.00228958 -0.0200408 0.00917786 0.00866204 -0.0117064 0.00664652 0.00798535 -0.00945299 0.00403161 0.00729577 -0.0109584 0.00448683 -0.000755856 -0.0075631 0.0050246 0.01423 -0.00997384 0.00676361 0.0153125 -0.0106927 0.00447566 -0.00621566 -0.00905027 0.00835835 0.018615 -0.00480538 0.00570835 0.0176792 -0.00411307 0.000591353 0.0175039 -0.00653202 0.000667786 0.0133639 -0.00594002 -0.00366873 0.0178801 -0.00827369 -0.00331241 0.0145507 -0.00861324 0.000494088 0.00570629 -0.0104711 -0.00284198 0.00511411 -0.0107533 0.00146218 -0.00347073 -0.011689 -0.00146341 -0.00585686 -0.0147361 -0.00181064 -0.0139488 -0.0107833 -0.00442829 0.0180403 -0.013267 0.00678627 0.0195389 -0.0139552 0.00624368 0.016707 -0.015618 0.00198487 0.0197608 -0.00539138 0.00306586 0.0203097 -0.00539018 -0.00262819 0.0203095 -0.0087266 0.00633212 0.02104 -0.00982871 -0.00285648 0.0212813 -0.00539018 -0.00262819 0.0203095 -0.0127346 0.00398887 0.0219176 -0.0140815 -0.00153581 0.0222125 -0.0160371 -0.00253406 0.0197305 -0.0156052 -0.00402293 -0.00791243 -0.0217005 -0.00433913 -0.00929424 -0.0215157 -0.00283436 -0.0158476 -0.0129876 -0.00378798 0.00511411 -0.0215275 -0.00293019 0.00511411 -0.0160371 -0.00253406 0.0197305 -0.0215771 -0.00333413 0.0197245 -0.016815 -0.00131457 0.0231014 -0.0213571 -0.00154298 0.0231014 -0.0140815 -0.00153581 0.0222125 -0.0215157 -0.00283436 -0.0158476 -0.0150403 0.00634159 0.0148381 -0.0200174 0.00936833 0.0169537 -0.015963 0.00705955 0.0174587 -0.015618 0.00198487 0.0197608 -0.0158963 0.00760217 0.0206649 -0.0200174 0.00936833 0.0169537 -0.015618 0.00198487 0.0197608 -0.0168162 0.00437949 0.0231014 -0.0202289 0.00764555 0.0231014 -0.0199508 0.00991093 0.02067 -0.0200174 0.00936833 0.0169537 -0.016815 -0.00131457 0.0231014 -0.015618 0.00198487 0.0197608 -0.015618 0.00198487 0.0197608 -0.0160371 -0.00253406 0.0197305 -0.00539018 -0.00262819 0.0203095 -0.0317843 0.00887633 0.0211806 -0.0361942 0.0061518 0.0257584 -0.0358153 0.00653308 0.020415 -0.0329029 0.00807108 0.0265397 -0.0372704 0.00142296 0.0252201 -0.0371699 0.00100844 0.0201578 -0.0328927 -0.000312265 0.0209701 -0.0337315 0.000329799 0.0258092 -0.0369105 0.00114666 0.0304264 -0.0346525 0.000478734 0.0307566 -0.0358501 -2.04941e-005 0.036734 -0.0362676 0.00419087 0.031007 -0.0358501 -2.04941e-005 0.036734 -0.0342011 0.00539458 0.0316141 -0.0324046 0.0037081 0.0317406 -0.0342011 0.00539458 0.0316141 -0.0323385 0.000575226 0.0312948 -0.0346525 0.000478734 0.0307566 -0.0301087 0.0053913 0.0269141 -0.0329029 0.00807108 0.0265397 -0.0317843 0.00887633 0.0211806 -0.02843 0.0056101 0.0218177 -0.030068 0.00052275 0.0265882 -0.028429 -8.40356e-005 0.0218179 -0.0328927 -0.000312265 0.0209701 -0.0337315 0.000329799 0.0258092 -0.0239784 0.0160683 -0.00253584 -0.0194653 0.0138647 0.00100166 -0.0263672 0.0130371 -0.000802229 -0.0192288 0.0157892 -0.000664053 -0.0258892 0.0159517 -0.00768896 -0.0282321 0.0105983 -0.0075074 -0.0240076 0.0153406 -0.0132448 -0.0260386 0.00668317 -0.0155351 -0.0193641 0.0146892 -0.0152142 -0.0205584 0.0049626 -0.0178031 -0.0198452 0.0107709 0.0040737 -0.0272402 0.00948553 0.00228958 -0.0200408 0.00917786 0.00866204 -0.0287401 0.00873798 0.00798535 -0.031559 0.00674588 0.00729577 -0.0299883 0.00682341 -0.000755856 -0.0305943 0.00929663 0.0154401 -0.034145 0.00870473 0.0142142 -0.0358132 0.00937169 0.0179274 -0.0377053 0.00457934 0.0175444 -0.0354028 0.00429293 0.0133386 -0.0310408 0.0108914 0.0188401 -0.0369357 -5.40121e-006 0.0176669 -0.0346316 -4.20253e-005 0.0142859 -0.0332295 0.00351663 0.00570629 -0.0322341 -0.000169824 0.00511411 -0.0309189 0.00393822 -0.00347073 -0.0307188 0.000873155 -0.00585686 -0.0324094 -0.00189528 0.0176314 -0.0272997 0.00832167 0.0195513 -0.0268214 0.00777911 0.0166764 -0.0260723 0.0032685 0.0197608 -0.0255788 0.0076356 0.0148381 -0.0260723 0.0032685 0.0197608 -0.0200174 0.00936833 0.0169537 -0.02451 0.00810898 0.0174587 -0.0260723 0.0032685 0.0197608 -0.0244433 0.0086516 0.0206649 -0.0200174 0.00936833 0.0169537 -0.0243304 0.00530212 0.0231014 -0.0202289 0.00764555 0.0231014 -0.0199508 0.00991093 0.02067 -0.0200174 0.00936833 0.0169537 -0.0260723 0.0032685 0.0197608 -0.0257091 -0.000222509 0.0231014 -0.0260723 0.0032685 0.0197608 -0.0267589 -0.00121757 0.0197305 -0.0302489 0.00687682 -0.00621566 -0.0278463 -0.000200907 -0.0139488 -0.0215157 -0.00283436 -0.0158476 -0.0275382 -0.00255773 -0.00791243 -0.0217005 -0.00433913 -0.00929424 -0.0215157 -0.00283436 -0.0158476 -0.0300213 -0.0016965 0.00511411 -0.0215275 -0.00293019 0.00511411 -0.0267589 -0.00121757 0.0197305 -0.0215771 -0.00333413 0.0197245 -0.0257091 -0.000222509 0.0231014 -0.0213571 -0.00154298 0.0231014 -0.028429 -8.40356e-005 0.0218179 -0.0328927 -0.000312265 0.0209701 -0.0371699 0.00100844 0.0201578 -0.0371699 0.00100844 0.0201578 -0.0358153 0.00653308 0.020415 -0.0371699 0.00100844 0.0201578 -0.0317843 0.00887633 0.0211806 -0.02843 0.0056101 0.0218177 -0.028429 -8.40356e-005 0.0218179 -0.0267589 -0.00121757 0.0197305 0 0.0806442 0.00483265 -0.00514728 0.0919952 0.00674467 0 0.0919952 0.00751505 -0.00837743 0.0814583 0.00862221 -0.0103717 0.0919952 0.00317292 -0.0148378 0.0848967 0.0041083 -0.0135928 0.0920397 -0.000272715 -0.0169292 0.0863023 0.000330893 -0.0179517 0.087215 -0.00324942 -0.014449 0.0919952 -0.0039622 -0.0205561 0.0764042 0.000806351 -0.0183039 0.0754042 0.0048988 -0.0213244 0.0677807 0.000995276 -0.0199133 0.0674266 0.00533484 -0.0238958 0.0684581 -0.00302986 -0.0230697 0.0771609 -0.00306385 -0.0199514 0.0591401 0.000479328 -0.0174555 0.0587441 0.00507047 -0.0199647 0.054278 0.00250126 -0.0214835 0.0549806 -0.0030911 -0.0223138 0.0593471 -0.00336151 -0.0210386 0.0545168 -0.00453286 -0.0220253 0.0484411 -0.00341353 -0.0218412 0.0592437 -0.00604777 -0.0200747 0.0471345 0.00284874 -0.0142066 0.053422 0.00486771 -0.0150832 0.0462811 0.00733189 -0.0100335 0.0459016 0.00284874 -0.00973391 0.053405 0.00368226 -0.011207 0.0580687 0.00616499 -0.00829198 0.0575363 0.00248209 -0.00596567 0.0643606 0.00444198 -0.00668117 0.056926 0.000220379 -0.0100792 0.0655775 0.00797822 -0.0156465 0.0416933 0.00599757 -0.0226984 0.0378648 0.00110045 -0.0258709 0.0400233 -0.0045655 -0.0232687 0.0414729 -0.0120445 -0.0197317 0.0491655 -0.00862178 -0.0166286 0.0413903 -0.0143914 -0.0151489 0.0490195 -0.0106842 -0.0192237 0.0541591 -0.0102916 -0.0144845 0.0538183 -0.0122592 -0.00973663 0.0532968 -0.00978667 -0.0102053 0.0479956 -0.00862178 -0.0191667 0.058973 -0.0111641 -0.0139455 0.0585704 -0.0134752 -0.0131637 0.0661454 -0.0147986 -0.0203144 0.0675013 -0.0121788 -0.0119939 0.0728355 -0.0157615 -0.0190283 0.075123 -0.0131663 -0.0235215 0.0682214 -0.00726816 -0.0230334 0.0767888 -0.0075822 -0.00488198 0.0699945 -0.0129274 -0.00633042 0.0644101 -0.012125 -0.00842554 0.0578086 -0.0107851 -0.0174238 0.080341 -0.0128123 -0.0211138 0.0821174 -0.00773763 -0.0179633 0.0873569 -0.00789302 -0.0111472 0.0919952 -0.0125472 -0.0146098 0.0873577 -0.0128041 -0.0074171 0.0870646 -0.0171633 -0.00548762 0.0919952 -0.0156082 0 0.0870953 -0.016565 0 0.0919952 -0.0155458 -0.0026465 0.0812696 -0.0164056 -0.00978398 0.0813412 -0.0182468 0 0.0812208 -0.0161248 -0.0129274 0.0842256 -0.0162038 -0.010954 0.0772124 -0.0163469 -0.0111476 0.0764388 -0.015268 -0.00429349 0.0751685 -0.0149541 -0.00437678 0.0745627 -0.0138453 -0.00399501 0.0775594 -0.0167022 -0.00343223 0.0749483 -0.00944392 0 0.076931 -0.0136686 0 0.0812208 -0.0161248 0 0.0746409 -0.0099311 0 0.076931 -0.0136686 0 0.074088 -0.00485808 -0.00343223 0.0749483 -0.00944392 -0.00208088 0.0731611 -0.00425018 0 0.0746409 -0.0099311 0 0.0745068 0.0042638 -0.00317317 0.0738274 0.00392951 -0.00128279 0.0690646 0.000412874 -0.00419303 0.0705998 0.00539339 -0.00461396 0.0779719 0.00596918 0 0.0745068 0.0042638 -0.00290068 0.0634136 0.000415376 -0.00233654 0.0688393 -0.00844055 -0.0031702 0.0637113 -0.00675185 -0.00907555 0.0722658 0.0084045 -0.0151609 0.0666186 0.00833669 -0.0145049 0.0741525 0.00850532 -0.0148535 0.058846 0.00725066 -0.00633042 0.0644101 -0.012125 -0.00488198 0.0699945 -0.0129274 -0.00842554 0.0578086 -0.0107851 -0.00590682 0.0571307 -0.00503692 -0.00973663 0.0532968 -0.00978667 -0.00711533 0.053149 -0.00355536 -0.0102053 0.0479956 -0.00862178 -0.00782477 0.0466974 -0.00341353 -0.00866737 0.0522221 6.3451e-005 -0.00952754 0.0397858 -0.0120445 -0.00742945 0.0377591 -0.0045655 -0.01103 0.0364322 0.00110045 -0.00976932 0.0267208 -0.00680047 -0.0122864 0.0257322 -0.00144218 -0.0115083 0.0284145 -0.0144238 -0.016812 0.0364094 0.00344736 -0.0179912 0.0258704 0.00108594 -0.02356 0.0271165 -0.00144218 -0.0257632 0.0286845 -0.00680047 -0.0236686 0.0299075 -0.0144238 -0.0175192 0.0297147 -0.016952 -0.00952754 0.0397858 -0.0120445 -0.0115083 0.0284145 -0.0144238 -0.0184601 0.0220518 -0.0150143 -0.0135274 0.0214654 -0.0128892 -0.0232459 0.0227395 -0.0023872 -0.0184456 0.0221693 -0.000262108 -0.0233888 0.0226762 -0.0128892 -0.0252478 0.0229276 -0.00728569 -0.0192288 0.0157892 -0.000664053 -0.0239784 0.0160683 -0.00253584 -0.0258892 0.0159517 -0.00768896 -0.0240076 0.0153406 -0.0132448 -0.0193641 0.0146892 -0.0152142 -0.0147005 0.0141978 -0.0132448 -0.01365 0.0215613 -0.0023872 -0.0116613 0.0212594 -0.00728569 -0.0135274 0.0214654 -0.0128892 -0.0145528 0.014911 -0.00253584 -0.0127265 0.0143355 -0.00768896 -0.0147005 0.0141978 -0.0132448 -0.00773544 0.0550327 0.000140519 -0.00429349 0.0751685 -0.0149541 -0.00437678 0.0745627 -0.0138453 0.0166758 0.0365935 -0.0150854 0.0124105 0.0373383 -0.0129358 0.0165044 0.0379898 -0.0133091 0.0122335 0.0358808 -0.0146654 0.00886338 0.0345882 -0.0124615 0.00952101 0.0362359 -0.0110605 0.00706524 0.0329143 -0.00881682 0.00795398 0.0347612 -0.00784433 0.00710438 0.0349133 -0.0138193 0.00484726 0.0328409 -0.00931601 0.00600133 0.0368869 -0.0137771 0.00351513 0.0346146 -0.00884362 0.0114358 0.0365857 -0.0166798 0.0108143 0.0387492 -0.0169664 0.016301 0.0396461 -0.017526 0.0165742 0.0374211 -0.0171929 0.00782437 0.0337264 -0.00528828 0.0069928 0.0316809 -0.00574518 0.00807811 0.033018 -0.00343378 0.00766437 0.0308099 -0.00335392 0.00943384 0.0327391 -0.0025877 0.00991177 0.0305562 -0.00228103 0.00641513 0.0300098 -0.00173254 0.010465 0.0298115 -0.000226693 0.00557261 0.0314193 -0.000195133 0.00359811 0.0327894 -0.00423974 0.00487985 0.0312128 -0.00522219 0.0105408 0.0312494 0.00152325 0.00440263 0.036462 -0.00787227 0.00600133 0.0368869 -0.0137771 0.00665975 0.0385346 -0.0123755 0.00351513 0.0346146 -0.00884362 0.00662066 0.0365351 -0.00737326 0.0084188 0.038209 -0.011018 0.00952101 0.0362359 -0.0110605 0.00795398 0.0347612 -0.00784433 0.0109912 0.0402069 -0.0152361 0.0108143 0.0387492 -0.0169664 0.016301 0.0396461 -0.017526 0.0161296 0.0410423 -0.0157492 0.0124105 0.0373383 -0.0129358 0.0117889 0.0395016 -0.0132218 0.0162312 0.0402146 -0.0136419 0.0165044 0.0379898 -0.0133091 0.00443522 0.0348338 -0.00377848 0.00359811 0.0327894 -0.00423974 0.0059705 0.0336311 -0.000288806 0.00557261 0.0314193 -0.000195133 0.0100628 0.0334327 0.00121629 0.0105408 0.0312494 0.00152325 0.00950958 0.034177 -0.000838223 0.0072198 0.0344307 -0.00191035 0.00654822 0.0353017 -0.00430162 0.00807811 0.033018 -0.00343378 0.00782437 0.0337264 -0.00528828 0.00943384 0.0327391 -0.0025877 0.0072198 0.0344307 -0.00191035 0.0072198 0.0344307 -0.00191035 0.0172528 0.031894 -0.0174081 0.0129856 0.032655 -0.0152681 0.0170798 0.0333035 -0.0156425 0.0128101 0.0311841 -0.0169868 0.00943798 0.0299085 -0.0147763 0.0100943 0.0315669 -0.0133872 0.00793532 0.0282992 -0.0111207 0.00879003 0.0301493 -0.0101614 0.00853549 0.0290698 -0.0074724 0.00772465 0.0270137 -0.00788924 0.0089965 0.0284503 -0.00573761 0.00860938 0.0262461 -0.00564137 0.00994456 0.0281346 -0.00488798 0.0104222 0.025954 -0.00456425 0.00741114 0.0254648 -0.0040151 0.0109737 0.0252249 -0.00250375 0.00659328 0.0268889 -0.00248925 0.00438892 0.0281117 -0.00632033 0.0056515 0.0265349 -0.00731459 0.0110481 0.0266761 -0.000764718 0.0044845 0.0300114 -0.0111637 0.00578396 0.0282298 -0.0116213 0.00768025 0.0302232 -0.0161381 0.00657718 0.032197 -0.016112 0.0120143 0.0318737 -0.0190072 0.0113931 0.0340352 -0.0193109 0.0168804 0.0349278 -0.0198721 0.0171532 0.0327053 -0.0195219 0.0044845 0.0300114 -0.0111637 0.0072343 0.0338554 -0.0147223 0.00533799 0.031862 -0.0102056 0.00657718 0.032197 -0.016112 0.00520555 0.0301668 -0.00589885 0.00438892 0.0281117 -0.00632033 0.00696516 0.029097 -0.00259936 0.00659328 0.0268889 -0.00248925 0.0105702 0.0288569 -0.00108874 0.0110481 0.0266761 -0.000764718 0.0100188 0.0295857 -0.00314942 0.00816348 0.0298778 -0.00422577 0.00994456 0.0281346 -0.00488798 0.0089965 0.0284503 -0.00573761 0.00727873 0.0306454 -0.00647365 0.00853549 0.0290698 -0.0074724 0.00748942 0.0319308 -0.00970509 0.00879003 0.0301493 -0.0101614 0.0100943 0.0315669 -0.0133872 0.00899206 0.0335402 -0.0133607 0.0129856 0.032655 -0.0152681 0.0123642 0.0348158 -0.0155712 0.0115684 0.0355059 -0.0175915 0.0113931 0.0340352 -0.0193109 0.0168804 0.0349278 -0.0198721 0.0167073 0.0363375 -0.0181061 0.0168069 0.0355255 -0.0159925 0.0170798 0.0333035 -0.0156425 0.0186272 0.0207004 -0.0152738 0.0146406 0.0182342 -0.0152488 0.0148673 0.0202387 -0.0142239 0.0188663 0.0187531 -0.0164086 0.0116629 0.0178696 -0.0121675 0.0124228 0.0199405 -0.0116101 0.0114614 0.0198175 -0.00875025 0.0106884 0.0177475 -0.00864613 0.0113427 0.019865 -0.00777418 0.0110084 0.0178172 -0.00694472 0.0114573 0.0198235 -0.00684853 0.00966455 0.0176222 -0.0132788 0.00867341 0.0175034 -0.00844093 0.0110084 0.0178172 -0.00694472 0.0097713 0.0176032 -0.00522887 0.0118548 0.0178637 -0.0057957 0.0110084 0.0178172 -0.00694472 0.00742798 0.0193289 -0.00833951 0.00886605 0.0194366 -0.00433931 0.0097713 0.0176032 -0.00522887 0.0121758 0.0178311 -0.00355686 0.0120999 0.0197581 -0.002367 0.0097713 0.0176032 -0.00522887 0.00842259 0.0194453 -0.0138345 0.0137106 0.0181201 -0.0172953 0.0130058 0.0200103 -0.0183204 0.0188663 0.0187531 -0.0186742 0.0186272 0.0207004 -0.0198089 0.00918246 0.0215163 -0.0132771 0.00742798 0.0193289 -0.00833951 0.00842259 0.0194453 -0.0138345 0.00820092 0.0213989 -0.00844372 0.00920039 0.0214843 -0.00516799 0.0102159 0.021643 -0.00864895 0.0104377 0.0216983 -0.0068837 0.0111809 0.0217637 -0.0121658 0.0114614 0.0198175 -0.00875025 0.0113427 0.019865 -0.00777418 0.0104377 0.0216983 -0.0068837 0.0114573 0.0198235 -0.00684853 0.00920039 0.0214843 -0.00516799 0.00886605 0.0194366 -0.00433931 0.0117024 0.0217178 -0.00341981 0.0120999 0.0197581 -0.002367 0.0113814 0.0217505 -0.00565866 0.0104377 0.0216983 -0.0068837 0.00920039 0.0214843 -0.00516799 0.0124228 0.0199405 -0.0116101 0.0148673 0.0202387 -0.0142239 0.0141625 0.0221289 -0.0152489 0.0132325 0.0220148 -0.0172954 0.0130058 0.0200103 -0.0183204 0.0183881 0.0226478 -0.0186742 0.0186272 0.0207004 -0.0198089 0.0186272 0.0207004 -0.0152738 0.0183881 0.0226478 -0.0164086 0.0192406 0.0157048 -0.0153793 0.0152539 0.0132386 -0.0153544 0.0154807 0.015243 -0.0143295 0.0194797 0.0137575 -0.0165141 0.0122763 0.0128739 -0.0122731 0.0130361 0.0149449 -0.0117157 0.0120748 0.0148218 -0.00885579 0.0113018 0.0127518 -0.00875167 0.0119561 0.0148694 -0.00787971 0.0116217 0.0128215 -0.00705025 0.0120152 0.0148279 -0.00695307 0.0102779 0.0126265 -0.0133843 0.0092868 0.0125077 -0.00854646 0.0116217 0.0128215 -0.00705025 0.0103847 0.0126075 -0.00533438 0.0124126 0.0128681 -0.00590027 0.0116217 0.0128215 -0.00705025 0.00804136 0.0143332 -0.00844504 0.00947946 0.014441 -0.00444485 0.0103847 0.0126075 -0.00533438 0.0127337 0.0128354 -0.00366141 0.0126578 0.0147625 -0.00247156 0.0103847 0.0126075 -0.00533438 0.00903597 0.0144497 -0.01394 0.014324 0.0131245 -0.0174009 0.0136192 0.0150147 -0.0184259 0.0194797 0.0137575 -0.0187797 0.0192406 0.0157048 -0.0199145 0.00979584 0.0165206 -0.0133826 0.00804136 0.0143332 -0.00844504 0.00903597 0.0144497 -0.01394 0.00881431 0.0164032 -0.00854926 0.00981377 0.0164886 -0.00527352 0.0108293 0.0166473 -0.00875449 0.0110511 0.0167026 -0.00698924 0.0117942 0.016768 -0.0122713 0.0120748 0.0148218 -0.00885579 0.0119561 0.0148694 -0.00787971 0.0110511 0.0167026 -0.00698924 0.0120152 0.0148279 -0.00695307 0.00981377 0.0164886 -0.00527352 0.00947946 0.014441 -0.00444485 0.0122603 0.0167222 -0.00352438 0.0126578 0.0147625 -0.00247156 0.0119393 0.0167549 -0.00576321 0.0110511 0.0167026 -0.00698924 0.00981377 0.0164886 -0.00527352 0.0130361 0.0149449 -0.0117157 0.0154807 0.015243 -0.0143295 0.0147759 0.0171332 -0.0153544 0.0138459 0.0170191 -0.0174009 0.0136192 0.0150147 -0.0184259 0.0190015 0.0176521 -0.0187797 0.0192406 0.0157048 -0.0199145 0.0192406 0.0157048 -0.0153793 0.0190015 0.0176521 -0.0165141 0.0206342 0.0383482 -0.0129358 0.0166758 0.0365935 -0.0150854 0.0165044 0.0379898 -0.0133091 0.0211587 0.0369766 -0.0146654 0.0247413 0.0365379 -0.0124615 0.0237046 0.0379773 -0.0110605 0.026891 0.0353487 -0.00881682 0.0255819 0.0369258 -0.00784433 0.0263695 0.0372788 -0.0138193 0.0290609 0.035814 -0.00931601 0.0269624 0.0394604 -0.0137771 0.0299242 0.0378572 -0.00884362 0.0217621 0.0378536 -0.0166798 0.0218417 0.0401033 -0.0169664 0.016301 0.0396461 -0.017526 0.0165742 0.0374211 -0.0171929 0.025958 0.0359529 -0.00528828 0.0272598 0.0341694 -0.00574518 0.0258831 0.0352041 -0.00343378 0.0268188 0.0331617 -0.00335392 0.0247574 0.0348071 -0.0025609 0.0294231 0.0342262 -0.00522219 0.0282245 0.0326878 -0.00173254 0.0302854 0.0360662 -0.00423974 0.028701 0.034259 -0.000195133 0.0244086 0.0316931 -0.000202307 0.024024 0.033069 0.00154683 0.0247751 0.032562 -0.00225504 0.0268188 0.0331617 -0.00335392 0.0268188 0.0331617 -0.00335392 0.0286161 0.039435 -0.00787227 0.0269624 0.0394604 -0.0137771 0.0299242 0.0378572 -0.00884362 0.0259248 0.0409001 -0.0123755 0.0264465 0.0389694 -0.00737326 0.0242967 0.0401587 -0.011018 0.0237046 0.0379773 -0.0110605 0.0255819 0.0369258 -0.00784433 0.0213175 0.0414749 -0.0152361 0.0218417 0.0401033 -0.0169664 0.016301 0.0396461 -0.017526 0.0161296 0.0410423 -0.0157492 0.0206342 0.0383482 -0.0129358 0.0207141 0.0405973 -0.0132218 0.0162312 0.0402146 -0.0136419 0.0165044 0.0379898 -0.0133091 0.0289784 0.0378475 -0.00377848 0.0302854 0.0360662 -0.00423974 0.0277797 0.036309 -0.000288806 0.028701 0.034259 -0.000195133 0.0240064 0.0353144 0.00124068 0.024024 0.033069 0.00154683 0.0243729 0.0361828 -0.000812228 0.0263741 0.0367825 -0.00191035 0.0247574 0.0348071 -0.0025609 0.0258831 0.0352041 -0.00343378 0.026815 0.0377901 -0.00430162 0.025958 0.0359529 -0.00528828 0.0212093 0.0336647 -0.0152681 0.0172528 0.031894 -0.0174081 0.0170798 0.0333035 -0.0156425 0.0217353 0.0322801 -0.0169868 0.0253159 0.031858 -0.0147763 0.0242779 0.0333083 -0.0133872 0.0271633 0.0306601 -0.0111207 0.0258864 0.0322483 -0.0101614 0.0263944 0.0312626 -0.0074724 0.0276786 0.0294637 -0.00788924 0.026097 0.0305499 -0.00573761 0.027006 0.0285049 -0.00564137 0.0252681 0.0302026 -0.00486118 0.0252855 0.0279598 -0.00453827 0.0283576 0.0280368 -0.0040151 0.0249173 0.0271066 -0.00247937 0.0288066 0.0296164 -0.00248925 0.0306497 0.031336 -0.00632033 0.0298061 0.0295006 -0.00731459 0.0245313 0.0284958 -0.000741136 0.0300975 0.0331561 -0.0111637 0.0292674 0.0311132 -0.0116213 0.0269453 0.0325887 -0.0161381 0.0275382 0.0347706 -0.016112 0.0223406 0.0331417 -0.0190072 0.0224205 0.0353893 -0.0193109 0.0168804 0.0349278 -0.0198721 0.0171532 0.0327053 -0.0195219 0.0264993 0.0362209 -0.0147223 0.0300975 0.0331561 -0.0111637 0.0288216 0.0347454 -0.0102056 0.0275382 0.0347706 -0.016112 0.0293601 0.0331328 -0.00589885 0.0306497 0.031336 -0.00632033 0.0279116 0.0316687 -0.00259936 0.0288066 0.0296164 -0.00248925 0.0245139 0.0307388 -0.00106436 0.0245313 0.0284958 -0.000741136 0.0248821 0.0315915 -0.00312341 0.02656 0.0321366 -0.00422577 0.0252681 0.0302026 -0.00486118 0.026097 0.0305499 -0.00573761 0.0272329 0.0330954 -0.00647365 0.0263944 0.0312626 -0.0074724 0.0267175 0.0342915 -0.00970509 0.0258864 0.0322483 -0.0101614 0.0242779 0.0333083 -0.0133872 0.02487 0.0354896 -0.0133607 0.0212093 0.0336647 -0.0152681 0.0212894 0.0359118 -0.0155712 0.0218947 0.0367739 -0.0175915 0.0224205 0.0353893 -0.0193109 0.0168804 0.0349278 -0.0198721 0.0167073 0.0363375 -0.0181061 0.0168069 0.0355255 -0.0159925 0.0170798 0.0333035 -0.0156425 0.0186272 0.0207004 -0.0152738 0.0230921 0.0192719 -0.0152488 0.0188663 0.0187531 -0.0164086 0.0223872 0.021162 -0.0142239 0.0260695 0.0196385 -0.0121675 0.0248312 0.0214641 -0.0116101 0.025794 0.0215773 -0.00875025 0.0270447 0.0197558 -0.00864613 0.0258976 0.0216522 -0.00777418 0.0267172 0.019746 -0.00694472 0.0256235 0.0217353 -0.00682374 0.0280683 0.0198819 -0.0132788 0.0290589 0.0200064 -0.00844093 0.0267172 0.019746 -0.00694472 0.0279695 0.0198377 -0.00522887 0.0256723 0.0197285 -0.00577154 0.0267172 0.019746 -0.00694472 0.0298257 0.022079 -0.00833951 0.0279695 0.0198377 -0.00522887 0.0284043 0.0218356 -0.00433931 0.0253751 0.0196124 -0.00353377 0.0250283 0.0215029 -0.00234439 0.0279695 0.0198377 -0.00522887 0.0288323 0.0219513 -0.0138345 0.0240221 0.0193862 -0.0172953 0.0242486 0.0213908 -0.0183204 0.0188663 0.0187531 -0.0186742 0.0186272 0.0207004 -0.0198089 0.0298257 0.022079 -0.00833951 0.0275941 0.0237769 -0.0132771 0.0288323 0.0219513 -0.0138345 0.028575 0.0239005 -0.00844372 0.0275844 0.0237416 -0.00516799 0.0265608 0.0236498 -0.00864895 0.0263319 0.0236499 -0.0068837 0.0255951 0.0235335 -0.0121658 0.025794 0.0215773 -0.00875025 0.0258976 0.0216522 -0.00777418 0.0263319 0.0236499 -0.0068837 0.0256235 0.0217353 -0.00682374 0.0275844 0.0237416 -0.00516799 0.0284043 0.0218356 -0.00433931 0.0249793 0.0235097 -0.00339659 0.0250283 0.0215029 -0.00234439 0.0252766 0.0236258 -0.00563435 0.0263319 0.0236499 -0.0068837 0.0275844 0.0237416 -0.00516799 0.0248312 0.0214641 -0.0116101 0.0223872 0.021162 -0.0142239 0.0226138 0.0231666 -0.0152489 0.0235437 0.0232809 -0.0172954 0.0242486 0.0213908 -0.0183204 0.0183881 0.0226478 -0.0186742 0.0186272 0.0207004 -0.0198089 0.0186272 0.0207004 -0.0152738 0.0183881 0.0226478 -0.0164086 0.0192406 0.0157048 -0.0153793 0.0237055 0.0142763 -0.0153544 0.0194797 0.0137575 -0.0165141 0.0230006 0.0161664 -0.0143295 0.026683 0.0146428 -0.0122731 0.0254447 0.0164685 -0.0117157 0.0264074 0.0165816 -0.00885579 0.0276581 0.0147601 -0.00875167 0.026511 0.0166565 -0.00787971 0.0273307 0.0147504 -0.00705025 0.0261813 0.0167397 -0.00692831 0.0286817 0.0148862 -0.0133843 0.0296723 0.0150108 -0.00854646 0.0273307 0.0147504 -0.00705025 0.0285829 0.014842 -0.00533438 0.0262303 0.0147329 -0.00587611 0.0273307 0.0147504 -0.00705025 0.0304391 0.0170833 -0.00844504 0.0285829 0.014842 -0.00533438 0.0290177 0.01684 -0.00444485 0.0259329 0.0146167 -0.00363832 0.0255862 0.0165072 -0.00244895 0.0285829 0.014842 -0.00533438 0.0294457 0.0169557 -0.01394 0.0246355 0.0143906 -0.0174009 0.024862 0.0163951 -0.0184259 0.0194797 0.0137575 -0.0187797 0.0192406 0.0157048 -0.0199145 0.0304391 0.0170833 -0.00844504 0.0282075 0.0187813 -0.0133826 0.0294457 0.0169557 -0.01394 0.0291884 0.0189048 -0.00854926 0.0281978 0.0187459 -0.00527352 0.0271742 0.0186542 -0.00875449 0.0269453 0.0186542 -0.00698924 0.0262087 0.0185379 -0.0122713 0.0264074 0.0165816 -0.00885579 0.026511 0.0166565 -0.00787971 0.0269453 0.0186542 -0.00698924 0.0261813 0.0167397 -0.00692831 0.0281978 0.0187459 -0.00527352 0.0290177 0.01684 -0.00444485 0.0255372 0.018514 -0.00350114 0.0255862 0.0165072 -0.00244895 0.0258346 0.0186301 -0.00573893 0.0269453 0.0186542 -0.00698924 0.0281978 0.0187459 -0.00527352 0.0254447 0.0164685 -0.0117157 0.0230006 0.0161664 -0.0143295 0.0232272 0.0181709 -0.0153544 0.0241571 0.0182852 -0.0174009 0.024862 0.0163951 -0.0184259 0.0190015 0.0176521 -0.0187797 0.0192406 0.0157048 -0.0199145 0.0192406 0.0157048 -0.0153793 0.0190015 0.0176521 -0.0165141 0.00675884 0.0358534 -0.00135296 0.00665701 0.0397243 0.00633456 0.00894146 0.0330705 0.00357246 0.00400728 0.0429717 -0.00018815 0.0113936 0.0366083 0.0127246 0.01214 0.0303398 0.00860326 0.0173959 0.0298021 0.0104196 0.0166385 0.0359705 0.0147581 0.011165 0.0254363 -0.000791891 0.00894146 0.0330705 0.00357246 0.0096058 0.0259044 -0.00654769 0.011165 0.0254363 -0.000791891 0.0123564 0.0149674 -0.00201074 0.0111726 0.012295 -0.00718409 0.00814614 0.00395707 -0.00390459 0.0107125 0.00976046 0.00583783 0.0122349 0.0125997 0.0149979 0.00696285 0.00402097 0.0100263 0.0134633 0.0144725 0.0100915 0.0194001 0.0134794 0.0149979 0.0191918 0.0151758 0.0100915 0.00814614 0.00395707 -0.00390459 0.00675884 0.0358534 -0.00135296 0.00793775 0.0434637 0.00033033 0.00400728 0.0429717 -0.00018815 0.0165039 0.0370675 -0.00156281 0.0156014 0.044417 0.000174264 0.0096058 0.0259044 -0.00654769 0.0177517 0.0269047 -0.00654769 0.0194211 0.0133078 -0.00718409 0.0111726 0.012295 -0.00718409 0.0110378 0.00431216 -0.00390459 0.0203848 0.00545983 -0.00390459 0.00814614 0.00395707 -0.00390459 0.00665701 0.0397243 0.00633456 0.00793775 0.0434637 0.00033033 0.00919373 0.0403454 0.00585401 0.00400728 0.0429717 -0.00018815 0.0113936 0.0366083 0.0127246 0.0128446 0.0375128 0.0113912 0.0165368 0.0367988 0.0133216 0.0166385 0.0359705 0.0147581 0.0156014 0.044417 0.000174264 0.00924603 0.0473047 0.00392763 0.00793775 0.0434637 0.00033033 0.0210695 0.0487563 0.00392763 0.0232681 0.0453459 0.00033033 0.0174081 0.0537804 0.00895017 0.0111117 0.0530644 0.00895017 0.0139034 0.058196 0.0131767 0.00924603 0.0473047 0.00392763 0.00919373 0.0403454 0.00585401 0.00793775 0.0434637 0.00033033 0.0100954 0.045215 0.00779638 0.0111117 0.0530644 0.00895017 0.0119367 0.0521942 0.0106593 0.0139034 0.058196 0.0131767 0.0132153 0.0513822 0.0130359 0.0128961 0.0433073 0.0124777 0.0147573 0.0511327 0.014287 0.0139034 0.058196 0.0131767 0.0157869 0.0429062 0.0140325 0.0128446 0.0375128 0.0113912 0.0165368 0.0367988 0.0133216 0.0184901 0.0439941 0.0124777 0.0199345 0.0383832 0.0113912 0.0227947 0.0420152 0.00585401 0.0207477 0.0465229 0.00779638 0.0165368 0.0367988 0.0133216 0.0162269 0.051752 0.0130359 0.0139034 0.058196 0.0131767 0.0172714 0.052849 0.0106593 0.0139034 0.058196 0.0131767 0.0174081 0.0537804 0.00895017 0.0210695 0.0487563 0.00392763 0.0232681 0.0453459 0.00033033 0.0173959 0.0298021 0.0104196 0.0130484 0.0308737 0.0078502 0.01214 0.0303398 0.00860326 0.0172008 0.0313914 0.0077567 0.00894146 0.0330705 0.00357246 0.0104076 0.0335201 0.00306174 0.0141016 0.0252962 0.0035769 0.0104076 0.0335201 0.00306174 0.0130484 0.0308737 0.0078502 0.012051 0.0255778 -0.00107783 0.0172008 0.0313914 0.0077567 0.017892 0.0257617 0.0035769 0.0149826 0.0178139 0.00261597 0.0133045 0.0149345 -0.00225738 0.0188102 0.0182838 0.00261597 0.0122313 0.00968611 0.00571216 0.0138966 0.0141157 0.00990646 0.0192414 0.014772 0.00990646 0.0104076 0.0335201 0.00306174 0.011165 0.0254363 -0.000791891 0.00894146 0.0330705 0.00357246 0.012051 0.0255778 -0.00107783 0.011165 0.0254363 -0.000791891 0.0123564 0.0149674 -0.00201074 0.0133045 0.0149345 -0.00225738 0.0122313 0.00968611 0.00571216 0.0107125 0.00976046 0.00583783 0.0123564 0.0149674 -0.00201074 0.00814614 0.00395707 -0.00390459 0.00905172 0.00427746 0.0100263 0.0110378 0.00431216 -0.00390459 0.00696285 0.00402097 0.0100263 0.0191918 0.0151758 0.0100915 0.0138966 0.0141157 0.00990646 0.0192414 0.014772 0.00990646 0.0134633 0.0144725 0.0100915 0.0122313 0.00968611 0.00571216 0.0107125 0.00976046 0.00583783 0.0131746 0.0115571 0.0144202 0.0194001 0.0134794 0.0149979 0.0195401 0.0123387 0.0144202 0.0122349 0.0125997 0.0149979 0.00905172 0.00427746 0.0100263 0.00696285 0.00402097 0.0100263 0.0203848 0.00545983 -0.00390459 0.0131746 0.0115571 0.0144202 0.0195401 0.0123387 0.0144202 0.0110378 0.00431216 -0.00390459 0.00905172 0.00427746 0.0100263 0.0254064 0.0420263 0.00633456 0.0262407 0.0382455 -0.00135296 0.0247963 0.0350172 0.00357246 0.0272009 0.0458196 -0.00018815 0.0215612 0.0378567 0.0127246 0.0223534 0.0315938 0.00860326 0.0173959 0.0298021 0.0104196 0.0166385 0.0359705 0.0147581 0.024498 0.0270734 -0.000791891 0.0247963 0.0350172 0.00357246 0.0258976 0.0279047 -0.00654769 0.024498 0.0270734 -0.000791891 0.0258747 0.0166272 -0.00201074 0.0276697 0.0143206 -0.00718409 0.0326235 0.0069625 -0.00390459 0.0287294 0.0119727 0.00583783 0.0268547 0.0143948 0.0149979 0.0337561 0.00731078 0.0100263 0.0251505 0.0159075 0.0100915 0.0194001 0.0134794 0.0149979 0.0191918 0.0151758 0.0100915 0.0326235 0.0069625 -0.00390459 0.0232681 0.0453459 0.00033033 0.0262407 0.0382455 -0.00135296 0.0272009 0.0458196 -0.00018815 0.0165039 0.0370675 -0.00156281 0.0156014 0.044417 0.000174264 0.0258976 0.0279047 -0.00654769 0.0177517 0.0269047 -0.00654769 0.0194211 0.0133078 -0.00718409 0.0276697 0.0143206 -0.00718409 0.0301112 0.00665409 -0.00390459 0.0203848 0.00545983 -0.00390459 0.0326235 0.0069625 -0.00390459 0.0254064 0.0420263 0.00633456 0.0232681 0.0453459 0.00033033 0.0272009 0.0458196 -0.00018815 0.0227947 0.0420152 0.00585401 0.0215612 0.0378567 0.0127246 0.0199345 0.0383832 0.0113912 0.0165368 0.0367988 0.0133216 0.0166385 0.0359705 0.0147581 0.0173959 0.0298021 0.0104196 0.0213551 0.0318935 0.0078502 0.0172008 0.0313914 0.0077567 0.0223534 0.0315938 0.00860326 0.0247963 0.0350172 0.00357246 0.0232771 0.0351003 0.00306174 0.0232771 0.0351003 0.00306174 0.0218327 0.0262456 0.0035769 0.0213551 0.0318935 0.0078502 0.023604 0.0269964 -0.00107783 0.0172008 0.0313914 0.0077567 0.017892 0.0257617 0.0035769 0.0227896 0.0187725 0.00261597 0.0249626 0.0163659 -0.00225738 0.0188102 0.0182838 0.00261597 0.0272735 0.0115331 0.00571216 0.0248005 0.0154546 0.00990646 0.0192414 0.014772 0.00990646 0.0232771 0.0351003 0.00306174 0.024498 0.0270734 -0.000791891 0.023604 0.0269964 -0.00107783 0.0258747 0.0166272 -0.00201074 0.0249626 0.0163659 -0.00225738 0.0272735 0.0115331 0.00571216 0.0247963 0.0350172 0.00357246 0.024498 0.0270734 -0.000791891 0.0287294 0.0119727 0.00583783 0.0258747 0.0166272 -0.00201074 0.0326235 0.0069625 -0.00390459 0.0316672 0.00705429 0.0100263 0.0337561 0.00731078 0.0100263 0.0301112 0.00665409 -0.00390459 0.0248005 0.0154546 0.00990646 0.0191918 0.0151758 0.0100915 0.0192414 0.014772 0.00990646 0.0251505 0.0159075 0.0100915 0.0272735 0.0115331 0.00571216 0.0287294 0.0119727 0.00583783 0.0261623 0.0131518 0.0144202 0.0194001 0.0134794 0.0149979 0.0268547 0.0143948 0.0149979 0.0195401 0.0123387 0.0144202 0.0316672 0.00705429 0.0100263 0.0337561 0.00731078 0.0100263 0.0261623 0.0131518 0.0144202 0.0203848 0.00545983 -0.00390459 0.0195401 0.0123387 0.0144202 0.0301112 0.00665409 -0.00390459 0.0316672 0.00705429 0.0100263 0.0087266 0.00633212 0.02104 0.0049356 0.00284704 0.0256563 0.00539138 0.00306586 0.0203097 0.00765241 0.00552689 0.0264081 0.00502592 -0.00202144 0.0253403 0.00539018 -0.00262819 0.0203095 0.00982871 -0.00285648 0.0212813 0.00870138 -0.00221442 0.0260614 0.00526745 -0.00196899 0.0305603 0.00760712 -0.00206547 0.0309735 0.00636313 -0.00256471 0.0369415 0.00515323 0.00116387 0.0309964 0.00685536 0.00285039 0.0315849 0.00636313 -0.00256471 0.0369415 0.00899432 0.00164668 0.0318374 0.00685536 0.00285039 0.0315849 0.00981365 -0.00139757 0.0315557 0.00760712 -0.00206547 0.0309735 0.0109865 0.00360764 0.0269811 0.00765241 0.00552689 0.0264081 0.0087266 0.00633212 0.02104 0.0127346 0.00398887 0.0219176 0.0121876 -0.00112131 0.0269083 0.0140815 -0.00153581 0.0222125 0.00982871 -0.00285648 0.0212813 0.00870138 -0.00221442 0.0260614 0.0202289 0.00764555 0.0231014 0.0175146 0.00416067 0.0284216 0.0168162 0.00437949 0.0231014 0.0203278 0.0068403 0.028575 0.0175352 -0.000707794 0.0280937 0.016815 -0.00131457 0.0231014 0.0213571 -0.00154298 0.0231014 0.0212783 -0.000900958 0.0280119 0.0188877 -0.000655391 0.0331414 0.02126 -0.00075202 0.0330444 0.0213213 -0.00125126 0.0391404 0.0188694 0.0024775 0.0335918 0.0213213 -0.00125126 0.0391404 0.0206564 0.00416387 0.0338026 0.0206564 0.00416387 0.0338026 0.0227984 0.00295994 0.0335918 0.0235385 -8.43445e-005 0.0331414 0.02126 -0.00075202 0.0330444 0.0212783 -0.000900958 0.0280119 0.0248635 0.000192012 0.0280937 0.0213571 -0.00154298 0.0231014 0.0257091 -0.000222509 0.0231014 0.0243304 0.00530212 0.0231014 0.0237057 0.00492084 0.0284216 0.0202289 0.00764555 0.0231014 0.0203278 0.0068403 0.028575 0.0145528 0.014911 -0.00253584 0.0194653 0.0138647 0.00100166 0.0129685 0.0113919 -0.000802229 0.0192288 0.0157892 -0.000664053 0.0127265 0.0143355 -0.00768896 0.01171 0.00856968 -0.0075074 0.0147005 0.0141978 -0.0132448 0.0147855 0.00530146 -0.0155351 0.0193641 0.0146892 -0.0152142 0.0205584 0.0049626 -0.0178031 0.0198452 0.0107709 0.0040737 0.0129808 0.00773471 0.00228958 0.0200408 0.00917786 0.00866204 0.0117064 0.00664652 0.00798535 0.00945299 0.00403161 0.00729577 0.0109584 0.00448683 -0.000755856 0.0075631 0.0050246 0.01423 0.00997384 0.00676361 0.0153125 0.00905027 0.00835835 0.018615 0.00480538 0.00570835 0.0176792 0.00411307 0.000591353 0.0175039 0.00653202 0.000667786 0.0133639 0.00594002 -0.00366873 0.0178801 0.00827369 -0.00331241 0.0145507 0.00861324 0.000494088 0.00570629 0.0104711 -0.00284198 0.00511411 0.0107533 0.00146218 -0.00347073 0.011689 -0.00146341 -0.00585686 0.0107833 -0.00442829 0.0180403 0.013267 0.00678627 0.0195389 0.0139552 0.00624368 0.016707 0.015618 0.00198487 0.0197608 0.0150403 0.00634159 0.0148381 0.015618 0.00198487 0.0197608 0.00539138 0.00306586 0.0203097 0.00539018 -0.00262819 0.0203095 0.00982871 -0.00285648 0.0212813 0.00539018 -0.00262819 0.0203095 0.0127346 0.00398887 0.0219176 0.0087266 0.00633212 0.02104 0.0140815 -0.00153581 0.0222125 0.0160371 -0.00253406 0.0197305 0.0200174 0.00936833 0.0169537 0.015963 0.00705955 0.0174587 0.015618 0.00198487 0.0197608 0.0158963 0.00760217 0.0206649 0.0200174 0.00936833 0.0169537 0.0168162 0.00437949 0.0231014 0.0202289 0.00764555 0.0231014 0.0199508 0.00991093 0.02067 0.0200174 0.00936833 0.0169537 0.015618 0.00198487 0.0197608 0.016815 -0.00131457 0.0231014 0.015618 0.00198487 0.0197608 0.0160371 -0.00253406 0.0197305 0.0106927 0.00447566 -0.00621566 0.0147361 -0.00181064 -0.0139488 0.0215157 -0.00283436 -0.0158476 0.0156052 -0.00402293 -0.00791243 0.0217005 -0.00433913 -0.00929424 0.0215157 -0.00283436 -0.0158476 0.0129876 -0.00378798 0.00511411 0.0215275 -0.00293019 0.00511411 0.0160371 -0.00253406 0.0197305 0.0215771 -0.00333413 0.0197245 0.016815 -0.00131457 0.0231014 0.0213571 -0.00154298 0.0231014 0.0140815 -0.00153581 0.0222125 0.00982871 -0.00285648 0.0212813 0.00539018 -0.00262819 0.0203095 0.0361942 0.0061518 0.0257584 0.0317843 0.00887633 0.0211806 0.0358153 0.00653308 0.020415 0.0329029 0.00807108 0.0265397 0.0372704 0.00142296 0.0252201 0.0371699 0.00100844 0.0201578 0.0328927 -0.000312265 0.0209701 0.0337315 0.000329799 0.0258092 0.0369105 0.00114666 0.0304264 0.0346525 0.000478734 0.0307566 0.0358501 -2.04941e-005 0.036734 0.0362676 0.00419087 0.031007 0.0358501 -2.04941e-005 0.036734 0.0342011 0.00539458 0.0316141 0.0324046 0.0037081 0.0317406 0.0342011 0.00539458 0.0316141 0.0323385 0.000575226 0.0312948 0.0346525 0.000478734 0.0307566 0.0301087 0.0053913 0.0269141 0.0329029 0.00807108 0.0265397 0.0317843 0.00887633 0.0211806 0.02843 0.0056101 0.0218177 0.030068 0.00052275 0.0265882 0.028429 -8.40356e-005 0.0218179 0.0328927 -0.000312265 0.0209701 0.0337315 0.000329799 0.0258092 0.0239784 0.0160683 -0.00253584 0.0194653 0.0138647 0.00100166 0.0192288 0.0157892 -0.000664053 0.0263672 0.0130371 -0.000802229 0.0258892 0.0159517 -0.00768896 0.0282321 0.0105983 -0.0075074 0.0240076 0.0153406 -0.0132448 0.0260386 0.00668317 -0.0155351 0.0193641 0.0146892 -0.0152142 0.0205584 0.0049626 -0.0178031 0.0198452 0.0107709 0.0040737 0.0272402 0.00948553 0.00228958 0.0200408 0.00917786 0.00866204 0.0287401 0.00873798 0.00798535 0.031559 0.00674588 0.00729577 0.0299883 0.00682341 -0.000755856 0.0305943 0.00929663 0.0154401 0.034145 0.00870473 0.0142142 0.0302489 0.00687682 -0.00621566 0.0358132 0.00937169 0.0179274 0.0377053 0.00457934 0.0175444 0.0354028 0.00429293 0.0133386 0.0310408 0.0108914 0.0188401 0.0369357 -5.40121e-006 0.0176669 0.0346316 -4.20253e-005 0.0142859 0.0332295 0.00351663 0.00570629 0.0322341 -0.000169824 0.00511411 0.0309189 0.00393822 -0.00347073 0.0307188 0.000873155 -0.00585686 0.0278463 -0.000200907 -0.0139488 0.0324094 -0.00189528 0.0176314 0.0272997 0.00832167 0.0195513 0.0268214 0.00777911 0.0166764 0.0260723 0.0032685 0.0197608 0.0255788 0.0076356 0.0148381 0.0260723 0.0032685 0.0197608 0.0200174 0.00936833 0.0169537 0.02451 0.00810898 0.0174587 0.0260723 0.0032685 0.0197608 0.0244433 0.0086516 0.0206649 0.0200174 0.00936833 0.0169537 0.0243304 0.00530212 0.0231014 0.0202289 0.00764555 0.0231014 0.0199508 0.00991093 0.02067 0.0200174 0.00936833 0.0169537 0.0257091 -0.000222509 0.0231014 0.0260723 0.0032685 0.0197608 0.0260723 0.0032685 0.0197608 0.0267589 -0.00121757 0.0197305 0.0217005 -0.00433913 -0.00929424 0.0215157 -0.00283436 -0.0158476 0.0275382 -0.00255773 -0.00791243 0.0300213 -0.0016965 0.00511411 0.0215275 -0.00293019 0.00511411 0.0267589 -0.00121757 0.0197305 0.0215771 -0.00333413 0.0197245 0.0257091 -0.000222509 0.0231014 0.0213571 -0.00154298 0.0231014 0.028429 -8.40356e-005 0.0218179 0.0328927 -0.000312265 0.0209701 0.0328927 -0.000312265 0.0209701 0.0371699 0.00100844 0.0201578 0.0371699 0.00100844 0.0201578 0.0358153 0.00653308 0.020415 0.0371699 0.00100844 0.0201578 0.0317843 0.00887633 0.0211806 0.02843 0.0056101 0.0218177 0.028429 -8.40356e-005 0.0218179 0.0267589 -0.00121757 0.0197305 0.0215157 -0.00283436 -0.0158476 0.00514728 0.0919952 0.00674467 0 0.0806442 0.00483265 0 0.0919952 0.00751505 0.00837743 0.0814583 0.00862221 0.0103717 0.0919952 0.00317292 0.0148378 0.0848967 0.0041083 0.0135928 0.0920397 -0.000272715 0.0169292 0.0863023 0.000330893 0.0179517 0.087215 -0.00324942 0.014449 0.0919952 -0.0039622 0.0205561 0.0764042 0.000806351 0.0183039 0.0754042 0.0048988 0.0213244 0.0677807 0.000995276 0.0199133 0.0674266 0.00533484 0.0238958 0.0684581 -0.00302986 0.0230697 0.0771609 -0.00306385 0.0199514 0.0591401 0.000479328 0.0174555 0.0587441 0.00507047 0.0199647 0.054278 0.00250126 0.0214835 0.0549806 -0.0030911 0.0223138 0.0593471 -0.00336151 0.0210386 0.0545168 -0.00453286 0.0220253 0.0484411 -0.00341353 0.0218412 0.0592437 -0.00604777 0.0200747 0.0471345 0.00284874 0.0142066 0.053422 0.00486771 0.0150832 0.0462811 0.00733189 0.0100335 0.0459016 0.00284874 0.00973391 0.053405 0.00368226 0.011207 0.0580687 0.00616499 0.00829198 0.0575363 0.00248209 0.00596567 0.0643606 0.00444198 0.00668117 0.056926 0.000220379 0.0100792 0.0655775 0.00797822 0.0156465 0.0416933 0.00599757 0.0226984 0.0378648 0.00110045 0.0258709 0.0400233 -0.0045655 0.0232687 0.0414729 -0.0120445 0.0197317 0.0491655 -0.00862178 0.0166286 0.0413903 -0.0143914 0.0151489 0.0490195 -0.0106842 0.0192237 0.0541591 -0.0102916 0.0144845 0.0538183 -0.0122592 0.00973663 0.0532968 -0.00978667 0.0102053 0.0479956 -0.00862178 0.0191667 0.058973 -0.0111641 0.0139455 0.0585704 -0.0134752 0.0131637 0.0661454 -0.0147986 0.0203144 0.0675013 -0.0121788 0.0119939 0.0728355 -0.0157615 0.0190283 0.075123 -0.0131663 0.0235215 0.0682214 -0.00726816 0.0230334 0.0767888 -0.0075822 0.00488198 0.0699945 -0.0129274 0.00633042 0.0644101 -0.012125 0.00842554 0.0578086 -0.0107851 0.0174238 0.080341 -0.0128123 0.0211138 0.0821174 -0.00773763 0.0179633 0.0873569 -0.00789302 0.0111472 0.0919952 -0.0125472 0.0146098 0.0873577 -0.0128041 0.0074171 0.0870646 -0.0171633 0.00548762 0.0919952 -0.0156082 0 0.0870953 -0.016565 0 0.0919952 -0.0155458 0.0026465 0.0812696 -0.0164056 0.00978398 0.0813412 -0.0182468 0 0.0812208 -0.0161248 0.0129274 0.0842256 -0.0162038 0.010954 0.0772124 -0.0163469 0.0111476 0.0764388 -0.015268 0.00429349 0.0751685 -0.0149541 0.00437678 0.0745627 -0.0138453 0.00399501 0.0775594 -0.0167022 0.00343223 0.0749483 -0.00944392 0 0.076931 -0.0136686 0 0.0812208 -0.0161248 0 0.0746409 -0.0099311 0 0.076931 -0.0136686 0.00343223 0.0749483 -0.00944392 0 0.074088 -0.00485808 0.00208088 0.0731611 -0.00425018 0 0.0746409 -0.0099311 0 0.0745068 0.0042638 0.00317317 0.0738274 0.00392951 0.00128279 0.0690646 0.000412874 0.00419303 0.0705998 0.00539339 0.00461396 0.0779719 0.00596918 0 0.0745068 0.0042638 0.00290068 0.0634136 0.000415376 0.00233654 0.0688393 -0.00844055 0.0031702 0.0637113 -0.00675185 0.00907555 0.0722658 0.0084045 0.0151609 0.0666186 0.00833669 0.0145049 0.0741525 0.00850532 0.0148535 0.058846 0.00725066 0.00633042 0.0644101 -0.012125 0.00488198 0.0699945 -0.0129274 0.00842554 0.0578086 -0.0107851 0.00590682 0.0571307 -0.00503692 0.00973663 0.0532968 -0.00978667 0.00711533 0.053149 -0.00355536 0.0102053 0.0479956 -0.00862178 0.00782477 0.0466974 -0.00341353 0.00866737 0.0522221 6.3451e-005 0.00952754 0.0397858 -0.0120445 0.00742945 0.0377591 -0.0045655 0.01103 0.0364322 0.00110045 0.00976932 0.0267208 -0.00680047 0.0122864 0.0257322 -0.00144218 0.0115083 0.0284145 -0.0144238 0.016812 0.0364094 0.00344736 0.0179912 0.0258704 0.00108594 0.02356 0.0271165 -0.00144218 0.0257632 0.0286845 -0.00680047 0.0236686 0.0299075 -0.0144238 0.0175192 0.0297147 -0.016952 0.00952754 0.0397858 -0.0120445 0.0115083 0.0284145 -0.0144238 0.0184601 0.0220518 -0.0150143 0.0135274 0.0214654 -0.0128892 0.0232459 0.0227395 -0.0023872 0.0184456 0.0221693 -0.000262108 0.0233888 0.0226762 -0.0128892 0.0252478 0.0229276 -0.00728569 0.0192288 0.0157892 -0.000664053 0.0239784 0.0160683 -0.00253584 0.0258892 0.0159517 -0.00768896 0.0240076 0.0153406 -0.0132448 0.0193641 0.0146892 -0.0152142 0.0147005 0.0141978 -0.0132448 0.01365 0.0215613 -0.0023872 0.0116613 0.0212594 -0.00728569 0.0135274 0.0214654 -0.0128892 0.0145528 0.014911 -0.00253584 0.0127265 0.0143355 -0.00768896 0.0147005 0.0141978 -0.0132448 0.00773544 0.0550327 0.000140519 0.00429349 0.0751685 -0.0149541 0.00437678 0.0745627 -0.0138453 0 0.128614 -0.0205566 0 0.137797 -0.0147838 -0.00796435 0.129586 -0.0192575 -0.00702447 0.13883 -0.0127364 -0.00778647 0.12859 -0.0186278 0 0.127644 -0.0199314 -0.0111579 0.13632 -0.0125374 -0.00784055 0.138406 -0.00741335 -0.0114336 0.136631 -0.00738246 -0.0118826 0.134054 -0.00135891 -0.015682 0.129702 -0.0168081 -0.00802922 0.135168 -0.00137397 -0.00768838 0.131096 0.00214193 -0.0119402 0.129471 0.00215779 -0.015682 0.13236 -0.00134752 -0.0165592 0.127783 0.00133829 -0.015682 0.134279 -0.00737997 -0.015682 0.132571 -0.0075409 -0.015682 0.133726 -0.0124053 -0.015682 0.132029 -0.0120762 -0.015682 0.130684 -0.0174358 -0.015682 0.129702 -0.0168081 -0.015682 0.129702 -0.0168081 -0.0162452 0.130641 -0.00184955 -0.0165592 0.127783 0.00133829 0 0.141535 -0.0128561 -0.00702447 0.13883 -0.0127364 0 0.137797 -0.0147838 -0.00541528 0.14166 -0.0108947 -0.00784055 0.138406 -0.00741335 -0.00631668 0.141004 -0.00599775 -0.00802922 0.135168 -0.00137397 -0.00522163 0.139157 -8.36259e-005 0 0.132876 0.00220285 0 0.137974 0.000530591 -0.00768838 0.131096 0.00214193 0 0.14411 0.00242172 -0.00445511 0.14435 0.00151961 -0.00536016 0.145796 -0.00406418 -0.00363987 0.146938 -0.00868931 0 0.147259 -0.010461 -0.00768838 0.131096 0.00214193 0 0.132876 0.00220285 0 0.133788 -0.00130035 -0.0116661 0.0991103 -0.00407937 -0.0102599 0.107561 0.00181424 -0.00974534 0.0977885 0.00217387 -0.012501 0.106913 -0.00499577 -0.00513728 0.107862 0.00549405 -0.00488465 0.0972383 0.00477627 -0.0119167 0.11037 0.00209077 -0.014173 0.109302 -0.00538719 -0.010302 0.107488 -0.00950051 -0.0132721 0.110223 -0.011092 -0.0162773 0.112519 -0.00555749 -0.0145693 0.11525 0.00220045 -0.00599798 0.112838 0.00820255 -0.00580878 0.111346 0.0068276 -0.0151879 0.113497 -0.0125251 -0.0168831 0.115253 -0.0059516 -0.0167021 0.116926 -0.0127684 -0.00974534 0.10005 -0.00852508 -0.00610494 0.117796 0.00832653 -0.0137614 0.119702 0.00405181 -0.0167021 0.118414 6.29572e-005 -0.0163322 0.124529 0.00115192 -0.0164071 0.1178 -0.0120576 -0.0160372 0.122029 -0.0162328 -0.0163322 0.120829 -0.0172785 -0.016588 0.116168 -0.0060836 -0.0164071 0.119225 -0.000702295 -0.0160372 0.124402 0.000142665 -0.0157333 0.125822 -0.0172396 -0.0165592 0.127783 0.00133829 -0.0117587 0.127874 0.00274086 -0.0119402 0.129471 0.00215779 -0.00846011 0.129063 0.00397855 -0.00768838 0.131096 0.00214193 -0.00583352 0.128639 0.00474576 0 0.128353 0.00432313 0 0.133788 -0.00130035 -0.015682 0.129702 -0.0168081 -0.0160283 0.125997 -0.0183736 -0.0163322 0.120829 -0.0172785 -0.0119582 0.115901 -0.0166607 -0.00999884 0.110887 -0.0149768 -0.00616595 0.114027 -0.0176875 -0.0102436 0.118915 -0.0187199 -0.00451383 0.116968 -0.0190931 0 0.12168 -0.0204713 -0.00815208 0.125669 -0.0196922 -0.0160283 0.125997 -0.0183736 -0.0163322 0.120829 -0.0172785 0 0.125614 -0.0203061 0 0.127644 -0.0199314 -0.00778647 0.12859 -0.0186278 -0.015682 0.129702 -0.0168081 0 0.114895 -0.0189093 -0.00572724 0.108427 -0.0153246 0 0.104254 -0.0150735 -0.00817115 0.104263 -0.0117651 -0.00801408 0.10036 -0.010702 -0.0153774 0.129116 -0.0148968 -0.015682 0.132029 -0.0120762 -0.015682 0.132571 -0.0075409 -0.015682 0.129702 -0.0168081 -0.0157333 0.125822 -0.0172396 -0.0160372 0.122029 -0.0162328 -0.0165592 0.127783 0.00133829 -0.0160372 0.124402 0.000142665 -0.0162452 0.130641 -0.00184955 -0.00475087 0.104259 -0.0146834 0 0.104254 -0.0150735 -0.00572724 0.108427 -0.0153246 1.09584e-010 0.100613 -0.0138084 -0.00817115 0.104263 -0.0117651 -0.00801408 0.10036 -0.010702 0 0.137797 -0.0147838 0 0.128614 -0.0205566 0.00796435 0.129586 -0.0192575 0.00702447 0.13883 -0.0127364 0.00778647 0.12859 -0.0186278 0 0.127644 -0.0199314 0.0111579 0.13632 -0.0125374 0.00784055 0.138406 -0.00741335 0.0114336 0.136631 -0.00738246 0.0118826 0.134054 -0.00135891 0.015682 0.129702 -0.0168081 0.00802922 0.135168 -0.00137397 0.00768838 0.131096 0.00214193 0.0119402 0.129471 0.00215779 0.015682 0.13236 -0.00134752 0.0165592 0.127783 0.00133829 0.015682 0.134279 -0.00737997 0.015682 0.132571 -0.0075409 0.0162452 0.130641 -0.00184955 0.015682 0.133726 -0.0124053 0.015682 0.132029 -0.0120762 0.015682 0.130684 -0.0174358 0.015682 0.129702 -0.0168081 0.0165592 0.127783 0.00133829 0.015682 0.129702 -0.0168081 0.00702447 0.13883 -0.0127364 0 0.141535 -0.0128561 0 0.137797 -0.0147838 0.00541528 0.14166 -0.0108947 0.00784055 0.138406 -0.00741335 0.00631668 0.141004 -0.00599775 0.00802922 0.135168 -0.00137397 0.00522163 0.139157 -8.36259e-005 0 0.132876 0.00220285 0 0.137974 0.000530591 0.00768838 0.131096 0.00214193 0.00536016 0.145796 -0.00406418 0.00445511 0.14435 0.00151961 0 0.14411 0.00242172 0.00363987 0.146938 -0.00868931 0 0.147259 -0.010461 0 0.132876 0.00220285 0.00768838 0.131096 0.00214193 0 0.133788 -0.00130035 0.0102599 0.107561 0.00181424 0.0116661 0.0991103 -0.00407937 0.00974534 0.0977885 0.00217387 0.012501 0.106913 -0.00499577 0.00513728 0.107862 0.00549405 0.00488465 0.0972383 0.00477627 0.0119167 0.11037 0.00209077 0.014173 0.109302 -0.00538719 0.010302 0.107488 -0.00950051 0.0132721 0.110223 -0.011092 0.0162773 0.112519 -0.00555749 0.0145693 0.11525 0.00220045 0.00599798 0.112838 0.00820255 0.00580878 0.111346 0.0068276 0.0151879 0.113497 -0.0125251 0.0168831 0.115253 -0.0059516 0.0167021 0.116926 -0.0127684 0.00974534 0.10005 -0.00852508 0.00610494 0.117796 0.00832653 0.0137614 0.119702 0.00405181 0.0167021 0.118414 6.29572e-005 0.0163322 0.124529 0.00115192 0.0164071 0.1178 -0.0120576 0.0160372 0.122029 -0.0162328 0.0163322 0.120829 -0.0172785 0.016588 0.116168 -0.0060836 0.0164071 0.119225 -0.000702295 0.0160372 0.124402 0.000142665 0.0157333 0.125822 -0.0172396 0.0165592 0.127783 0.00133829 0.0117587 0.127874 0.00274086 0.0119402 0.129471 0.00215779 0.00846011 0.129063 0.00397855 0.00768838 0.131096 0.00214193 0.00583352 0.128639 0.00474576 0 0.133788 -0.00130035 0 0.128353 0.00432313 0.00583352 0.128639 0.00474576 0 0.126479 0.00586737 0.015682 0.129702 -0.0168081 0.0160283 0.125997 -0.0183736 0.0163322 0.120829 -0.0172785 0.0119582 0.115901 -0.0166607 0.00999884 0.110887 -0.0149768 0.00616595 0.114027 -0.0176875 0.0102436 0.118915 -0.0187199 0.00451383 0.116968 -0.0190931 0 0.12168 -0.0204713 0.00815208 0.125669 -0.0196922 0.0160283 0.125997 -0.0183736 0.0163322 0.120829 -0.0172785 0 0.125614 -0.0203061 0 0.127644 -0.0199314 0.00778647 0.12859 -0.0186278 0.015682 0.129702 -0.0168081 0 0.114895 -0.0189093 0.00572724 0.108427 -0.0153246 0 0.104254 -0.0150735 0.00817115 0.104263 -0.0117651 0.00801408 0.10036 -0.010702 0.0165592 0.127783 0.00133829 0.0162452 0.130641 -0.00184955 0.0160372 0.124402 0.000142665 0.0157333 0.125822 -0.0172396 0.0160372 0.122029 -0.0162328 0.0153774 0.129116 -0.0148968 0.015682 0.129702 -0.0168081 0.015682 0.132029 -0.0120762 0.015682 0.132571 -0.0075409 0 0.104254 -0.0150735 0.00475087 0.104259 -0.0146834 0.00572724 0.108427 -0.0153246 1.09584e-010 0.100613 -0.0138084 0.00817115 0.104263 -0.0117651 0.00801408 0.10036 -0.010702 0 0.134819 -0.00278252 -0.00692706 0.136476 -0.000185673 -0.00710928 0.134715 6.75109e-005 0 0.136873 -0.00224928 0.00692706 0.136476 -0.000185673 0 0.134819 -0.00278252 0.00710928 0.134715 6.75109e-005 0 0.136873 -0.00224928 0 0.1556 0.00748533 0 0.157056 0.00475823 0 0.126479 0.00586737 -0.00583352 0.128639 0.00474576 -0.00501955 0.0900356 0.010135 -0.00832404 0.0887283 0.0105559 -0.00503263 0.0891659 0.00966137 -0.00831098 0.089598 0.0110296 -0.00476486 0.090075 0.0110913 -0.0080563 0.0896374 0.0119859 -0.00808241 0.087898 0.0110386 -0.004791 0.0883356 0.010144 -0.00452326 0.0892447 0.011574 -0.0080563 0.0896374 0.0119859 -0.00476486 0.090075 0.0110913 -0.00781467 0.088807 0.0124686 -0.00453631 0.088375 0.0111004 -0.00782772 0.0879371 0.0119949 -0.004791 0.0883356 0.010144 -0.00808241 0.087898 0.0110386 -0.00832404 0.0887283 0.0105559 -0.0080563 0.0896374 0.0119859 -0.00808241 0.087898 0.0110386 -0.00831098 0.089598 0.0110296 -0.00532846 0.122801 -0.0278884 -0.0061054 0.12453 -0.0199557 -0.00704548 0.12453 -0.0276794 -0.00438838 0.122801 -0.0201647 -0.00704548 0.121071 -0.0276794 -0.0061054 0.121071 -0.0199557 -0.00876247 0.122801 -0.0274706 -0.0061054 0.121071 -0.0199557 -0.00704548 0.121071 -0.0276794 -0.00782239 0.122801 -0.0197467 -0.00704548 0.12453 -0.0276794 -0.0061054 0.12453 -0.0199557 -0.00704548 0.12453 -0.0276794 -0.00704548 0.121071 -0.0276794 -0.00532846 0.122801 -0.0278884 -0.00704548 0.121071 -0.0276794 -0.00704548 0.12453 -0.0276794 -0.00876247 0.122801 -0.0274706 -0.00782239 0.122801 -0.0197467 -0.00610512 0.121638 -0.0199534 -0.0061054 0.121071 -0.0199557 -0.0072595 0.122801 -0.0198129 -0.0061054 0.12453 -0.0199557 -0.00610512 0.123963 -0.0199534 -0.0061054 0.12453 -0.0199557 -0.0061054 0.121071 -0.0199557 -0.00495071 0.122801 -0.0200939 -0.00438838 0.122801 -0.0201647 -0.00610512 0.123963 -0.0199534 -0.0061054 0.12453 -0.0199557 -0.00610512 0.121638 -0.0199534 -0.0061054 0.121071 -0.0199557 -0.00610512 0.121638 -0.0199534 -0.0047531 0.122801 -0.0184702 -0.00495071 0.122801 -0.0200939 -0.00590748 0.121638 -0.0183297 -0.00590748 0.123963 -0.0183297 -0.00610512 0.123963 -0.0199534 -0.00610512 0.123963 -0.0199534 -0.00706186 0.122801 -0.0181892 -0.0072595 0.122801 -0.0198129 -0.00590748 0.123963 -0.0183297 -0.00590748 0.121638 -0.0183297 -0.00610512 0.121638 -0.0199534 -0.0080563 0.0896374 0.0119859 -0.00782772 0.0879371 0.0119949 -0.00808241 0.087898 0.0110386 -0.00781467 0.088807 0.0124686 0.00832404 0.0887283 0.0105559 0.00501955 0.0900356 0.010135 0.00503263 0.0891659 0.00966137 0.00831098 0.089598 0.0110296 0.00476486 0.090075 0.0110913 0.0080563 0.0896374 0.0119859 0.00808241 0.087898 0.0110386 0.004791 0.0883356 0.010144 0.0080563 0.0896374 0.0119859 0.00452326 0.0892447 0.011574 0.00476486 0.090075 0.0110913 0.00781467 0.088807 0.0124686 0.00453631 0.088375 0.0111004 0.00782772 0.0879371 0.0119949 0.004791 0.0883356 0.010144 0.00808241 0.087898 0.0110386 0.0080563 0.0896374 0.0119859 0.00832404 0.0887283 0.0105559 0.00808241 0.087898 0.0110386 0.00831098 0.089598 0.0110296 0.0061054 0.12453 -0.0199557 0.00532846 0.122801 -0.0278884 0.00704548 0.12453 -0.0276794 0.00438838 0.122801 -0.0201647 0.00704548 0.121071 -0.0276794 0.0061054 0.121071 -0.0199557 0.0061054 0.121071 -0.0199557 0.00876247 0.122801 -0.0274706 0.00704548 0.121071 -0.0276794 0.00782239 0.122801 -0.0197467 0.00704548 0.12453 -0.0276794 0.0061054 0.12453 -0.0199557 0.00704548 0.121071 -0.0276794 0.00704548 0.12453 -0.0276794 0.00532846 0.122801 -0.0278884 0.00704548 0.12453 -0.0276794 0.00704548 0.121071 -0.0276794 0.00876247 0.122801 -0.0274706 0.00610512 0.121638 -0.0199534 0.00782239 0.122801 -0.0197467 0.0061054 0.121071 -0.0199557 0.0072595 0.122801 -0.0198129 0.0061054 0.12453 -0.0199557 0.00610512 0.123963 -0.0199534 0.0061054 0.12453 -0.0199557 0.00495071 0.122801 -0.0200939 0.0061054 0.121071 -0.0199557 0.00438838 0.122801 -0.0201647 0.00610512 0.123963 -0.0199534 0.0061054 0.12453 -0.0199557 0.00610512 0.121638 -0.0199534 0.0061054 0.121071 -0.0199557 0.0047531 0.122801 -0.0184702 0.00610512 0.121638 -0.0199534 0.00495071 0.122801 -0.0200939 0.00590748 0.121638 -0.0183297 0.00590748 0.123963 -0.0183297 0.00610512 0.123963 -0.0199534 0.00706186 0.122801 -0.0181892 0.00610512 0.123963 -0.0199534 0.0072595 0.122801 -0.0198129 0.00590748 0.123963 -0.0183297 0.00590748 0.121638 -0.0183297 0.00610512 0.121638 -0.0199534 0.00782772 0.0879371 0.0119949 0.0080563 0.0896374 0.0119859 0.00808241 0.087898 0.0110386 0.00781467 0.088807 0.0124686 -0.0422016 0.144527 -0.00796458 -0.0415338 0.143813 -0.00773554 -0.0417162 0.143424 -0.00796458 -0.0421008 0.144742 -0.00783778 -0.0415338 0.143813 -0.00819361 -0.0421008 0.144742 -0.00809137 -0.0411185 0.144475 -0.00821243 -0.0418709 0.145109 -0.00810181 -0.0416496 0.145349 -0.00796458 -0.0407192 0.14491 -0.00796458 -0.0411185 0.144475 -0.00771672 -0.0418709 0.145109 -0.00782737 -0.0296446 0.137015 -0.00643961 -0.0281864 0.138143 -0.00796458 -0.0296446 0.137015 -0.00948957 -0.0342941 0.130522 -0.00948957 -0.0344259 0.128606 -0.00796458 -0.0342941 0.130522 -0.00643961 -0.0426336 0.145709 -0.00796458 0.0077185 0.0983986 0.00134531 0.00925474 0.10038 0.00173994 0.00832152 0.104515 0.00357703 0.00955144 0.10297 0.00259918 -0.0077185 0.0983986 0.00134531 -0.00832152 0.104515 0.00357703 -0.00955144 0.10297 0.00259918 -0.00925474 0.10038 0.00173994 0.0108166 0.110648 0.00346728 0.00960382 0.112013 0.00506758 0.0104327 0.106891 0.00290134 0.00832152 0.104515 0.00357703 -0.00832152 0.104515 0.00357703 -0.00960382 0.112013 0.00506758 -0.0108166 0.110648 0.00346728 -0.0104327 0.106891 0.00290134 0.015935 0.119155 0.00155155 0.016479 0.124067 0.00138427 0.0118023 0.127866 0.00285877 0.0147366 0.114354 0.00204345 0.00960382 0.112013 0.00506758 -0.00960382 0.112013 0.00506758 -0.0118023 0.127866 0.00285877 -0.0147366 0.114354 0.00204345 -0.015935 0.119155 0.00155155 -0.016479 0.124067 0.00138427 -0.0555831 0.0511541 -0.0122346 -0.0548683 0.0540697 -0.00783544 -0.0548665 0.0540685 -0.0123695 -0.0524632 0.057961 -0.00783544 -0.065675 0.0596321 -0.00939645 -0.0555831 0.0511541 -0.00783544 -0.065675 0.0596321 -0.00783727 -0.065675 0.0596321 -0.00627807 -0.0555831 0.0511541 -0.00343632 -0.068292 0.0616996 -0.0078376 -0.0555831 0.0511541 -0.00343632 -0.0548665 0.0540685 -0.00330139 -0.0524632 0.057961 -0.00783544 -0.0548683 0.0540697 -0.00783544 -0.0555831 0.0511541 -0.00783544 -0.0555831 0.0511541 -0.0122346 -0.0548665 0.0540685 -0.00330139 -0.0524601 0.0579582 -0.00316647 -0.0548665 0.0540685 -0.0123695 -0.0524601 0.0579582 -0.0125044 -0.0548665 0.0540685 -0.0123695 -0.065675 0.0596321 -0.00939645 -0.0555831 0.0511541 -0.0122346 -0.0643453 0.0622935 -0.00944428 -0.0552635 0.0641457 -0.0107396 -0.0524601 0.0579582 -0.0125044 -0.0581944 0.0726859 -0.00783544 -0.0649399 0.0641495 -0.0078376 -0.068292 0.0616996 -0.0078376 -0.065675 0.0596321 -0.00627807 -0.0643453 0.0622935 -0.00623024 -0.0548665 0.0540685 -0.00330139 -0.0555831 0.0511541 -0.00343632 -0.0552635 0.0641457 -0.00493133 -0.0524601 0.0579582 -0.00316647 -0.0540786 0.0548244 -0.0215686 -0.0545562 0.0521307 -0.0171694 -0.0541632 0.0548805 -0.0171694 -0.0525691 0.0580507 -0.0171694 -0.0540786 0.0548244 -0.0215686 -0.0545562 0.0521307 -0.0215686 -0.0541632 0.0548805 -0.0171694 -0.0545562 0.0521307 -0.0127703 -0.0541632 0.0548805 -0.0171694 -0.0541043 0.0548414 -0.0126374 -0.0525691 0.0580507 -0.0171694 -0.0541043 0.0548414 -0.0126374 -0.0524601 0.0579582 -0.0125044 -0.0640573 0.0646841 -0.0172091 -0.0648051 0.0601878 -0.0188299 -0.0621005 0.0634746 -0.018844 -0.0675792 0.0622216 -0.0171716 -0.0648051 0.0601878 -0.0155056 -0.0621134 0.0634832 -0.0154695 -0.0541043 0.0548414 -0.0126374 -0.0545645 0.0639557 -0.0144212 -0.0556499 0.075261 -0.0174481 -0.0526595 0.0650052 -0.0212445 -0.0507695 0.0604423 -0.0215686 -0.0540786 0.0548244 -0.0215686 -0.0524601 0.0579582 -0.0125044 -0.0545562 0.0521307 -0.0127703 -0.0545562 0.0521307 -0.0215686 -0.0675792 0.0622216 -0.0171716 -0.0648051 0.0603814 -0.0171712 -0.0648051 0.0601878 -0.0188299 -0.0648051 0.0601878 -0.0155056 -0.0450629 0.0656742 -0.0147554 -0.0464315 0.0668358 -0.0216754 -0.0502709 0.0609709 -0.0199642 -0.0515201 0.0590512 -0.0171694 -0.0515201 0.0590512 -0.0125044 -0.0515201 0.0590512 -0.00783544 -0.0446682 0.0653392 -0.00783544 -0.0553997 0.0744466 -0.017336 -0.0574942 0.0762239 -0.00783544 -0.0400756 0.100783 -0.0167607 -0.0368831 0.0934438 -0.020269 -0.0553997 0.0744466 -0.017336 -0.0331978 0.0871713 -0.0229324 -0.0346443 0.0849335 -0.0233246 -0.0381787 0.0795025 -0.0233088 -0.0420738 0.0735175 -0.0226489 -0.0464315 0.0668358 -0.0216754 -0.0574942 0.0762239 -0.00783544 -0.0419103 0.108089 -0.0128076 -0.042658 0.11296 -0.00783544 -0.0545562 0.0521307 0.00149853 -0.0540786 0.0548244 0.00589768 -0.0541632 0.0548805 0.00149853 -0.0525691 0.0580507 0.00149853 -0.0545562 0.0521307 0.00589768 -0.0540786 0.0548244 0.00589768 -0.0545562 0.0521307 -0.0029006 -0.0541632 0.0548805 0.00149853 -0.0540786 0.0548244 0.00589768 -0.0648051 0.0602358 0.00319121 -0.0621005 0.0635224 0.00323545 -0.0545562 0.0521307 0.00589768 -0.0507695 0.0604423 0.00589768 -0.0523212 0.0647179 0.00557362 -0.0556499 0.075261 0.00177724 -0.0640573 0.0646841 0.00161164 -0.0621134 0.063531 -0.000193212 -0.0648051 0.0602358 -0.000186428 -0.0541043 0.0548414 -0.00303352 -0.0545562 0.0521307 -0.0029006 -0.0675792 0.0622216 0.00149638 -0.0545645 0.0639557 -0.00124974 -0.0524601 0.0579582 -0.00316647 -0.0545562 0.0521307 -0.0029006 -0.0541632 0.0548805 0.00149853 -0.0541043 0.0548414 -0.00303352 -0.0525691 0.0580507 0.00149853 -0.0648051 0.0602358 -0.000186428 -0.0545562 0.0521307 0.00149853 -0.0648051 0.0603814 0.00149672 -0.0648051 0.0602358 0.00319121 -0.0545562 0.0521307 0.00589768 -0.0541043 0.0548414 -0.00303352 -0.0524601 0.0579582 -0.00316647 -0.0450629 0.0656742 -0.00091549 -0.0515201 0.0590512 0.00149853 -0.0502709 0.0609709 0.00429326 -0.0464315 0.0668358 0.00600448 -0.0515201 0.0590512 -0.00316647 -0.0515201 0.0590512 -0.00783544 -0.0446682 0.0653392 -0.00783544 -0.0574942 0.0762239 -0.00783544 -0.0553997 0.0744466 0.00166507 -0.0368831 0.0934438 0.00459806 -0.0401071 0.100734 0.00108979 -0.0553997 0.0744466 0.00166507 -0.0574942 0.0762239 -0.00783544 -0.0419788 0.108166 -0.00286329 -0.0331978 0.0871713 0.00726145 -0.0346443 0.0849335 0.00765373 -0.0381787 0.0795025 0.00763788 -0.0420738 0.0735175 0.00697799 -0.0464315 0.0668358 0.00600448 -0.042658 0.11296 -0.00783544 -0.0346443 0.0849335 0.00765373 -0.0381787 0.0795025 -0.0233088 -0.0381787 0.0795025 0.00763788 -0.0346443 0.0849335 -0.0233246 -0.0381787 0.0795025 -0.0233088 -0.0440124 0.0843773 0.00591086 -0.0381787 0.0795025 0.00763788 -0.0440124 0.0843773 -0.0215818 -0.0493507 0.0889076 -0.0150543 -0.0493507 0.0889076 -0.000616608 -0.0514025 0.090522 -0.00783544 -0.0346443 0.0849335 0.00765373 -0.040256 0.0896777 -0.0212232 -0.0346443 0.0849335 -0.0233246 -0.040256 0.0896777 0.00555234 -0.0447345 0.0934784 -0.01605 -0.0447345 0.0934784 0.000379105 -0.0487832 0.0967875 -0.00783544 -0.0540786 0.0548244 -0.0215686 -0.0525691 0.0580507 -0.0171694 -0.0507695 0.0604423 -0.0215686 -0.0540786 0.0548244 0.00589768 -0.0507695 0.0604423 0.00589768 -0.0525691 0.0580507 0.00149853 -0.055057 0.0640964 -0.0127899 -0.0552635 0.0641457 -0.0107396 -0.0524601 0.0579582 -0.0125044 -0.0581944 0.0726859 -0.00783544 -0.0545645 0.0639557 -0.0144212 -0.0556499 0.075261 -0.0174481 -0.0574835 0.0761665 -0.0131738 -0.0529636 0.0839655 -0.0188797 -0.0479991 0.0789937 -0.0230529 -0.0438401 0.0857562 -0.0238308 -0.0384066 0.079487 -0.0252091 -0.0423469 0.0734322 -0.0245119 -0.0489133 0.0915187 -0.0194857 -0.0513649 0.0707652 -0.0218399 -0.0467639 0.0666448 -0.0234704 -0.0523212 0.0647179 -0.0212445 -0.0507695 0.0604423 -0.0215686 -0.0551434 0.0865635 -0.0136847 -0.0584904 0.0770176 -0.00783544 -0.0581944 0.0726859 -0.00783544 -0.0563329 0.0879439 -0.00783544 -0.0517848 0.0951677 -0.0140056 -0.0533674 0.0974164 -0.00783544 -0.0420738 0.0735175 -0.0226489 -0.0381787 0.0795025 -0.0233088 -0.0464315 0.0668358 -0.0216754 -0.0502709 0.0609709 -0.0199642 -0.0525691 0.0580507 -0.0171694 -0.0515201 0.0590512 -0.0171694 -0.0515201 0.0590512 -0.0125044 -0.0524601 0.0579582 -0.0125044 -0.0515201 0.0590512 -0.00783544 -0.0524632 0.057961 -0.00783544 -0.047736 0.103373 -0.0137554 -0.0493639 0.106772 -0.00783544 -0.0440187 0.117324 -0.00783544 -0.044861 0.0983219 -0.0190132 -0.0430111 0.109784 -0.0138149 -0.0440187 0.117324 -0.00783544 -0.0411838 0.102228 -0.0181682 -0.0401084 0.0919033 -0.0231459 -0.0378087 0.0942978 -0.0219847 -0.0333332 0.087283 -0.0248286 -0.0348226 0.0849953 -0.0251832 -0.0400756 0.100783 -0.0167607 -0.0368831 0.0934438 -0.020269 -0.0331978 0.0871713 -0.0229324 -0.0419103 0.108089 -0.0128076 -0.042658 0.11296 -0.00783544 -0.0440187 0.117324 -0.00783544 -0.0346443 0.0849335 -0.0233246 -0.0552635 0.0641457 -0.00493133 -0.055057 0.0640964 -0.00288105 -0.0524601 0.0579582 -0.00316647 -0.0581944 0.0726859 -0.00783544 -0.0545645 0.0639557 -0.00124974 -0.0556499 0.075261 0.00177724 -0.0574835 0.0761665 -0.00249707 -0.0529636 0.0839655 0.00320878 -0.0479991 0.0789937 0.00738198 -0.0438401 0.0857562 0.00815993 -0.0384066 0.079487 0.00953821 -0.0423469 0.0734322 0.008841 -0.0489133 0.0915187 0.00381485 -0.0513649 0.0707652 0.00616895 -0.0467639 0.0666448 0.00779948 -0.0523212 0.0647179 0.00557362 -0.0507695 0.0604423 0.00589768 -0.0551434 0.0865635 -0.00198625 -0.0581944 0.0726859 -0.00783544 -0.0584904 0.0770176 -0.00783544 -0.0563329 0.0879439 -0.00783544 -0.0517848 0.0951677 -0.00166527 -0.0533674 0.0974164 -0.00783544 -0.0420738 0.0735175 0.00697799 -0.0381787 0.0795025 0.00763788 -0.0464315 0.0668358 0.00600448 -0.0502709 0.0609709 0.00429326 -0.0525691 0.0580507 0.00149853 -0.0515201 0.0590512 0.00149853 -0.0515201 0.0590512 -0.00316647 -0.0524601 0.0579582 -0.00316647 -0.0515201 0.0590512 -0.00783544 -0.0524632 0.057961 -0.00783544 -0.047736 0.103373 -0.00191555 -0.0493639 0.106772 -0.00783544 -0.0440187 0.117324 -0.00783544 -0.044861 0.0983219 0.00334226 -0.0430111 0.109784 -0.00185601 -0.0440187 0.117324 -0.00783544 -0.0411838 0.102228 0.00249724 -0.0401084 0.0919033 0.00747497 -0.0378087 0.0942978 0.00631383 -0.0333332 0.087283 0.00915769 -0.0348226 0.0849953 0.00951227 -0.0401071 0.100734 0.00108979 -0.0368831 0.0934438 0.00459806 -0.0331978 0.0871713 0.00726145 -0.0419788 0.108166 -0.00286329 -0.042658 0.11296 -0.00783544 -0.0440187 0.117324 -0.00783544 -0.0346443 0.0849335 0.00765373 -0.0648051 0.0602358 -0.000186428 -0.0675792 0.0622216 0.00149638 -0.0648051 0.0603814 0.00149672 -0.0648051 0.0602358 0.00319121 -0.0648051 0.0601878 -0.0155056 -0.0545562 0.0521307 -0.0171694 -0.0648051 0.0603814 -0.0171712 -0.0545562 0.0521307 -0.0127703 -0.0648051 0.0601878 -0.0188299 -0.0545562 0.0521307 -0.0215686 -0.0635635 0.0603364 -0.0189557 -0.0602369 0.0506753 -0.0195952 -0.0548267 0.0530779 -0.0208589 -0.0676471 0.0511439 -0.0184161 -0.0695279 0.0418125 -0.0172354 -0.0689145 0.0514421 -0.0172363 -0.0658485 0.0611713 -0.0172375 -0.0602369 0.0506753 -0.0148761 -0.0635635 0.0603364 -0.0155192 -0.0548267 0.0530779 -0.0136124 -0.0676471 0.0511439 -0.0160565 -0.0695279 0.0418125 -0.0172354 -0.0689145 0.0514421 -0.0172363 -0.0658485 0.0611713 -0.0172375 -0.0602369 0.0506753 -0.0148761 -0.0602369 0.0506753 -0.0195952 -0.0695279 0.0418125 -0.0172354 -0.0548267 0.0530779 -0.0208589 -0.0548267 0.0530779 -0.0136124 -0.0602369 0.0506753 0.00403128 -0.0637421 0.0603364 0.00323172 -0.0549836 0.0531995 0.00514104 -0.0676471 0.0511439 0.00279735 -0.0695279 0.0418125 0.00156502 -0.0689145 0.0514421 0.00156409 -0.0660491 0.0610497 0.00156294 -0.0602369 0.0506753 -0.000901791 -0.0637421 0.0603364 -0.000105834 -0.0676471 0.0511439 0.000330822 -0.0549836 0.0531995 -0.00201155 -0.0695279 0.0418125 0.00156502 -0.0689145 0.0514421 0.00156409 -0.0660491 0.0610497 0.00156294 -0.0602369 0.0506753 0.00403128 -0.0602369 0.0506753 -0.000901791 -0.0695279 0.0418125 0.00156502 -0.0549836 0.0531995 -0.00201155 -0.0549836 0.0531995 0.00514104 -0.0606981 0.0494434 -0.00547004 -0.0642069 0.0590888 -0.00606664 -0.055624 0.0516674 -0.00429423 -0.0681109 0.0499049 -0.0066534 -0.0700301 0.0404724 -0.00783519 -0.0693809 0.050196 -0.0078361 -0.0663382 0.0600865 -0.00783727 -0.0606981 0.0494434 -0.0102009 -0.0642069 0.0590888 -0.00960788 -0.0681109 0.0499049 -0.0090188 -0.055624 0.0516674 -0.0113767 -0.0700301 0.0404724 -0.00783519 -0.0693809 0.050196 -0.0078361 -0.0663382 0.0600865 -0.00783727 -0.0606981 0.0494434 -0.00547004 -0.0606981 0.0494434 -0.0102009 -0.0700301 0.0404724 -0.00783519 -0.055624 0.0516674 -0.0113767 -0.055624 0.0516674 -0.00429423 -0.0548201 0.0479976 -0.00406108 -0.068486 0.0473941 -0.00783613 -0.0561411 0.0527606 -0.00548406 -0.0583509 0.0411251 -0.00482636 -0.069027 0.0362862 -0.00783552 -0.0611091 0.0297896 -0.00605853 -0.0681893 0.0283492 -0.00783547 -0.0656671 0.020081 -0.00783544 -0.0613974 0.0204959 -0.006947 -0.0608554 0.0113543 -0.00783544 -0.0548201 0.0479976 -0.0116098 -0.0561411 0.0527606 -0.0101868 -0.068486 0.0473941 -0.00783613 -0.0583509 0.0411251 -0.0108446 -0.069027 0.0362862 -0.00783552 -0.0611091 0.0297896 -0.00961238 -0.0681893 0.0283492 -0.00783547 -0.0656671 0.020081 -0.00783544 -0.0613974 0.0204959 -0.00872391 -0.0608554 0.0113543 -0.00783544 -0.0548201 0.0479976 -0.00406108 -0.0561411 0.0527606 -0.0101868 -0.0548201 0.0479976 -0.0116098 -0.0561411 0.0527606 -0.00548406 -0.0583509 0.0411251 -0.00482636 -0.0583509 0.0411251 -0.0108446 -0.0611091 0.0297896 -0.00961238 -0.0611091 0.0297896 -0.00605853 -0.0548201 0.0479976 -0.00406108 -0.0613974 0.0204959 -0.00872391 -0.0613974 0.0204959 -0.006947 -0.0613974 0.0204959 -0.006947 -0.0613974 0.0204959 -0.00872391 -0.0608554 0.0113543 -0.00783544 -0.0544177 0.0497843 0.00533913 -0.067815 0.0497957 0.00156409 -0.055581 0.0551624 0.00336545 -0.0577642 0.0435486 0.00457383 -0.0684403 0.0387096 0.00156469 -0.0605221 0.032213 0.00334167 -0.0676026 0.0307726 0.00156475 -0.0650801 0.0225046 0.00156475 -0.0608104 0.0229194 0.00245321 -0.0602686 0.0137778 0.00156475 -0.0544177 0.0497843 -0.00220963 -0.055581 0.0551624 -0.000689267 -0.067815 0.0497957 0.00156409 -0.0577642 0.0435486 -0.00144434 -0.0684403 0.0387096 0.00156469 -0.0605221 0.032213 -0.000212165 -0.0676026 0.0307726 0.00156475 -0.0650801 0.0225046 0.00156475 -0.0608104 0.0229194 0.000676293 -0.0602686 0.0137778 0.00156475 -0.055581 0.0551624 0.00336545 -0.0544177 0.0497843 -0.00220963 -0.0544177 0.0497843 0.00533913 -0.055581 0.0551624 -0.000689267 -0.0577642 0.0435486 0.00457383 -0.0577642 0.0435486 -0.00144434 -0.0605221 0.032213 -0.000212165 -0.0605221 0.032213 0.00334167 -0.0544177 0.0497843 0.00533913 -0.0608104 0.0229194 0.000676293 -0.0608104 0.0229194 0.00245321 -0.0608104 0.0229194 0.00245321 -0.0608104 0.0229194 0.000676293 -0.0602686 0.0137778 0.00156475 -0.0544177 0.0497843 -0.0134613 -0.067815 0.0497957 -0.0172363 -0.055581 0.0551624 -0.015627 -0.0577642 0.0435486 -0.0142266 -0.0684403 0.0387096 -0.0172357 -0.0605221 0.032213 -0.0154587 -0.0676026 0.0307726 -0.0172357 -0.0650801 0.0225046 -0.0172357 -0.0608104 0.0229194 -0.0163472 -0.0602686 0.0137778 -0.0172357 -0.0544177 0.0497843 -0.02101 -0.055581 0.0551624 -0.0188443 -0.067815 0.0497957 -0.0172363 -0.0577642 0.0435486 -0.0202447 -0.0684403 0.0387096 -0.0172357 -0.0605221 0.032213 -0.0190126 -0.0676026 0.0307726 -0.0172357 -0.0650801 0.0225046 -0.0172357 -0.0608104 0.0229194 -0.0181241 -0.0602686 0.0137778 -0.0172357 -0.0544177 0.0497843 -0.0134613 -0.055581 0.0551624 -0.0188443 -0.0544177 0.0497843 -0.02101 -0.055581 0.0551624 -0.015627 -0.0577642 0.0435486 -0.0142266 -0.0577642 0.0435486 -0.0202447 -0.0605221 0.032213 -0.0190126 -0.0605221 0.032213 -0.0154587 -0.0544177 0.0497843 -0.0134613 -0.0608104 0.0229194 -0.0181241 -0.0608104 0.0229194 -0.0163472 -0.0608104 0.0229194 -0.0163472 -0.0608104 0.0229194 -0.0181241 -0.0602686 0.0137778 -0.0172357 0.0548683 0.0540697 -0.00783544 0.0555831 0.0511541 -0.0122346 0.0548665 0.0540685 -0.0123695 0.0524632 0.057961 -0.00783544 0.0555831 0.0511541 -0.00783544 0.065675 0.0596321 -0.00939645 0.065675 0.0596321 -0.00783727 0.065675 0.0596321 -0.00627807 0.0555831 0.0511541 -0.00343632 0.068292 0.0616996 -0.0078376 0.0548665 0.0540685 -0.00330139 0.0555831 0.0511541 -0.00343632 0.0524632 0.057961 -0.00783544 0.0548683 0.0540697 -0.00783544 0.0555831 0.0511541 -0.00783544 0.0555831 0.0511541 -0.0122346 0.0524601 0.0579582 -0.00316647 0.0548665 0.0540685 -0.00330139 0.0548665 0.0540685 -0.0123695 0.0524601 0.0579582 -0.0125044 0.065675 0.0596321 -0.00939645 0.0548665 0.0540685 -0.0123695 0.0555831 0.0511541 -0.0122346 0.0643453 0.0622935 -0.00944428 0.0552635 0.0641457 -0.0107396 0.0524601 0.0579582 -0.0125044 0.0581944 0.0726859 -0.00783544 0.0649399 0.0641495 -0.0078376 0.068292 0.0616996 -0.0078376 0.065675 0.0596321 -0.00627807 0.0643453 0.0622935 -0.00623024 0.0548665 0.0540685 -0.00330139 0.0555831 0.0511541 -0.00343632 0.0552635 0.0641457 -0.00493133 0.0524601 0.0579582 -0.00316647 0.0545562 0.0521307 -0.0171694 0.0540786 0.0548244 -0.0215686 0.0541632 0.0548805 -0.0171694 0.0525691 0.0580507 -0.0171694 0.0545562 0.0521307 -0.0215686 0.0540786 0.0548244 -0.0215686 0.0541632 0.0548805 -0.0171694 0.0545562 0.0521307 -0.0127703 0.0541632 0.0548805 -0.0171694 0.0541043 0.0548414 -0.0126374 0.0525691 0.0580507 -0.0171694 0.0541043 0.0548414 -0.0126374 0.0524601 0.0579582 -0.0125044 0.0648051 0.0601878 -0.0188299 0.0640573 0.0646841 -0.0172091 0.0621005 0.0634746 -0.018844 0.0675792 0.0622216 -0.0171716 0.0648051 0.0601878 -0.0155056 0.0621134 0.0634832 -0.0154695 0.0541043 0.0548414 -0.0126374 0.0545645 0.0639557 -0.0144212 0.0556499 0.075261 -0.0174481 0.0526595 0.0650052 -0.0212445 0.0507695 0.0604423 -0.0215686 0.0540786 0.0548244 -0.0215686 0.0524601 0.0579582 -0.0125044 0.0545562 0.0521307 -0.0127703 0.0545562 0.0521307 -0.0215686 0.0648051 0.0603814 -0.0171712 0.0675792 0.0622216 -0.0171716 0.0648051 0.0601878 -0.0188299 0.0648051 0.0601878 -0.0155056 0.0464315 0.0668358 -0.0216754 0.0450629 0.0656742 -0.0147554 0.0502709 0.0609709 -0.0199642 0.0515201 0.0590512 -0.0171694 0.0515201 0.0590512 -0.0125044 0.0515201 0.0590512 -0.00783544 0.0446682 0.0653392 -0.00783544 0.0553997 0.0744466 -0.017336 0.0574942 0.0762239 -0.00783544 0.0368831 0.0934438 -0.020269 0.0400756 0.100783 -0.0167607 0.0553997 0.0744466 -0.017336 0.0331978 0.0871713 -0.0229324 0.0346443 0.0849335 -0.0233246 0.0381787 0.0795025 -0.0233088 0.0420738 0.0735175 -0.0226489 0.0464315 0.0668358 -0.0216754 0.0574942 0.0762239 -0.00783544 0.0419103 0.108089 -0.0128076 0.042658 0.11296 -0.00783544 0.0540786 0.0548244 0.00589768 0.0545562 0.0521307 0.00149853 0.0541632 0.0548805 0.00149853 0.0525691 0.0580507 0.00149853 0.0545562 0.0521307 0.00589768 0.0540786 0.0548244 0.00589768 0.0545562 0.0521307 -0.0029006 0.0541632 0.0548805 0.00149853 0.0648051 0.0602358 0.00319121 0.0540786 0.0548244 0.00589768 0.0621005 0.0635224 0.00323545 0.0545562 0.0521307 0.00589768 0.0507695 0.0604423 0.00589768 0.0523212 0.0647179 0.00557362 0.0556499 0.075261 0.00177724 0.0640573 0.0646841 0.00161164 0.0621134 0.063531 -0.000193212 0.0648051 0.0602358 -0.000186428 0.0541043 0.0548414 -0.00303352 0.0545562 0.0521307 -0.0029006 0.0675792 0.0622216 0.00149638 0.0545645 0.0639557 -0.00124974 0.0524601 0.0579582 -0.00316647 0.0541632 0.0548805 0.00149853 0.0545562 0.0521307 -0.0029006 0.0541043 0.0548414 -0.00303352 0.0525691 0.0580507 0.00149853 0.0545562 0.0521307 0.00149853 0.0648051 0.0602358 -0.000186428 0.0648051 0.0603814 0.00149672 0.0648051 0.0602358 0.00319121 0.0545562 0.0521307 0.00589768 0.0541043 0.0548414 -0.00303352 0.0524601 0.0579582 -0.00316647 0.0515201 0.0590512 0.00149853 0.0450629 0.0656742 -0.00091549 0.0502709 0.0609709 0.00429326 0.0464315 0.0668358 0.00600448 0.0515201 0.0590512 -0.00316647 0.0515201 0.0590512 -0.00783544 0.0446682 0.0653392 -0.00783544 0.0574942 0.0762239 -0.00783544 0.0553997 0.0744466 0.00166507 0.0401071 0.100734 0.00108979 0.0368831 0.0934438 0.00459806 0.0553997 0.0744466 0.00166507 0.0574942 0.0762239 -0.00783544 0.0419788 0.108166 -0.00286329 0.0331978 0.0871713 0.00726145 0.0346443 0.0849335 0.00765373 0.0381787 0.0795025 0.00763788 0.0420738 0.0735175 0.00697799 0.0464315 0.0668358 0.00600448 0.042658 0.11296 -0.00783544 0.0381787 0.0795025 -0.0233088 0.0346443 0.0849335 0.00765373 0.0381787 0.0795025 0.00763788 0.0346443 0.0849335 -0.0233246 0.0440124 0.0843773 0.00591086 0.0381787 0.0795025 -0.0233088 0.0381787 0.0795025 0.00763788 0.0440124 0.0843773 -0.0215818 0.0493507 0.0889076 -0.0150543 0.0493507 0.0889076 -0.000616608 0.0514025 0.090522 -0.00783544 0.040256 0.0896777 -0.0212232 0.0346443 0.0849335 0.00765373 0.0346443 0.0849335 -0.0233246 0.040256 0.0896777 0.00555234 0.0447345 0.0934784 -0.01605 0.0447345 0.0934784 0.000379105 0.0487832 0.0967875 -0.00783544 0.0525691 0.0580507 -0.0171694 0.0540786 0.0548244 -0.0215686 0.0507695 0.0604423 -0.0215686 0.0507695 0.0604423 0.00589768 0.0540786 0.0548244 0.00589768 0.0525691 0.0580507 0.00149853 0.0552635 0.0641457 -0.0107396 0.055057 0.0640964 -0.0127899 0.0524601 0.0579582 -0.0125044 0.0581944 0.0726859 -0.00783544 0.0545645 0.0639557 -0.0144212 0.0556499 0.075261 -0.0174481 0.0574835 0.0761665 -0.0131738 0.0529636 0.0839655 -0.0188797 0.0479991 0.0789937 -0.0230529 0.0438401 0.0857562 -0.0238308 0.0384066 0.079487 -0.0252091 0.0423469 0.0734322 -0.0245119 0.0489133 0.0915187 -0.0194857 0.0513649 0.0707652 -0.0218399 0.0467639 0.0666448 -0.0234704 0.0523212 0.0647179 -0.0212445 0.0507695 0.0604423 -0.0215686 0.0551434 0.0865635 -0.0136847 0.0581944 0.0726859 -0.00783544 0.0584904 0.0770176 -0.00783544 0.0563329 0.0879439 -0.00783544 0.0517848 0.0951677 -0.0140056 0.0533674 0.0974164 -0.00783544 0.0420738 0.0735175 -0.0226489 0.0381787 0.0795025 -0.0233088 0.0464315 0.0668358 -0.0216754 0.0502709 0.0609709 -0.0199642 0.0525691 0.0580507 -0.0171694 0.0515201 0.0590512 -0.0171694 0.0515201 0.0590512 -0.0125044 0.0524601 0.0579582 -0.0125044 0.0515201 0.0590512 -0.00783544 0.0524632 0.057961 -0.00783544 0.047736 0.103373 -0.0137554 0.0493639 0.106772 -0.00783544 0.0440187 0.117324 -0.00783544 0.044861 0.0983219 -0.0190132 0.0430111 0.109784 -0.0138149 0.0440187 0.117324 -0.00783544 0.0411838 0.102228 -0.0181682 0.0401084 0.0919033 -0.0231459 0.0378087 0.0942978 -0.0219847 0.0333332 0.087283 -0.0248286 0.0348226 0.0849953 -0.0251832 0.0400756 0.100783 -0.0167607 0.0368831 0.0934438 -0.020269 0.0331978 0.0871713 -0.0229324 0.0419103 0.108089 -0.0128076 0.042658 0.11296 -0.00783544 0.0440187 0.117324 -0.00783544 0.0346443 0.0849335 -0.0233246 0.055057 0.0640964 -0.00288105 0.0552635 0.0641457 -0.00493133 0.0524601 0.0579582 -0.00316647 0.0581944 0.0726859 -0.00783544 0.0545645 0.0639557 -0.00124974 0.0556499 0.075261 0.00177724 0.0574835 0.0761665 -0.00249707 0.0529636 0.0839655 0.00320878 0.0479991 0.0789937 0.00738198 0.0438401 0.0857562 0.00815993 0.0384066 0.079487 0.00953821 0.0423469 0.0734322 0.008841 0.0489133 0.0915187 0.00381485 0.0513649 0.0707652 0.00616895 0.0467639 0.0666448 0.00779948 0.0523212 0.0647179 0.00557362 0.0507695 0.0604423 0.00589768 0.0551434 0.0865635 -0.00198625 0.0584904 0.0770176 -0.00783544 0.0581944 0.0726859 -0.00783544 0.0563329 0.0879439 -0.00783544 0.0517848 0.0951677 -0.00166527 0.0533674 0.0974164 -0.00783544 0.0420738 0.0735175 0.00697799 0.0381787 0.0795025 0.00763788 0.0464315 0.0668358 0.00600448 0.0502709 0.0609709 0.00429326 0.0525691 0.0580507 0.00149853 0.0515201 0.0590512 0.00149853 0.0515201 0.0590512 -0.00316647 0.0524601 0.0579582 -0.00316647 0.0515201 0.0590512 -0.00783544 0.0524632 0.057961 -0.00783544 0.047736 0.103373 -0.00191555 0.0493639 0.106772 -0.00783544 0.0440187 0.117324 -0.00783544 0.044861 0.0983219 0.00334226 0.0430111 0.109784 -0.00185601 0.0440187 0.117324 -0.00783544 0.0411838 0.102228 0.00249724 0.0401084 0.0919033 0.00747497 0.0378087 0.0942978 0.00631383 0.0333332 0.087283 0.00915769 0.0348226 0.0849953 0.00951227 0.0401071 0.100734 0.00108979 0.0368831 0.0934438 0.00459806 0.0331978 0.0871713 0.00726145 0.0419788 0.108166 -0.00286329 0.042658 0.11296 -0.00783544 0.0440187 0.117324 -0.00783544 0.0346443 0.0849335 0.00765373 0.0675792 0.0622216 0.00149638 0.0648051 0.0602358 -0.000186428 0.0648051 0.0603814 0.00149672 0.0648051 0.0602358 0.00319121 0.0545562 0.0521307 -0.0171694 0.0648051 0.0601878 -0.0155056 0.0648051 0.0603814 -0.0171712 0.0545562 0.0521307 -0.0127703 0.0648051 0.0601878 -0.0188299 0.0545562 0.0521307 -0.0215686 0.0602369 0.0506753 -0.0195952 0.0635635 0.0603364 -0.0189557 0.0548267 0.0530779 -0.0208589 0.0676471 0.0511439 -0.0184161 0.0695279 0.0418125 -0.0172354 0.0689145 0.0514421 -0.0172363 0.0658485 0.0611713 -0.0172375 0.0635635 0.0603364 -0.0155192 0.0602369 0.0506753 -0.0148761 0.0548267 0.0530779 -0.0136124 0.0676471 0.0511439 -0.0160565 0.0695279 0.0418125 -0.0172354 0.0689145 0.0514421 -0.0172363 0.0658485 0.0611713 -0.0172375 0.0602369 0.0506753 -0.0195952 0.0602369 0.0506753 -0.0148761 0.0695279 0.0418125 -0.0172354 0.0548267 0.0530779 -0.0208589 0.0548267 0.0530779 -0.0136124 0.0637421 0.0603364 0.00323172 0.0602369 0.0506753 0.00403128 0.0549836 0.0531995 0.00514104 0.0676471 0.0511439 0.00279735 0.0695279 0.0418125 0.00156502 0.0689145 0.0514421 0.00156409 0.0660491 0.0610497 0.00156294 0.0637421 0.0603364 -0.000105834 0.0602369 0.0506753 -0.000901791 0.0676471 0.0511439 0.000330822 0.0549836 0.0531995 -0.00201155 0.0695279 0.0418125 0.00156502 0.0689145 0.0514421 0.00156409 0.0660491 0.0610497 0.00156294 0.0602369 0.0506753 -0.000901791 0.0602369 0.0506753 0.00403128 0.0695279 0.0418125 0.00156502 0.0549836 0.0531995 -0.00201155 0.0549836 0.0531995 0.00514104 0.0642069 0.0590888 -0.00606664 0.0606981 0.0494434 -0.00547004 0.055624 0.0516674 -0.00429423 0.0681109 0.0499049 -0.0066534 0.0700301 0.0404724 -0.00783519 0.0693809 0.050196 -0.0078361 0.0663382 0.0600865 -0.00783727 0.0642069 0.0590888 -0.00960788 0.0606981 0.0494434 -0.0102009 0.0681109 0.0499049 -0.0090188 0.055624 0.0516674 -0.0113767 0.0700301 0.0404724 -0.00783519 0.0693809 0.050196 -0.0078361 0.0663382 0.0600865 -0.00783727 0.0606981 0.0494434 -0.0102009 0.0606981 0.0494434 -0.00547004 0.0700301 0.0404724 -0.00783519 0.055624 0.0516674 -0.0113767 0.055624 0.0516674 -0.00429423 0.068486 0.0473941 -0.00783613 0.0548201 0.0479976 -0.00406108 0.0561411 0.0527606 -0.00548406 0.0583509 0.0411251 -0.00482636 0.069027 0.0362862 -0.00783552 0.0611091 0.0297896 -0.00605853 0.0681893 0.0283492 -0.00783547 0.0656671 0.020081 -0.00783544 0.0613974 0.0204959 -0.006947 0.0608554 0.0113543 -0.00783544 0.0561411 0.0527606 -0.0101868 0.0548201 0.0479976 -0.0116098 0.068486 0.0473941 -0.00783613 0.0583509 0.0411251 -0.0108446 0.069027 0.0362862 -0.00783552 0.0611091 0.0297896 -0.00961238 0.0681893 0.0283492 -0.00783547 0.0656671 0.020081 -0.00783544 0.0613974 0.0204959 -0.00872391 0.0608554 0.0113543 -0.00783544 0.0561411 0.0527606 -0.0101868 0.0548201 0.0479976 -0.00406108 0.0548201 0.0479976 -0.0116098 0.0561411 0.0527606 -0.00548406 0.0583509 0.0411251 -0.00482636 0.0583509 0.0411251 -0.0108446 0.0611091 0.0297896 -0.00961238 0.0611091 0.0297896 -0.00605853 0.0548201 0.0479976 -0.00406108 0.0613974 0.0204959 -0.00872391 0.0613974 0.0204959 -0.006947 0.0613974 0.0204959 -0.00872391 0.0613974 0.0204959 -0.006947 0.0608554 0.0113543 -0.00783544 0.067815 0.0497957 0.00156409 0.0544177 0.0497843 0.00533913 0.055581 0.0551624 0.00336545 0.0577642 0.0435486 0.00457383 0.0684403 0.0387096 0.00156469 0.0605221 0.032213 0.00334167 0.0676026 0.0307726 0.00156475 0.0650801 0.0225046 0.00156475 0.0608104 0.0229194 0.00245321 0.0602686 0.0137778 0.00156475 0.055581 0.0551624 -0.000689267 0.0544177 0.0497843 -0.00220963 0.067815 0.0497957 0.00156409 0.0577642 0.0435486 -0.00144434 0.0684403 0.0387096 0.00156469 0.0605221 0.032213 -0.000212165 0.0676026 0.0307726 0.00156475 0.0650801 0.0225046 0.00156475 0.0608104 0.0229194 0.000676293 0.0602686 0.0137778 0.00156475 0.0544177 0.0497843 -0.00220963 0.055581 0.0551624 0.00336545 0.0544177 0.0497843 0.00533913 0.055581 0.0551624 -0.000689267 0.0577642 0.0435486 0.00457383 0.0577642 0.0435486 -0.00144434 0.0605221 0.032213 -0.000212165 0.0605221 0.032213 0.00334167 0.0544177 0.0497843 0.00533913 0.0608104 0.0229194 0.000676293 0.0608104 0.0229194 0.00245321 0.0608104 0.0229194 0.000676293 0.0608104 0.0229194 0.00245321 0.0602686 0.0137778 0.00156475 0.067815 0.0497957 -0.0172363 0.0544177 0.0497843 -0.0134613 0.055581 0.0551624 -0.015627 0.0577642 0.0435486 -0.0142266 0.0684403 0.0387096 -0.0172357 0.0605221 0.032213 -0.0154587 0.0676026 0.0307726 -0.0172357 0.0650801 0.0225046 -0.0172357 0.0608104 0.0229194 -0.0163472 0.0602686 0.0137778 -0.0172357 0.055581 0.0551624 -0.0188443 0.0544177 0.0497843 -0.02101 0.067815 0.0497957 -0.0172363 0.0577642 0.0435486 -0.0202447 0.0684403 0.0387096 -0.0172357 0.0605221 0.032213 -0.0190126 0.0676026 0.0307726 -0.0172357 0.0650801 0.0225046 -0.0172357 0.0608104 0.0229194 -0.0181241 0.0602686 0.0137778 -0.0172357 0.055581 0.0551624 -0.0188443 0.0544177 0.0497843 -0.0134613 0.0544177 0.0497843 -0.02101 0.055581 0.0551624 -0.015627 0.0577642 0.0435486 -0.0142266 0.0577642 0.0435486 -0.0202447 0.0605221 0.032213 -0.0190126 0.0605221 0.032213 -0.0154587 0.0544177 0.0497843 -0.0134613 0.0608104 0.0229194 -0.0181241 0.0608104 0.0229194 -0.0163472 0.0608104 0.0229194 -0.0181241 0.0608104 0.0229194 -0.0163472 0.0602686 0.0137778 -0.0172357 -0.0165658 0.056767 -0.0241819 -0.00334523 0.0766219 -0.0276454 -0.00333388 0.0538917 -0.0256278 -0.0152911 0.0766158 -0.0265956 -0.0146003 0.0979104 -0.0271198 -0.00335585 0.0979162 -0.0280665 -0.0141674 0.119205 -0.0263733 -0.00336644 0.119211 -0.027335 -0.0138752 0.134021 -0.0249538 -0.00337376 0.13387 -0.0256042 -0.0288948 0.0608774 -0.0242473 -0.0275948 0.0766097 -0.0252052 -0.0411952 0.0670192 -0.0227512 -0.0407698 0.0766028 -0.0230847 -0.0393817 0.0978949 -0.0237394 -0.0258468 0.0979038 -0.0258923 -0.0375514 0.119193 -0.0235357 -0.0250295 0.119199 -0.0252152 -0.0357815 0.132932 -0.0232036 -0.0243402 0.133718 -0.024202 -0.0170832 0.056767 -0.0297167 -0.00334571 0.0766219 -0.031987 -0.0156536 0.0766158 -0.0309169 -0.003334 0.0538917 -0.0296121 -0.0149594 0.0979119 -0.0318712 -0.00335671 0.0979175 -0.0328379 -0.0144959 0.119205 -0.0306964 -0.00336758 0.119211 -0.0316766 -0.0141685 0.134021 -0.0289215 -0.00337502 0.13387 -0.0295885 -0.0263289 0.0979051 -0.0304137 -0.0280749 0.0766097 -0.0295201 -0.0397215 0.0978949 -0.0277053 -0.0410736 0.0766028 -0.0270525 -0.0414881 0.0670192 -0.0267195 -0.0293337 0.0608774 -0.0282072 -0.037939 0.119193 -0.0274991 -0.0255125 0.119199 -0.02953 -0.0362128 0.132932 -0.0271645 -0.0247843 0.133718 -0.0281615 -0.0138752 0.134021 -0.0249538 -0.00337566 0.138707 -0.0234532 -0.00337376 0.13387 -0.0256042 -0.0138568 0.138571 -0.0229313 -0.0243402 0.133718 -0.024202 -0.0252755 0.138009 -0.0222171 -0.0357815 0.132932 -0.0232036 -0.0389103 0.136259 -0.020976 -0.026782 0.142346 -0.0252558 -0.0422753 0.141043 -0.0238013 -0.0440682 0.139297 -0.0235976 -0.0142151 0.143171 -0.025922 -0.00338038 0.143656 -0.0263261 -0.0260441 0.138009 -0.0290886 -0.0143706 0.138571 -0.0298166 -0.0247843 0.133718 -0.0281615 -0.0362128 0.132932 -0.0271645 -0.0395153 0.136259 -0.0278574 -0.0141685 0.134021 -0.0289215 -0.00337795 0.138707 -0.0303675 -0.00337502 0.13387 -0.0295885 -0.00338038 0.143656 -0.0263261 -0.0420045 0.119179 -0.0210378 -0.0424757 0.119179 -0.0279258 -0.0467106 0.119164 -0.0235676 -0.0441627 0.0978941 -0.0209638 -0.0491208 0.0978936 -0.0232223 -0.0458008 0.0766041 -0.020387 -0.0513171 0.0766049 -0.0226447 -0.0393817 0.0978949 -0.0237394 -0.0375514 0.119193 -0.0235357 -0.0407698 0.0766028 -0.0230847 -0.0445379 0.0978944 -0.0278567 -0.0397215 0.0978949 -0.0277053 -0.0410736 0.0766028 -0.0270525 -0.0461033 0.0766041 -0.0272842 -0.0462051 0.0639681 -0.0270642 -0.0524462 0.0613938 -0.0223942 -0.037939 0.119193 -0.0274991 -0.0508658 0.0594766 -0.0226747 -0.0312113 0.0566209 -0.0291033 -0.0326695 0.0521015 -0.0252302 -0.0304528 0.0566209 -0.0222308 -0.045913 0.0639681 -0.0201656 -0.0173874 0.052131 -0.0299471 -0.0173108 0.0472087 -0.0260452 -0.00333154 0.0490586 -0.0303914 -0.0033289 0.0439268 -0.0263284 -0.0167332 0.052131 -0.0230699 -0.00333144 0.0490586 -0.0234771 -0.0033289 0.0439268 -0.0263284 -0.0411952 0.0670192 -0.0227512 -0.0288948 0.0608774 -0.0242473 -0.0165658 0.056767 -0.0241819 -0.00333388 0.0538917 -0.0256278 -0.003334 0.0538917 -0.0296121 -0.0170832 0.056767 -0.0297167 -0.0293337 0.0608774 -0.0282072 -0.0414881 0.0670192 -0.0267195 -0.00337376 0.13387 -0.0256042 -0.00337795 0.138707 -0.0303675 -0.00337502 0.13387 -0.0295885 -0.00337566 0.138707 -0.0234532 -0.00338038 0.143656 -0.0263261 -0.00336644 0.119211 -0.027335 -0.00337502 0.13387 -0.0295885 -0.00336758 0.119211 -0.0316766 -0.00337376 0.13387 -0.0256042 -0.00335585 0.0979162 -0.0280665 -0.00335671 0.0979175 -0.0328379 -0.00334571 0.0766219 -0.031987 -0.00334523 0.0766219 -0.0276454 -0.003334 0.0538917 -0.0296121 -0.00333388 0.0538917 -0.0256278 -0.0033289 0.0439268 -0.0263284 -0.00333144 0.0490586 -0.0234771 -0.00333154 0.0490586 -0.0303914 -0.00333388 0.0538917 -0.0256278 -0.003334 0.0538917 -0.0296121 0.00334523 0.0766219 -0.0276454 0.0165658 0.056767 -0.0241819 0.00333388 0.0538917 -0.0256278 0.0152911 0.0766158 -0.0265956 0.0146003 0.0979104 -0.0271198 0.00335585 0.0979162 -0.0280665 0.0141674 0.119205 -0.0263733 0.00336644 0.119211 -0.027335 0.0138752 0.134021 -0.0249538 0.00337376 0.13387 -0.0256042 0.0288948 0.0608774 -0.0242473 0.0275948 0.0766097 -0.0252052 0.0411952 0.0670192 -0.0227512 0.0407698 0.0766028 -0.0230847 0.0393817 0.0978949 -0.0237394 0.0258468 0.0979038 -0.0258923 0.0375514 0.119193 -0.0235357 0.0250295 0.119199 -0.0252152 0.0357815 0.132932 -0.0232036 0.0243402 0.133718 -0.024202 0.00334571 0.0766219 -0.031987 0.0170832 0.056767 -0.0297167 0.0156536 0.0766158 -0.0309169 0.003334 0.0538917 -0.0296121 0.0149594 0.0979119 -0.0318712 0.00335671 0.0979175 -0.0328379 0.0144959 0.119205 -0.0306964 0.00336758 0.119211 -0.0316766 0.0141685 0.134021 -0.0289215 0.00337502 0.13387 -0.0295885 0.0263289 0.0979051 -0.0304137 0.0280749 0.0766097 -0.0295201 0.0397215 0.0978949 -0.0277053 0.0410736 0.0766028 -0.0270525 0.0414881 0.0670192 -0.0267195 0.0293337 0.0608774 -0.0282072 0.037939 0.119193 -0.0274991 0.0255125 0.119199 -0.02953 0.0362128 0.132932 -0.0271645 0.0247843 0.133718 -0.0281615 0.00337566 0.138707 -0.0234532 0.0138752 0.134021 -0.0249538 0.00337376 0.13387 -0.0256042 0.0138568 0.138571 -0.0229313 0.0243402 0.133718 -0.024202 0.0252755 0.138009 -0.0222171 0.0357815 0.132932 -0.0232036 0.0389103 0.136259 -0.020976 0.026782 0.142346 -0.0252558 0.0422753 0.141043 -0.0238013 0.0440682 0.139297 -0.0235976 0.0142151 0.143171 -0.025922 0.00338038 0.143656 -0.0263261 0.0260441 0.138009 -0.0290886 0.0143706 0.138571 -0.0298166 0.0247843 0.133718 -0.0281615 0.0362128 0.132932 -0.0271645 0.0395153 0.136259 -0.0278574 0.0141685 0.134021 -0.0289215 0.00337792 0.138707 -0.0303675 0.00337502 0.13387 -0.0295885 0.00338038 0.143656 -0.0263261 0.0420045 0.119179 -0.0210378 0.0424757 0.119179 -0.0279258 0.0467106 0.119164 -0.0235676 0.0441627 0.0978941 -0.0209638 0.0491208 0.0978936 -0.0232223 0.0458008 0.0766041 -0.020387 0.0513171 0.0766049 -0.0226447 0.0393817 0.0978949 -0.0237394 0.0375514 0.119193 -0.0235357 0.0407698 0.0766028 -0.0230847 0.0445379 0.0978944 -0.0278567 0.0397215 0.0978949 -0.0277053 0.0410736 0.0766028 -0.0270525 0.0461033 0.0766041 -0.0272842 0.0462051 0.0639681 -0.0270642 0.0524462 0.0613938 -0.0223942 0.037939 0.119193 -0.0274991 0.0508658 0.0594766 -0.0226747 0.0312113 0.0566209 -0.0291033 0.0326695 0.0521015 -0.0252302 0.0304528 0.0566209 -0.0222308 0.045913 0.0639681 -0.0201656 0.0173874 0.052131 -0.0299471 0.0173108 0.0472087 -0.0260452 0.00333154 0.0490586 -0.0303914 0.0033289 0.0439268 -0.0263284 0.0167332 0.052131 -0.0230699 0.00333144 0.0490586 -0.0234771 0.0033289 0.0439268 -0.0263284 0.0411952 0.0670192 -0.0227512 0.0288948 0.0608774 -0.0242473 0.0165658 0.056767 -0.0241819 0.00333388 0.0538917 -0.0256278 0.003334 0.0538917 -0.0296121 0.0170832 0.056767 -0.0297167 0.0293337 0.0608774 -0.0282072 0.0414881 0.0670192 -0.0267195 0.00337792 0.138707 -0.0303675 0.00337376 0.13387 -0.0256042 0.00337502 0.13387 -0.0295885 0.00337566 0.138707 -0.0234532 0.00338038 0.143656 -0.0263261 0.00337502 0.13387 -0.0295885 0.00336644 0.119211 -0.027335 0.00336758 0.119211 -0.0316766 0.00337376 0.13387 -0.0256042 0.00335585 0.0979162 -0.0280665 0.00335671 0.0979175 -0.0328379 0.00334571 0.0766219 -0.031987 0.00334523 0.0766219 -0.0276454 0.003334 0.0538917 -0.0296121 0.00333388 0.0538917 -0.0256278 0.00333144 0.0490586 -0.0234771 0.0033289 0.0439268 -0.0263284 0.00333154 0.0490586 -0.0303914 0.00333388 0.0538917 -0.0256278 0.003334 0.0538917 -0.0296121</float_array>
                    <technique_common>
                        <accessor count="7802" source="#ID48" stride="3">
                            <param name="X" type="float"/>
                            <param name="Y" type="float"/>
                            <param name="Z" type="float"/>
                        </accessor>
                    </technique_common>
                </source>
                <source id="ID49">
                    <float_array id="ID50" count="15693">0 -0.687375 -0.72625 0 -0.6015 -0.798844 0 -0.131688 -0.99125 -0.462438 0.566 -0.682406 0.462438 0.566 -0.682406 0.005875 -0.893469 -0.449031 -0.00753125 -0.9045 -0.426313 0 -0.888094 -0.459625 0.065875 -0.87075 -0.487219 -0.56375 0.71075 -0.420563 0 0.996375 0.0845 -0.7765 0.627219 -0.059625 -0.481125 0.873281 -0.0758125 0 0.996406 -0.0841563 0 0.979844 -0.199594 -0.687563 0.705875 -0.169938 -0.714219 0.687063 -0.133375 -0.9085 0.38575 -0.1605 -0.981125 0.181 -0.0677188 0.0916563 -0.862875 -0.496875 0.00753125 -0.9045 -0.426313 -0.005875 -0.893469 -0.449031 -0.065875 -0.87075 -0.487219 -0.0916563 -0.862875 -0.496875 0.7765 0.627219 -0.059625 0.481125 0.873281 -0.0758125 0.486813 0.854 -0.183219 0.687563 0.705875 -0.169938 0.714219 0.687063 -0.133375 0.9085 0.38575 -0.1605 0.981125 0.181 -0.0677188 -0.90175 0.356219 -0.24475 -0.94875 0.271 -0.162125 -0.884625 0.358719 -0.29775 -0.9525 0.278531 -0.1225 -0.760938 0.55 -0.344063 -0.754031 0.569469 -0.32725 -0.729969 0.54125 -0.417313 -0.560625 0.783094 -0.269094 -0.631594 0.757563 -0.16475 -0.585844 0.810375 0.0048125 -0.3775 0.907031 -0.186125 -0.381156 0.923125 0.0496875 -0.242625 0.95825 -0.151 -0.532 0.767719 -0.357125 -0.592625 0.668594 -0.449094 -0.699313 0.666719 0.257688 -0.424313 0.849219 0.31425 -0.250813 0.966438 0.055125 -0.286375 0.898844 0.331688 -0.44825 0.74175 0.49875 -0.304781 0.802344 0.513094 -0.815531 0.570375 0.097125 -0.911625 0.343344 0.225688 -0.72875 0.555219 0.400656 -0.316875 0.914875 -0.249969 0 0.974688 -0.2235 0 0.925625 -0.378375 0 0.990594 -0.136688 0 0.99775 0.066625 -0.727219 0.475125 0.495313 -0.899 0.228594 0.3735 -0.932125 0.27 0.24125 -0.971313 0.1265 0.201281 -0.973531 0.106125 0.202125 -0.781844 0.305719 0.543281 -0.910375 -0.02925 0.412594 -0.767469 0.284281 0.5745 -0.484719 0.59875 0.6375 -0.468688 0.68675 0.5555 -0.325938 0.74325 0.584188 -0.227938 0.705531 0.670906 -0.745375 0.422469 0.515625 0 0.71975 0.694125 0 0.696469 0.717531 -0.605 0.262219 0.75175 0 0.583 0.812406 -0.812219 -0.157688 0.561594 -0.921594 -0.069 0.381875 0 0.246063 0.96925 0 -0.241688 0.970344 -0.927625 -0.161781 0.336625 -0.838625 -0.310969 0.447125 -0.636375 -0.3695 0.677063 0 0.784063 0.620625 -0.921625 -0.133125 0.364375 0 -0.452875 0.8915 -0.638844 -0.391625 0.662125 0.636375 -0.3695 0.677063 0.638844 -0.391625 0.662125 0.812219 -0.157688 0.561594 0.838625 -0.310969 0.447125 0.921594 -0.069 0.381875 0.767469 0.284281 0.5745 0.605 0.262219 0.75175 0.418875 0.59475 0.686094 0.484719 0.59875 0.6375 0.227938 0.705531 0.670906 0.781844 0.305719 0.543281 0.910375 -0.02925 0.412594 0.899 0.228594 0.3735 0.727219 0.475125 0.495313 0.468688 0.68675 0.5555 0.927625 -0.161781 0.336625 0.921625 -0.133125 0.364375 0.44825 0.74175 0.49875 0.72875 0.555219 0.400656 0.424313 0.849219 0.31425 0.699313 0.666719 0.257688 0.381156 0.923125 0.0496875 0.585844 0.810375 0.00475 0.377625 0.907 -0.186188 0.560594 0.783125 -0.269031 0.242594 0.95825 -0.151 0.250844 0.966438 0.0550938 0.316844 0.914875 -0.249938 0.532 0.767719 -0.357094 0.815531 0.570375 0.097125 0.911625 0.343344 0.225688 0.631375 0.757688 -0.164875 0.932125 0.27 0.24125 0.971313 0.1265 0.201281 0.973531 0.106125 0.202125 0.753844 0.569656 -0.32725 0.760844 0.550219 -0.343969 0.90175 0.356219 -0.24475 0.884625 0.358719 -0.29775 0.94875 0.271 -0.162125 0.9525 0.278531 -0.1225 0.729969 0.54125 -0.417313 0.592625 0.668594 -0.449094 0.982844 0.178875 -0.0446875 0.988625 0.135375 0.0649375 0.988125 0.0974063 0.118406 0.967344 0.0167188 0.25275 0.935938 0.031125 0.35075 0.930594 -0.0281875 0.364875 0.869125 0.044125 0.492594 0.859906 0.138125 0.491313 0.899688 0.025875 0.435719 0.99375 0.100625 0.0480938 0.97925 0.0617188 0.192969 0.976875 0.184875 -0.106875 0.941875 0.263375 -0.208438 0.71825 0.5065 -0.476938 0.853375 0.37175 -0.365375 0.87975 -0.0556563 0.472125 0.9355 -0.0604375 0.348 0.886563 -0.0562188 0.459094 0.860906 -0.147375 0.486875 0.89425 -0.175344 0.411625 0.852969 -0.18975 0.486156 0.780281 -0.378594 0.497719 0.772219 -0.410313 0.485063 0.729594 -0.504469 0.461625 0 -0.716125 0.697906 0.718813 -0.52175 0.459375 0.559875 -0.496281 0.663406 -0.8475 0.28525 -0.447594 -0.997 0.0757188 -0.0115625 -0.844938 0.278969 -0.45625 -0.88875 -0.158875 0.429938 -0.880313 -0.188094 0.435469 -0.903719 -0.110875 0.413406 -0.9955 0.090625 -0.0261563 -0.916375 -0.0655 0.394875 -0.994781 0.0992813 -0.021875 -0.995469 0.089875 0.0305 -0.868375 0.238969 -0.434375 -0.846875 0.261625 -0.462875 -0.869125 0.044125 0.492594 -0.935938 0.031125 0.35075 -0.859906 0.138125 0.491313 -0.930594 -0.0281875 0.364875 -0.899688 0.025875 0.435719 -0.967344 0.0167188 0.25275 -0.988125 0.0974063 0.118406 -0.988625 0.135375 0.0649375 -0.982844 0.178875 -0.0446875 -0.99375 0.100625 0.0480938 -0.97925 0.0617188 0.192969 -0.976875 0.184875 -0.106875 -0.941875 0.263375 -0.208438 -0.853375 0.37175 -0.365375 -0.71825 0.5065 -0.476938 -0.9355 -0.0604375 0.348 -0.87975 -0.0556563 0.472125 -0.886563 -0.0562188 0.459094 -0.860906 -0.147375 0.486875 -0.89425 -0.175344 0.411625 -0.852969 -0.18975 0.486156 -0.780281 -0.378594 0.497719 -0.772219 -0.410313 0.485063 -0.729594 -0.504469 0.461625 -0.718813 -0.52175 0.459375 -0.559875 -0.496281 0.663406 0 -0.554156 -0.832375 0.267656 -0.499969 -0.823594 0 0.0321875 -0.999469 0.0279375 -0.517563 -0.855125 0 -0.61175 -0.791 0.244281 -0.734 -0.633625 0.2415 -0.342813 -0.907781 0.565719 -0.427875 -0.704844 0 -0.692031 -0.721781 0.545 -0.776875 -0.31525 -0.0050625 -0.938125 -0.346219 0.482125 -0.746875 -0.457844 0.0135 -0.991625 -0.128 0.0368125 -0.925188 -0.377625 -0.003 -0.764656 -0.644375 0.0535625 -0.835156 -0.547344 0.07025 -0.7845 -0.616094 0.0828125 -0.731125 -0.677125 0.0953125 -0.722625 -0.684594 0.0970938 -0.714625 -0.692688 0.0834375 -0.720125 -0.68875 0 -0.723125 -0.690625 0.13575 -0.879 -0.457063 0.686844 -0.50975 -0.518 0.283625 -0.406969 0.86825 0.896 0.41425 -0.159594 -0.036125 0.411281 -0.91075 0.131844 -0.562 0.8165 -0.52 -0.817344 -0.247969 -0.216438 -0.362375 -0.9065 0.88425 0.463344 -0.0577188 -0.272563 -0.740844 -0.613875 0.744563 -0.416156 -0.521875 0.758469 -0.404281 -0.511094 0.792594 -0.317906 -0.52025 0.762094 -0.2355 -0.603063 0.617125 -0.0231875 -0.786469 0.359875 0.077 -0.92975 0 -0.0494375 -0.99875 0 -0.0695 -0.997563 -0.359875 0.077 -0.92975 -0.617125 -0.0231875 -0.786469 -0.762094 -0.2355 -0.603063 -0.792594 -0.317906 -0.52025 -0.744563 -0.416156 -0.521875 -0.758469 -0.404281 -0.511094 0.216438 -0.362375 -0.9065 0.272563 -0.740844 -0.613875 0.52 -0.817344 -0.247969 -0.131844 -0.562 0.8165 -0.13575 -0.879 -0.457063 -0.283625 -0.406969 0.86825 -0.686844 -0.50975 -0.518 -0.896 0.41425 -0.159594 0.036125 0.411281 -0.91075 -0.88425 0.463344 -0.0577188 -0.725344 -0.4335 -0.534688 -0.933969 0.126094 -0.334281 -0.466344 0.841906 0.271313 0.853844 0.0664063 -0.51625 0.466344 0.841906 0.271313 0.725344 -0.4335 -0.534688 0.933969 0.126094 -0.334281 -0.0434375 -0.135969 -0.98975 0.228125 0.5055 -0.832094 -0.0814063 -0.163219 -0.983219 0.209281 0.550563 -0.808094 0.399625 0.900406 -0.171719 0.326875 0.935625 -0.132969 0.23125 0.754844 0.61375 0.306219 0.743969 0.593875 -0.287719 -0.750375 -0.595094 -0.34925 -0.735031 -0.581031 0.634344 0.497875 0.591313 0.660688 0.681375 -0.314875 0.173875 0.444625 -0.878625 -0.388063 0.05375 -0.92 -0.800906 -0.343844 -0.490125 -0.13725 0.95275 0.27075 0.107813 0.0245313 0.993844 0.0371563 0.153781 0.987375 -0.0143125 0.144344 0.989375 -0.270094 -0.549125 0.790875 -0.2585 -0.522375 0.8125 -0.376563 -0.914719 0.146344 -0.422188 -0.892 0.161344 -0.822594 -0.518875 0.232531 -0.445625 -0.356813 0.820969 -0.930313 -0.23 0.285594 -0.908656 -0.188781 0.37225 -0.9525 -0.150844 0.2645 -0.66025 -0.336719 0.67125 -0.741344 -0.523469 0.419906 0 -0.905469 0.424344 0 -0.537313 0.843375 -0.925188 -0.301844 0.229875 -0.738969 -0.669375 0.07575 -0.871656 -0.201094 0.446875 -0.838875 -0.223219 0.496344 0 -0.387469 0.921875 -0.713188 -0.49825 0.493 0 -0.726219 0.687406 -0.950063 -0.173688 0.259219 0 -0.999781 -0.0182188 0 -0.948375 0.317 0 -0.99375 0.111188 0 -0.256594 0.9665 -0.551094 -0.0564688 0.8325 -0.678125 -0.129531 0.723375 0 -0.10525 0.994438 -0.480625 0.00653125 0.876875 0 0.05175 0.998625 -0.659219 0.0316563 0.75125 -0.6055 0.0568125 0.79375 0 0.0930625 -0.995625 -0.244031 0.155625 -0.957125 -0.188438 0.233844 -0.953781 0 0.0004375 -0.999969 -0.0844375 -0.861125 -0.50125 0 -0.3855 -0.922656 -0.263 -0.377531 -0.887781 0 -0.841438 -0.540313 0 -0.781469 -0.623875 -0.264875 0.119 -0.956875 0 0.249844 -0.96825 0 0.239375 0.970875 -0.294125 0.40975 0.863406 -0.362375 0.30125 0.881969 0 0.387844 0.921719 -0.3695 0.324 0.870875 -0.408781 0.171125 0.896375 -0.212875 0.479125 0.8515 0 0.462938 0.886375 -0.28425 0.498094 0.819188 0 -0.68725 -0.726375 -0.308 -0.449 -0.838719 -0.245656 -0.660375 -0.7095 0 -0.506625 -0.862125 -0.14425 -0.87075 -0.47 0 -0.883656 -0.468 0 -0.870531 -0.492 -0.92025 0.0259375 0.390375 -0.90425 0.0281875 0.426 -0.948125 0.10225 0.300875 -0.843938 -0.0766563 0.530875 -0.882 -0.0740625 0.465375 -0.809781 -0.141375 0.569375 0.997 0.0757188 -0.0115625 0.8475 0.28525 -0.447594 0.996469 0.0173125 0.0820313 0.844938 0.278969 -0.45625 0.88875 -0.158875 0.429938 0.880313 -0.188094 0.435469 0.903719 -0.110875 0.413406 0.9955 0.090625 -0.0261563 0.916375 -0.0655 0.394875 0.994781 0.0992813 -0.021875 0.995469 0.089875 0.0305 0.868375 0.238969 -0.434375 0.846875 0.261625 -0.462875 -0.267656 -0.499969 -0.823594 -0.0279375 -0.517563 -0.855125 -0.244281 -0.734 -0.633625 -0.2415 -0.342813 -0.907781 -0.565719 -0.427875 -0.704844 -0.545 -0.776875 -0.31525 -0.482125 -0.746875 -0.457844 -0.0135 -0.991625 -0.128 -0.0230625 -0.9295 -0.367969 -0.0611875 -0.812844 -0.579219 -0.101 -0.769875 -0.630125 -0.0953125 -0.722625 -0.684594 -0.0970938 -0.714625 -0.692688 -0.0834375 -0.720125 -0.68875 -0.708219 -0.625406 -0.327375 0.286375 0.898844 0.331688 0 0.93825 0.34575 0.304781 0.802344 0.513094 0 0.85275 0.52225 0.325938 0.74325 0.584188 -0.853844 0.0664063 -0.51625 0.0434375 -0.135969 -0.98975 -0.228125 0.5055 -0.832094 -0.209281 0.550563 -0.808094 0.0814063 -0.163219 -0.983219 -0.399625 0.900406 -0.171719 -0.326875 0.935625 -0.132969 -0.23125 0.754844 0.61375 -0.306219 0.743969 0.593875 0.287719 -0.750375 -0.595094 0.34925 -0.735031 -0.581031 -0.634344 0.497875 0.591313 -0.660688 0.681375 -0.314875 -0.173875 0.444625 -0.878625 0.388063 0.05375 -0.92 0.800906 -0.343844 -0.490125 0.13725 0.95275 0.27075 -0.107813 0.0245313 0.993844 -0.0371563 0.153781 0.987375 0.0143125 0.144344 0.989375 0.270094 -0.549125 0.790875 0.2585 -0.522375 0.8125 0.376563 -0.914719 0.146344 0.422188 -0.892 0.161344 0.822594 -0.518875 0.232531 0.445625 -0.356813 0.820969 0.908656 -0.188781 0.37225 0.930313 -0.23 0.285594 0.9525 -0.150844 0.2645 0.66025 -0.336719 0.67125 0.741344 -0.523469 0.419906 0.925188 -0.301844 0.229875 0.738969 -0.669375 0.07575 0.871656 -0.201094 0.446875 0.838875 -0.223219 0.496344 0.713188 -0.49825 0.493 0.950063 -0.173688 0.259219 0.551094 -0.0564688 0.8325 0.678125 -0.129531 0.723375 0.480625 0.00653125 0.876875 0.659219 0.0316563 0.75125 0.6055 0.0568125 0.79375 0.244031 0.155625 -0.957125 0.188438 0.233844 -0.953781 0.0844375 -0.861125 -0.50125 0.263 -0.377531 -0.887781 0.264875 0.119 -0.956875 0.294125 0.40975 0.863406 0.362375 0.30125 0.881969 0.3695 0.324 0.870875 0.408781 0.171125 0.896375 0.212875 0.479125 0.8515 0.28425 0.498094 0.819188 0.308 -0.449 -0.838719 0.245656 -0.660375 -0.7095 0.14425 -0.87075 -0.47 0.90425 0.0281875 0.426 0.92025 0.0259375 0.390375 0.948125 0.10225 0.300875 0.843938 -0.0766563 0.530875 0.882 -0.0740625 0.465375 0.809781 -0.141375 0.569375 0.848375 -0.292 -0.4415 -0.65975 -0.587875 0.468 -0.834375 -0.544125 -0.0871563 -0.123781 -0.409438 0.903875 -0.65175 -0.417906 0.632844 -0.189719 -0.549375 0.813719 -0.020125 -0.414125 0.909969 -0.708344 -0.704406 -0.0445 0.113906 -0.488625 0.864969 0.550188 -0.804875 -0.222125 0 -0.994781 -0.101563 -0.230875 -0.0632188 -0.970875 -0.68775 -0.7055 -0.170844 -0.709938 -0.702594 -0.0480938 -0.4025 -0.8535 0.330844 0 -0.950719 0.309938 -0.354219 -0.901031 0.250125 0.358125 -0.825625 -0.435844 -0.273906 -0.901844 -0.334 0.0520938 -0.759188 -0.64875 -0.186625 -0.757219 0.625875 -0.533719 -0.795 0.288188 0 -0.800563 0.599219 0.695188 -0.43375 0.573125 -0.581875 -0.791 -0.188844 0.698594 0.327188 -0.63625 0.64725 -0.497625 -0.577375 -0.100813 0.305375 -0.946844 0.8745 0.181875 -0.4495 -0.618125 -0.779125 -0.103813 -0.306594 -0.032375 -0.95125 -0.318875 -0.940125 -0.120156 0.650969 -0.519844 -0.553125 0.429094 -0.682219 0.591969 0.364625 -0.692281 0.622625 0.082875 -0.900469 -0.426875 0 -0.735625 -0.677281 -0.082875 -0.900469 -0.426875 0.533719 -0.795 0.288188 0.785625 -0.5955 0.167469 -0.384375 -0.921844 0.048875 -0.357344 -0.933906 -0.00503125 0.346 -0.387969 -0.854219 -0.78375 -0.165594 -0.5985 0.284844 0.207375 -0.935844 0.709938 -0.702594 -0.0480938 0.68775 -0.7055 -0.170844 0.65975 -0.587875 0.468 0.4025 -0.8535 0.330844 -0.848375 -0.292 -0.4415 0.354219 -0.901031 0.250125 -0.358125 -0.825625 -0.435844 0.273906 -0.901844 -0.334 -0.0520938 -0.759188 -0.64875 0.186625 -0.757219 0.625875 0.834375 -0.544125 -0.0871563 0.123781 -0.409438 0.903875 0.65175 -0.417906 0.632844 0.189719 -0.549375 0.813719 0.020125 -0.414125 0.909969 0.708344 -0.704406 -0.0445 -0.113906 -0.488625 0.864969 -0.550188 -0.804875 -0.222125 0.230875 -0.0632188 -0.970875 -0.695188 -0.43375 0.573125 -0.698594 0.327188 -0.63625 0.581875 -0.791 -0.188844 -0.64725 -0.497625 -0.577375 0.100813 0.305375 -0.946844 -0.8745 0.181875 -0.4495 0.306594 -0.032375 -0.95125 0.618125 -0.779125 -0.103813 0.318875 -0.940125 -0.120156 -0.650969 -0.519844 -0.553125 -0.429094 -0.682219 0.591969 -0.364625 -0.692281 0.622625 0.384375 -0.921844 0.048875 -0.785625 -0.5955 0.167469 0.357344 -0.933906 -0.00503125 -0.346 -0.387969 -0.854219 0.78375 -0.165594 -0.5985 -0.284844 0.207375 -0.935844 0.71525 -0.012125 0.698719 0.79475 -0.0159375 0.606625 0.640375 -0.120906 0.758375 0.789 0.0216875 0.613906 0.880813 0.377438 -0.28575 0.884313 0.279469 -0.374 0.847188 0.416875 -0.329313 0.981594 0.0470625 -0.185 0.960281 0.278375 0.0165625 0.873 0.200125 0.444656 0.898375 0.0776875 0.432156 0.686344 0.683125 -0.2495 0.630875 0.640594 -0.437719 0.6675 0.668625 -0.327563 0.695375 0.664563 -0.273344 0.717219 0.649188 -0.253219 0.651719 0.721 -0.235313 0.782125 0.581625 -0.223375 0.784094 0.617375 -0.0629063 0.93325 0.0691875 0.352469 0.592125 0.59475 -0.543688 0.69725 0.676875 -0.235594 0.844531 0.517625 -0.136625 0.572 0.77775 -0.2605 0.83 0.5195 -0.202719 0.77975 0.574344 -0.249125 -0.01425 0.7365 -0.67625 0.0697813 0.771563 -0.63225 0.578594 0.671 -0.463531 0.718969 0.6105 -0.332125 0.311875 0.843219 -0.43775 0.802 0.472813 -0.364969 0 0.921719 -0.387844 0 0.883625 -0.468125 0 0.84475 -0.535125 0.796375 0.438406 -0.4165 0 -0.106375 -0.994313 0.79425 -0.513 -0.325375 0 0.955094 -0.296156 0 0.975563 -0.219688 -0.796375 0.438406 -0.4165 -0.79425 -0.513 -0.325375 -0.802 0.472813 -0.364969 -0.718969 0.6105 -0.332125 -0.578594 0.671 -0.463531 -0.572 0.77775 -0.2605 -0.311875 0.843219 -0.43775 -0.0697813 0.771563 -0.63225 0.01425 0.7365 -0.67625 -0.83 0.5195 -0.202719 -0.77975 0.574344 -0.249125 -0.782125 0.581625 -0.223375 -0.695375 0.664563 -0.273344 -0.717219 0.649188 -0.253219 -0.6675 0.668625 -0.327563 -0.651719 0.721 -0.235313 -0.784094 0.617375 -0.0629063 -0.630875 0.640594 -0.437719 -0.686344 0.683125 -0.2495 -0.898375 0.0776875 0.432156 -0.873 0.200125 0.444656 -0.93325 0.0691875 0.352469 -0.592125 0.59475 -0.543688 -0.694844 0.648625 -0.3105 -0.93525 -0.0710313 0.346625 -0.69725 0.676875 -0.235594 -0.981594 0.0470625 -0.185 -0.960281 0.278375 0.0165625 -0.847188 0.416875 -0.329313 -0.880813 0.377438 -0.28575 -0.884313 0.279469 -0.374 -0.789 0.0216875 0.613906 -0.79475 -0.0159375 0.606625 -0.71525 -0.012125 0.698719 -0.640375 -0.120906 0.758375 -0.260281 -0.922844 -0.283844 0.93525 -0.0710313 0.346625 0.5245 -0.22425 -0.821281 0.553094 0.7815 -0.288563 0.652125 0.758031 -0.00153125 0.588313 0.223188 -0.777188 0.752 0.65425 0.0796875 0.584 0.81075 -0.039 0.6425 -0.2345 -0.729469 -0.194594 -0.855719 -0.479375 0.694844 0.648625 -0.3105 0.688344 0.113438 -0.716375 0 -0.318844 -0.94775 -0.688344 0.113438 -0.716375 0.260281 -0.922844 -0.283844 -0.5245 -0.22425 -0.821281 -0.553094 0.7815 -0.288563 -0.652125 0.758031 -0.00153125 -0.588313 0.223188 -0.777188 -0.752 0.65425 0.0796875 -0.584 0.81075 -0.039 -0.6425 -0.2345 -0.729469 0.194594 -0.855719 -0.479375 -0.844531 0.517625 -0.136625 -0.717375 0.657625 0.229875 -0.747281 0.0765 0.66 -0.861469 -0.157438 0.482719 -0.628344 0.768219 0.122406 0.308688 0.746 -0.59 0.115344 0.588219 -0.800375 -0.439844 0.326375 0.836625 -0.659 0.745344 0.100531 -0.701875 0.706281 0.0919375 -0.1365 0.596719 0.790719 -0.347906 0.189531 -0.918125 -0.119625 0.403844 -0.906906 -0.602719 0.7575 0.250625 -0.559781 0.0206563 -0.828344 0.120844 0.693125 0.710563 0.372875 0.244375 0.895094 0.5435 0.415188 0.7295 -0.0438125 -0.155813 0.98675 -0.48575 -0.491875 0.7225 -0.652531 -0.606875 0.453625 0.583531 -0.521688 -0.62225 0.416375 -0.655 -0.6305 0.43575 -0.754844 -0.490156 0.770625 -0.6095 0.186 0.882688 -0.40575 0.236969 0.695625 -0.185375 0.694 0.339875 -0.55375 0.760125 0.618094 -0.76175 0.193875 0.801656 0.0659375 0.594063 0.739375 -0.40125 -0.540625 0.80525 -0.4415 -0.395656 0.441625 -0.89025 0.11075 -0.0630938 -0.84225 0.53525 0.205844 -0.974688 0.087125 -0.3235 -0.883469 0.33875 -0.0114063 0.627594 0.778406 0.661469 0.718219 0.21575 0.658969 0.723594 0.205219 -0.163031 0.785875 0.596375 0.716031 -0.398969 -0.57275 0.542594 -0.170281 -0.8225 0.6115 0.763344 0.208094 0.026125 0.302125 -0.952875 0.409 0.238344 0.880813 0.571844 0.788406 0.226594 0.828781 0.00565625 0.559438 -0.539594 0.635094 -0.552688 0.566063 0.78925 0.237844 -0.717531 0.665094 -0.20675 0.9475 -0.0348125 0.31775 0.567563 -0.644531 0.512219 0.718938 -0.664844 0.202625 0.0141563 -0.332188 0.943094 -0.559375 0.189531 0.806875 -0.719719 0.405 0.563844 -0.660094 -0.697688 -0.278344 -0.66575 -0.696688 -0.267031 -0.621813 -0.724406 -0.297406 0.0168125 -0.973813 0.226594 0.15775 -0.987406 -0.00590625 -0.397281 -0.734344 0.55025 -0.573094 -0.762625 -0.29975 -0.570875 -0.768344 -0.289313 -0.823156 -0.351625 0.445688 -0.947906 -0.160875 0.274656 -0.00328125 0.768 0.640344 0.614875 0.786781 0.0530938 0.6505 0.759469 0.00584375 -0.178969 0.860594 0.47675 0.644875 -0.420344 -0.63825 0.469219 -0.269125 -0.841 0.593938 0.803969 0.0289063 0.022 0.0806563 -0.996469 -0.514844 0.456 -0.725875 0.54325 0.838844 0.0345313 0.399375 0.441594 0.803375 0.818438 0.15675 0.55275 0.564875 0.82325 0.0551875 -0.7055 0.569094 -0.422219 0.939656 0.04825 0.3385 0.57475 -0.493719 0.652531 0.726313 -0.5795 0.369594 0.016375 -0.109125 0.993875 -0.53875 0.327469 0.776156 -0.697438 0.469063 0.54175 -0.6475 -0.752406 -0.120594 -0.628344 -0.771375 -0.10025 -0.599156 -0.7905 -0.1265 0.0335 -0.892125 0.450469 0.191656 -0.951375 0.241094 -0.381344 -0.601844 0.701625 -0.538375 -0.829375 -0.149 -0.579063 -0.80875 -0.102438 -0.792875 -0.287125 0.537469 -0.916219 -0.124625 0.380719 -0.72525 0.665344 0.176625 -0.68225 0.227406 0.694781 -0.801625 -0.0371875 0.596563 -0.656344 0.753469 0.0380625 0.191313 0.61275 -0.766719 -0.014875 0.406656 -0.913406 -0.387469 0.507219 0.76975 -0.687875 0.725344 0.0255 -0.728938 0.683844 0.0306875 -0.120219 0.758844 0.640063 -0.463094 -0.024375 -0.885938 -0.248781 0.195375 -0.948625 -0.615469 0.771438 0.161406 -0.65225 -0.177594 -0.736875 0.114344 0.84775 0.517844 0.429 0.471656 0.770281 0.575875 0.601844 0.55325 0.0519375 0.087875 0.99475 -0.392969 -0.311656 0.865094 -0.575375 -0.49625 0.650063 0.53875 -0.621625 -0.568594 0.380313 -0.759531 -0.527625 0.422 -0.826156 -0.373188 0.823313 -0.52725 0.209969 0.927625 -0.313469 0.20275 0.781719 -0.00709375 0.623563 0.459375 -0.36525 0.809625 0.682469 -0.679719 0.268625 0.859906 0.220375 0.460281 0.695188 -0.480938 -0.534156 0.77975 -0.486813 -0.3935 0.505875 -0.829313 0.237125 0.0516875 -0.709656 0.702594 0.274625 -0.92525 0.261531 -0.2265 -0.80175 0.553 -0.902906 0.251219 0.348625 -0.573156 0.808156 0.135125 -0.382375 0.920219 0.083125 -0.916 0.187875 0.354313 -0.719375 -0.48325 0.498844 -0.763 -0.4315 0.481219 0.570719 0.816406 -0.0875625 0.714969 0.695625 -0.069875 -0.689094 0.717375 -0.10225 -0.129969 0.888625 0.439719 -0.685063 0.663188 -0.301344 0.0578125 0.891469 0.449313 -0.555313 -0.318375 -0.76825 -0.322031 -0.1835 -0.92875 0.417844 0.549625 0.723344 0.482563 0.613906 0.624625 -0.646469 0.731844 -0.215375 -0.275531 -0.13175 -0.952156 0.054625 0.182563 -0.981625 -0.5935 0.799781 -0.0892813 0.46075 0.550438 -0.696156 -0.560313 0.823563 -0.088 -0.362188 0.737125 0.570406 -0.75325 0.375625 0.539844 0.112594 0.300063 0.947219 -0.480188 -0.228344 0.846875 -0.921313 0.2065 0.329344 -0.72425 -0.43425 0.535563 0.422781 -0.846719 -0.322875 0.455 -0.890375 0.0109688 0.74975 -0.205375 0.628969 0.919875 -0.0774688 0.384438 0.558469 -0.379531 0.737531 0.141875 -0.706 0.693844 0.729625 -0.680625 -0.0654688 0.508469 -0.830125 -0.228625 -0.071375 -0.874375 0.479906 0.820875 -0.571063 0.004125 -0.83925 -0.495375 -0.223875 0.443406 -0.895625 0.034375 0.992375 -0.0254375 0.120156 0.711875 0.699656 0.0600625 0.690375 0.722063 0.0442813 -0.00834375 0.999344 -0.035125 -0.673969 0.73 -0.112938 0.064625 0.9975 -0.0285 -0.132313 -0.867531 0.479344 0.0431875 -0.879938 0.473094 0.798969 -0.566 0.203063 0.931406 -0.346281 0.111531 0.602344 0.7915 -0.102906 0.02 0.9065 0.421688 -0.174219 0.956375 0.234344 0.663094 0.726313 -0.180875 0.4865 -0.53325 -0.692 0.373344 -0.394 -0.839813 0.144156 -0.2365 -0.960844 0.618281 0.763875 -0.18475 -0.248125 0.0855 -0.964875 0.581438 0.797375 -0.161375 0.342 0.673344 0.655438 0.714875 0.34725 0.606875 0.649938 0.758031 -0.0535938 0.864906 0.101375 0.4915 0.403125 -0.233125 0.884875 -0.093125 0.201344 0.975031 -0.524625 0.53675 0.66075 -0.657844 0.66175 0.359594 -0.490063 0.343719 -0.801 0.638125 -0.416 0.64775 -0.741094 0.669375 0.0510313 0.410875 0.905156 0.10825 -0.786188 0.615656 0.0525625 0.522375 0.843219 0.12675 0.958219 0.129313 0.255094 0.960344 0.116844 0.253031 0.73 -0.592844 0.339875 0.764969 -0.552281 0.331219 -0.781313 -0.577594 0.236406 -0.691344 -0.675875 0.255344 0.0795313 -0.93075 0.356719 0.166063 -0.923 0.347 -0.602969 -0.79775 0.0018125 -0.636719 -0.771031 -0.0050625 -0.495 -0.375531 0.7835 -0.121188 -0.68675 0.716625 0.174969 -0.793625 0.582625 -0.5595 -0.828531 0.019125 -0.679969 -0.725 0.10925 -0.814875 -0.12725 0.565375 -0.9225 0.109 0.370156 -0.577375 -0.811813 0.087 -0.990375 0.0599375 0.124688 -0.736219 0.675313 0.0434688 -0.986375 -0.0769375 0.145375 -0.725156 0.687625 0.0345625 -0.59675 -0.783125 0.1745 -0.396344 -0.906625 0.144625 0.788531 -0.614625 -0.0189375 0.7365 -0.674156 -0.054625 0.828969 0.556938 -0.050875 0.648656 0.7595 -0.0475625 -0.068 0.997406 -0.0214375 -0.165063 0.985875 -0.0279063 0 0.0656875 -0.997813 0.64275 0.098375 -0.759656 0.541906 0.0964375 -0.834844 0.965594 0.0859063 -0.245375 0.969375 0.0874375 -0.229219 -0.857531 -0.122969 0.499375 -0.973844 -0.0896875 0.208656 -0.849156 -0.122625 0.513594 -0.975625 -0.092375 0.19875 -0.35275 -0.154469 0.922844 -0.35775 -0.15425 0.920969 0 -0.146625 0.989156 -0.955719 -0.0913125 0.279656 -0.948969 -0.106688 0.29675 -0.906219 -0.069125 0.417 -0.949531 -0.106781 0.29475 -0.870219 -0.0605 0.488875 -0.44225 0.0024375 0.896844 -0.371375 0.00546875 0.928406 0 0.0304375 0.9995 -0.965156 -0.108656 0.237813 -0.4055 -0.795313 0.4505 -0.46575 -0.565063 -0.680969 -0.35525 -0.791375 0.497438 -0.733875 -0.58 0.353375 -0.120375 -0.719063 0.684375 -0.171094 -0.73825 0.652438 0 -0.66175 0.749625 0 0.847094 0.531375 0.13575 0.813344 0.565656 0 0.847188 0.53125 0.0868125 0.834625 0.543875 0.223594 0.773625 0.592781 0.189094 0.761219 0.62025 0.185438 0.761375 0.621188 -0.0235313 0.758875 -0.65075 -0.0059375 0.76075 -0.648938 -0.0294375 0.758219 -0.651281 0 0.761375 -0.64825 -0.00228125 -0.22425 -0.9745 0 -0.22425 -0.9745 -0.0095625 -0.098875 -0.995 0 -0.959219 -0.282594 0 -0.418375 -0.90825 -0.060125 -0.628875 -0.775125 9.375e-005 0.0342188 -0.999375 0.001625 0.0341875 -0.999375 0.00171875 0.0341875 -0.999375 0 0.0342188 -0.999375 0 0.0559375 -0.998375 0.935719 0.101781 -0.337625 0.945375 0.0891875 -0.313375 0.945719 0.094 -0.311 0.929563 0.100031 -0.35475 0 -0.06925 0.997594 -0.380594 -0.091375 0.920156 -0.329531 -0.0859063 0.940188 -0.821125 -0.0964063 0.562406 -0.881625 -0.10275 0.4605 -0.9695 -0.0929375 0.226625 -0.971906 -0.100875 0.212375 -0.003 0.00928125 -0.999906 -0.00365625 0.0093125 -0.999906 0.00425 0.00896875 -0.999906 0 0.0559063 -0.998375 -0.23425 0.670625 0.703781 0 0.563281 0.826219 -0.401781 0.7165 0.570125 -0.695406 0.695406 0.18075 -0.70275 0.692125 0.164438 -0.697875 0.711719 -0.0799688 -0.696375 0.713063 -0.0806563 -0.640844 0.744125 0.188531 -0.73225 0.67875 0.0551875 -0.732125 0.678875 0.055125 -0.59425 0.7665 0.243406 -0.220625 0.79775 0.561063 -0.295375 0.805938 0.512969 0 0.73875 0.673875 0 -0.869625 0.493625 -0.102875 -0.894469 0.435094 -0.12925 -0.8985 0.419375 -0.281406 -0.908531 0.308625 -0.339656 -0.9025 0.2645 -0.537219 -0.81125 0.23075 -0.540219 -0.809094 0.231219 -0.0563125 0.661094 -0.748125 0 -0.012625 -0.999875 0.677125 0.02225 -0.7355 0 -0.013 -0.999875 0.221469 -0.0018125 -0.975125 0.97625 0.0430625 -0.21225 0.571938 0.114219 -0.81225 0.970438 0.079375 -0.227875 0.970875 0.079875 -0.22575 0.57075 0.117 -0.812688 0 0.102375 -0.994719 0 0.0986875 -0.995094 -0.64275 0.098375 -0.759656 -0.541906 0.0964375 -0.834844 -0.965594 0.0859063 -0.245375 -0.969375 0.0874375 -0.229219 0.973844 -0.0896875 0.208656 0.857531 -0.122969 0.499375 0.849156 -0.122625 0.513594 0.975625 -0.092375 0.19875 0.35275 -0.154469 0.922844 0.35775 -0.15425 0.920969 0.955719 -0.0913125 0.279656 0.948969 -0.106688 0.29675 0.949531 -0.106781 0.29475 0.906219 -0.069125 0.417 0.870219 -0.0605 0.488875 0.44225 0.0024375 0.896844 0.371375 0.00546875 0.928406 0.965156 -0.108656 0.237813 0.4055 -0.795313 0.4505 0.46575 -0.565063 -0.680969 0.733875 -0.58 0.353375 0.35525 -0.791375 0.497438 0.120375 -0.719063 0.684375 0.171094 -0.73825 0.652438 -0.13575 0.813344 0.565656 -0.0868125 0.834625 0.543875 -0.223594 0.773625 0.592781 -0.189094 0.761219 0.62025 -0.185438 0.761375 0.621188 0.0235313 0.758875 -0.65075 0.0059375 0.76075 -0.648938 0.0294375 0.758219 -0.651281 0.00228125 -0.22425 -0.9745 0.0095625 -0.098875 -0.995 0.060125 -0.628875 -0.775125 -0.001625 0.0341875 -0.999375 -9.375e-005 0.0342188 -0.999375 -0.00171875 0.0341875 -0.999375 -0.945375 0.0891875 -0.313375 -0.935719 0.101781 -0.337625 -0.945719 0.094 -0.311 -0.929563 0.100031 -0.35475 0.380594 -0.091375 0.920156 0.329531 -0.0859063 0.940188 0.821125 -0.0964063 0.562406 0.881625 -0.10275 0.4605 0.9695 -0.0929375 0.226625 0.971906 -0.100875 0.212375 0.003 0.00928125 -0.999906 -0.00425 0.00896875 -0.999906 0.00365625 0.0093125 -0.999906 0.23425 0.670625 0.703781 0.401781 0.7165 0.570125 0.695406 0.695406 0.18075 0.70275 0.692125 0.164438 0.697875 0.711719 -0.0799688 0.696375 0.713063 -0.0806563 0.640844 0.744125 0.188531 0.73225 0.67875 0.0551875 0.59425 0.7665 0.243406 0.732125 0.678875 0.055125 0.220625 0.79775 0.561063 0.295375 0.805938 0.512969 0.102875 -0.894469 0.435094 0.12925 -0.8985 0.419375 0.281406 -0.908531 0.308625 0.339656 -0.9025 0.2645 0.537219 -0.81125 0.23075 0.540219 -0.809094 0.231219 0.0563125 0.661094 -0.748125 -0.677125 0.02225 -0.7355 -0.221469 -0.0018125 -0.975125 -0.97625 0.0430625 -0.21225 -0.571938 0.114219 -0.81225 -0.970438 0.079375 -0.227875 -0.57075 0.117 -0.812688 -0.970875 0.079875 -0.22575 0.546125 -0.808469 -0.219219 0.054375 0.706 0.706031 0.78525 0.309875 -0.536 -0.214188 -0.214344 0.952969 -0.715719 -0.575125 -0.396094 -0.468219 0.535625 -0.702719 0.588625 -0.646344 -0.485469 -0.015 0.501938 0.86475 0.689469 0.520375 -0.50375 -0.132125 -0.470406 0.872406 -0.694844 -0.548469 -0.465094 -0.585938 0.655344 -0.476594 0.603188 -0.474531 -0.641 -0.084 0.212563 0.9735 0.71525 0.63725 -0.286719 -0.23925 -0.707563 0.664875 -0.641344 -0.356906 -0.679125 -0.523313 0.795219 -0.306125 -0.3595 -0.0713125 0.930375 0.28425 0.190156 0.939656 0.218969 -0.317625 0.922531 -0.49075 0.232375 0.839719 0.405531 -0.0120625 0.913969 -0.719375 0.109281 0.685875 -0.908625 0.131375 0.396313 0.235344 -0.06475 0.969719 0.560625 -0.481813 0.673406 0.563719 0.0964063 0.820313 0.8925 -0.280125 0.353469 0.829406 -0.40625 0.38325 0.99125 0.06875 -0.112344 0.799 -0.589844 0.116594 0.988875 -0.1485 0.0024375 0.889063 -0.043375 0.455719 -0.521844 0.583313 0.622375 -0.321813 0.718969 0.616 0.879344 0.250875 0.404625 0.941875 0.325281 0.08375 0.592031 0.65725 0.46625 0.493031 0.869969 0.00434375 0.130219 0.986938 0.0945313 0.219938 0.79175 0.569781 -0.10775 0.770063 0.62875 -0.216375 0.956438 0.195781 0 -0.999563 0.0291875 0.335844 -0.8445 0.417094 0.0216563 -0.985156 -0.169875 -0.396781 -0.710969 0.5805 0.609875 -0.777031 0.1555 0.484 -0.83 -0.277063 0.485625 0.168219 0.85775 0.81075 0.176219 0.558125 0.441469 -0.179438 0.879125 -0.418344 0.178281 0.890594 -0.799 -0.185 0.572125 0.975969 -0.094125 0.196406 0.906375 -0.116031 0.406125 0.9825 0.184 0.026625 0.305094 0.538469 -0.785438 0.884844 -0.333344 0.325375 0.94325 -0.307 -0.126094 0.279875 -0.204063 0.938031 0.799 -0.185 0.572125 -0.279875 -0.204063 0.938031 0.396781 -0.710969 0.5805 0.309625 -0.574531 0.757594 -0.48675 -0.431375 0.7595 0.6515 -0.603063 0.460156 0.485281 0.259875 0.834813 -0.387125 0.333625 0.8595 0.817 0.179125 0.548 0.897375 -0.318 0.30575 0.932844 -0.351469 -0.0787188 0.958781 -0.00315625 0.284 0.473031 0.408969 -0.780281 0.656906 -0.67775 -0.330125 -0.235344 -0.06475 0.969719 -0.546125 -0.808469 -0.219219 -0.054375 0.706 0.706031 0.214188 -0.214344 0.952969 -0.78525 0.309875 -0.536 0.715719 -0.575125 -0.396094 0.468219 0.535625 -0.702719 -0.588625 -0.646344 -0.485469 0.015 0.501938 0.86475 0.132125 -0.470406 0.872406 -0.689469 0.520375 -0.50375 0.694844 -0.548469 -0.465094 0.585938 0.655344 -0.476594 -0.603188 -0.474531 -0.641 0.084 0.212563 0.9735 0.23925 -0.707563 0.664875 -0.71525 0.63725 -0.286719 0.641344 -0.356906 -0.679125 0.523313 0.795219 -0.306125 -0.834094 -0.392875 0.387125 -0.988875 -0.1485 0.0024375 -0.889063 -0.043375 0.455719 -0.809844 -0.5805 0.0842813 -0.44025 -0.850125 0.288719 -0.560625 -0.481813 0.673406 -0.0958125 -0.499125 -0.861188 -0.119813 -0.69 0.71375 -0.218969 -0.317625 0.922531 -0.28425 0.190156 0.939656 -0.563719 0.0964063 0.820313 -0.879344 0.250875 0.404625 -0.941875 0.325281 0.08375 -0.592031 0.65725 0.46625 -0.493031 0.869969 0.00434375 -0.130219 0.986938 0.0945313 -0.219938 0.79175 0.569781 0.10775 0.770063 0.62875 0.49075 0.232375 0.839719 0.521844 0.583313 0.622375 0.908625 0.131375 0.396313 0.618563 -0.164375 0.768313 0.3595 -0.0713125 0.930375 0.622406 0.698875 0.352125 0.216375 0.956438 0.195781 -0.609875 -0.777031 0.1555 -0.0216563 -0.985156 -0.169875 -0.484 -0.83 -0.277063 -0.335844 -0.8445 0.417094 -0.81075 0.176219 0.558125 -0.485625 0.168219 0.85775 -0.441469 -0.179438 0.879125 -0.975969 -0.094125 0.196406 -0.906375 -0.116031 0.406125 -0.9825 0.184 0.026625 -0.305094 0.538469 -0.785438 -0.884844 -0.333344 0.325375 -0.94325 -0.307 -0.126094 0.418344 0.178281 0.890594 -0.6515 -0.603063 0.460156 -0.309625 -0.574531 0.757594 -0.816125 0.178875 0.549375 -0.485281 0.259875 0.834813 -0.45575 0.6715 0.584188 -0.821844 0.502375 0.268625 -0.95875 -0.0045625 0.284125 -0.986375 0.164063 -0.005875 -0.614219 0.766375 -0.188094 -0.932844 -0.351469 -0.0787188 -0.897375 -0.318 0.30575 -0.656906 -0.67775 -0.330125 0.387125 0.333625 0.8595 0.754031 0.382156 0.534125 0.48675 -0.431375 0.7595 0 0 1 0.5425 0.84 -0 0 0 -1 -0.33225 -0.943125 -0 -0.991125 0.132594 -0 0.900344 -0.435125 -0 0.233313 0.541094 0.807938 -0.592 -0.372125 0.714844 -0.139469 0.745531 0.651625 -0.216375 -0.50175 0.837469 -0.389219 0.897 0.209469 0.395375 0.916031 -0.06675 -0.891688 -0.35375 0.282344 -0.395063 -0.91525 0.0782813 0.395938 0.918125 -0.0141875 -0.41925 0.898938 0.127 -0.907875 0.389406 0.154875 -0.395969 -0.91825 -0 -0.946406 -0.32275 -0 -0.91825 0.395969 -0 0.874656 -0.366594 -0.316969 0.804094 -0.334125 -0.491625 0.833594 -0.341719 -0.433906 0.867719 -0.366125 -0.336031 0.908469 -0.389719 -0.150875 0.919625 -0.392625 -0 0.91825 -0.395969 -0 0.90375 -0.389719 -0.177 0.395969 0.91825 -0 0.001375 -0.00059375 -0.999969 -0.592 -0.372125 -0.714844 0.233313 0.541094 -0.807938 -0.139469 0.745531 -0.651625 -0.216375 -0.50175 -0.837469 -0.389219 0.897 -0.209469 0.395375 0.916031 0.06675 -0.891688 -0.35375 -0.282344 -0.395063 -0.91525 -0.0782813 0.395938 0.918125 0.0141875 -0.41925 0.898938 -0.127 -0.907875 0.389406 -0.154875 0.804094 -0.334125 0.491625 0.874656 -0.366594 0.316969 0.833594 -0.341719 0.433906 0.867719 -0.366125 0.336031 0.908469 -0.389719 0.150875 0.90375 -0.389719 0.177 0.001375 -0.00059375 0.999969 -0.5425 0.84 -0 0.33225 -0.943125 -0 0.991125 0.132594 -0 -0.900344 -0.435125 -0 0.592 -0.372125 0.714844 -0.233313 0.541094 0.807938 0.139469 0.745531 0.651625 0.216375 -0.50175 0.837469 0.389219 0.897 0.209469 -0.395375 0.916031 -0.06675 0.891688 -0.35375 0.282344 0.395063 -0.91525 0.0782813 -0.395938 0.918125 -0.0141875 0.41925 0.898938 0.127 0.907875 0.389406 0.154875 0.395969 -0.91825 -0 0.946406 -0.32275 -0 0.91825 0.395969 -0 -0.804094 -0.334125 -0.491625 -0.874656 -0.366594 -0.316969 -0.833594 -0.341719 -0.433906 -0.867719 -0.366125 -0.336031 -0.908469 -0.389719 -0.150875 -0.919625 -0.392625 -0 -0.91825 -0.395969 -0 -0.90375 -0.389719 -0.177 -0.395969 0.91825 -0 -0.001375 -0.00059375 -0.999969 -0.233313 0.541094 -0.807938 0.592 -0.372125 -0.714844 0.139469 0.745531 -0.651625 0.216375 -0.50175 -0.837469 0.389219 0.897 -0.209469 -0.395375 0.916031 0.06675 0.891688 -0.35375 -0.282344 0.395063 -0.91525 -0.0782813 -0.395938 0.918125 0.0141875 0.41925 0.898938 -0.127 0.907875 0.389406 -0.154875 -0.874656 -0.366594 0.316969 -0.804094 -0.334125 0.491625 -0.833594 -0.341719 0.433906 -0.867719 -0.366125 0.336031 -0.908469 -0.389719 0.150875 -0.90375 -0.389719 0.177 -0.001375 -0.00059375 0.999969 -0.817969 0.105844 -0.565375 -0.162125 0.792375 -0.588 -0.731438 0.620875 -0.281938 -0.273531 0.129 -0.953125 -0.780094 -0.467844 -0.415375 -0.22475 -0.609875 -0.759875 -0.639969 -0.764188 0.0801875 -0.0443125 -0.991594 -0.1215 0.0443125 0.991594 0.1215 -0.571125 0.7755 0.268875 -0.479688 -0.6095 0.631125 0.162094 -0.792375 0.588 -0.393125 -0.0945 0.914594 0.273594 -0.129 0.953125 -0.431 0.479156 0.764531 0.22475 0.609875 0.759875 0.162125 0.792375 -0.588 0.817969 0.105844 -0.565375 0.731438 0.620875 -0.281938 0.273531 0.129 -0.953125 0.780094 -0.467844 -0.415375 0.22475 -0.609875 -0.759875 0.639969 -0.764188 0.0801875 0.0443125 -0.991594 -0.1215 -0.0443125 0.991594 0.1215 0.571125 0.7755 0.268875 0.479688 -0.6095 0.631125 -0.162094 -0.792375 0.588 0.393125 -0.0945 0.914594 -0.273594 -0.129 0.953125 0.431 0.479156 0.764531 -0.22475 0.609875 0.759875 -0.16125 -0.984469 -0.068875 -0.221375 -0.968719 -0.111875 -0.0252813 -0.997219 -0.0697813 -0.0650313 -0.99 -0.124906 -0.403688 -0.892 -0.20325 -0.0852813 -0.977969 -0.190375 -0.772625 -0.597656 0.213938 -0.0519375 -0.987844 -0.146406 -0.165969 -0.953 -0.253281 -0.0583125 -0.964281 -0.258125 -0.0603125 -0.964125 -0.258438 -0.713344 -0.522969 -0.466406 -0.306313 -0.699094 -0.646 -0.957344 -0.18325 -0.223375 -0.9835 -0.178625 -0.02775 -0.865344 -0.232469 0.443938 -0.860375 -0.213938 0.4625 -0.983 -0.181313 -0.0271875 -0.738125 -0.182 0.649594 -0.732594 -0.187219 0.654375 -0.885938 -0.108594 -0.450844 -0.88075 -0.101875 -0.462375 -0.666219 -0.047125 -0.74425 -0.66825 -0.035375 -0.743031 -0.70375 -0.016375 -0.710156 -0.733344 -0.051125 -0.677875 -0.85575 -0.151063 0.494719 -0.53 -0.450844 0.718125 -0.883969 -0.269375 0.382 -0.525219 -0.0990938 -0.845125 -0.786 -0.0940625 -0.611 -0.787875 -0.415469 -0.454469 -0.409656 -0.513031 -0.754219 -0.055625 -0.978375 -0.199125 0 -0.5555 0.831469 -0.0659375 -0.492 0.868031 0 -0.4795 0.8775 -0.412313 -0.748875 0.518719 0 -0.871219 0.490844 0 -0.980438 -0.196688 0 -0.106844 -0.99425 0 -0.137375 -0.9905 -0.123156 -0.103969 -0.986875 0 -0.601125 -0.799094 -0.164531 0.782313 0.600719 -0.309219 0.79675 0.519125 -0.349625 0.763844 0.542406 -0.165375 0.830875 0.531219 0 0.816375 0.577438 0 0.862938 0.50525 -0.38125 0.867188 0.320313 -0.359406 0.8785 0.314625 -0.392719 0.910875 0.1265 -0.389969 0.911969 0.12725 -0.356344 0.93325 -0.0439375 -0.355844 0.933156 -0.049625 -0.286625 0.942469 -0.171875 -0.271906 0.945875 -0.176938 -0.133656 0.959375 -0.248375 -0.125406 0.956281 -0.264 0 0.96225 -0.271906 0 0.951875 -0.306344 -0.0617188 0.880219 0.4705 -0.273313 0.833656 0.479813 0 0.875594 0.483 -0.05725 0.9685 -0.242313 0 0.968063 -0.250625 0.0491875 0.98575 0.1605 0 0.987188 0.159469 0 0.985781 0.167719 0.0084375 0.987375 0.158094 0.0206875 0.988 0.152719 0.0623438 0.986844 0.149 0.0644375 0.987094 0.146375 0 0.991125 0.132563 0.0015 0.970969 0.239094 0.001875 0.610125 0.79225 0.0350313 0.969 0.244469 0.00496875 0.591781 0.806 0.009375 0.064125 0.997875 0.011125 0.0636562 0.997875 0.405844 0.73475 -0.543406 0.0717188 0.31425 -0.946594 0.0346875 0.324469 -0.94525 0.48825 0.779938 -0.3915 -0.924 0.369781 -0.097125 -0.927344 0.336563 -0.163469 -0.973344 0.227938 0.0246875 -0.981 0.185 0.057625 -0.98125 0.0327188 0.189844 -0.982938 0.0339688 0.180688 -0.90775 -0.0642188 0.414438 -0.888125 -0.0445 0.457375 0.221375 -0.968719 -0.111875 0.16125 -0.984469 -0.068875 0.0252813 -0.997219 -0.0697813 0.0650313 -0.99 -0.124906 0.403688 -0.892 -0.20325 0.0852813 -0.977969 -0.190375 0.36925 -0.896344 -0.245281 0.0519375 -0.987844 -0.146406 0.165969 -0.953 -0.253281 0.0583125 -0.964281 -0.258125 0.0603125 -0.964125 -0.258438 0.306313 -0.699094 -0.646 0.713344 -0.522969 -0.466406 0.957344 -0.18325 -0.223375 0.9835 -0.178625 -0.02775 0.865344 -0.232469 0.443938 0.983 -0.181313 -0.0271875 0.860375 -0.213938 0.4625 0.738125 -0.182 0.649594 0.732594 -0.187219 0.654375 0.885938 -0.108594 -0.450844 0.88075 -0.101875 -0.462375 0.666219 -0.047125 -0.74425 0.66825 -0.035375 -0.743031 0.70375 -0.016375 -0.710156 0.733344 -0.051125 -0.677875 0.85575 -0.151063 0.494719 0.847844 -0.223969 0.480594 0.933375 -0.156875 0.322719 0.883969 -0.269375 0.382 0.824938 -0.0457188 -0.563281 0.786 -0.0940625 -0.611 0.787875 -0.415469 -0.454469 0.409656 -0.513031 -0.754219 0.055625 -0.978375 -0.199125 0.123156 -0.103969 -0.986875 0.122813 -0.136125 -0.983 0.164531 0.782313 0.600719 0.309219 0.79675 0.519125 0.165375 0.830875 0.531219 0.349625 0.763844 0.542406 0.38125 0.867188 0.320313 0.359406 0.8785 0.314625 0.392719 0.910875 0.1265 0.389969 0.911969 0.12725 0.356344 0.93325 -0.0439375 0.355844 0.933156 -0.049625 0.286625 0.942469 -0.171875 0.271906 0.945875 -0.176938 0.133656 0.959375 -0.248375 0.125406 0.956281 -0.264 0.05725 0.9685 -0.242313 0.0617188 0.880219 0.4705 0.273313 0.833656 0.479813 0.0659375 -0.492 0.868031 0 -0.560188 0.828344 0.412313 -0.748875 0.518719 -0.0491875 0.98575 0.1605 -0.0084375 0.987375 0.158094 -0.0206875 0.988 0.152719 -0.0623438 0.986844 0.149 -0.0644375 0.987094 0.146375 -0.00496875 0.591781 0.806 -0.009375 0.064125 0.997875 -0.011125 0.0636562 0.997875 -0.001875 0.610125 0.79225 -0.0015 0.970969 0.239094 -0.0350313 0.969 0.244469 0.90775 -0.0642188 0.414438 0.98125 0.0327188 0.189844 0.888125 -0.0445 0.457375 0.982938 0.0339688 0.180688 0.981 0.185 0.057625 0.973344 0.227938 0.0246875 -0.405844 0.73475 -0.543406 -0.0717188 0.31425 -0.946594 -0.48825 0.779938 -0.3915 -0.0346875 0.324469 -0.94525 0.924 0.369781 -0.097125 0.927344 0.336563 -0.163469 -0.463 -0.886281 -9.375e-005 -0.113375 -0.684313 0.72025 0.266719 -0.844875 0.463625 -0.463 -0.886281 -6.25e-005 0.714 -0.36975 0.594406 0.49725 0.485625 0.718875 -0.872125 0.4635 0.156188 -0.874469 0.458031 0.1595 0.880469 -0.45625 -0.1285 0.383344 -0.918219 -0.0993125 0.623594 -0.321719 -0.712469 0.623469 -0.321625 -0.712563 0.132875 -0.0650313 -0.988969 0.133 -0.0650625 -0.988969 -0.0773125 -0.727938 0.68125 -0.529094 -0.512438 -0.676344 -0.406969 0.217125 -0.887219 -0.406938 0.217125 -0.88725 -0.79075 0.417594 -0.4475 -0.872688 0.460125 0.16325 -0.872688 0.460125 0.163125 -0.588063 0.311094 0.746531 -0.587781 0.311 0.74675 -0.07225 0.04125 0.9965 -0.0720313 0.0412188 0.9965 0.174313 -0.08775 0.98075 0.53725 0.55525 0.63475 0.16475 -0.226125 0.96 0.177969 -0.089625 0.979906 0.19325 -0.340344 0.920156 0.0917813 -0.286625 0.953594 0.111031 -0.33275 0.936406 -0.0583125 0.935875 -0.347344 0.11025 0.78175 -0.613688 0.463 0.886281 6.25e-005 0.463 0.886281 9.375e-005 -0.720563 0.3765 -0.58225 -0.351219 0.182938 -0.918219 -0.87975 0.459594 0.121125 -0.165906 0.983375 0.0735938 -0.621875 0.324813 0.7125 -0.131156 0.0684375 0.988969 -0.131156 0.068375 0.988969 0.40875 -0.213625 0.88725 0.792594 -0.414094 0.4475 0.874438 -0.456813 -0.163188 0.584719 -0.305375 -0.7515 0.0893125 -0.0465625 -0.994875 0.257219 0.579531 -0.77325 -0.12925 0.067625 -0.98925 0.652125 0.750219 0.108969 0.661125 0.741313 0.115219 0.675469 0.735875 0.0470625 0.672063 0.739438 0.0388438 -0.57425 -0.818344 0.0223125 -0.646844 -0.7555 -0.103688 -0.65475 -0.745313 -0.125375 -0.568344 -0.821125 0.05175 -0.677375 -0.734125 -0.0465625 -0.672813 -0.738813 -0.0379375 -0.15025 0.223813 -0.962969 -0.136688 0.0715 -0.988 -0.1945 0.346594 -0.917594 -0.111656 0.298156 -0.947906 -0.142125 0.354 -0.924344 0.62175 -0.199906 -0.757219 0.621469 -0.199469 -0.757594 0.621406 -0.199375 -0.757625 0.621844 -0.2 -0.757125 0.87325 -0.456219 -0.170844 0.514625 -0.186625 -0.836781 -0.873281 0.456219 0.170813 -0.87325 0.456219 0.170813 -0.87325 0.456219 0.170844 -0.7345 0.308125 -0.6045 -0.407438 0.398969 -0.821406 -0.560125 0.106594 -0.8215 -0.264625 0.027 -0.963938 -0.174375 0.056375 -0.983 0.248094 0.729344 -0.637563 -0.145688 0.111 -0.983063 -0.456875 -0.620125 -0.637688 0.286 0.05175 -0.956813 0.120969 -0.264125 -0.956844 -0.0417813 0.124719 -0.99125 0.184844 -0.21725 0.958438 0.264625 -0.027 0.963938 0.283875 -0.02775 0.958438 0.17325 -0.201875 0.963938 0.174375 -0.056375 0.983 0.160969 -0.0841875 0.983344 0.116281 0.0474688 0.992063 0.0417813 -0.124719 0.99125 0.0273125 -0.12275 0.992 0.126125 0.0366875 0.991313 0.145688 -0.111 0.983063 0.873281 -0.456219 -0.170813 0.728344 0.398875 0.557063 0.257813 -0.13475 0.956719 0.5265 0.6345 0.565719 -0.049625 0.0258125 0.998375 0.57375 -0.299781 0.762125 0.0885 -0.82575 0.556938 -0.220125 -0.79475 0.565594 -0.584938 -0.176219 -0.791625 -0.559625 0.292469 -0.775375 -0.42975 0.224594 -0.874563 -0.69025 -0.044125 -0.722125 -0.2805 0.146625 -0.948563 -0.0157188 0.0083125 -0.999781 0.0486875 -0.0253125 -0.998469 -0.049625 0.0260313 -0.998375 -0.189375 0.580938 -0.791594 -0.357969 0.591906 -0.722094 -0.468906 -0.883 -0.018375 -0.1905 -0.66025 0.726438 0.211625 -0.83125 0.513969 0.648125 -0.354906 0.673688 0.428 0.505344 0.74925 -0.879 0.473625 0.05425 -0.881688 0.46825 0.0575 0.884625 -0.4655 -0.026125 0.38275 -0.92325 -0.0320625 0.688094 -0.348125 -0.636594 0.688 -0.348031 -0.636719 0.229625 -0.0974375 -0.968375 0.229719 -0.0975 -0.968344 -0.468906 -0.883 -0.0184375 -0.135813 -0.670219 0.729594 -0.457094 -0.54775 -0.700688 -0.315 0.191125 -0.929594 -0.315 0.191125 -0.929625 -0.738625 0.407875 -0.536625 -0.738594 0.407875 -0.536656 -0.88025 0.470469 0.0613125 -0.88025 0.470469 0.0611875 -0.65625 0.338375 0.674375 -0.656 0.338344 0.674625 -0.170281 0.0735625 0.982625 -0.17 0.0735 0.982656 0.0754375 -0.0574375 0.995469 0.488969 0.552375 0.675031 0.052 -0.100625 0.9935 0.156375 -0.100031 0.982594 0.0887813 -0.232625 0.968469 -0.0497813 -0.164 0.985156 0.0368125 -0.353 0.934875 -0.0149688 0.924625 -0.380406 0.17775 0.761063 -0.623781 0.468906 0.883 0.018375 -0.65575 0.362094 -0.662375 -0.25675 0.155625 -0.953844 -0.883156 0.468625 0.01875 -0.16325 0.986219 0.026 -0.686375 0.351219 0.636719 -0.227875 0.100813 0.968406 0.316844 -0.187625 0.929688 0.740469 -0.404438 0.53675 0.882 -0.467125 -0.0611875 0.653469 -0.332844 -0.679781 0.187 -0.078875 -0.979125 0.366375 0.557844 -0.744625 -0.0299375 0.03675 -0.998844 0.599625 0.799 0.0442813 0.598406 0.798469 0.0655 0.597594 0.779188 0.188938 0.598719 0.774125 0.205375 -0.582781 -0.810938 -0.0513125 -0.592344 -0.8055 0.0135625 -0.589969 -0.80425 -0.0710625 -0.587094 -0.809125 0.0239688 -0.5985 -0.779875 -0.183094 -0.605156 -0.770594 -0.19975 -0.0345625 0.0955625 -0.994781 -0.114188 0.0812813 -0.990125 -0.1 0.244719 -0.964375 0.0219375 0.174531 -0.984375 -0.0968125 0.386875 -0.917 0.773656 -0.25375 -0.580469 0.7735 -0.253344 -0.580938 0.773469 -0.253219 -0.581 0.773719 -0.253875 -0.580375 0.881625 -0.46675 -0.068875 0.59325 -0.216438 -0.775344 -0.881625 0.46675 0.068875 -0.668125 0.293125 -0.683844 -0.320313 0.375 -0.869875 -0.474969 0.0836875 -0.876 -0.167531 -0.0021875 -0.985844 -0.0755625 0.026 -0.99675 0.316781 0.707 -0.632156 -0.0465 0.080375 -0.995625 -0.397125 -0.637375 -0.66025 0.379875 0.019375 -0.924781 0.21275 -0.295344 -0.931375 0.05775 0.0932188 -0.993906 0.0869375 -0.187625 0.978375 0.167531 0.0021875 0.985844 0.18725 0.001125 0.98225 0.075 -0.172 0.982219 0.0755625 -0.026 0.99675 0.0619375 -0.0536875 0.996625 0.017875 0.0784375 0.99675 -0.05775 -0.0932188 0.993906 -0.0722188 -0.0911563 0.993156 0.027625 0.067625 0.997281 0.0465 -0.080375 0.995625 0.673219 0.412 0.613906 0.1605 -0.105656 0.981344 0.47375 0.649094 0.595125 -0.148094 0.058 0.98725 0.492625 -0.278781 0.824344 0.02525 -0.808094 0.588469 -0.282438 -0.774875 0.565406 -0.505219 -0.197844 -0.839969 -0.477344 0.270938 -0.835875 -0.338875 0.199125 -0.9195 -0.615719 -0.0629688 -0.785438 -0.18375 0.117906 -0.975844 0.0834688 -0.0235313 -0.996219 0.0835 -0.0235313 -0.996219 0.147125 -0.0575 -0.987375 0.0497813 -0.00559375 -0.998719 -0.104625 0.556469 -0.824219 -0.279125 0.57075 -0.772156 0.966438 0.213375 0.142875 0.657625 0.362375 0.660375 0.2665 0.70075 0.661719 0.983875 0.037375 0.1745 0.0043125 0.537938 0.842969 -0.695969 0.570969 0.435375 -0.649813 0.457125 0.607219 -0.833344 0.41825 0.36125 0.857875 -0.383188 -0.342344 0.90175 -0.416625 -0.114719 0.37175 -0.624656 -0.686625 0.563094 -0.392625 -0.727125 0.0781875 -0.795344 -0.601031 0.552219 -0.701 -0.451219 0.78575 -0.585469 -0.199469 0.656031 -0.671719 0.343969 -0.203 -0.88775 0.413094 -0.109281 -0.367469 0.923563 -0.753469 -0.623563 -0.208375 0.119094 -0.840469 0.528531 -0.134 -0.990375 -0.0336563 0.843125 -0.535281 -0.0501875 0.83 -0.557375 0.018125 0.0983438 -0.836625 -0.538813 0.719156 -0.412844 -0.558844 0.554313 -0.406625 -0.726188 0.72 -0.6935 -0.0235625 0.854125 -0.3125 -0.415594 0.682594 -0.681719 0.263125 -0.646844 -0.110188 0.754531 -0.844219 -0.02275 0.535469 -0.636063 -0.548125 0.543 -0.4375 0.0683125 0.896594 -0.112656 -0.219625 0.969 0.256219 0.219625 0.941281 0.50025 0.09525 0.860594 0.82075 0.178719 0.542531 0.9045 0.292094 0.310594 0.98975 -0.0148125 -0.14175 0.83275 0.263156 -0.487 0.363063 -0.08975 -0.927375 -0.977813 0.0855625 0.191125 -0.871531 0.487063 0.0555625 -0.991813 0.1275 -0.0024375 -0.9795 0.112469 -0.16675 -0.637844 0.4825 -0.600219 -0.6765 0.527125 -0.514188 -0.895063 0.445844 -0.00478125 -0.802188 0.07575 -0.592219 0.165625 0.194688 -0.96675 0.0354375 0.109469 -0.993344 -0.0349375 -0.0935313 -0.995 -0.378969 -0.41425 -0.8275 -0.607375 -0.0726563 -0.791 0.258344 -0.07625 -0.963 0.07275 0.368906 -0.926531 -0.08675 0.598063 -0.796719 0.716 0.485844 -0.501219 0.59875 0.418438 -0.682875 0.982938 0.183594 -0.009625 0.94825 0.20875 0.239 0.833125 -0.461969 0.304031 0.653375 -0.2055 0.728531 0.308375 -0.894188 0.324469 0.766125 -0.641563 -0.037625 0.051625 -0.55975 0.827 -0.5585 -0.69225 0.456875 -0.368469 -0.927594 0.0613125 -0.846469 -0.497625 -0.18925 -0.794094 -0.4975 -0.349063 0.927813 -0.100375 -0.359188 -0.450125 -0.633375 -0.629375 -0.0649375 -0.972844 -0.222031 0.232531 -0.151156 -0.96075 0.0551875 0.296031 -0.953531 -0.499625 -0.036625 -0.865438 0.761156 -0.617594 0.197844 0.741344 -0.644469 0.187125 0.349844 -0.930438 0.108938 0.862625 -0.456344 0.218094 0.352375 -0.927688 0.12325 0.344969 -0.930625 0.121719 -0.170813 -0.98525 0.00178125 -0.129 -0.991625 0.0035 -0.364406 -0.93025 -0.0424375 -0.266313 0.844938 -0.46375 -0.620125 0.5905 -0.516344 -0.2455 0.83275 -0.496125 -0.683094 0.550594 -0.47975 -0.240125 0.835 -0.495 0.17025 0.918531 -0.356625 0.227313 0.92775 -0.295781 0.387625 -0.9185 -0.0775938 -0.347813 -0.933438 -0.08775 0.379 -0.57325 -0.726375 0.654625 -0.754125 -0.052125 -0.18875 -0.689906 -0.698781 0.670438 -0.210969 -0.71125 0.946469 -0.306688 -0.100406 0.0355625 -0.11275 -0.992969 -0.0764688 -0.276625 -0.957875 0.167875 0.0984375 -0.980844 -0.469281 0.112969 -0.87575 -0.479375 0.332281 -0.812219 -0.2305 0.00915625 -0.973 -0.710938 0.136875 -0.68975 -0.351844 0.565938 -0.745531 -0.937875 0.346844 0.00253125 -0.982625 0.18475 -0.015625 -0.8095 0.11975 -0.574656 -0.697688 0.1505 0.700375 -0.808625 0.11275 0.577375 -0.390219 0.920625 0.00953125 0.226125 0.974063 -0.0019375 -0.318656 0.563375 0.762219 -0.155625 0.675188 0.721 0.228031 0.711375 -0.664719 0.0160625 0.179375 -0.983625 -0.190406 0.07075 0.979125 -0.513125 0.124969 0.849125 -0.0215625 -0.0400625 0.998906 0.0411875 0.125594 0.991219 0.46725 -0.0944688 0.879 -0.417625 0.3545 0.836563 -0.603094 0.396469 0.692125 -0.0766875 -0.238625 0.968063 -0.309875 -0.0045 0.95075 -0.481594 -0.572563 0.663469 0.456813 -0.512688 0.726875 0.831906 -0.268906 0.48525 0.843063 -0.5235 -0.123094 0.731125 -0.464188 0.499875 0.68125 -0.716875 -0.148 0.572719 -0.691375 0.440375 0.82725 -0.560781 -0.0333438 0.492188 -0.458375 0.74 0.382906 -0.293625 0.875844 0.2945 -0.511719 0.807063 -0.154594 -0.197844 0.967938 0.992125 -0.11825 0.0409375 0.649281 -0.0170625 0.760281 0.645125 -0.103094 0.757031 0.148344 0.276781 0.949375 0.158594 0.326 0.931969 0.960281 -0.278781 -0.00078125 0.755938 -0.654625 0.001625 0.528656 -0.441625 0.724844 0.012 -0.014375 0.999781 -0.602094 0.292 0.743031 -0.426094 0.595906 0.680625 -0.268375 0.49 0.829344 -0.755219 0.6525 -0.06175 -0.593063 0.803813 0.0460313 -0.463625 0.509125 -0.725094 -0.469969 0.51 -0.720375 0.108469 0.172094 -0.979031 0.0540625 0.0720625 -0.995875 0.745031 -0.114375 -0.657094 0.685063 -0.150438 -0.71275 -0.906219 0.42275 -0.0014375 -0.609219 0.275844 -0.743438 -0.018125 -0.0780625 -0.99675 0.520469 -0.470469 -0.7125 -0.660688 0.346969 -0.665625 -0.917469 0.397625 0.009875 -0.667938 0.343 0.660375 0.02175 0.0230938 -0.999469 0.557813 -0.537969 -0.632 0.623469 -0.78175 -0.00903125 0.0128438 0.00825 0.999875 0.554844 -0.5425 0.630656 -0.75675 0.124438 0.641719 -0.70225 0.140719 0.697781 -0.950344 0.30775 0.045375 -0.984125 0.176781 -0.01375 -0.629375 0.194594 -0.75225 -0.602875 0.0865625 -0.793094 -0.4785 0.106875 -0.8715 -0.054 -0.108813 -0.992531 -0.109125 -0.206188 -0.972375 0.45975 -0.527875 -0.714063 0.418 -0.3865 -0.822094 0.631406 -0.427844 -0.646625 -0.555875 0.238094 -0.796375 -0.721125 0.304563 -0.622125 -0.05 -0.0453125 -0.997688 0.582438 -0.3815 -0.71775 -0.045 -0.0885938 -0.995 -0.66725 0.430813 -0.6075 -0.844063 0.535781 -0.0202188 -0.580719 0.411094 0.702625 -0.9135 0.4055 -0.031375 -0.710719 0.314281 0.629313 -0.7135 0.1775 0.67775 -0.670875 0.349156 0.654125 -0.640406 0.0385 0.767 -0.556969 0.269875 0.785375 -0.045875 -0.0319375 0.998375 -0.153781 -0.261 0.952969 -0.857063 0.515 -0.0128125 -0.534688 0.546969 -0.644094 0.18125 0.28475 -0.94125 0.792 -0.329125 -0.514094 -0.581594 0.5 0.641625 0.146719 0.224688 0.963313 0.776469 -0.387844 0.496625 0.743688 -0.6685 -0.00515625 -0.355125 -0.140844 -0.924125 -0.975469 0.0023125 -0.22 -0.987188 -0.12725 -0.0959375 -0.999844 0.00821875 0.0149688 -0.802625 0.25275 -0.540219 -0.62225 0.78 0.0653125 -0.809 0.461313 0.364125 -0.955156 0.0755625 0.286125 -0.995438 -0.0240625 0.092125 0.463 -0.886281 -9.375e-005 0.113375 -0.684313 0.72025 0.579 -0.536625 -0.61375 -0.266719 -0.844875 0.463625 0.463 -0.886281 -6.25e-005 -0.714 -0.36975 0.594406 -0.255906 -0.131031 0.95775 0.872125 0.4635 0.156188 0.874469 0.458031 0.1595 -0.880469 -0.45625 -0.1285 -0.383344 -0.918219 -0.0993125 -0.623594 -0.321719 -0.712469 -0.623469 -0.321625 -0.712563 -0.132875 -0.0650313 -0.988969 -0.133 -0.0650625 -0.988969 0.0773125 -0.727938 0.68125 0.529094 -0.512438 -0.676344 0.406969 0.217125 -0.887219 0.406938 0.217125 -0.88725 0.79075 0.417594 -0.4475 0.872688 0.460125 0.16325 0.872688 0.460125 0.163125 0.588063 0.311094 0.746531 0.587781 0.311 0.74675 0.07225 0.04125 0.9965 0.0720313 0.0412188 0.9965 0.2575 -0.617375 0.743281 -0.53725 0.55525 0.63475 0.646844 -0.7555 -0.103688 0.65475 -0.745313 -0.125375 0.677375 -0.734125 -0.0465625 0.672813 -0.738813 -0.0379375 -0.463 0.886281 9.375e-005 0.0583125 0.935875 -0.347344 -0.11025 0.78175 -0.613688 -0.463 0.886281 6.25e-005 0.720563 0.3765 -0.58225 0.87975 0.459594 0.121125 0.165906 0.983375 0.0735938 0.621875 0.324813 0.7125 0.131156 0.0684375 0.988969 0.131156 0.068375 0.988969 -0.40875 -0.213625 0.88725 -0.792594 -0.414094 0.4475 -0.874438 -0.456813 -0.163188 -0.584719 -0.305375 -0.7515 -0.0893125 -0.0465625 -0.994875 -0.257219 0.5795 -0.77325 0.503625 -0.542375 -0.672375 -0.652125 0.750219 0.108969 -0.661125 0.741313 0.115219 -0.675469 0.735875 0.0470625 -0.672063 0.739438 0.0388438 0.15025 0.223813 -0.962969 0.1945 0.346594 -0.917594 0.136688 0.0715 -0.988 0.111656 0.298156 -0.947906 0.142125 0.354 -0.924344 -0.16475 -0.226125 0.96 -0.177969 -0.089625 0.979906 -0.19325 -0.340344 0.920156 -0.0917813 -0.286625 0.953594 -0.111031 -0.33275 0.936406 -0.621469 -0.199469 -0.757594 -0.62175 -0.199906 -0.757219 -0.621406 -0.199375 -0.757625 -0.621844 -0.2 -0.757125 -0.87325 -0.456219 -0.170844 -0.514625 -0.186625 -0.836781 0.87325 0.456219 0.170813 0.873281 0.456219 0.170813 0.87325 0.456219 0.170844 0.7345 0.308125 -0.6045 0.407438 0.398969 -0.821406 0.560125 0.106594 -0.8215 0.264625 0.027 -0.963938 0.174375 0.056375 -0.983 -0.248094 0.729344 -0.637563 0.145688 0.111 -0.983063 0.456875 -0.620125 -0.637688 -0.286 0.05175 -0.956813 -0.120969 -0.264125 -0.956844 0.0417813 0.124719 -0.99125 -0.264625 -0.027 0.963938 -0.184844 -0.21725 0.958438 -0.283875 -0.02775 0.958438 -0.17325 -0.201875 0.963938 -0.174375 -0.056375 0.983 -0.160969 -0.0841875 0.983344 -0.116281 0.0474688 0.992063 -0.0417813 -0.124719 0.99125 -0.0273125 -0.12275 0.992 -0.126125 0.0366875 0.991313 -0.145688 -0.111 0.983063 -0.873281 -0.456219 -0.170813 -0.728344 0.398875 0.557063 -0.257813 -0.13475 0.956719 -0.57375 -0.299781 0.762125 -0.5265 0.6345 0.565719 0.049625 0.0258125 0.998375 -0.0885 -0.82575 0.556938 0.220125 -0.79475 0.565594 0.559625 0.292469 -0.775375 0.584938 -0.176219 -0.791625 0.42975 0.224594 -0.874563 0.69025 -0.044125 -0.722125 0.2805 0.146625 -0.948563 0.0157188 0.0083125 -0.999781 -0.0486875 -0.0253125 -0.998469 0.049625 0.0260313 -0.998375 0.189375 0.580938 -0.791594 0.357969 0.591906 -0.722094 0.468906 -0.883 -0.018375 0.1905 -0.66025 0.726438 0.52025 -0.552469 -0.651156 -0.211625 -0.83125 0.513969 -0.648125 -0.354906 0.673688 -0.158531 -0.101938 0.982063 0.879 0.473625 0.05425 0.881688 0.46825 0.0575 -0.884625 -0.4655 -0.026125 -0.38275 -0.92325 -0.0320625 -0.688094 -0.348125 -0.636594 -0.688 -0.348031 -0.636719 -0.229625 -0.0974375 -0.968375 -0.229719 -0.0975 -0.968344 0.468906 -0.883 -0.0184375 0.135813 -0.670219 0.729594 0.457094 -0.54775 -0.700688 0.315 0.191125 -0.929594 0.315 0.191125 -0.929625 0.738625 0.407875 -0.536625 0.738594 0.407875 -0.536656 0.88025 0.470469 0.0613125 0.88025 0.470469 0.0611875 0.65625 0.338375 0.674375 0.656 0.338344 0.674625 0.170281 0.0735625 0.982625 0.17 0.0735 0.982656 0.36075 -0.603406 0.711094 -0.488969 0.552375 0.675031 0.582781 -0.810938 -0.0513125 0.589969 -0.80425 -0.0710625 0.5985 -0.779875 -0.183094 0.605156 -0.770594 -0.19975 -0.468906 0.883 0.018375 0.0149688 0.924625 -0.380406 -0.17775 0.761063 -0.623781 0.65575 0.362094 -0.662375 0.883156 0.468625 0.01875 0.16325 0.986219 0.026 0.686375 0.351219 0.636719 0.227875 0.100813 0.968406 -0.316844 -0.187625 0.929688 -0.740469 -0.404438 0.53675 -0.882 -0.467125 -0.0611875 -0.653469 -0.332844 -0.679781 -0.187 -0.078875 -0.979125 -0.366375 0.557844 -0.744625 0.44025 -0.549969 -0.709656 -0.599625 0.799 0.0442813 -0.598406 0.798469 0.0655 -0.597594 0.779188 0.188938 -0.598719 0.774125 0.205375 0.0345625 0.0955625 -0.994781 0.1 0.244719 -0.964375 0.114188 0.0812813 -0.990125 -0.0219375 0.174531 -0.984375 0.0968125 0.386875 -0.917 -0.052 -0.100625 0.9935 -0.156375 -0.100031 0.982594 -0.0887813 -0.232625 0.968469 0.0497813 -0.164 0.985156 -0.0368125 -0.353 0.934875 -0.7735 -0.253344 -0.580938 -0.773656 -0.25375 -0.580469 -0.773469 -0.253219 -0.581 -0.773719 -0.253875 -0.580375 -0.881625 -0.46675 -0.068875 -0.59325 -0.216438 -0.775344 0.881625 0.46675 0.068875 0.668125 0.293125 -0.683844 0.320313 0.375 -0.869875 0.474969 0.0836875 -0.876 0.167531 -0.0021875 -0.985844 0.0755625 0.026 -0.99675 -0.316781 0.707 -0.632156 0.0465 0.080375 -0.995625 0.397125 -0.637375 -0.66025 -0.379875 0.019375 -0.924781 -0.21275 -0.295344 -0.931375 -0.05775 0.0932188 -0.993906 -0.167531 0.0021875 0.985844 -0.0869375 -0.187625 0.978375 -0.18725 0.001125 0.98225 -0.075 -0.172 0.982219 -0.0755625 -0.026 0.99675 -0.0619375 -0.0536875 0.996625 -0.017875 0.0784375 0.99675 0.05775 -0.0932188 0.993906 0.0722188 -0.0911563 0.993156 -0.027625 0.067625 0.997281 -0.0465 -0.080375 0.995625 -0.673219 0.412 0.613906 -0.1605 -0.105656 0.981344 -0.492625 -0.278781 0.824344 -0.47375 0.649094 0.595125 0.148094 0.058 0.98725 -0.02525 -0.808094 0.588469 0.282438 -0.774875 0.565406 0.477344 0.270938 -0.835875 0.505219 -0.197844 -0.839969 0.338875 0.199125 -0.9195 0.615719 -0.0629688 -0.785438 0.18375 0.117906 -0.975844 -0.0835 -0.0235313 -0.996219 -0.0834688 -0.0235313 -0.996219 -0.147125 -0.0575 -0.987375 -0.0497813 -0.00559375 -0.998719 0.104625 0.556469 -0.824219 0.279125 0.57075 -0.772156 -0.966438 0.213375 0.142875 -0.657625 0.362375 0.660375 -0.983875 0.037375 0.1745 -0.2665 0.70075 0.661719 -0.0043125 0.537938 0.842969 0.695969 0.570969 0.435375 0.649813 0.457125 0.607219 0.833344 0.41825 0.36125 -0.857875 -0.383188 -0.342344 -0.90175 -0.416625 -0.114719 -0.37175 -0.624656 -0.686625 -0.563094 -0.392625 -0.727125 -0.0781875 -0.795344 -0.601031 -0.552219 -0.701 -0.451219 -0.78575 -0.585469 -0.199469 -0.656031 -0.671719 0.343969 0.203 -0.88775 0.413094 0.109281 -0.367469 0.923563 0.753469 -0.623563 -0.208375 -0.119094 -0.840469 0.528531 0.134 -0.990375 -0.0336563 -0.843125 -0.535281 -0.0501875 -0.83 -0.557375 0.018125 -0.0983438 -0.836625 -0.538813 -0.719156 -0.412844 -0.558844 -0.554313 -0.406625 -0.726188 -0.72 -0.6935 -0.0235625 -0.854125 -0.3125 -0.415594 -0.682594 -0.681719 0.263125 0.646844 -0.110188 0.754531 0.844219 -0.02275 0.535469 0.636063 -0.548125 0.543 0.4375 0.0683125 0.896594 0.112656 -0.219625 0.969 -0.256219 0.219625 0.941281 -0.50025 0.09525 0.860594 -0.82075 0.178719 0.542531 -0.9045 0.292094 0.310594 -0.98975 -0.0148125 -0.14175 -0.83275 0.263156 -0.487 -0.363063 -0.08975 -0.927375 0.977813 0.0855625 0.191125 0.871531 0.487063 0.0555625 0.991813 0.1275 -0.0024375 0.9795 0.112469 -0.16675 0.637844 0.4825 -0.600219 0.6765 0.527125 -0.514188 0.895063 0.445844 -0.00478125 0.802188 0.07575 -0.592219 -0.165625 0.194688 -0.96675 -0.0354375 0.109469 -0.993344 0.0349375 -0.0935313 -0.995 0.378969 -0.41425 -0.8275 0.607375 -0.0726563 -0.791 -0.258344 -0.07625 -0.963 -0.07275 0.368906 -0.926531 0.08675 0.598063 -0.796719 -0.716 0.485844 -0.501219 -0.59875 0.418438 -0.682875 -0.982938 0.183594 -0.009625 -0.94825 0.20875 0.239 -0.833125 -0.461969 0.304031 -0.653375 -0.2055 0.728531 -0.308375 -0.894188 0.324469 -0.766125 -0.641563 -0.037625 -0.051625 -0.55975 0.827 0.5585 -0.69225 0.456875 0.368469 -0.927594 0.0613125 0.846469 -0.497625 -0.18925 0.794094 -0.4975 -0.349063 -0.927813 -0.100375 -0.359188 0.450125 -0.633375 -0.629375 0.0649375 -0.972844 -0.222031 -0.232531 -0.151156 -0.96075 -0.0551875 0.296031 -0.953531 0.499625 -0.036625 -0.865438 -0.741344 -0.644469 0.187125 -0.761156 -0.617594 0.197844 -0.349844 -0.930438 0.108938 -0.862625 -0.456344 0.218094 -0.352375 -0.927688 0.12325 -0.344969 -0.930625 0.121719 0.170813 -0.98525 0.00178125 0.129 -0.991625 0.0035 0.364406 -0.93025 -0.0424375 0.266313 0.844938 -0.46375 0.620125 0.5905 -0.516344 0.683094 0.550594 -0.47975 0.2455 0.83275 -0.496125 0.240125 0.835 -0.495 -0.17025 0.918531 -0.356625 -0.227313 0.92775 -0.295781 -0.387625 -0.9185 -0.0775938 0.347813 -0.933438 -0.08775 -0.379 -0.57325 -0.726375 0.18875 -0.689906 -0.698781 -0.654625 -0.754125 -0.052125 -0.670438 -0.210969 -0.71125 -0.946469 -0.306688 -0.100406 -0.0355625 -0.11275 -0.992969 0.0764688 -0.276625 -0.957875 -0.167875 0.0984375 -0.980844 0.469281 0.112969 -0.87575 0.479375 0.332281 -0.812219 0.2305 0.00915625 -0.973 0.710938 0.136875 -0.68975 0.351844 0.565938 -0.745531 0.937875 0.346844 0.00253125 0.982625 0.18475 -0.015625 0.8095 0.11975 -0.574656 0.697688 0.1505 0.700375 0.808625 0.11275 0.577375 0.390219 0.920625 0.00953125 -0.226125 0.974063 -0.0019375 0.318656 0.563375 0.762219 0.155625 0.675188 0.721 -0.228031 0.711375 -0.664719 -0.0160625 0.179375 -0.983625 0.190406 0.07075 0.979125 0.513125 0.124969 0.849125 0.0215625 -0.0400625 0.998906 -0.0411875 0.125594 0.991219 -0.46725 -0.0944688 0.879 0.417625 0.3545 0.836563 0.603094 0.396469 0.692125 0.0766875 -0.238625 0.968063 0.309875 -0.0045 0.95075 0.481594 -0.572563 0.663469 -0.456813 -0.512688 0.726875 -0.831906 -0.268906 0.48525 -0.843063 -0.5235 -0.123094 -0.731125 -0.464188 0.499875 -0.68125 -0.716875 -0.148 -0.572719 -0.691375 0.440375 -0.82725 -0.560781 -0.0333438 -0.492188 -0.458375 0.74 -0.382906 -0.293625 0.875844 -0.2945 -0.511719 0.807063 0.154594 -0.197844 0.967938 -0.992125 -0.11825 0.0409375 -0.649281 -0.0170625 0.760281 -0.645125 -0.103094 0.757031 -0.148344 0.276781 0.949375 -0.158594 0.326 0.931969 -0.960281 -0.278781 -0.00078125 -0.755938 -0.654625 0.001625 -0.528656 -0.441625 0.724844 -0.012 -0.014375 0.999781 0.602094 0.292 0.743031 0.426094 0.595906 0.680625 0.268375 0.49 0.829344 0.755219 0.6525 -0.06175 0.593063 0.803813 0.0460313 0.463625 0.509125 -0.725094 0.469969 0.51 -0.720375 -0.108469 0.172094 -0.979031 -0.0540625 0.0720625 -0.995875 -0.745031 -0.114375 -0.657094 -0.685063 -0.150438 -0.71275 0.906219 0.42275 -0.0014375 0.609219 0.275844 -0.743438 0.018125 -0.0780625 -0.99675 -0.520469 -0.470469 -0.7125 0.660688 0.346969 -0.665625 0.917469 0.397625 0.009875 0.667938 0.343 0.660375 -0.02175 0.0230938 -0.999469 -0.557813 -0.537969 -0.632 -0.623469 -0.78175 -0.00903125 -0.0128438 0.00825 0.999875 -0.554844 -0.5425 0.630656 0.70225 0.140719 0.697781 0.75675 0.124438 0.641719 0.950344 0.30775 0.045375 0.984125 0.176781 -0.01375 0.629375 0.194594 -0.75225 0.602875 0.0865625 -0.793094 0.4785 0.106875 -0.8715 0.054 -0.108813 -0.992531 0.109125 -0.206188 -0.972375 -0.45975 -0.527875 -0.714063 -0.418 -0.3865 -0.822094 -0.631406 -0.427844 -0.646625 0.555875 0.238094 -0.796375 0.721125 0.304563 -0.622125 0.05 -0.0453125 -0.997688 -0.582438 -0.3815 -0.71775 0.045 -0.0885938 -0.995 0.66725 0.430813 -0.6075 0.844063 0.535781 -0.0202188 0.580719 0.411094 0.702625 0.670875 0.349156 0.654125 0.556969 0.269875 0.785375 0.640406 0.0385 0.767 0.7135 0.1775 0.67775 0.710719 0.314281 0.629313 0.9135 0.4055 -0.031375 0.153781 -0.261 0.952969 0.045875 -0.0319375 0.998375 0.857063 0.515 -0.0128125 0.534688 0.546969 -0.644094 -0.18125 0.28475 -0.94125 -0.792 -0.329125 -0.514094 0.581594 0.5 0.641625 -0.146719 0.224688 0.963313 -0.776469 -0.387844 0.496625 -0.743688 -0.6685 -0.00515625 0.355125 -0.140844 -0.924125 0.975469 0.0023125 -0.22 0.987188 -0.12725 -0.0959375 0.999844 0.00821875 0.0149688 0.802625 0.25275 -0.540219 0.62225 0.78 0.0653125 0.4785 0.597 0.643844 0.955156 0.0755625 0.286125 0.995438 -0.0240625 0.092125 -0.584 -0.79625 -0.157375 -0.95875 -0.048875 0.279813 -0.636875 -0.758875 -0.135813 -0.99925 0.0324375 0.0195 0.732656 -0.657625 -0.174938 0.665031 -0.516625 -0.539156 -0.684469 -0.701688 -0.197719 0.332125 -0.136125 -0.933281 -0.235563 0.408 -0.882 -0.714625 -0.674438 -0.18525 -0.6825 -0.377875 0.625531 -0.268156 -0.788188 0.553875 -0.748438 -0.629094 -0.209844 -0.51675 0.599969 -0.610656 -0.0951875 -0.924125 0.369875 0.499125 -0.601344 0.623875 0.264031 -0.433875 0.861375 -0.296531 0.0979375 0.949938 -0.67525 0.572375 0.465125 -0.687 0.710125 0.153875 0.698125 0.710406 0.0882813 0.666531 0.738281 0.10275 0.61425 0.787375 0.0516875 0.834844 0.038875 0.549031 0.650094 0.15125 0.744625 0.217844 0.541656 0.811813 0.739 0.6645 0.110375 0.825094 0.559781 0.0760313 -0.0415 0.892563 0.448938 0.0296563 0.980906 0.191875 -0.603063 -0.792219 -0.093 -0.967656 0.00571875 0.252 -0.645125 -0.760406 -0.0744063 -0.997 0.076125 -0.011625 0.753844 -0.646875 -0.114688 0.653094 -0.592625 -0.471375 -0.694219 -0.708625 -0.125813 0.357188 -0.265844 -0.895375 -0.175469 0.27125 -0.946344 -0.724375 -0.67875 -0.120219 -0.710625 -0.277375 0.6465 -0.295656 -0.707156 0.642156 -0.451 0.52375 -0.722594 -0.728 -0.675875 -0.114594 -0.0783125 -0.868844 0.48875 0.237656 -0.330094 0.9135 0.476656 -0.546 0.688875 -0.32375 0.230219 0.917625 -0.675344 0.638875 0.368344 -0.687375 0.725094 0.04125 0.71325 0.700625 0.0171875 0.682813 0.730219 0.02275 0.679344 0.73325 0.028375 0.636813 0.2265 0.736969 0.8145 0.025125 0.5795 0.206125 0.640594 0.739625 0.758 0.65 0.0527813 0.824406 0.564719 0.0366875 -0.0340625 0.940313 0.3385 0.0195 0.996844 0.0769375 -0.818969 0.573781 -0 -0.74925 0.547094 0.373125 -0.811469 0.584344 -0 -0.758969 0.5295 0.378875 -0.71875 0.531719 0.447844 -0.448844 0.337 0.827594 -0.444844 0.334688 0.830688 -0.205125 0.152375 0.96675 -0.182375 0.1335 0.974094 -0.135125 0.097375 0.986 0.405844 -0.601313 0.688219 -0.186219 0.12825 0.974094 -0.21425 0.14425 0.966 -0.459375 0.313688 0.830938 -0.464125 0.316281 0.827313 -0.741344 0.49725 0.450625 0.600094 -0.799875 3.125e-005 0.600125 -0.799875 0.0001875 0.600094 -0.799875 -0 -0.993906 -0.109719 -0 -0.915969 -0.0344688 0.399719 -0.92575 -0.1645 0.340344 -0.997219 -0.0742188 -0 -0.939344 0.231906 0.2525 -0.800906 0.311219 0.511469 -0.637625 0.563875 0.52475 -0.607219 0.74775 0.2685 -0.437375 0.757344 0.484844 -0.423813 0.905719 -0 -0.170906 0.98525 -0 -0.1195 0.922656 0.366469 0.322125 0.946688 -0 0.321625 0.922875 0.21175 -0.657844 -0.0943438 0.747156 -0.6815 -0.2825 0.675 -0.308625 -0.253719 0.916656 -0.495063 -0.284125 0.821 -0.153938 -0.066875 0.98575 -0.501188 0.163844 0.849625 -0.350031 0.363156 0.863375 -0.0214063 0.118 0.99275 -0.17475 0.542094 0.821875 0.127469 0.31825 0.939375 0.07975 0.740188 0.667625 0.335531 0.556 0.760375 -0.272969 -0.351625 0.895406 -0.0998125 -0.297875 0.949344 -0.0006875 -0.163188 0.986594 0.1205 0.0140938 0.992594 0.256 0.22025 0.941219 0.418625 0.44275 0.792875 0.395125 0.843188 0.364469 0.457563 0.742625 0.488969 0.560438 0.822469 0.0970313 0.545563 0.838 -0 -0.584344 -0.811469 -0 -0.584281 -0.8115 -6.25e-005 -0.584281 -0.8115 6.25e-005 -0.584375 -0.811469 -0.00078125 -0.584375 -0.811469 -0.00075 -0.584281 -0.8115 -0.00021875 -0.58425 -0.8115 -0 0.815094 -0.57925 -0 0.809 -0.587719 -0 0.719375 -0.694594 -0 0.969969 -0.243219 -0 0.913063 -0.40775 -0 0.599875 -0.467375 -0.649281 0.188125 -0.133344 -0.973 0.185031 -0.116781 -0.97575 0.595125 -0.324219 -0.73525 0.58125 -0.32375 -0.746469 0.429781 -0.304688 -0.849906 0.3655 -0.29875 -0.8815 0.68825 -0.211125 -0.694 0.166094 -0.0960938 -0.981375 0.455813 -0.3695 -0.809719 0.4825 -0.339125 -0.8075 0.684594 -0.6065 -0.40425 0.70575 -0.616125 -0.349531 0.729875 -0.6835 -0 0.68525 -0.670969 -0.283188 0.698094 -0.715969 -0 0.169469 -0.114219 -0.978875 0.6975 -0.61975 -0.359625 0.747125 -0.664625 -0 0.682375 -0.589125 -0.432625 0.46575 -0.360875 -0.807938 0.446875 -0.339938 -0.827438 0.206625 -0.138875 -0.968469 0.10875 -0.074375 -0.99125 -0.585375 -0.810719 -0.001 -0.585125 -0.810875 -0.00109375 -0.585 -0.810969 -0.001125 -0.585563 -0.810594 -0.00096875 -0.586156 -0.810125 -0.0006875 -0.586438 -0.809969 -0.000375 -0.809 0.58775 -0 0.246156 -0.231875 0.941 0.266 -0.22425 0.9375 0.220375 -0.241625 0.945 0.293625 -0.213344 0.93175 0.585719 0.8105 0.0005 0.585563 0.810594 0.0005625 0.585813 0.810375 0.00046875 0.5855 0.810625 0.00059375 0.586 0.81025 0.0005 0.586094 0.810219 0.00040625 -0.74925 0.547094 -0.373125 -0.758969 0.5295 -0.378875 -0.71875 0.531719 -0.447844 -0.448844 0.337 -0.827594 -0.444844 0.334688 -0.830688 -0.205125 0.152375 -0.96675 -0.182375 0.1335 -0.974094 -0.135125 0.097375 -0.986 0.3895 -0.581813 -0.713938 -0.186219 0.12825 -0.974094 -0.21425 0.14425 -0.966 -0.459375 0.313688 -0.830938 -0.464125 0.316281 -0.827313 -0.741344 0.49725 -0.450625 0.600125 -0.799875 -3.125e-005 0.600125 -0.799875 -0.0001875 -0.915969 -0.0344688 -0.399719 -0.92575 -0.1645 -0.340344 -0.939344 0.231906 -0.2525 -0.800906 0.311219 -0.511469 -0.637625 0.563875 -0.52475 -0.607219 0.74775 -0.2685 -0.437375 0.757344 -0.484844 -0.1195 0.922656 -0.366469 0.321625 0.922875 -0.21175 -0.657844 -0.0943438 -0.747156 -0.6815 -0.2825 -0.675 -0.273969 -0.266156 -0.924125 -0.495063 -0.284125 -0.821 -0.122125 -0.0909688 -0.988281 -0.501188 0.163844 -0.849625 -0.350031 0.363156 -0.863375 0.0131875 0.0945625 -0.995375 -0.17475 0.542094 -0.821875 0.16675 0.292406 -0.941594 0.07975 0.740188 -0.667625 0.376188 0.521688 -0.765688 -0.204219 -0.34575 -0.91575 -0.00784375 -0.317375 -0.94825 0.0602813 -0.213375 -0.975094 0.189625 -0.0266875 -0.981469 0.332125 0.185563 -0.92475 0.498125 0.393625 -0.772563 0.395125 0.843188 -0.364469 0.475625 0.729969 -0.490813 0.560438 0.822469 -0.0970313 -0.584375 -0.811469 0.00078125 -0.584375 -0.811469 0.00075 -0.584281 -0.8115 0.00021875 0.188125 -0.133344 0.973 0.579656 -0.462469 0.670844 0.156125 -0.102375 0.982375 0.4905 -0.271875 0.827875 0.563625 -0.300719 0.769313 0.381594 -0.272625 0.883125 0.263219 -0.264531 0.927719 0.613875 -0.194281 0.765063 0.166094 -0.0960938 0.981375 0.455813 -0.3695 0.809719 0.4825 -0.339125 0.8075 0.684594 -0.6065 0.40425 0.70575 -0.616125 0.349531 0.68525 -0.670969 0.283188 0.169469 -0.114219 0.978875 0.6975 -0.61975 0.359625 0.682375 -0.589125 0.432625 0.46575 -0.360875 0.807938 0.446875 -0.339938 0.827438 0.206625 -0.138875 0.968469 0.10875 -0.074375 0.99125 -0.585125 -0.810875 0.00109375 -0.585375 -0.810719 0.001 -0.585 -0.810969 0.001125 -0.585563 -0.810594 0.00096875 -0.586156 -0.810125 0.0006875 -0.586438 -0.809969 0.000375 0.266 -0.22425 -0.9375 0.246156 -0.231875 -0.941 0.220375 -0.241625 -0.945 0.293625 -0.213344 -0.93175 0.585719 0.8105 -0.0005 0.585563 0.810594 -0.0005625 0.5855 0.810625 -0.00059375 0.585813 0.810375 -0.00046875 0.586 0.81025 -0.0005 0.586094 0.810219 -0.00040625 0.95875 -0.048875 0.279813 0.584 -0.79625 -0.157375 0.636875 -0.758875 -0.135813 0.99925 0.0324375 0.0195 -0.732656 -0.657625 -0.174938 -0.665031 -0.516625 -0.539156 0.684469 -0.701688 -0.197719 -0.332125 -0.136125 -0.933281 0.235563 0.408 -0.882 0.714625 -0.674438 -0.18525 0.6825 -0.377875 0.625531 0.268156 -0.788188 0.553875 0.748438 -0.629094 -0.209844 0.51675 0.599969 -0.610656 0.0951875 -0.924125 0.369875 -0.499125 -0.601344 0.623875 -0.264031 -0.433875 0.861375 0.296531 0.0979375 0.949938 0.67525 0.572375 0.465125 0.687 0.710125 0.153875 -0.698125 0.710406 0.0882813 -0.666531 0.738281 0.10275 -0.61425 0.787375 0.0516875 -0.834844 0.038875 0.549031 -0.650094 0.15125 0.744625 -0.217844 0.541656 0.811813 -0.739 0.6645 0.110375 -0.825094 0.559781 0.0760313 0.0415 0.892563 0.448938 -0.0296563 0.980906 0.191875 0.967656 0.00571875 0.252 0.603063 -0.792219 -0.093 0.645125 -0.760406 -0.0744063 0.997 0.076125 -0.011625 -0.753844 -0.646875 -0.114688 -0.653094 -0.592625 -0.471375 0.694219 -0.708625 -0.125813 -0.357188 -0.265844 -0.895375 0.175469 0.27125 -0.946344 0.724375 -0.67875 -0.120219 0.710625 -0.277375 0.6465 0.295656 -0.707156 0.642156 0.451 0.52375 -0.722594 0.728 -0.675875 -0.114594 0.0783125 -0.868844 0.48875 -0.237656 -0.330094 0.9135 -0.476656 -0.546 0.688875 0.32375 0.230219 0.917625 0.675344 0.638875 0.368344 0.687375 0.725094 0.04125 -0.71325 0.700625 0.0171875 -0.682813 0.730219 0.02275 -0.679344 0.73325 0.028375 -0.636813 0.2265 0.736969 -0.8145 0.025125 0.5795 -0.206125 0.640594 0.739625 -0.758 0.65 0.0527813 -0.824406 0.564719 0.0366875 0.0340625 0.940313 0.3385 -0.0195 0.996844 0.0769375 0.818969 0.573781 -0 0.74925 0.547094 0.373125 0.758969 0.5295 0.378875 0.811469 0.584344 -0 0.71875 0.531719 0.447844 0.448844 0.337 0.827594 0.444844 0.334688 0.830688 0.205125 0.152375 0.96675 0.182375 0.1335 0.974094 0.135125 0.097375 0.986 -0.405844 -0.601313 0.688219 0.186219 0.12825 0.974094 0.21425 0.14425 0.966 0.459375 0.313688 0.830938 0.464125 0.316281 0.827313 0.741344 0.49725 0.450625 -0.600094 -0.799875 3.125e-005 -0.600094 -0.799875 -0 -0.600125 -0.799875 0.0001875 0.915969 -0.0344688 0.399719 0.993906 -0.109719 -0 0.92575 -0.1645 0.340344 0.997219 -0.0742188 -0 0.939344 0.231906 0.2525 0.800906 0.311219 0.511469 0.637625 0.563875 0.52475 0.607219 0.74775 0.2685 0.437375 0.757344 0.484844 0.423813 0.905719 -0 0.170906 0.98525 -0 0.1195 0.922656 0.366469 -0.322125 0.946688 -0 -0.321625 0.922875 0.21175 0.657844 -0.0943438 0.747156 0.6815 -0.2825 0.675 0.308625 -0.253719 0.916656 0.495063 -0.284125 0.821 0.153938 -0.066875 0.98575 0.501188 0.163844 0.849625 0.350031 0.363156 0.863375 0.0214063 0.118 0.99275 0.17475 0.542094 0.821875 -0.127469 0.31825 0.939375 -0.07975 0.740188 0.667625 -0.335531 0.556 0.760375 0.272969 -0.351625 0.895406 0.0998125 -0.297875 0.949344 0.0006875 -0.163188 0.986594 -0.1205 0.0140938 0.992594 -0.256 0.22025 0.941219 -0.418625 0.44275 0.792875 -0.395125 0.843188 0.364469 -0.457563 0.742625 0.488969 -0.560438 0.822469 0.0970313 -0.545563 0.838 -0 -0.141875 0.362375 0.921125 -0.396844 0.917875 -0 -0.02475 0.202875 0.978875 -0.475094 0.879875 -0 0.324406 -0.0966875 0.940938 0.587031 -0.253625 0.76875 0.922875 -0.385 -0 0.89725 -0.441438 -0 -0.141875 0.362375 -0.921125 -0.02475 0.202875 -0.978875 0.324406 -0.0966875 -0.940938 0.587031 -0.253625 -0.76875 0.350625 -0.0892188 0.932219 -0.0183438 0.2195 0.975375 -0.393625 0.91925 -0 -0.0183438 0.2195 -0.975375 0.350625 -0.0892188 -0.932219 0.922813 -0.385219 -0 0.692 0.721844 -0 0.584344 -0.811469 -0 0.584281 -0.8115 -6.25e-005 0.584281 -0.8115 6.25e-005 0.584375 -0.811469 -0.00078125 0.584375 -0.811469 -0.00075 0.584281 -0.8115 -0.00021875 0.58425 -0.8115 -0 -0.815094 -0.57925 -0 -0.809 -0.587719 -0 -0.719375 -0.694594 -0 -0.969969 -0.243219 -0 -0.913063 -0.40775 -0 -0.188125 -0.133344 -0.973 -0.599875 -0.467375 -0.649281 -0.185031 -0.116781 -0.97575 -0.595125 -0.324219 -0.73525 -0.58125 -0.32375 -0.746469 -0.429781 -0.304688 -0.849906 -0.3655 -0.29875 -0.8815 -0.68825 -0.211125 -0.694 -0.166094 -0.0960938 -0.981375 -0.455813 -0.3695 -0.809719 -0.4825 -0.339125 -0.8075 -0.684594 -0.6065 -0.40425 -0.70575 -0.616125 -0.349531 -0.729875 -0.6835 -0 -0.68525 -0.670969 -0.283188 -0.698094 -0.715969 -0 -0.169469 -0.114219 -0.978875 -0.6975 -0.61975 -0.359625 -0.747125 -0.664625 -0 -0.682375 -0.589125 -0.432625 -0.46575 -0.360875 -0.807938 -0.446875 -0.339938 -0.827438 -0.206625 -0.138875 -0.968469 -0.10875 -0.074375 -0.99125 0.585125 -0.810875 -0.00109375 0.585375 -0.810719 -0.001 0.585 -0.810969 -0.001125 0.585563 -0.810594 -0.00096875 0.586156 -0.810125 -0.0006875 0.586438 -0.809969 -0.000375 0.809 0.58775 -0 -0.266 -0.22425 0.9375 -0.246156 -0.231875 0.941 -0.220375 -0.241625 0.945 -0.293625 -0.213344 0.93175 -0.585719 0.8105 0.0005 -0.585563 0.810594 0.0005625 -0.5855 0.810625 0.00059375 -0.585813 0.810375 0.00046875 -0.586 0.81025 0.0005 -0.586094 0.810219 0.00040625 0.74925 0.547094 -0.373125 0.758969 0.5295 -0.378875 0.71875 0.531719 -0.447844 0.448844 0.337 -0.827594 0.444844 0.334688 -0.830688 0.205125 0.152375 -0.96675 0.182375 0.1335 -0.974094 0.135125 0.097375 -0.986 -0.3895 -0.581813 -0.713938 0.186219 0.12825 -0.974094 0.21425 0.14425 -0.966 0.459375 0.313688 -0.830938 0.464125 0.316281 -0.827313 0.741344 0.49725 -0.450625 -0.600125 -0.799875 -3.125e-005 -0.600125 -0.799875 -0.0001875 0.915969 -0.0344688 -0.399719 0.92575 -0.1645 -0.340344 0.939344 0.231906 -0.2525 0.800906 0.311219 -0.511469 0.637625 0.563875 -0.52475 0.607219 0.74775 -0.2685 0.437375 0.757344 -0.484844 0.1195 0.922656 -0.366469 -0.321625 0.922875 -0.211719 0.657844 -0.0943438 -0.747156 0.6815 -0.2825 -0.675 0.273969 -0.266156 -0.924125 0.495063 -0.284125 -0.821 0.122125 -0.0909688 -0.988281 0.501188 0.163844 -0.849625 0.350031 0.363156 -0.863375 -0.0131875 0.0945625 -0.995375 0.17475 0.542094 -0.821875 -0.16675 0.292406 -0.941594 -0.07975 0.740188 -0.667625 -0.376188 0.521688 -0.765688 0.204219 -0.34575 -0.91575 0.00784375 -0.317375 -0.94825 -0.0602813 -0.213375 -0.975094 -0.189625 -0.0266875 -0.981469 -0.332125 0.185563 -0.92475 -0.498125 0.393625 -0.772563 -0.395125 0.843188 -0.364469 -0.475625 0.729969 -0.490813 -0.560438 0.822469 -0.0970313 0.584375 -0.811469 0.00078125 0.584375 -0.811469 0.00075 0.584281 -0.8115 0.00021875 -0.579656 -0.462469 0.670844 -0.188125 -0.133344 0.973 -0.156125 -0.102375 0.982375 -0.4905 -0.271875 0.827875 -0.563625 -0.300719 0.769313 -0.381594 -0.272625 0.883125 -0.263219 -0.264531 0.927719 -0.613875 -0.194281 0.765063 -0.166094 -0.0960938 0.981375 -0.455813 -0.3695 0.809719 -0.4825 -0.339125 0.8075 -0.684594 -0.6065 0.40425 -0.70575 -0.616125 0.349531 -0.68525 -0.670969 0.283188 -0.169469 -0.114219 0.978875 -0.6975 -0.61975 0.359625 -0.682375 -0.589125 0.432625 -0.46575 -0.360875 0.807938 -0.446875 -0.339938 0.827438 -0.206625 -0.138875 0.968469 -0.10875 -0.074375 0.99125 0.585375 -0.810719 0.001 0.585125 -0.810875 0.00109375 0.585 -0.810969 0.001125 0.585563 -0.810594 0.00096875 0.586156 -0.810125 0.0006875 0.586438 -0.809969 0.000375 -0.246156 -0.231875 -0.941 -0.266 -0.22425 -0.9375 -0.220375 -0.241625 -0.945 -0.293625 -0.213344 -0.93175 -0.585719 0.8105 -0.0005 -0.585563 0.810594 -0.0005625 -0.585813 0.810375 -0.00046875 -0.5855 0.810625 -0.00059375 -0.586 0.81025 -0.0005 -0.586094 0.810219 -0.00040625 -0.381844 -0.301375 0.873625 -0.121 -0.9855 0.118875 -0.0448125 -0.365156 0.929844 -0.266625 -0.9625 0.0496875 -0.439469 -0.896 -0.063 -0.7725 -0.151 0.61675 -0.537875 -0.814875 -0.21575 -0.965969 0.0156875 0.258094 0.335438 -0.683219 -0.648531 0.437219 -0.785344 -0.438188 0.77425 0.15 -0.61475 0.97175 -0.0258438 -0.234375 0.120875 -0.60325 -0.78825 0.383938 0.300875 -0.872938 0.0448125 0.365156 -0.929844 -0.073 -0.594625 -0.800625 -0.992688 0.120625 0.003125 -0.578719 -0.739094 -0.344625 -0.847125 0.29125 -0.444313 -0.400344 -0.711625 -0.57725 -0.486 0.35875 -0.796875 -0.240969 -0.719938 -0.650813 0.324344 -0.942719 0.077625 0.148281 -0.936625 0.317219 0.657188 -0.34425 0.6705 0.969938 -0.183 0.16025 0.437125 -0.869469 -0.23 0.31375 -0.38175 0.869375 0.626813 0.758656 0.177375 0.523781 0.851 -0.036875 -0.335594 0.832375 0.440969 -0.2355 0.765125 0.599219 0.309656 0.9345 -0.175125 0.12 0.977375 -0.173875 -0.0625938 0.699125 0.712219 0.0783125 0.637875 0.766125 0.626938 0.6765 0.386313 0.487875 0.547188 0.68 0.284219 0.424219 0.85975 -0.088125 0.995844 0.0225313 -0.218344 0.968375 0.120281 -0.3805 0.875125 0.298875 -0.381 -0.29475 0.87625 -0.120875 -0.984563 0.1265 -0.0439375 -0.358125 0.932625 -0.266594 -0.962094 0.05725 -0.440844 -0.894719 -0.0715313 -0.793125 -0.134125 0.594 -0.55625 -0.805219 -0.20525 -0.96875 0.02275 0.24675 -0.990656 0.132969 -0.029125 -0.559 -0.747375 -0.358938 -0.859438 0.281594 -0.426625 -0.43225 -0.68775 -0.583125 -0.611125 0.3325 -0.71825 -0.26525 -0.736781 -0.621844 0.313344 -0.945969 0.0831563 0.182 -0.925563 0.331875 0.648844 -0.340844 0.68025 0.965156 -0.188969 0.18075 0.448938 -0.86875 -0.209 0.35025 -0.374 0.858688 0.974094 -0.032375 -0.223625 0.433344 -0.794719 -0.424875 0.351125 -0.690063 -0.632813 0.790719 0.135531 -0.596875 0.120125 -0.60925 -0.78375 0.383125 0.294219 -0.875531 0.0439375 0.358125 -0.932625 -0.07375 -0.600719 -0.796 0.539125 0.841375 -0.0358125 0.62425 0.759938 0.181063 0.63725 0.66525 0.388875 0.476594 0.558875 0.678563 0.314344 0.413063 0.854688 -0.117063 0.992219 0.04225 -0.25325 0.96325 0.0892813 -0.357844 0.890875 0.279625 -0.355594 0.828906 0.431688 -0.235313 0.779188 0.580875 -0.0619375 0.7045 0.706906 0.3095 0.933156 -0.182563 0.119844 0.976031 -0.181375 0.0790313 0.643625 0.761156 0 0 0.999969 -0.325844 -0.867938 0.37475 -0.109906 -0.895594 0.431 -0.516219 0.063375 0.854094 -0.487063 -0.844375 0.223 -0.849094 0.105375 0.517563 -0.971656 0.1105 0.20875 -0.581875 -0.812125 0.0426875 -0.987875 0.149625 -0.0413125 -0.596156 -0.774063 -0.212969 -0.950469 0.134375 -0.280125 0.3925 -0.881156 -0.263375 0.472344 -0.88075 0.0338125 0.367375 -0.873219 0.320125 -0.378969 -0.894625 -0.236406 0.990125 -0.12275 0.0673125 0.761906 -0.118469 0.636688 0.300219 -0.75225 0.586438 0.51175 -0.0920625 0.854125 0.876125 -0.108375 -0.469656 0.175625 -0.857719 -0.483094 0.483375 -0.05925 -0.873375 -0.10125 -0.824969 -0.556 0 0 -0.999969 0.594875 0.75925 -0.263844 0.66925 0.7425 0.025875 0.577625 0.732 0.361125 -0.375313 0.926125 0.037 -0.351125 0.922406 -0.1605 -0.266813 0.937688 0.2225 0.464 0.61825 0.634313 -0.166875 0.969938 -0.176969 -0.106063 0.920969 0.374844 0.378094 0.78975 -0.483 0.10125 0.824969 -0.556 0.109906 0.895594 0.431 -0.109969 -0.895594 0.431 -0.988688 0.148625 -0.0186563 -0.6085 -0.76675 -0.204156 -0.964 0.138063 -0.227031 0.392563 -0.881156 -0.263375 0.367438 -0.874125 0.317469 -0.38725 -0.893938 -0.225531 0.76475 -0.119094 0.633156 0.3065 -0.74975 0.586375 0.518438 -0.092375 0.850094 0.579938 0.731844 0.357781 -0.361969 0.919 -0.155969 0.472094 0.613625 0.632875 -0.167375 0.971469 -0.167969 0.297563 -0.384844 0.873625 0.025875 -0.998375 0.0496875 0.209625 -0.975719 -0.063 0.713 -0.333438 0.61675 0.32475 -0.920844 -0.21575 0.941094 -0.218406 0.258094 -0.49075 -0.58175 -0.648531 -0.614219 -0.65625 -0.438188 -0.714969 0.332875 -0.61475 -0.949125 0.21 -0.234375 -0.263219 -0.556125 -0.78825 -0.29975 0.384813 -0.872938 0.992375 -0.123094 0.003125 0.382719 -0.857125 -0.344625 0.89775 0.0550938 -0.437 0.24225 -0.7975 -0.552469 0.583438 0.253 -0.771719 -0.634469 -0.737875 -0.23 -0.526375 -0.846219 0.0824063 -0.985375 0.0570625 0.16025 -0.722438 -0.180719 0.667344 -0.34475 -0.883625 0.316656 -0.399094 -0.300625 0.866188 0.117125 -0.75175 -0.648875 -0.424625 0.88775 0.177375 -0.302375 0.952438 -0.036875 0.527 0.726469 0.440969 0.413594 0.685375 0.599219 -0.0744063 0.981656 -0.175156 0.229875 0.663219 0.712219 -0.444625 0.808094 0.386313 -0.359531 0.649719 0.669719 -0.20525 0.473875 0.856313 0.277625 0.959875 0.038125 0.429781 0.897625 0.09725 0.580875 0.757031 0.298875 0.298375 -0.378188 0.87625 0.025875 -0.998 0.05725 0.21125 -0.97475 -0.0715313 0.737125 -0.322031 0.594 0.344875 -0.915875 -0.20525 0.9455 -0.21225 0.24675 0.993375 -0.110594 -0.029125 0.361594 -0.860438 -0.358938 0.899688 0.0488125 -0.433719 0.272844 -0.783813 -0.55775 0.6765 0.213875 -0.704625 0.141188 -0.768969 -0.623469 -0.512 -0.854094 0.09125 -0.366469 -0.869625 0.33075 -0.71075 -0.181531 0.679563 -0.982219 0.050125 0.18075 -0.64575 -0.734281 -0.209 -0.425938 -0.28625 0.85825 -0.953 0.204156 -0.223625 -0.61275 -0.66625 -0.424875 -0.507625 -0.584625 -0.632813 -0.734438 0.322844 -0.596875 -0.263969 -0.562094 -0.78375 -0.300563 0.378188 -0.875531 -0.319594 0.946844 -0.0358125 -0.421844 0.888375 0.181063 -0.457375 0.799688 0.388875 -0.347531 0.656563 0.669375 -0.23325 0.472094 0.850094 0.290719 0.955344 0.0524063 0.455 0.888219 0.0635 0.56275 0.777844 0.279625 0.545594 0.71825 0.431688 0.416813 0.699094 0.580875 0.230531 0.668625 0.706906 -0.0745625 0.980344 -0.182563 0.106188 -0.921 0.37475 0.516219 -0.063375 0.854094 0.268313 -0.937125 0.223 0.849375 -0.103125 0.517563 0.969531 -0.127813 0.20875 0.368125 -0.92875 0.0426875 0.98925 -0.104375 -0.102125 0.3785 -0.904594 -0.195969 0.908375 -0.0399688 -0.416219 -0.594063 -0.76 -0.263375 -0.671375 -0.740313 0.0338125 -0.538813 -0.770844 0.33975 0.22875 -0.939344 -0.255406 -0.990438 0.120375 0.0673125 -0.763344 0.0586875 0.643313 -0.423844 -0.683438 0.594281 -0.50675 0.0245625 0.861656 -0.876281 0.10675 -0.469656 -0.377969 -0.78975 -0.483094 -0.483375 0.0594063 -0.873375 -0.3935 0.880625 -0.263844 -0.46975 0.882375 0.025875 -0.409 0.841344 0.35325 0.588219 0.807844 0.037 0.52275 0.827875 -0.203156 0.48575 0.84525 0.222469 -0.322906 0.709 0.626844 0.303 0.931469 -0.20125 0.325719 0.867969 0.374844 -0.17575 0.85775 -0.483 0.986781 -0.104656 -0.123219 0.369594 -0.9075 -0.199469 0.88775 -0.0357188 -0.458875 -0.537125 -0.770719 0.342625 0.225594 -0.937719 -0.264031 -0.760813 0.0582188 0.646281 -0.417 -0.687125 0.594875 -0.500844 0.0240938 0.865125 -0.408406 0.840625 0.355594 0.512594 0.832969 -0.20825 0.48575 0.84525 0.2225 -0.317313 0.71125 0.627125 0.297625 0.931531 -0.208656 0.870188 -0.410188 0.272875 0.90575 -0.383188 0.180906 0.870656 -0.393219 0.295281 0.907375 -0.380094 0.179344 0.618438 -0.505219 0.601844 0.638375 -0.474469 0.606031 -0.06825 -0.552281 0.830813 -0.0701875 -0.568094 0.819938 0.936 -0.26825 0.22775 0.907625 -0.373594 0.191094 0.939625 -0.243563 0.240125 0.980375 0.110969 0.162844 0.975563 0.174781 0.132875 0.91575 0.401719 0.00071875 0.877844 0.478219 -0.025125 0.577438 0.801344 0.156 0.852375 0.5205 -0.0498438 0.542875 0.820813 0.177375 0.115031 0.93725 0.328938 -0.013875 0.21425 -0.976625 0.036125 0.319344 -0.946938 -0.103531 0.199469 -0.974375 0.0413125 0.33675 -0.940625 0.0278125 0.226625 -0.973531 0.036125 0.255875 -0.966 0.0300625 0.245281 -0.968969 -0.021 -0.171219 -0.985 -0.0243125 -0.198406 -0.97975 -0.0466875 -0.38025 -0.923688 0.1245 0.855125 0.503156 0.159625 0.852875 0.497094 0.171813 0.852219 0.494094 0.111344 0.856031 0.504656 0.08975 0.863688 0.495875 0.0857188 0.865375 0.493719 0.1055 0.859469 0.500125 0.105375 0.858156 0.502344 0.763625 0.556469 -0.32725 0.919813 0.00521875 0.39225 0.920125 0.0310938 0.390281 0.774625 0.55225 -0.307969 0.786875 0.5725 -0.230125 0.878 0.0614688 0.474594 0.106094 0.924438 0.366219 0.762125 0.0278125 0.646781 0.6965 -0.081875 0.712781 0.0155625 0.0851875 0.996219 -0.0100625 -0.07625 0.997 0.669375 -0.131938 0.731031 0.481375 -0.159375 0.861844 -0.695625 0.0890938 0.712781 -0.681875 0.033375 0.730625 -0.891375 0.2265 0.392469 -0.882375 0.266031 0.388063 -0.506969 -0.0379688 0.861125 -0.729406 0.210469 0.650813 -0.862188 0.327688 0.38625 -0.58 0.74875 -0.320781 -0.603 0.73425 -0.311625 -0.618375 0.723125 -0.307594 -0.104594 -0.851844 -0.513219 -0.083875 -0.855969 -0.510125 -0.104438 -0.850594 -0.51525 -0.0815 -0.85675 -0.509125 -0.0809688 -0.852875 -0.51575 -0.0815625 -0.852531 -0.516125 0.874781 -0.373625 0.308344 0.544219 -0.386969 0.744344 0.477594 -0.589375 0.6515 0.89075 -0.249844 0.379594 -0.0730625 -0.594469 0.80075 -0.0453125 -0.369 0.92825 0.731188 0.317813 0.603594 0.958531 0.128063 0.254375 0.058 0.472375 0.879469 0.93875 0.339656 0.0575625 0.617531 0.734688 0.280688 0.109625 0.892906 0.436594 -0.399625 -0.363625 0.841375 -0.336125 -0.239625 0.91075 -0.329125 -0.2205 0.918125 -0.237344 0.448281 0.86175 -0.244 0.396219 0.885125 -0.0918125 0.82125 0.563094 -0.403719 -0.362563 0.839938 -0.0868125 0.821625 0.56325 -0.121844 -0.992375 0.014875 -0.0690313 0.524125 -0.848813 0.0504375 0.410875 -0.91025 -0.0766875 0.55725 -0.82675 0.0169375 0.677281 -0.735469 0.0274688 0.678625 -0.733938 -0.0139375 -0.474969 0.879875 -0.0547188 -0.44575 0.893469 -0.0174688 -0.479813 0.877125 -0.059125 -0.5285 0.846844 -0.0650625 -0.529969 0.8455 -0.350625 -0.884125 0.308625 -0.113969 -0.928344 0.353719 -0.308875 -0.896219 0.318281 -0.832094 -0.542063 0.11725 0.08675 0.706875 -0.701906 -0.971375 -0.153625 0.181 -0.943375 -0.188219 0.272969 -0.939906 -0.171188 0.29525 -0.972063 -0.150844 0.179688 -0.722531 -0.3405 0.601594 -0.7345 -0.305719 0.605781 -0.973094 -0.0333125 0.227875 -0.971094 -0.141844 0.191813 -0.970625 -0.0085 0.240219 -0.924375 0.344844 0.162844 -0.90425 0.405625 0.132875 -0.791344 0.611313 0.00071875 -0.740125 0.671594 -0.0333438 -0.376781 0.914969 0.144125 -0.705219 0.706375 -0.060125 -0.337469 0.926125 0.168313 0.042125 0.318625 -0.946875 0.065375 0.204563 -0.976625 0.14875 0.168656 -0.974344 0.02675 0.256969 -0.966 -0.0466563 -0.38025 -0.923688 0.051375 0.866125 0.497125 0.0860625 0.859844 0.503219 0.0394063 0.868438 0.494188 0.099 0.857594 0.504656 0.121875 0.85975 0.495906 0.126188 0.860375 0.493719 -0.125844 -0.850875 -0.51 -0.128344 -0.851125 -0.509 -0.127875 -0.847125 -0.515688 -0.12725 -0.847 -0.516094 -0.633625 -0.23725 0.736313 -0.942375 -0.135875 0.305625 -0.600625 -0.449469 0.661219 -0.93475 -0.018625 0.35475 -0.6455 0.484094 0.590688 -0.908188 0.347375 0.233375 -0.841781 0.53825 0.0394063 -0.433469 0.85925 0.2715 0.302219 -0.4495 0.840563 0.268344 -0.31375 0.91075 0.306594 -0.449406 0.839 0.266 -0.293563 0.918125 0.33875 0.377531 0.86175 0.332625 0.325375 0.885125 0.287813 0.774625 0.563094 0.283 0.77625 0.56325 -0.121813 -0.992406 0.014875 0.194125 0.495813 -0.846375 0.21025 0.527438 -0.823125 0.148281 0.66275 -0.733938 0.138 0.666469 -0.732625 -0.101594 -0.46525 0.87925 -0.0995 -0.471094 0.876375 -0.0706875 -0.527125 0.84675 0.131094 -0.942875 0.306031 0.086125 -0.944656 0.316375 0.702156 -0.705094 0.0986563 0.920219 0.38925 0.04 0.203688 0.855156 0.476563 0.918375 0.30925 0.246781 0.1765 0.948844 0.261625 0.748344 -0.662656 0.0280625 0.725094 -0.665875 0.175563 -0.049 -0.9525 0.300375 -0.101625 -0.989375 0.103688 0.724219 -0.687344 0.054875 -0.124344 -0.992219 0.0016875 0.15075 -0.385969 0.910094 0.914844 0.317375 0.2495 0.220406 0.81175 0.54075 -0.627469 0.51125 0.58725 -0.77725 -0.498625 0.383625 -0.701469 0.593125 0.395094 -0.658063 0.51725 0.547125 -0.803688 -0.467594 0.367938 -0.674781 -0.466844 0.5715 0.890375 0.389188 0.235875 0.1205 0.981625 0.147813 0.913063 0.38325 0.139156 0.1165 0.948844 0.293344 0.725 -0.662625 0.1875 0.703875 -0.627469 0.332781 -0.120781 -0.984125 0.129875 -0.121469 -0.989375 0.0795313 0.69575 -0.687344 0.208438 -0.121813 -0.992219 -0.0249375 -0.047375 -0.385969 0.92125 0.840375 0.31725 0.439344 0.099625 0.81175 0.575375 -0.738688 0.511125 0.439344 -0.841375 -0.498594 0.208438 -0.863813 -0.467531 0.1875 -0.83475 -0.4385 0.332781 -0.793219 0.59275 0.139156 -0.769813 0.593 0.235875 0.721625 0.262375 0.640594 0.0819375 0.667719 0.739844 0.0419688 0.34175 0.938781 0.774125 0.458375 0.436375 0.9975 0.046625 -0.0529688 0.97075 0.168625 -0.1705 0.727875 0.056625 -0.68325 0.668688 0.011625 -0.743375 0.01925 0.15925 -0.987 -0.0005 0.0020625 -0.999969 0.102875 0.83825 0.535438 0.703875 0.658 0.2675 0.120125 0.978469 0.167688 0.493625 0.869438 -0.018375 0.851 0.48375 -0.204094 0.954531 0.296344 -0.0309375 0.706469 0.575938 -0.411219 0.132969 0.960625 -0.24375 0.983938 0.0496875 -0.171375 0.119375 0.988563 0.092125 0.835094 0.546 -0.067 0.98825 -0.074625 -0.133281 0.914969 -0.0765625 -0.396125 0.58125 -0.809094 -0.0865625 0.535719 -0.795906 -0.281875 0.967438 -0.09025 -0.236375 0.65075 -0.733813 -0.19475 0.988563 -0.090875 -0.120281 0.836125 -0.507813 -0.207125 0.590625 -0.559781 -0.581094 -0.041625 -0.985844 0.162281 -0.5385 0.768656 0.345094 -0.494625 0.853844 0.162031 0.285094 0.310906 0.906625 -0.00440625 -0.92175 0.387625 0.300875 -0.944531 -0.131313 -0.121 -0.985875 -0.115219 -0.0866563 -0.705938 -0.702906 0.128625 -0.990531 -0.046625 -0.121719 -0.991344 0.0490625 -0.119375 -0.972469 0.200031 -0.107469 -0.875375 0.471281 0.250906 0.955625 0.154031 0.121344 0.988281 -0.092125 0.808625 0.588125 0.0125 0.794125 0.5345 0.289094 0.83975 0.157125 0.519625 0.08 0.651719 0.754219 0.117219 0.954875 0.27275 0.0908125 0.981625 0.167688 -0.80025 0.593125 0.088125 -0.805188 0.592844 -0.0111875 0.0596875 0.948844 0.309938 -0.883625 -0.467594 0.023 -0.876406 -0.481 0.0219375 -0.17225 -0.951375 0.255313 -0.134188 -0.989375 0.0554375 -0.865469 -0.498594 0.047875 -0.115 -0.992219 -0.0472188 -0.218406 -0.385969 0.89625 -0.807594 0.51125 0.293875 -0.0094375 0.81175 0.583875 0.743563 0.317375 0.5885 0.644594 -0.687344 0.334688 0.830719 0.389313 0.397875 0.871 0.383344 0.307094 0.67725 -0.662656 0.3195 0.521875 -0.644625 0.558563 -0.63675 0.429188 0.640531 -0.640844 0.632125 0.4355 -0.957375 0.283781 -0.053375 -0.90025 0.399063 -0.173688 -0.693594 0.229125 -0.682875 -0.645375 0.174313 -0.743688 -0.52375 0.80875 0.2675 -0.2865 0.958063 -0.002875 -0.692031 0.689656 -0.212938 -0.8545 0.518469 -0.0309375 0.125031 0.96875 -0.213875 -0.511844 0.763031 -0.394563 -0.66875 0.741188 0.0576563 -0.986406 0.1415 -0.08275 -0.906 0.082125 -0.415125 0.118875 0.983344 0.137375 -0.7585 -0.643 -0.105625 -0.72275 -0.62125 -0.302625 -0.95725 0.148 -0.248375 -0.807 -0.555 -0.201594 -0.981188 0.150906 -0.120281 -0.934156 -0.290406 -0.207125 -0.193094 -0.973 0.126281 0.704 0.612219 0.359875 0.649 0.735781 0.193094 -0.235344 0.363125 0.9015 -0.0235 0.985594 0.167406 -0.642313 0.766281 0.0125 -0.641219 0.71075 0.289094 -0.776781 0.355625 0.519625 -0.216281 0.0265 0.975906 -0.9415 0.288875 -0.173375 -0.708875 -0.399063 -0.5815 -0.520469 -0.843656 -0.131313 -0.363125 -0.930438 -0.0490625 -0.187906 -0.9595 0.209625 -0.83475 -0.479375 0.270625 -0.76175 0.39825 0.510875 -0.0345 0.702313 0.711 0.61925 0.264875 0.739125 0 -0.110125 0.993875 -0.200438 0.06375 0.977625 0 -0.229969 0.973188 0.0215625 0.132344 0.990906 -0.550031 0.393438 0.736594 -0.605 0.372969 0.703438 -0.729375 0.525594 0.437813 -0.77625 0.422875 0.467469 -0.835125 0.517906 0.185 -0.759469 0.650469 -0.0045 -0.81725 0.205125 0.538469 -0.752125 0.229 0.617844 -0.897219 -0.0220938 0.440969 -0.805469 -0.020375 0.59225 -0.97025 -0.0440938 0.237844 -0.930094 0.241844 0.276375 -0.89425 -0.0615 0.44325 -0.689875 -0.192969 0.697688 -0.785219 0.03125 0.618375 -0.9985 -0.0246875 0.0485625 -0.968594 -0.179375 0.171969 -0.952969 -0.0691875 -0.294969 -0.9725 0.231156 0.0275 -0.93775 -0.18825 -0.291813 -0.773875 0.104125 0.624625 -0.0599063 -0.139625 0.988375 0.00196875 0.0160313 0.999844 0.786844 -0.086125 0.611063 0.672625 -0.206656 0.710469 0.437 -0.319219 0.840875 0.752469 -0.309281 0.581438 0.667313 -0.317031 0.673875 0.821594 -0.415469 0.39025 0.32375 -0.187125 0.927375 -0.006625 -0.263156 0.964719 -0.716375 -0.0365313 0.696688 -0.973813 0.185469 0.131406 -0.695875 0.334969 -0.635188 -0.731875 0.23275 -0.640375 0.0114063 0.332875 -0.942875 0.0164375 0.06425 -0.99775 -0.705875 -0.162188 -0.689438 0.007375 -0.279656 -0.96 0.6645 -0.3025 -0.68325 0.731969 0.06325 -0.678344 -0.664719 -0.147625 -0.732344 -0.021125 -0.219625 -0.975344 -0.0400313 -0.160375 -0.986219 -0.655094 -0.0925 -0.749781 -0.0332813 -0.0199375 -0.999219 -0.57975 0.108875 -0.807406 -0.942219 -0.0775 -0.325781 -0.9245 0.188625 -0.331031 0.655469 -0.180875 -0.733219 0.591375 -0.288188 -0.753125 0.635531 -0.350719 -0.68775 -0.641719 0.187531 -0.743625 -0.862188 0.408844 -0.299 -0.79425 0.541 -0.276469 -0.564344 0.516875 -0.643625 -0.656125 0.435344 -0.616375 -0.1385 0.27675 -0.950875 -0.156875 0.3315 -0.93025 0 0.0871875 -0.996188 0 0.203625 -0.979 0.149625 -0.00434375 -0.988719 -0.17975 -0.0588438 -0.981938 0 -0.168 -0.98575 -0.5355 0.274375 -0.798688 -0.332875 -0.54 -0.773 -0.238625 -0.336844 -0.91075 0.510406 -0.677813 -0.529125 0.704875 -0.46775 -0.533188 0.279625 -0.447188 -0.849563 0.663281 -0.629469 -0.404625 0 -0.82175 -0.56975 0 -0.941625 -0.336563 0 -0.985969 -0.166875 0.868813 -0.4735 -0.144531 0 -0.7155 0.698563 0.68675 -0.361625 0.6305 0.972375 -0.0651563 0.224063 0.700344 -0.139469 0.7 0.425469 -0.1605 0.890594 0.876625 -0.376625 0.299344 0.936469 -0.095375 -0.337438 0.901219 -0.344 -0.263375 0.278125 -0.060625 0.958625 -0.278406 -0.0862188 0.956563 -0.347531 0.123875 0.929375 -0.242625 -0.288875 0.926094 0.9165 -0.371719 -0.147594 0.966156 -0.256719 -0.0237188 0.999969 -0.00203125 0.00015625 0.926188 -0.171719 0.335625 0.741469 0.146125 -0.654844 0.987375 -0.123031 0.099375 0.666969 -0.269688 0.6945 0.9645 -0.26025 0.0435313 0.689 -0.298531 0.660375 0.714344 -0.156906 -0.681938 -0.0454375 -0.328375 0.943438 -0.031375 -0.267375 0.963063 -0.738219 -0.138125 0.660219 -0.998438 -0.0401875 0.038125 -0.725438 0.01275 -0.688125 -0.00271875 -0.011125 -0.999875 -0.0145938 -0.119344 -0.992719 0.721781 -0.213469 -0.65825 -0.722219 -0.0819375 0.68675 -0.0257188 -0.209625 0.977406 -0.752094 -0.032625 -0.658219 -0.999719 -0.0014375 0.0229375 0.680875 -0.254219 0.686813 0.969688 -0.243188 0.022875 0.844063 -0.351094 0.40525 0.121 -0.9855 0.118875 0.381844 -0.301375 0.873625 0.0448125 -0.365156 0.929844 0.266625 -0.9625 0.0496875 0.439469 -0.896 -0.063 0.7725 -0.151 0.61675 0.537875 -0.814875 -0.21575 0.965969 0.0156875 0.258094 -0.335438 -0.683219 -0.648531 -0.437219 -0.785344 -0.438188 -0.77425 0.15 -0.61475 -0.97175 -0.0258438 -0.234375 -0.120875 -0.60325 -0.78825 -0.383938 0.300875 -0.872938 -0.0448125 0.365156 -0.929844 0.073 -0.594625 -0.800625 0.992688 0.120625 0.003125 0.578719 -0.739094 -0.344625 0.847125 0.29125 -0.444313 0.400344 -0.711625 -0.57725 0.486 0.35875 -0.796875 0.240969 -0.719938 -0.650813 -0.324344 -0.942719 0.077625 -0.148281 -0.936625 0.317219 -0.657188 -0.34425 0.6705 -0.969938 -0.183 0.16025 -0.437125 -0.869469 -0.23 -0.31375 -0.38175 0.869375 -0.626813 0.758656 0.177375 -0.523781 0.851 -0.036875 0.335594 0.832375 0.440969 0.2355 0.765125 0.599219 -0.309656 0.9345 -0.175125 -0.12 0.977375 -0.173875 0.0625938 0.699125 0.712219 -0.0783125 0.637875 0.766125 -0.626938 0.6765 0.386313 -0.487875 0.547188 0.68 -0.284219 0.424219 0.85975 0.088125 0.995844 0.0225313 0.218344 0.968375 0.120281 0.3805 0.875125 0.298875 0.120875 -0.984563 0.1265 0.381 -0.29475 0.87625 0.0439375 -0.358125 0.932625 0.266594 -0.962094 0.05725 0.440844 -0.894719 -0.0715313 0.793125 -0.134125 0.594 0.55625 -0.805219 -0.20525 0.96875 0.02275 0.24675 0.990656 0.132969 -0.029125 0.559 -0.747375 -0.358938 0.859438 0.281594 -0.426625 0.43225 -0.68775 -0.583125 0.611125 0.3325 -0.71825 0.26525 -0.736781 -0.621844 -0.313344 -0.945969 0.0831563 -0.182 -0.925563 0.331875 -0.648844 -0.340844 0.68025 -0.965156 -0.188969 0.18075 -0.448938 -0.86875 -0.209 -0.35025 -0.374 0.858688 -0.974094 -0.032375 -0.223625 -0.433344 -0.794719 -0.424875 -0.351125 -0.690063 -0.632813 -0.790719 0.135531 -0.596875 -0.120125 -0.60925 -0.78375 -0.383125 0.294219 -0.875531 -0.0439375 0.358125 -0.932625 0.07375 -0.600719 -0.796 -0.539125 0.841375 -0.0358125 -0.62425 0.759938 0.181063 -0.63725 0.66525 0.388875 -0.476594 0.558875 0.678563 -0.314344 0.413063 0.854688 0.117063 0.992219 0.04225 0.25325 0.96325 0.0892813 0.357844 0.890875 0.279625 0.355594 0.828906 0.431688 0.235313 0.779188 0.580875 0.0619375 0.7045 0.706906 -0.3095 0.933156 -0.182563 -0.119844 0.976031 -0.181375 -0.0790313 0.643625 0.761156 0.325844 -0.867938 0.37475 0.516219 0.063375 0.854094 0.109906 -0.895594 0.431 0.487063 -0.844375 0.223 0.849094 0.105375 0.517563 0.971656 0.1105 0.20875 0.581875 -0.812125 0.0426875 0.987875 0.149625 -0.0413125 0.596156 -0.774063 -0.212969 0.950469 0.134375 -0.280125 -0.3925 -0.881156 -0.263375 -0.472344 -0.88075 0.0338125 -0.367375 -0.873219 0.320125 0.378969 -0.894625 -0.236406 -0.990125 -0.12275 0.0673125 -0.761906 -0.118469 0.636688 -0.300219 -0.75225 0.586438 -0.51175 -0.0920625 0.854125 -0.876125 -0.108375 -0.469656 -0.175625 -0.857719 -0.483094 -0.483375 -0.05925 -0.873375 0.10125 -0.824969 -0.556 -0.594875 0.75925 -0.263844 -0.66925 0.7425 0.025875 -0.577625 0.732 0.361125 0.375313 0.926125 0.037 0.351125 0.922406 -0.1605 0.266813 0.937688 0.2225 -0.464 0.61825 0.634313 0.166875 0.969938 -0.176969 0.106063 0.920969 0.374844 -0.378094 0.78975 -0.483 -0.10125 0.824969 -0.556 -0.109906 0.895594 0.431 0.109969 -0.895594 0.431 0.988688 0.148625 -0.0186563 0.6085 -0.76675 -0.204156 0.964 0.138063 -0.227031 -0.392563 -0.881156 -0.263375 -0.367438 -0.874125 0.317469 0.38725 -0.893938 -0.225531 -0.76475 -0.119094 0.633156 -0.3065 -0.74975 0.586375 -0.518438 -0.092375 0.850094 -0.579938 0.731844 0.357781 0.361969 0.919 -0.155969 -0.472094 0.613625 0.632875 0.167375 0.971469 -0.167969 -0.297563 -0.384844 0.873625 -0.025875 -0.998375 0.0496875 -0.209625 -0.975719 -0.063 -0.713 -0.333438 0.61675 -0.32475 -0.920844 -0.21575 -0.941094 -0.218406 0.258094 0.49075 -0.58175 -0.648531 0.614219 -0.65625 -0.438188 0.714969 0.332875 -0.61475 0.949125 0.21 -0.234375 0.263219 -0.556125 -0.78825 0.29975 0.384813 -0.872938 -0.992375 -0.123094 0.003125 -0.382719 -0.857125 -0.344625 -0.89775 0.0550938 -0.437 -0.24225 -0.7975 -0.552469 -0.583438 0.253 -0.771719 0.634469 -0.737875 -0.23 0.526375 -0.846219 0.0824063 0.985375 0.0570625 0.16025 0.722438 -0.180719 0.667344 0.34475 -0.883625 0.316656 0.399094 -0.300625 0.866188 -0.117125 -0.75175 -0.648875 0.424625 0.88775 0.177375 0.302375 0.952438 -0.036875 -0.527 0.726469 0.440969 -0.413594 0.685375 0.599219 0.0744063 0.981656 -0.175156 -0.229875 0.663219 0.712219 0.444625 0.808094 0.386313 0.359531 0.649719 0.669719 0.20525 0.473875 0.856313 -0.277625 0.959875 0.038125 -0.429781 0.897625 0.09725 -0.580875 0.757031 0.298875 -0.298375 -0.378188 0.87625 -0.025875 -0.998 0.05725 -0.21125 -0.97475 -0.0715313 -0.737125 -0.322031 0.594 -0.344875 -0.915875 -0.20525 -0.9455 -0.21225 0.24675 -0.993375 -0.110594 -0.029125 -0.361594 -0.860438 -0.358938 -0.899688 0.0488125 -0.433719 -0.272844 -0.783813 -0.55775 -0.6765 0.213875 -0.704625 -0.141188 -0.768969 -0.623469 0.512 -0.854094 0.09125 0.366469 -0.869625 0.33075 0.71075 -0.181531 0.679563 0.982219 0.050125 0.18075 0.64575 -0.734281 -0.209 0.425938 -0.28625 0.85825 0.953 0.204156 -0.223625 0.61275 -0.66625 -0.424875 0.507625 -0.584625 -0.632813 0.734438 0.322844 -0.596875 0.263969 -0.562094 -0.78375 0.300563 0.378188 -0.875531 0.319594 0.946844 -0.0358125 0.421844 0.888375 0.181063 0.457375 0.799688 0.388875 0.347531 0.656563 0.669375 0.23325 0.472094 0.850094 -0.290719 0.955344 0.0524063 -0.455 0.888219 0.0635 -0.56275 0.777844 0.279625 -0.545594 0.71825 0.431688 -0.416813 0.699094 0.580875 -0.230531 0.668625 0.706906 0.0745625 0.980344 -0.182563 -0.106188 -0.921 0.37475 -0.516219 -0.063375 0.854094 -0.268313 -0.937125 0.223 -0.849375 -0.103125 0.517563 -0.969531 -0.127813 0.20875 -0.368125 -0.92875 0.0426875 -0.98925 -0.104375 -0.102125 -0.3785 -0.904594 -0.195969 -0.908375 -0.0399688 -0.416219 0.594063 -0.76 -0.263375 0.671375 -0.740313 0.0338125 0.538813 -0.770844 0.33975 -0.22875 -0.939344 -0.255406 0.990438 0.120375 0.0673125 0.763344 0.0586875 0.643313 0.423844 -0.683438 0.594281 0.50675 0.0245625 0.861656 0.876281 0.10675 -0.469656 0.377969 -0.78975 -0.483094 0.483375 0.0594063 -0.873375 0.3935 0.880625 -0.263844 0.46975 0.882375 0.025875 0.409 0.841344 0.35325 -0.588219 0.807844 0.037 -0.52275 0.827875 -0.203156 -0.48575 0.84525 0.222469 0.322906 0.709 0.626844 -0.303 0.931469 -0.20125 -0.325719 0.867969 0.374844 0.17575 0.85775 -0.483 -0.986781 -0.104656 -0.123219 -0.369594 -0.9075 -0.199469 -0.88775 -0.0357188 -0.458875 0.537125 -0.770719 0.342625 -0.225594 -0.937719 -0.264031 0.760813 0.0582188 0.646281 0.417 -0.687125 0.594875 0.500844 0.0240938 0.865125 0.408406 0.840625 0.355594 -0.512594 0.832969 -0.20825 -0.48575 0.84525 0.2225 0.317313 0.71125 0.627125 -0.297625 0.931531 -0.208656 -0.90575 -0.383188 0.180906 -0.870188 -0.410188 0.272875 -0.870656 -0.393219 0.295281 -0.907375 -0.380094 0.179344 -0.618438 -0.505219 0.601844 -0.638375 -0.474469 0.606031 0.06825 -0.552281 0.830813 0.0701875 -0.568094 0.819938 -0.936 -0.26825 0.22775 -0.907625 -0.373594 0.191094 -0.939625 -0.243563 0.240125 -0.980375 0.110969 0.162844 -0.975563 0.174781 0.132875 -0.91575 0.401719 0.00071875 -0.877844 0.478219 -0.025125 -0.577438 0.801344 0.156 -0.852375 0.5205 -0.0498438 -0.542875 0.820813 0.177375 -0.115031 0.93725 0.328938 -0.036125 0.319344 -0.946938 0.013875 0.21425 -0.976625 0.103531 0.199469 -0.974375 -0.0413125 0.33675 -0.940625 -0.0278125 0.226625 -0.973531 -0.036125 0.255875 -0.966 -0.0300625 0.245281 -0.968969 0.021 -0.171219 -0.985 0.0243125 -0.198406 -0.97975 0.0466875 -0.38025 -0.923688 -0.1245 0.855125 0.503156 -0.159625 0.852875 0.497094 -0.111344 0.856031 0.504656 -0.171813 0.852219 0.494094 -0.08975 0.863688 0.495875 -0.0857188 0.865375 0.493719 -0.1055 0.859469 0.500125 -0.105375 0.858156 0.502344 -0.08675 0.706875 -0.701906 -0.763625 0.556469 -0.32725 -0.774625 0.55225 -0.307969 0.603 0.73425 -0.311625 0.618375 0.723125 -0.307594 0.58 0.74875 -0.320781 -0.786875 0.5725 -0.230125 -0.106094 0.924438 0.366219 -0.919813 0.00521875 0.39225 -0.920125 0.0310938 0.390281 -0.878 0.0614688 0.474594 -0.762125 0.0278125 0.646781 -0.6965 -0.081875 0.712781 -0.0155625 0.0851875 0.996219 0.0100625 -0.07625 0.997 -0.669375 -0.131938 0.731031 -0.481375 -0.159375 0.861844 0.695625 0.0890938 0.712781 0.681875 0.033375 0.730625 0.891375 0.2265 0.392469 0.882375 0.266031 0.388063 0.506969 -0.0379688 0.861125 0.729406 0.210469 0.650813 0.862188 0.327688 0.38625 0.104594 -0.851844 -0.513219 0.083875 -0.855969 -0.510125 0.0815 -0.85675 -0.509125 0.104438 -0.850594 -0.51525 0.0809688 -0.852875 -0.51575 0.0815625 -0.852531 -0.516125 -0.544219 -0.386969 0.744344 -0.874781 -0.373625 0.308344 -0.477594 -0.589375 0.6515 -0.89075 -0.249844 0.379594 0.0730625 -0.594469 0.80075 0.0453125 -0.369 0.92825 -0.731188 0.317813 0.603594 -0.958531 0.128063 0.254375 -0.058 0.472375 0.879469 -0.93875 0.339656 0.0575625 -0.617531 0.734688 0.280688 -0.109625 0.892906 0.436594 0.399625 -0.363625 0.841375 0.336125 -0.239625 0.91075 0.403719 -0.362563 0.839938 0.329125 -0.2205 0.918125 0.237344 0.448281 0.86175 0.244 0.396219 0.885125 0.0918125 0.82125 0.563094 0.0868125 0.821625 0.56325 0.121844 -0.992375 0.014875 -0.0504375 0.410875 -0.91025 0.0690313 0.524125 -0.848813 0.0766875 0.55725 -0.82675 -0.0169375 0.677281 -0.735469 -0.0274688 0.678625 -0.733938 0.0139375 -0.474969 0.879875 0.0547188 -0.44575 0.893469 0.0174688 -0.479813 0.877125 0.059125 -0.5285 0.846844 0.0650625 -0.529969 0.8455 0.113969 -0.928344 0.353719 0.350625 -0.884125 0.308625 0.308875 -0.896219 0.318281 0.832094 -0.542063 0.11725 0.943375 -0.188219 0.272969 0.971375 -0.153625 0.181 0.939906 -0.171125 0.29525 0.972063 -0.150844 0.179688 0.722531 -0.3405 0.601594 0.7345 -0.305719 0.605781 0.973094 -0.0333125 0.227875 0.971094 -0.141844 0.191813 0.970625 -0.0085 0.240219 0.924375 0.344844 0.162844 0.90425 0.405625 0.132875 0.791344 0.611313 0.00071875 0.740125 0.671594 -0.0333438 0.376781 0.914969 0.144125 0.705219 0.706375 -0.060125 0.337469 0.926125 0.168313 -0.065375 0.204563 -0.976625 -0.042125 0.318625 -0.946875 -0.14875 0.168656 -0.974344 -0.02675 0.256969 -0.966 0.0466563 -0.38025 -0.923688 -0.0860625 0.859844 0.503219 -0.051375 0.866125 0.497125 -0.0394063 0.868438 0.494188 -0.099 0.857594 0.504656 -0.121875 0.85975 0.495906 -0.126188 0.860375 0.493719 0.125844 -0.850875 -0.51 0.128344 -0.851125 -0.509 0.127875 -0.847125 -0.515688 0.12725 -0.847 -0.516094 0.942375 -0.135875 0.305625 0.633625 -0.23725 0.736313 0.600625 -0.449469 0.661219 0.93475 -0.018625 0.35475 0.6455 0.484094 0.590688 0.908188 0.347375 0.233375 0.841781 0.53825 0.0394063 0.433469 0.85925 0.2715 -0.302219 -0.4495 0.840563 -0.268344 -0.31375 0.91075 -0.266 -0.293563 0.918125 -0.33875 0.377531 0.86175 -0.332625 0.325375 0.885125 -0.287813 0.774625 0.563094 -0.306594 -0.449406 0.839 -0.283 0.77625 0.56325 0.121813 -0.992406 0.014875 -0.194125 0.495813 -0.846375 -0.21025 0.527438 -0.823125 -0.148281 0.66275 -0.733938 -0.138 0.666469 -0.732625 0.101594 -0.46525 0.87925 0.0995 -0.471094 0.876375 0.0706875 -0.527125 0.84675 -0.131094 -0.942875 0.306031 -0.086125 -0.944656 0.316375 -0.702156 -0.705094 0.0986563 -0.149344 0.981625 0.118594 -0.920219 0.38925 0.04 -0.921625 0.383344 -0.05925 -0.176563 0.948844 0.261625 -0.748344 -0.662656 0.0280625 -0.738125 -0.674 0.0278125 0.0902188 -0.984125 0.15275 0.101625 -0.989375 0.103688 -0.724219 -0.687344 0.054875 0.124344 -0.992219 0.0016875 -0.15075 -0.385969 0.910094 -0.914844 0.317375 0.2495 -0.220406 0.81175 0.54075 0.627469 0.51125 0.58725 0.77725 -0.498625 0.383625 0.701469 0.593125 0.395094 0.745 0.592844 0.305625 0.803688 -0.467594 0.367938 0.674781 -0.466844 0.5715 -0.1205 0.981625 0.147813 -0.890375 0.389188 0.235875 -0.913063 0.38325 0.139156 -0.1165 0.948844 0.293344 -0.725 -0.662625 0.1875 -0.703875 -0.627469 0.332781 0.120781 -0.984125 0.129875 0.121469 -0.989375 0.0795313 -0.69575 -0.687344 0.208438 0.121813 -0.992219 -0.0249375 0.047375 -0.385969 0.92125 -0.840375 0.31725 0.439344 -0.099625 0.81175 0.575375 0.738688 0.511125 0.439344 0.841375 -0.498594 0.208438 0.863813 -0.467531 0.1875 0.83475 -0.4385 0.332781 0.793219 0.59275 0.139156 0.769813 0.593 0.235875 -0.721625 0.262375 0.640594 -0.0819375 0.667719 0.739844 -0.774125 0.458375 0.436375 -0.0419688 0.34175 0.938781 -0.9975 0.046625 -0.0529688 -0.97075 0.168625 -0.1705 -0.727875 0.056625 -0.68325 -0.668688 0.011625 -0.743375 -0.01925 0.15925 -0.987 0.0005 0.0020625 -0.999969 -0.102875 0.83825 0.535438 -0.703875 0.658 0.2675 -0.120125 0.978469 0.167688 -0.493625 0.869438 -0.018375 -0.851 0.48375 -0.204094 -0.954531 0.296344 -0.0309375 -0.706469 0.575938 -0.411219 -0.132969 0.960625 -0.24375 -0.119375 0.988563 0.092125 -0.835094 0.546 -0.067 -0.98825 -0.074625 -0.133281 -0.914969 -0.0765625 -0.396125 -0.58125 -0.809094 -0.0865625 -0.535719 -0.795906 -0.281875 -0.967438 -0.09025 -0.236375 -0.65075 -0.733813 -0.19475 -0.988563 -0.090875 -0.120281 -0.836125 -0.507813 -0.207125 0.041625 -0.985844 0.162281 0.5385 0.768656 0.345094 0.494625 0.853844 0.162031 -0.285094 0.310906 0.906625 -0.250906 0.955625 0.154031 -0.850875 0.228469 0.473 -0.706344 -0.651375 0.277 -0.146094 -0.911375 0.384688 0.553156 0.428906 0.714094 -0.223125 0.705344 0.67275 -0.226625 -0.0275 0.973531 -0.121344 0.988281 -0.092125 -0.808625 0.588125 0.0125 -0.794125 0.5345 0.289094 -0.83975 0.157125 0.519625 -0.08 0.651719 0.754219 -0.117219 0.954875 0.27275 -0.983938 0.0496875 -0.171375 -0.590625 -0.559781 -0.581094 0.0866563 -0.705938 -0.702906 -0.300875 -0.944531 -0.131313 0.121 -0.985875 -0.115219 -0.128625 -0.990531 -0.046625 0.121719 -0.991344 0.0490625 0.0498438 -0.974625 0.218125 0.119375 -0.972469 0.200031 0.107469 -0.875375 0.471281 0.166438 -0.867063 0.4695 0.80025 0.593125 0.088125 -0.0908125 0.981625 0.167688 0.805188 0.592844 -0.0111875 -0.0596875 0.948844 0.309938 0.883625 -0.467594 0.023 0.876406 -0.481 0.0219375 0.142906 -0.984125 0.105094 0.134188 -0.989375 0.0554375 0.865469 -0.498594 0.047875 0.115 -0.992219 -0.0472188 0.218406 -0.385969 0.89625 0.807594 0.51125 0.293875 0.0094375 0.81175 0.583875 -0.743563 0.317375 0.5885 -0.644594 -0.687344 0.334688 -0.830719 0.389313 0.397875 -0.871 0.383344 0.307094 -0.67725 -0.662656 0.3195 -0.668 -0.674 0.31525 0.63675 0.429188 0.640531 0.640844 0.632125 0.4355 0.957375 0.283781 -0.053375 0.90025 0.399063 -0.173688 0.693594 0.229125 -0.682875 0.645375 0.174313 -0.743688 0.52375 0.80875 0.2675 0.2865 0.958063 -0.002875 0.692031 0.689656 -0.212938 0.8545 0.518469 -0.0309375 -0.125031 0.96875 -0.213875 0.511844 0.763031 -0.394563 0.9415 0.288875 -0.173375 0.66875 0.741188 0.0576563 0.986406 0.1415 -0.08275 0.906 0.082125 -0.415125 -0.118875 0.983344 0.137375 0.7585 -0.643 -0.105625 0.72275 -0.62125 -0.302625 0.95725 0.148 -0.248375 0.807 -0.555 -0.201594 0.981188 0.150906 -0.120281 0.934156 -0.290406 -0.207125 0.708875 -0.399063 -0.5815 0.193094 -0.973 0.126281 -0.704 0.612219 0.359875 -0.649 0.735781 0.193094 0.235344 0.363125 0.9015 0.0235 0.985594 0.167406 0.642313 0.766281 0.0125 0.641219 0.71075 0.289094 0.776781 0.355625 0.519625 0.220406 -0.890125 0.39875 0.520469 -0.843656 -0.131313 0.363125 -0.930438 -0.0490625 0.0490625 -0.898781 0.435531 0.0342813 -0.904938 0.424094 0.350188 -0.869656 0.347813 0.83475 -0.479375 0.270625 0.76175 0.39825 0.510875 0.0345 0.702313 0.711 -0.61925 0.264875 0.739125 -0.713219 -0.0735938 0.697 0.200438 0.06375 0.977625 -0.0215625 0.132344 0.990906 0.550031 0.393438 0.736594 0.605 0.372969 0.703438 0.729375 0.525594 0.437813 0.77625 0.422875 0.467469 0.835125 0.517906 0.185 0.759469 0.650469 -0.0045 0.81725 0.205125 0.538469 0.752125 0.229 0.617844 0.897219 -0.0220938 0.440969 0.805469 -0.020375 0.59225 0.97025 -0.0440938 0.237844 0.930094 0.241844 0.276375 0.89425 -0.0615 0.44325 0.689875 -0.192969 0.697688 0.785219 0.03125 0.618375 0.9985 -0.0246875 0.0485625 0.968594 -0.179375 0.171969 0.952969 -0.0691875 -0.294969 0.9725 0.231156 0.0275 0.93775 -0.18825 -0.291813 0.773875 0.104125 0.624625 0.0599063 -0.139625 0.988375 -0.00196875 0.0160313 0.999844 -0.786844 -0.086125 0.611063 -0.672625 -0.206656 0.710469 -0.437 -0.319219 0.840875 -0.752469 -0.309281 0.581438 -0.667313 -0.317031 0.673875 -0.821594 -0.415469 0.39025 -0.32375 -0.187125 0.927375 0.006625 -0.263156 0.964719 0.716375 -0.0365313 0.696688 0.973813 0.185469 0.131406 0.695875 0.334969 -0.635188 0.731875 0.23275 -0.640375 -0.0114063 0.332875 -0.942875 -0.0164375 0.06425 -0.99775 0.705875 -0.162188 -0.689438 -0.007375 -0.279656 -0.96 -0.6645 -0.3025 -0.68325 -0.731969 0.06325 -0.678344 0.664719 -0.147625 -0.732344 0.021125 -0.219625 -0.975344 0.0400313 -0.160375 -0.986219 0.655094 -0.0925 -0.749781 0.0332813 -0.0199375 -0.999219 0.57975 0.108875 -0.807406 0.942219 -0.0775 -0.325781 0.9245 0.188625 -0.331031 -0.655469 -0.180875 -0.733219 -0.591375 -0.288188 -0.753125 -0.635531 -0.350719 -0.68775 0.641719 0.187531 -0.743625 0.862188 0.408844 -0.299 0.79425 0.541 -0.276469 0.564344 0.516875 -0.643625 0.656125 0.435344 -0.616375 0.1385 0.27675 -0.950875 0.156875 0.3315 -0.93025 -0.149625 -0.00434375 -0.988719 0.17975 -0.0588438 -0.981938 0.5355 0.274375 -0.798688 0.332875 -0.54 -0.773 0.238625 -0.336844 -0.91075 -0.510406 -0.677813 -0.529125 -0.704875 -0.46775 -0.533188 -0.279625 -0.447188 -0.849563 -0.663281 -0.629469 -0.404625 -0.868813 -0.4735 -0.144531 -0.68675 -0.361625 0.6305 -0.972375 -0.0651563 0.224063 -0.700344 -0.139469 0.7 -0.425469 -0.1605 0.890594 -0.876625 -0.376625 0.299344 -0.936469 -0.095375 -0.337438 -0.901219 -0.344 -0.263375 -0.278125 -0.060625 0.958625 0.278406 -0.0862188 0.956563 0.347531 0.123875 0.929375 0.242625 -0.288875 0.926094 -0.9165 -0.371719 -0.147594 -0.966156 -0.256719 -0.0237188 -0.999969 -0.00203125 0.00015625 -0.926188 -0.171719 0.335625 -0.741469 0.146125 -0.654844 -0.987375 -0.123031 0.099375 -0.666969 -0.269688 0.6945 -0.9645 -0.26025 0.0435313 -0.689 -0.298531 0.660375 -0.714344 -0.156906 -0.681938 0.0454375 -0.328375 0.943438 0.031375 -0.267375 0.963063 0.738219 -0.138125 0.660219 0.998438 -0.0401875 0.038125 0.725438 0.01275 -0.688125 0.00271875 -0.011125 -0.999875 0.0145938 -0.119344 -0.992719 -0.721781 -0.213469 -0.65825 0.722219 -0.0819375 0.68675 0.0257188 -0.209625 0.977406 0.752094 -0.032625 -0.658219 0.999719 -0.0014375 0.0229375 -0.680875 -0.254219 0.686813 -0.969688 -0.243188 0.022875 -0.844063 -0.351094 0.40525 0 -0.044 -0.999 0 0.52225 -0.85275 -0.223813 0.0279375 -0.974219 -0.462156 0.696719 -0.548563 -0.200438 -0.104313 -0.974125 0 -0.5415 -0.840625 -0.429219 0.810844 -0.397781 -0.700219 0.70775 0.0933125 -0.458 0.87975 0.127188 -0.309063 0.761875 0.569125 -0.903094 -0.0772813 -0.422375 -0.415031 0.610375 0.674625 -0.126438 0.675125 0.726719 -0.304281 0.474344 0.826 -0.68 0.6 0.42125 -0.816219 0.124344 0.564125 -0.827906 0.55575 0.0747188 -0.829969 0.524406 -0.189875 -0.998281 -0.056875 0.0108438 -0.675469 0.15475 -0.720906 0 0.482469 -0.875875 -0.651219 0.571281 -0.499469 -0.929156 0.366375 0.04825 -0.65525 0.108656 0.7475 0 0.34725 0.93775 0 0.0531875 0.998563 0 -0.280375 0.959875 -0.68925 -0.118875 0.714625 -0.980563 0.195125 -0.0195625 -0.701844 0.40175 -0.588188 0 0.385969 -0.9225 0.220375 -0.943875 -0.245906 0 -0.967656 -0.252125 -0.995469 -0.0946563 0.0066875 -0.756531 -0.2635 0.598406 -0.755594 -0.0473125 0.653313 -0.930844 -0.359594 -0.06475 -0.544563 -0.221188 0.809 -0.477 -0.0705 0.876 -0.705469 -0.448563 0.548688 -0.807969 -0.589125 0.0080625 -0.737344 -0.46775 -0.487281 -0.638875 -0.670375 -0.377344 -0.909375 -0.413656 0.04275 -0.754313 -0.30325 0.582219 -0.54925 -0.308313 0.776625 -0.454844 -0.549094 0.701094 -0.755594 -0.498031 -0.425375 -0.999031 -0.0333125 -0.0265 -0.980313 -0.132813 -0.145875 -0.848531 -0.153406 -0.50625 -0.566344 -0.0886875 0.819375 -0.642594 -0.069 0.763031 -0.964844 -0.05825 0.25625 -0.920094 0.0646875 0.38625 -0.820375 -0.149844 -0.55175 -0.984563 0.0632813 0.163 -0.384156 0.235406 0.892656 -0.254875 0.58575 0.769313 0.0333125 0.738594 0.67325 0 0.684625 0.728844 0 0.718969 0.695 -0.784688 0.132625 -0.6055 -0.401719 -0.451 -0.796969 -0.435688 -0.55675 -0.707156 -0.201844 -0.385625 -0.90025 -0.230125 -0.2615 -0.937344 -0.124875 -0.270875 -0.954469 0 -0.091375 -0.995781 -0.136719 0.132625 -0.981625 0 0.111344 -0.99375 0 0.220375 -0.975375 0 -0.316875 -0.948438 -0.357344 -0.429781 -0.829125 0 -0.339094 -0.940719 -0.790375 -0.11975 -0.60075 -0.7525 -0.201094 -0.627125 -0.338969 -0.32625 -0.882375 -0.07875 -0.281969 -0.956125 -0.394625 -0.229281 -0.889719 -0.180438 -0.4455 -0.876875 -0.630625 -0.237625 -0.73875 -0.470125 -0.406469 -0.783375 0.223813 0.0279375 -0.974219 0.462156 0.696719 -0.548563 0.200438 -0.104313 -0.974125 0.429219 0.810844 -0.397781 0.700219 0.70775 0.0933125 0.458 0.87975 0.127188 0.309063 0.761875 0.569125 0.903094 -0.0772813 -0.422375 0.415031 0.610375 0.674625 0.126438 0.675125 0.726719 0.304281 0.474344 0.826 0.68 0.6 0.42125 0.816219 0.124344 0.564125 0.827906 0.55575 0.0747188 0.953875 0.2865 0.089125 0.829969 0.524406 -0.189875 0.998281 -0.056875 0.0108438 0.675469 0.15475 -0.720906 0.651219 0.571281 -0.499469 0.929156 0.366375 0.04825 0.65525 0.108656 0.7475 0.980563 0.195125 -0.0195625 0.68925 -0.118875 0.714625 0.701844 0.40175 -0.588188 -0.220375 -0.943875 -0.245906 0.756531 -0.2635 0.598406 0.995469 -0.0946563 0.0066875 0.755594 -0.0473125 0.653313 0.930844 -0.359594 -0.06475 0.544563 -0.221188 0.809 0.477 -0.0705 0.876 0.705469 -0.448563 0.548688 0.807969 -0.589125 0.0080625 0.73675 -0.464375 -0.491375 0.634875 -0.672875 -0.379531 0.909375 -0.413656 0.04275 0.754313 -0.30325 0.582219 0.54925 -0.308313 0.776625 0.454844 -0.549094 0.701094 0.755594 -0.498031 -0.425375 0.999031 -0.0333125 -0.0265 0.980313 -0.132813 -0.145875 0.848531 -0.153406 -0.50625 0.566344 -0.0886875 0.819375 0.642594 -0.069 0.763031 0.964844 -0.05825 0.25625 0.920094 0.0646875 0.38625 0.820375 -0.149844 -0.55175 0.984563 0.0632813 0.163 0.384156 0.235406 0.892656 0.254875 0.58575 0.769313 0.099 0.6875 0.719344 -0.0848125 0.73575 0.671875 0.784688 0.132625 -0.6055 0.401719 -0.451 -0.796969 0.434938 -0.565344 -0.700813 0.201844 -0.385625 -0.90025 0.230125 -0.2615 -0.937344 0.124875 -0.270875 -0.954469 0.136719 0.132625 -0.981625 0.360281 -0.429375 -0.828094 0.790375 -0.11975 -0.60075 0.7525 -0.201094 -0.627125 0.07875 -0.281969 -0.956125 0.338969 -0.32625 -0.882375 0.394625 -0.229281 -0.889719 0.180438 -0.4455 -0.876875 0.630625 -0.237625 -0.73875 0.470125 -0.406469 -0.783375 0 0.199 -0.979969 -0.359406 -0.041625 -0.932219 -0.369219 -0.0946875 -0.924469 0 0.251219 -0.967875 0.359406 -0.041625 -0.932219 0.369219 -0.0946875 -0.924469 0.0868125 0.633563 0.76875 -0.243938 0.838375 -0.487344 -0.257125 -0.0396875 -0.9655 0.0131875 0.878125 0.478188 -0.0131875 -0.878125 -0.478188 0.257125 0.0396875 0.9655 0.243938 -0.838375 0.487344 -0.957125 -0.12725 0.260125 0.74075 0 -0.67175 0 0.999969 -0 -0.06975 0.816469 -0.573094 0.992625 0 -0.120781 -0.06975 -0.816469 -0.573094 0 -0.999969 -0 -0.88025 0 -0.474469 -0.992625 0 0.120781 0.11675 0 0.993125 0.120781 -0.00403125 0.992625 0.120781 0.00403125 0.992625 0.124844 0 0.992125 0 -1 -0 0 1 -0 0.257125 -0.0396875 -0.9655 0.243938 0.838375 -0.487344 -0.0131875 0.878125 0.478188 0.0131875 -0.878125 -0.478188 -0.257125 0.0396875 0.9655 -0.243938 -0.838375 0.487344 0.957125 -0.12725 0.260125 -0.74075 0 -0.67175 0.06975 0.816469 -0.573094 -0.992625 0 -0.120781 0.06975 -0.816469 -0.573094 0.88025 0 -0.474469 0.992625 0 0.120781 -0.120781 -0.00403125 0.992625 -0.11675 0 0.993125 -0.120781 0.00403125 0.992625 -0.124844 0 0.992125 -0.922813 -0.385219 -0 -0.324406 -0.0966875 0.940938 -0.922875 -0.385 -0 -0.350625 -0.0892188 0.932219 -0.324406 -0.0966875 -0.940938 -0.350625 -0.0892188 -0.932219 0.02475 0.202875 -0.978875 0.0183438 0.2195 -0.975375 0.393625 0.91925 -0 0.396844 0.917875 -0 0.02475 0.202875 0.978875 0.0183438 0.2195 0.975375 0.141875 0.362375 0.921125 0.475094 0.879875 -0 0.141875 0.362375 -0.921125 -0.587031 -0.253625 -0.76875 -0.89725 -0.441438 -0 -0.587031 -0.253625 0.76875 -0.692 0.721844 -0 -0.0634375 0.345781 -0.936125 -0.245594 0.346719 -0.905219 -0.0805 0.346375 -0.934594 0.0634375 0.345781 -0.936125 0.0805 0.346375 -0.934594 0.245594 0.346719 -0.905219 -0.251875 0.219375 -0.9425 -0.596375 0.228844 -0.769375 0.596375 0.228844 -0.769375 -0.323656 -0.0115625 -0.946063 -0.300125 0.00075 -0.953875 -0.166125 -0.0900625 -0.981969 -0.455 -0.0451563 -0.889313 -0.187281 -0.11 -0.976094 0.187281 -0.11 -0.976094 0.166125 -0.0900625 -0.981969 0.455 -0.0451563 -0.889313 0.323656 -0.0115625 -0.946063 0.300125 0.00075 -0.953875 0.088125 -0.996094 0.0003125 0.8925 -0.450875 0.0004375 0.94025 -0.340344 0.0004375 0.850375 -0.526094 -0.000875 -0.643219 -0.765625 -0 -0.619875 -0.784625 -0 0.971219 -0.238125 -0 0.94025 -0.340344 -0.0004375 0.776625 -0.629938 -6.25e-005 0.850375 -0.526094 0.000875 -0.239125 0.07675 -0.967875 -0.308406 0.206 -0.928625 -0.256375 0.01825 -0.966375 -0.44225 0.272781 -0.854375 -0.191594 0.19675 -0.9615 -0.283094 0.14225 -0.948469 -0.658125 0.752844 6.25e-005 -0.782719 0.622281 -0.0001875 -0.590031 0.807344 -6.25e-005 -0.308625 0.206094 0.928563 -0.4425 0.272844 0.854219 -0.239375 0.0768125 0.967844 -0.256625 0.018375 0.966313 -0.191875 0.196719 0.961469 -0.283094 0.14225 0.948469 0.123875 -0.031375 -0.99175 0.989719 -0.1415 0.0207813 0.953719 -0.299781 0.022125 0.764 -0.644188 -0.0354375 0.984625 -0.174531 -0 0.989875 -0.1415 -0 0.986375 -0.163719 -0.0141875 0.925719 -0.377813 -0.01525 0.967469 -0.2525 -0.0146875 0.884531 -0.465375 -0.0299063 -0.743281 0.66875 -0.0123438 -0.26575 0.2545 -0.929781 -0.3355 0.252531 -0.9075 -0.573 0.8195 0.00296875 -0.275438 0.259688 0.925563 -0.314125 0.2835 0.906 -0.251938 0.0757188 0.96475 -0.167781 0.207875 0.963625 -0.686344 0.69025 -0.229 -0.259875 0.096125 -0.960813 0.306625 -0.37225 -0.876 0.353625 -0.656219 0.666531 -0.260688 -0.003875 0.965375 -0.228125 0.0404375 -0.97275 -0.55275 -0.833313 -0 -0.55275 -0.833313 0.0001875 -0.550188 -0.829375 0.0966875 -0.550188 -0.829406 -0.0962813 0.995844 0.03575 -0.0834688 0.946125 -0.293156 0.137375 0.777313 -0.619906 -0.106875 0.725719 -0.68525 -0.0610938 0.734219 -0.678844 -0.0061875 0.728875 -0.684563 -0 0.999969 -0.00325 -0 0.844281 0.164125 0.51 0.994031 0.108719 3.125e-005 0.942375 0.112469 0.314875 0.836 0.210094 0.506813 0.903125 -0.0886875 0.419969 0.859125 -0.345406 0.377469 0.09225 -0.520969 0.848531 0.36025 -0.121563 0.924875 0.990219 0.0873438 0.108719 0.990438 0.13775 0.00115625 0.989719 -0.1415 -0.0207813 0.126844 -0.0335938 0.991344 0.953719 -0.299781 -0.022125 0.764 -0.644188 0.0354375 -0.27275 0.249938 0.929 -0.332219 0.25275 0.908656 -0.225438 0.0399688 0.973375 0.305375 -0.364469 0.879656 -0.243188 0.103125 0.964469 -0.67175 0.694125 0.2585 -0.743 0.668688 0.0276875 -0.320875 0.2915 -0.901094 -0.2745 0.272063 -0.92225 -0.250688 0.075875 -0.965031 -0.259031 -0.00415625 -0.965844 -0.572688 0.819625 -0.0124063 -0.167531 0.20775 -0.963656 0.353625 -0.656219 -0.666531 0.154344 -0.987938 0.011875 0.925719 -0.377813 0.01525 0.967469 -0.2525 0.0146875 0.884531 -0.465375 0.0299063 -0.624875 -0.77875 0.0549375 -0.620844 -0.783875 -0 -0.627031 -0.778938 0.00021875 -0.624875 -0.77875 -0.0545625 -0.62025 -0.784344 -0 0.995844 0.03575 0.0834688 0.725719 -0.68525 0.0610938 0.777313 -0.619906 0.106875 0.946125 -0.293156 -0.137375 0.734219 -0.678844 0.0061875 0.844281 0.164125 -0.51 0.835469 0.211875 -0.506969 0.938469 0.108031 -0.327938 0.990625 0.0830625 -0.108375 0.903125 -0.0886875 -0.419969 0.859125 -0.345406 -0.377469 0.573469 -0.666844 -0.475844 0.745625 -0.423281 -0.5145 0.838094 -0.545469 -0 -0.643 -0.765813 -0 -0.643344 -0.7655 -0 -0.618375 -0.785844 -0 0.646031 0.76325 -0 0.64425 0.764813 -0 0.632844 0.77425 -0 0.859094 -0.506063 0.0763438 0.859094 -0.506063 -0.0763438 -0.933969 -0.301875 -0.191094 -0.9385 -0.334094 -0.0865313 -0.986781 -0.161781 -0 -0.928219 -0.268875 -0.257 -0.820875 0.046875 -0.569125 -0.9505 0.0186875 -0.31 -0.71325 0.2145 -0.667219 -0.42025 0.0795625 -0.903875 -0.310313 0.177969 -0.933781 0.469094 -0.358719 -0.807 0.429875 -0.405031 -0.806875 -0.584844 0.31875 -0.745844 -0.516031 0.041625 -0.8555 0.3745 -0.43175 -0.8205 -0.427844 -0.0316875 -0.90325 -0.885125 0.268469 -0.38 -0.996719 0.08075 -0 -0.962438 0.271469 -0 -0.796719 0.354875 -0.489094 -0.927375 0.374094 -0 0.82825 -0.552 -0.096 0.832 -0.546375 -0.0954375 0.686 -0.719281 -0.10925 -0.708 0.397594 -0.583594 -0.903125 0.42925 -0 0.0419375 0.999094 -0 -0.438844 0.38675 -0.811 0.21125 0.627875 -0.749 0.3815 0.54075 -0.749625 -0.15725 0.332125 -0.93 0.486 0.557469 -0.673063 0.739219 0.09625 -0.6665 0.521344 -0.26825 -0.810063 -0.9385 -0.334094 0.0865313 -0.933969 -0.301875 0.191094 -0.928219 -0.268875 0.257 -0.820875 0.046875 0.569125 -0.9505 0.0186875 0.31 -0.71325 0.2145 0.667219 -0.42025 0.0795625 0.903875 -0.310313 0.177969 0.933781 0.469094 -0.358719 0.807 0.429875 -0.405031 0.806875 -0.584844 0.31875 0.745844 -0.516031 0.041625 0.8555 0.3745 -0.43175 0.8205 -0.427844 -0.0316875 0.90325 -0.885125 0.268469 0.38 -0.796719 0.354875 0.489094 0.686 -0.719281 0.10925 -0.708 0.397594 0.583594 -0.438844 0.38675 0.811 0.216719 0.626469 0.748688 0.390656 0.5405 0.745031 -0.15725 0.332125 0.93 0.48625 0.558875 0.671656 0.739219 0.09625 0.6665 0.521344 -0.26825 0.810063 -0.551344 -0.831125 0.0718438 -0.55275 -0.833313 3.125e-005 -0.55275 -0.833313 0.00021875 -0.551344 -0.831156 -0.071375 -0.623719 -0.778125 -0.0738125 -0.61875 -0.785563 -0 -0.627031 -0.778938 0.0001875 -0.618 -0.786125 -0 -0.623719 -0.778094 0.074125 -0.3845 0.106125 -0.916969 -0.186375 -0.0226875 -0.982188 -0.222344 -0.012 -0.974875 -0.436188 0.0458438 -0.898625 -0.290094 -0.0623438 -0.954938 -0.660094 0.12475 -0.740719 -0.554875 0.194531 -0.808844 -0.1865 -0.0224063 0.982188 -0.384531 0.106375 0.916875 -0.2225 -0.0117188 0.974844 -0.43625 0.0460625 0.898625 -0.290188 -0.062125 0.954938 -0.660031 0.124875 0.740719 -0.554781 0.19475 0.808844 0.53825 -0.84275 -0 0.690219 -0.723531 -0 0.405813 -0.913938 -0 -0.1845 -0.0126875 0.982719 -0.378344 0.10975 0.919125 -0.209 0.0050625 0.977875 -0.446813 0.0452813 0.893469 -0.302281 -0.064625 0.951 -0.677063 0.122844 0.725563 -0.551188 0.190125 0.812375 -0.184344 -0.013 -0.98275 -0.37825 0.1095 -0.919125 -0.44675 0.0450625 -0.8935 -0.208875 0.00478125 -0.977875 -0.302188 -0.0648438 -0.951 -0.677094 0.122688 -0.725563 -0.55125 0.189969 -0.812375 0.552875 -0.83325 -0 0.433031 -0.901344 -0 -0.185094 -0.028 0.982313 -0.408625 0.106594 0.906375 -0.217844 -0.018875 0.97575 -0.437375 0.0439375 0.898188 -0.290375 -0.0605625 0.954969 -0.660875 0.123531 0.740188 -0.58075 0.193 0.790781 -0.184938 -0.0283125 -0.982313 -0.408625 0.106344 -0.906469 -0.437313 0.04375 -0.898219 -0.217688 -0.0191875 -0.975781 -0.29025 -0.06075 -0.955 -0.660906 0.123375 -0.740188 -0.580813 0.192875 -0.790781 0.5375 -0.84325 -0 0.693 -0.720875 -0 0.401406 -0.915875 -0 -0.269313 0.127844 0.9545 -0.2735 0.0535 0.960375 -0.268969 0.206406 0.94075 -0.26625 0.0056875 0.963875 -0.258 -0.0174688 0.965969 -0.235625 -0.051375 0.970469 -0.234 -0.0475625 0.971031 -0.202781 -0.0904375 0.975 -0.19375 -0.0961875 0.97625 -0.192625 -0.106219 0.975469 -0.269219 0.127844 -0.9545 -0.268875 0.206469 -0.94075 -0.273375 0.0534375 -0.960375 -0.266156 0.00565625 -0.963875 -0.258 -0.0175 -0.965969 -0.235625 -0.051375 -0.970469 -0.234 -0.0475938 -0.971031 -0.202781 -0.0904375 -0.975 -0.19375 -0.0961875 -0.97625 -0.192625 -0.106219 -0.975469 0.991844 -0.127344 -0 0.963594 0.26725 -0 0.934344 -0.356344 -0 0.99 -0.141 -0 0.9995 -0.031 -0 0.998219 0.0591563 -0 -0.267219 0.168 0.948844 -0.273906 0.0749375 0.958781 -0.259875 0.282625 0.923281 -0.268156 0.00521875 0.963344 -0.258344 -0.0167188 0.965875 -0.268813 0.127344 -0.954719 -0.264969 0.20875 -0.941344 -0.274188 0.058375 -0.959875 -0.268125 0.00515625 -0.963344 -0.258281 -0.0167813 -0.965875 0.977375 0.211375 -0 0.987 -0.160594 -0 0.985219 -0.17125 -0 0.93075 -0.365531 -0 -0.266375 0.1845 0.946 -0.27375 0.0819375 0.95825 -0.257375 0.3125 0.914344 -0.266313 0.1845 -0.946 -0.25725 0.312531 -0.914375 -0.273719 0.0819063 -0.958313 0.984375 -0.175781 -0 -0.8925 -0.450875 0.0004375 -0.088125 -0.996094 0.0003125 -0.94025 -0.340344 0.0004375 -0.850375 -0.526094 -0.000875 0.643219 -0.765625 -0 0.619875 -0.784625 -0 -0.94025 -0.340344 -0.0004375 -0.971219 -0.238125 -0 -0.776625 -0.629938 -6.25e-005 -0.850375 -0.526094 0.000875 0.308406 0.206 -0.928625 0.239125 0.07675 -0.967875 0.256375 0.01825 -0.966375 0.44225 0.272781 -0.854375 0.191594 0.19675 -0.9615 0.283094 0.14225 -0.948469 0.658125 0.752844 6.25e-005 0.782719 0.622281 -0.0001875 0.590031 0.807344 -6.25e-005 0.308625 0.206094 0.928563 0.4425 0.272844 0.854219 0.239375 0.0768125 0.967844 0.256625 0.018375 0.966313 0.191875 0.196719 0.961469 0.283094 0.14225 0.948469 -0.989719 -0.1415 0.0207813 -0.123875 -0.031375 -0.99175 -0.953719 -0.299781 0.022125 -0.764 -0.644188 -0.0354375 -0.984625 -0.174531 -0 -0.989875 -0.1415 -0 -0.986375 -0.163719 -0.0141875 -0.925719 -0.377813 -0.01525 -0.967469 -0.2525 -0.0146875 -0.884531 -0.465375 -0.0299063 0.26575 0.2545 -0.929781 0.743281 0.66875 -0.0123438 0.3355 0.252531 -0.9075 0.573 0.8195 0.00296875 0.275438 0.259688 0.925563 0.314125 0.2835 0.906 0.251938 0.0757188 0.96475 0.167781 0.207875 0.963625 0.686344 0.69025 -0.229 0.259875 0.096125 -0.960813 -0.306625 -0.37225 -0.876 -0.353625 -0.656219 0.666531 0.260688 -0.003875 0.965375 0.228125 0.0404375 -0.97275 0.55275 -0.833313 0.0001875 0.55275 -0.833313 -0 0.550188 -0.829375 0.0966875 0.550188 -0.829406 -0.0962813 -0.946125 -0.293156 0.137375 -0.995844 0.03575 -0.0834688 -0.777313 -0.619906 -0.106875 -0.725719 -0.68525 -0.0610938 -0.734219 -0.678844 -0.0061875 -0.728875 -0.684563 -0 -0.999969 -0.00325 -0 -0.844281 0.164125 0.51 -0.994031 0.108719 3.125e-005 -0.836 0.210094 0.506813 -0.942375 0.112469 0.314875 -0.903125 -0.0886875 0.419969 -0.859125 -0.345406 0.377469 -0.09225 -0.520969 0.848531 -0.36025 -0.121563 0.924875 -0.990219 0.0873438 0.108719 -0.990438 0.13775 0.00115625 -0.126844 -0.0335938 0.991344 -0.989719 -0.1415 -0.0207813 -0.953719 -0.299781 -0.022125 -0.764 -0.644188 0.0354375 0.27275 0.249938 0.929 0.332219 0.25275 0.908656 0.225438 0.0399688 0.973375 -0.305375 -0.364469 0.879656 0.243188 0.103125 0.964469 0.67175 0.694125 0.2585 0.743 0.668688 0.0276875 0.320875 0.2915 -0.901094 0.2745 0.272063 -0.92225 0.250688 0.075875 -0.965031 0.259031 -0.00415625 -0.965844 0.572688 0.819625 -0.0124063 0.167531 0.20775 -0.963656 -0.353625 -0.656219 -0.666531 -0.925719 -0.377813 0.01525 -0.154344 -0.987938 0.011875 -0.967469 -0.2525 0.0146875 -0.884531 -0.465375 0.0299063 0.620844 -0.783875 -0 0.624875 -0.77875 0.0549375 0.627031 -0.778938 0.00021875 0.624875 -0.77875 -0.0545625 0.62025 -0.784344 -0 -0.725719 -0.68525 0.0610938 -0.995844 0.03575 0.0834688 -0.777313 -0.619906 0.106875 -0.946125 -0.293156 -0.137375 -0.734219 -0.678844 0.0061875 -0.844281 0.164125 -0.51 -0.938469 0.108031 -0.327938 -0.835469 0.211875 -0.506969 -0.990625 0.0830625 -0.108375 -0.903125 -0.0886875 -0.419969 -0.859125 -0.345406 -0.377469 -0.573469 -0.666844 -0.475844 -0.745625 -0.423281 -0.5145 -0.838094 -0.545469 -0 0.643 -0.765813 -0 0.643344 -0.7655 -0 0.618375 -0.785844 -0 -0.646031 0.76325 -0 -0.64425 0.764813 -0 -0.632844 0.77425 -0 -0.859094 -0.506063 0.0763438 -0.859094 -0.506063 -0.0763438 0.9385 -0.334094 -0.0865313 0.933969 -0.301875 -0.191094 0.986781 -0.161781 -0 0.928219 -0.268875 -0.257 0.820875 0.046875 -0.569125 0.9505 0.0186875 -0.31 0.71325 0.2145 -0.667219 0.42025 0.0795625 -0.903875 0.310313 0.177969 -0.933781 -0.469094 -0.358719 -0.807 -0.429875 -0.405031 -0.806875 0.584844 0.31875 -0.745844 0.516031 0.041625 -0.8555 -0.3745 -0.43175 -0.8205 0.427844 -0.0316875 -0.90325 0.885125 0.268469 -0.38 0.996719 0.08075 -0 0.962438 0.271469 -0 0.796719 0.354875 -0.489094 0.927375 0.374094 -0 -0.82825 -0.552 -0.096 -0.832 -0.546375 -0.0954375 -0.686 -0.719281 -0.10925 0.708 0.397594 -0.583594 0.903125 0.42925 -0 -0.0419375 0.999094 -0 0.438844 0.38675 -0.811 -0.21125 0.627875 -0.749 -0.3815 0.54075 -0.749625 0.15725 0.332125 -0.93 -0.486 0.557469 -0.673063 -0.739219 0.09625 -0.6665 -0.521344 -0.26825 -0.810063 0.933969 -0.301875 0.191094 0.9385 -0.334094 0.0865313 0.928219 -0.268875 0.257 0.820875 0.046875 0.569125 0.9505 0.0186875 0.31 0.71325 0.2145 0.667219 0.42025 0.0795625 0.903875 0.310313 0.177969 0.933781 -0.469094 -0.358719 0.807 -0.429875 -0.405031 0.806875 0.584844 0.31875 0.745844 0.516031 0.041625 0.8555 -0.3745 -0.43175 0.8205 0.427844 -0.0316875 0.90325 0.885125 0.268469 0.38 0.796719 0.354875 0.489094 -0.686 -0.719281 0.10925 0.708 0.397594 0.583594 0.438844 0.38675 0.811 -0.216719 0.626469 0.748688 -0.390656 0.5405 0.745031 0.15725 0.332125 0.93 -0.48625 0.558875 0.671656 -0.739219 0.09625 0.6665 -0.521344 -0.26825 0.810063 0.55275 -0.833313 3.125e-005 0.551344 -0.831125 0.0718438 0.55275 -0.833313 0.00021875 0.551344 -0.831156 -0.071375 0.61875 -0.785563 -0 0.623719 -0.778125 -0.0738125 0.627031 -0.778938 0.0001875 0.618 -0.786125 -0 0.623719 -0.778094 0.074125 0.186375 -0.0226875 -0.982188 0.3845 0.106125 -0.916969 0.222344 -0.012 -0.974875 0.436188 0.0458438 -0.898625 0.290094 -0.0623438 -0.954938 0.660094 0.12475 -0.740719 0.554875 0.194531 -0.808844 0.384531 0.106375 0.916875 0.1865 -0.0224063 0.982188 0.2225 -0.0117188 0.974844 0.43625 0.0460625 0.898625 0.290188 -0.062125 0.954938 0.660031 0.124875 0.740719 0.554781 0.19475 0.808844 -0.53825 -0.84275 -0 -0.690219 -0.723531 -0 -0.405813 -0.913938 -0 0.378344 0.10975 0.919125 0.1845 -0.0126875 0.982719 0.209 0.0050625 0.977875 0.446813 0.0452813 0.893469 0.302281 -0.064625 0.951 0.677063 0.122844 0.725563 0.551188 0.190125 0.812375 0.37825 0.1095 -0.919125 0.184344 -0.013 -0.98275 0.44675 0.0450625 -0.8935 0.208875 0.00478125 -0.977875 0.302188 -0.0648438 -0.951 0.677094 0.122688 -0.725563 0.55125 0.189969 -0.812375 -0.552875 -0.83325 -0 -0.433031 -0.901344 -0 0.408625 0.106594 0.906375 0.185094 -0.028 0.982313 0.217844 -0.018875 0.97575 0.437375 0.0439375 0.898188 0.290375 -0.0605625 0.954969 0.660875 0.123531 0.740188 0.58075 0.193 0.790781 0.408625 0.106344 -0.906469 0.184938 -0.0283125 -0.982313 0.437313 0.04375 -0.898219 0.217688 -0.0191875 -0.975781 0.29025 -0.06075 -0.955 0.660906 0.123375 -0.740188 0.580813 0.192875 -0.790781 -0.5375 -0.84325 -0 -0.693 -0.720875 -0 -0.401406 -0.915875 -0 0.2735 0.0535 0.960375 0.269313 0.127844 0.9545 0.268969 0.206406 0.94075 0.26625 0.0056875 0.963875 0.258 -0.0174688 0.965969 0.235625 -0.051375 0.970469 0.234 -0.0475625 0.971031 0.202781 -0.0904375 0.975 0.19375 -0.0961875 0.97625 0.192625 -0.106219 0.975469 0.268875 0.206469 -0.94075 0.269219 0.127844 -0.9545 0.273375 0.0534375 -0.960375 0.266156 0.00565625 -0.963875 0.258 -0.0175 -0.965969 0.235625 -0.051375 -0.970469 0.234 -0.0475938 -0.971031 0.202781 -0.0904375 -0.975 0.19375 -0.0961875 -0.97625 0.192625 -0.106219 -0.975469 -0.963594 0.26725 -0 -0.991844 -0.127344 -0 -0.934344 -0.356344 -0 -0.99 -0.141 -0 -0.9995 -0.031 -0 -0.998219 0.0591563 -0 0.273906 0.0749375 0.958781 0.267219 0.168 0.948844 0.259875 0.282625 0.923281 0.268156 0.00521875 0.963344 0.258344 -0.0167188 0.965875 0.264969 0.20875 -0.941344 0.268813 0.127344 -0.954719 0.274188 0.058375 -0.959875 0.268125 0.00515625 -0.963344 0.258281 -0.0167813 -0.965875 -0.987 -0.160594 -0 -0.977375 0.211375 -0 -0.985219 -0.17125 -0 -0.93075 -0.365531 -0 0.27375 0.0819375 0.95825 0.266375 0.1845 0.946 0.257375 0.3125 0.914344 0.25725 0.312531 -0.914375 0.266313 0.1845 -0.946 0.273719 0.0819063 -0.958313 -0.984375 -0.175781 -0 0.0798125 0.105844 0.991125 0.0942188 0.0627813 0.993563 0.847125 0.047375 0.52925 0.0913438 0.0601875 0.993969 0.0961875 -0.00784375 0.995313 0.0845938 -0.0080625 0.996375 0.093625 -0.0629063 0.993594 0.0829375 -0.0693125 0.994125 0.0726563 -0.10275 0.992 0.795219 -0.0706875 0.602125 0.0945313 0.0765625 0.992531 0.133281 0.0334375 0.9905 0.151 0.0385625 0.98775 0.158844 0.02375 0.987 0.157375 -0.00075 0.9875 0.130625 -0.00559375 0.991375 0.137469 -0.036 0.989844 0.114906 -0.0505625 0.992063 0.267625 -0.218125 0.938469 0.0890938 -0.081 0.992688 -0.0814375 -0.0715625 -0.994094 -0.0720625 -0.057125 -0.99575 -0.102875 -0.0483438 -0.9935 0.781875 -0.064375 -0.62 -0.103531 0.0063125 -0.994594 -0.08375 0.00803125 -0.996406 -0.09275 0.0849063 -0.992 -0.081875 0.0911875 -0.992406 -0.0724375 0.126344 -0.989313 0.71675 0.0986563 -0.69025 -0.157594 0.00390625 -0.987469 -0.145938 -0.0448125 -0.98825 -0.196063 0.0005625 -0.980563 -0.186438 -0.0223125 -0.982188 -0.169875 -0.04975 -0.984156 -0.13975 -0.0628125 -0.988156 -0.168219 0.04175 -0.984844 -0.12725 0.066625 -0.989594 -0.12375 0.0739688 -0.9895 -0.0897188 0.105125 -0.990375 0.06375 -0.4055 0.911844 0.0380625 0.066125 0.997063 0.707438 -0.286938 0.645875 0.0531875 0.0859375 0.994875 0.0901875 -0.401875 0.911219 0.0582188 0.105875 0.992625 -0.0335938 0.143375 0.989031 -0.09 0.995 0.0419688 -0.427875 0.900906 0.072 -0.872594 0.471375 0.127594 -0.0346875 0.997563 0.0604375 -0.0424375 0.997344 0.058875 -0.09775 0.242656 -0.965125 -0.0645625 0.252844 -0.965281 -0.0599688 -0.22325 -0.972875 0.054875 -0.139 -0.98875 -0.2765 0.231875 -0.932531 -0.0576563 -0.19025 -0.98 -0.0618125 0.257 -0.964375 0.718125 -0.11025 -0.687094 0.00159375 -0.003 0.999969 -0.347094 0.0481875 -0.936531 -0.982 0.113719 0.150531 0.042125 0.01825 0.998906 -0.979719 0.0975625 0.174875 0.0414375 0.0230625 0.998844 -0.98375 0.06725 0.166125 0.500875 -0.028125 0.865 0.48825 -0.068 0.87 0.474969 -0.0013125 0.879969 -0.37175 0.0175 -0.928125 0.035625 -0.01825 -0.999188 0.0449063 -0.0335 -0.998375 -0.341563 -0.00546875 -0.939781 -0.339938 -0.131875 -0.931125 -0.936 -0.316281 0.154313 0.093625 0.0075 -0.995531 -0.613813 -0.783625 0.0951875 -0.178906 -0.213375 -0.960406 -0.33775 -0.939875 0.0497813 0.0495625 -0.108969 0.99275 -0.019 -0.083375 0.996281 -0.116438 -0.302125 -0.946094 -0.254719 -0.9645 0.0690313 -0.0958125 -0.298906 -0.949406 -0.226844 -0.971875 0.0623125 0.016625 -0.151625 0.98825 -0.001125 -0.11225 0.993625 0.383875 0.172875 0.907 0.200438 0.358531 0.911719 0.141469 0.244031 0.959375 0.127344 0.368531 0.920781 0.00621875 0.138625 -0.990313 -0.017 0.0688125 -0.997469 -0.028625 0.218 -0.9755 0.01925 0.0798438 -0.996594 0.999969 0.000625 -0.0003125 0.999969 0.00075 -0.0003125 0.999969 0.00053125 -0.00025 0.999969 0.0005 -0.0001875 0.999969 0.0005 -0.00015625 0.999969 0.00046875 -9.375e-005 0.999969 0.00046875 -3.125e-005 0.999969 0.0005 -0 -0.0942188 0.0627813 0.993563 -0.0798125 0.105844 0.991125 -0.847125 0.047375 0.52925 -0.0913438 0.0601875 0.993969 -0.0961875 -0.00784375 0.995313 -0.0845938 -0.0080625 0.996375 -0.093625 -0.0629063 0.993594 -0.0829375 -0.0693125 0.994125 -0.0726563 -0.10275 0.992 -0.795219 -0.0706875 0.602125 -0.0945313 0.0765625 0.992531 -0.133281 0.0334375 0.9905 -0.151 0.0385625 0.98775 -0.158844 0.02375 0.987 -0.157375 -0.00075 0.9875 -0.130625 -0.00559375 0.991375 -0.137469 -0.036 0.989844 -0.114906 -0.0505625 0.992063 -0.267625 -0.218125 0.938469 -0.0890938 -0.081 0.992688 0.0720625 -0.057125 -0.99575 0.0814375 -0.0715625 -0.994094 0.102875 -0.0483438 -0.9935 -0.781875 -0.064375 -0.62 0.103531 0.0063125 -0.994594 0.08375 0.00803125 -0.996406 0.09275 0.0849063 -0.992 0.081875 0.0911875 -0.992406 0.0724375 0.126344 -0.989313 -0.71675 0.0986563 -0.69025 0.157594 0.00390625 -0.987469 0.145938 -0.0448125 -0.98825 0.196063 0.0005625 -0.980563 0.186438 -0.0223125 -0.982188 0.169875 -0.04975 -0.984156 0.13975 -0.0628125 -0.988156 0.168219 0.04175 -0.984844 0.12725 0.066625 -0.989594 0.12375 0.0739688 -0.9895 0.0897188 0.105125 -0.990375 -0.0380625 0.066125 0.997063 -0.06375 -0.4055 0.911844 -0.707438 -0.286938 0.645875 -0.0531875 0.0859375 0.994875 -0.0901875 -0.401875 0.911219 -0.0582188 0.105875 0.992625 0.0335938 0.143375 0.989031 0.09 0.995 0.0419688 0.427875 0.900906 0.072 0.872594 0.471375 0.127594 0.0346875 0.997563 0.0604375 0.0424375 0.997344 0.058875 0.09775 0.242656 -0.965125 0.0645625 0.252844 -0.965281 0.0599688 -0.22325 -0.972875 -0.054875 -0.139 -0.98875 0.2765 0.231875 -0.932531 0.0576563 -0.19025 -0.98 0.0618125 0.257 -0.964375 -0.718125 -0.11025 -0.687094 -0.00159375 -0.003 0.999969 0.347094 0.0481875 -0.936531 0.982 0.113719 0.150531 -0.042125 0.01825 0.998906 0.979719 0.0975625 0.174875 -0.0414375 0.0230625 0.998844 0.98375 0.06725 0.166125 -0.500875 -0.028125 0.865 -0.48825 -0.068 0.87 -0.474969 -0.0013125 0.879969 0.37175 0.0175 -0.928125 -0.035625 -0.01825 -0.999188 -0.0449063 -0.0335 -0.998375 0.341563 -0.00546875 -0.939781 0.339938 -0.131875 -0.931125 0.936 -0.316281 0.154313 -0.093625 0.0075 -0.995531 0.613813 -0.783625 0.0951875 0.178906 -0.213375 -0.960406 0.33775 -0.939875 0.0497813 -0.0495625 -0.108969 0.99275 0.019 -0.083375 0.996281 0.116438 -0.302125 -0.946094 0.254719 -0.9645 0.0690313 0.0958125 -0.298906 -0.949406 0.226844 -0.971875 0.0623125 -0.016625 -0.151625 0.98825 0.001125 -0.11225 0.993625 -0.383875 0.172875 0.907 -0.200438 0.358531 0.911719 -0.141469 0.244031 0.959375 -0.127344 0.368531 0.920781 -0.00621875 0.138625 -0.990313 0.017 0.0688125 -0.997469 0.028625 0.218 -0.9755 -0.01925 0.0798438 -0.996594 -0.999969 0.000625 -0.0003125 -0.999969 0.00075 -0.0003125 -0.999969 0.00053125 -0.00025 -0.999969 0.0005 -0.0001875 -0.999969 0.0005 -0.00015625 -0.999969 0.00046875 -9.375e-005 -0.999969 0.00046875 -3.125e-005 -0.999969 0.0005 -0</float_array>
                    <technique_common>
                        <accessor count="5231" source="#ID50" stride="3">
                            <param name="X" type="float"/>
                            <param name="Y" type="float"/>
                            <param name="Z" type="float"/>
                        </accessor>
                    </technique_common>
                </source>
                <source id="ID51">
                    <float_array id="ID52" count="3780">0.105188 1.50815 0.0884812 1.51996 0.139441 1.48347 0.119466 1.44389 0.155475 1.19496 0.13089 1.19496 0.13089 1.21066 0.183927 1.19496 0.200802 1.19496 0.143905 1.14573 0.138264 1.16762 0.182569 1.17875 0.192146 1.17496 0.212151 1.19496 0.172787 1.18545 0.255508 1.08747 0.249941 1.11589 0.267202 1.10576 0.2399 1.09853 0.26881 1.08247 0.25691 1.07811 0.287378 1.09237 0.281827 1.06161 0.255084 1.06864 0.249285 1.04916 0.288683 1.04567 0.252324 1.03394 0.292255 1.03703 0.307368 1.07559 0.341018 1.09277 0.222075 1.04602 0.222273 1.03216 0.253212 1.01749 0.222273 1.01429 0.199709 1.03284 0.199323 1.01463 0.234349 1.0567 0.220111 1.06456 0.199119 1.04726 0.322914 1.06045 0.334631 1.04486 0.373991 1.07764 0.298167 1.02274 0.2541 1.00598 0.172904 1.04743 0.172918 1.05839 0.198022 1.06168 0.193484 1.07507 0.212306 1.07483 0.13026 1.04358 0.129937 1.05738 0.0881777 1.04621 0.129869 1.03235 0.17289 1.03145 0.173018 1.01496 0.129884 1.01541 0.0768606 1.02531 0.0977507 1.00341 0.1299 1.00341 0.0448605 1.04309 0.0352056 1.02376 0.0449385 1.05382 0.0911299 1.05809 0.0231179 1.03491 0.0155799 1.0458 0.0915598 1.07513 0.0442062 1.07513 0.033251 1.07475 0.173146 1.00341 0.130593 1.07513 0.00936133 1.06054 0.00415425 1.08068 0.292259 1.03702 0.232737 1.1207 0.217847 1.08915 0.217358 1.12271 0.176339 1.12474 0.159875 1.09713 0.152032 1.11363 0.131756 1.09898 0.130563 1.0776 0.0877189 1.0776 0.22438 1.14346 0.193126 1.15428 0.241809 1.13675 0.256752 1.13002 0.308045 1.1079 0.277322 1.1216 0.128557 1.12006 0.145194 1.12799 0.0883787 1.10467 0.0883787 1.20123 0.0681664 1.0776 0.0811714 1.11404 0.0514482 1.11404 0.0339729 1.07748 0.0322228 1.11404 0.0157093 1.10934 0.01478 1.13314 0.0181665 1.08113 0.40433 1.29176 0.383285 1.26718 0.383269 1.29176 0.400816 1.26718 0.366369 1.26718 0.363438 1.29176 0.370142 1.23706 0.383296 1.23706 0.373741 1.2095 0.383299 1.2095 0.383293 1.15911 0.392709 1.2095 0.39656 1.23706 0.327519 1.12139 0.340902 1.12135 0.327518 1.10791 0.34159 1.13659 0.327518 1.1389 0.344236 1.12526 0.354191 1.13751 0.356687 1.14557 0.327519 1.14546 0.355503 1.1513 0.327519 1.16852 0.364289 1.15714 0.36799 1.1601 0.373318 1.16852 0.327519 1.17922 0.369696 1.17973 0.366074 1.19093 0.36408 1.1971 0.362085 1.20327 0.349111 1.21883 0.338315 1.22587 0.327518 1.23291 0.172508 1.06231 0.170941 1.06997 0.186835 1.07531 0.162854 1.07253 0.148188 1.0764 0.133704 1.0759 0.160413 1.09096 0.156054 1.08005 0.161626 1.08224 0.031672 1.14309 0.0189742 1.13716 0.0195969 1.19087 0.00488293 1.14512 0.226618 1.2891 0.282843 1.27392 0.282843 1.2891 0.226234 1.27392 0.282843 1.25915 0.225849 1.25915 0.225564 1.24692 0.282843 1.24692 0.226963 1.30296 0.282843 1.30296 0.302514 1.24692 0.300698 1.25915 0.298505 1.27395 0.29625 1.2891 0.294191 1.30296 0.361467 1.27165 0.104934 1.46243 0.0896242 1.48357 0.0781374 1.49975 0.0565888 1.45927 0.0554257 1.47437 0.0352467 1.45729 0.0379046 1.44303 0.00609771 1.44389 0.0313453 1.46654 0.0126956 1.47753 0.0617189 1.44247 0.0500726 1.49973 0.0172182 1.4829 0.0239695 1.48677 0.0160032 1.38869 0.07626 1.40752 0.07626 1.38209 0.0160032 1.41081 0.132807 1.37677 0.07626 1.43294 0.0160032 1.43294 0.132807 1.40485 0.132807 1.43294 0.044146 1.18736 0.0766476 1.19841 0.0749208 1.18499 0.044146 1.19841 0.059486 1.1401 0.044146 1.17158 0.0731939 1.17158 0.044146 1.1401 0.044146 1.12016 0.07626 1.3943 0.0160032 1.39851 0.132807 1.39021 0.0758211 1.19199 0.044146 1.1885 0.0594859 1.1401 0.0441461 1.1401 0.0441461 1.12016 0.253282 1.163 0.2819 1.2348 0.318552 1.18109 0.247381 1.22899 0.231858 1.18801 0.194891 1.2246 0.222273 1.00341 0.198938 1.00341 0.0456958 1.58733 0.0673343 1.57318 0.0441056 1.58186 0.0592939 1.5609 0.0816604 1.56768 0.0720979 1.55366 0.0412718 1.57196 0.0325661 1.58644 0.0306496 1.5803 0.0131493 1.59462 0.091801 1.58792 0.0335957 1.59097 0.0792942 1.59417 0.0832748 1.60197 0.0549776 1.60035 0.0906901 1.61614 0.0705472 1.61778 0.0560884 1.60613 0.0510321 1.62195 0.0479042 1.65614 0.0750012 1.62245 0.08264 1.62992 0.0915136 1.64262 0.0289444 1.62562 0.0343425 1.6308 0.0365474 1.61491 0.0156528 1.64094 0.0385698 1.63475 0.0562606 1.62955 0.0287846 1.61014 0.0169953 1.61846 0.0148844 1.61537 0.00271541 1.61974 0.0122109 1.61184 0.0242792 1.60235 0.0781385 1.63805 0.0754666 1.66426 0.0548497 1.63955 0.0663121 1.63754 0.0621708 1.64305 0.0527865 1.65512 0.0680218 1.64634 0.0805753 1.63784 0.169901 1.46866 0.211642 1.46146 0.178675 1.48058 0.201387 1.44511 0.236733 1.44875 0.225658 1.43003 0.148739 1.48733 0.154943 1.49429 0.115156 1.51802 0.182168 1.48622 0.157327 1.499 0.218336 1.46912 0.185554 1.49167 0.222989 1.47444 0.242689 1.45482 0.196563 1.50005 0.165283 1.52839 0.203235 1.50705 0.172464 1.53378 0.216681 1.52033 0.19054 1.54129 0.216611 1.54409 0.199083 1.56528 0.188181 1.56072 0.173498 1.59353 0.207288 1.57409 0.233864 1.55481 0.230069 1.52625 0.244551 1.53061 0.251849 1.50244 0.148716 1.54793 0.151457 1.54978 0.129115 1.56506 0.155746 1.5553 0.239395 1.49048 0.261897 1.52908 0.267834 1.49358 0.253991 1.55311 0.248099 1.57254 0.235344 1.57217 0.240934 1.59449 0.253558 1.57473 0.260185 1.55528 0.271122 1.56226 0.26133 1.57717 0.267404 1.52764 0.279411 1.52339 0.266194 1.52796 0.283323 1.55617 0.292969 1.52099 0.294062 1.54773 0.293973 1.57637 0.287161 1.57665 0.291862 1.60411 0.277789 1.57616 0.290884 1.50349 0.286021 1.47912 0.230027 1.48236 0.226389 1.47827 0.161172 1.5253 0.145661 1.54586 0.159006 1.50232 0.210862 1.62098 0.189413 1.62576 0.207584 1.67899 0.216136 1.61933 0.225403 1.62445 0.218524 1.60284 0.205088 1.60458 0.19033 1.6181 0.207976 1.59449 0.208093 1.68095 0.22724 1.61798 0.173566 1.65548 0.173566 1.60931 0.155917 1.61905 0.241304 1.60421 0.241407 1.6819 0.257659 1.6202 0.259563 1.64308 0.0946538 1.5774 0.115621 1.60201 0.0999814 1.60201 0.11562 1.5774 0.115621 1.65727 0.130571 1.60201 0.135887 1.57711 0.126315 1.65683 0.282229 1.68033 0.269216 1.62472 0.283009 1.62303 0.266874 1.61283 0.260901 1.61987 0.0755626 1.64964 0.0889858 1.65129 0.0755636 1.66744 0.0889858 1.63768 0.822447 1.23991 0.867759 1.22875 0.822447 1.22875 0.867759 1.23991 0.822447 1.25823 0.853992 1.25823 0.90611 1.22875 0.90611 1.23991 0.950598 1.23991 0.950598 1.22875 0.931507 1.25823 0.90611 1.25823 0.981675 1.23991 0.981675 1.25823 0.96969 1.25823 0.981675 1.22875 0.881526 1.25823 0.950598 1.22259 0.981675 1.22259 0.90611 1.22259 0.867759 1.22259 0.822447 1.22259 0.950598 1.25823 0.90611 1.24338 0.950598 1.24338 0.981675 1.24338 0.950598 1.23607 0.981675 1.23607 0.90611 1.23607 0.867759 1.25823 0.867759 1.24338 0.822447 1.24338 0.867759 1.23607 0.822447 1.23607 0.850518 1.2305 0.822447 1.23965 0.850518 1.23965 0.822447 1.2305 0.841251 1.25823 0.900267 1.23965 0.900267 1.25823 0.859786 1.25823 0.900267 1.2305 0.952466 1.23965 0.952466 1.2305 0.952466 1.25823 0.913858 1.25823 0.981675 1.23965 0.967194 1.25823 0.981675 1.2305 0.952466 1.22144 0.981675 1.22144 0.900267 1.22144 0.850518 1.22144 0.822447 1.22144 0.850518 1.25823 0.896816 1.23965 0.896816 1.25823 0.896816 1.2305 0.896816 1.22144 0.950598 1.22144 0.90611 1.22144 0.867759 1.22144 0.722727 1.55244 0.74226 1.57072 0.722727 1.57072 0.742259 1.55244 0.722727 1.54046 0.74226 1.54046 0.74226 1.60075 0.722727 1.60075 0.949105 1.22875 0.949105 1.23991 0.949105 1.25823 0.949105 1.22144 0.859786 1.23991 0.831184 1.25823 0.831184 1.23991 0.859786 1.22875 0.859786 1.22144 0.831184 1.22875 0.831184 1.22144 0.949105 1.2432 0.981675 1.24312 0.949105 1.23241 0.981675 1.23241 0.90611 1.23241 0.859786 1.23241 0.859786 1.24338 0.831184 1.23241 0.831184 1.24338 0.742259 1.60075 0.722702 1.57598 0.742259 1.57642 0.722702 1.60075 0.722702 1.55844 0.742259 1.55844 0.722702 1.54046 0.742259 1.54046 0.722702 1.55244 0.742259 1.57072 0.722702 1.57072 0.722727 1.55844 0.74226 1.57642 0.722727 1.57642 0.831184 1.23965 0.859786 1.2305 0.831184 1.2305 0.859786 1.23965 0.897204 1.25823 0.897204 1.23965 0.937738 1.25823 0.937738 1.23965 0.897204 1.2305 0.937738 1.2305 0.937738 1.22144 0.897204 1.22144 0.722702 1.57029 0.742259 1.57029 0.722702 1.55531 0.742259 1.55531 0.74226 1.55531 0.722727 1.55531 0.722727 1.57029 0.714598 1.89803 0.744528 1.93163 0.714598 1.93163 0.744667 1.89803 0.770427 1.89803 0.770427 1.93163 0.747822 1.99066 0.770427 1.94292 0.747827 1.94292 0.770427 1.99066 0.740861 1.99066 0.740859 1.94292 0.714598 1.94292 0.714598 1.99066 0.770427 1.86058 0.759768 1.81217 0.74783 1.84827 0.777387 1.81617 0.74783 1.88769 0.740858 1.84827 0.740858 1.88769 0.714598 1.84827 0.714598 1.88769 0.770427 1.88769 0.74783 1.89117 0.770427 1.89117 0.740858 1.89117 0.714598 1.89117 0.744795 1.84297 0.714598 1.84297 0.754248 1.81102 0.778954 1.80927 0.761741 1.80548 0.778048 1.86309 0.778048 1.88769 0.770427 1.99542 0.744374 1.99542 0.714598 1.99542 0.784191 1.81795 0.778048 1.94292 0.778048 1.99066 0.770427 1.93946 0.740859 1.93163 0.740858 1.89803 0.74783 1.89803 0.747827 1.93163 0.778048 1.89825 0.778048 1.93298 0.770427 1.93506 0.740858 1.89465 0.714598 1.89465 0.74783 1.89465 0.770427 1.89465 0.747827 1.93946 0.740859 1.93946 0.714598 1.93946 0.740859 1.93506 0.714598 1.93506 0.747827 1.93506 0.744374 1.99066 0.744528 1.94292 0.837553 1.06092 0.874879 1.0236 0.874879 1.06092 0.837553 1.0236 0.874879 1.07058 0.837553 1.07058 0.837553 1.02306 0.825259 1.06092 0.839338 1.40078 0.900663 1.36041 0.900499 1.40906 0.83868 1.36169 0.900384 1.4217 0.834652 1.41443 0.825721 1.36169 0.825721 1.41239 0.936462 1.40914 0.937205 1.35907 0.935518 1.42224 0.971866 1.38913 0.954309 1.42224 0.988574 1.39907 0.988574 1.35734 0.973476 1.35734 0.838412 1.31234 0.82572 1.30001 0.973205 1.32495 0.988574 1.31266 0.939003 1.30236 0.941019 1.28715 0.903461 1.27034 0.903141 1.28606 0.882645 1.29404 0.876459 1.28002 0.818389 1.58778 0.885158 1.57798 0.885158 1.58778 0.834342 1.57798 0.914618 1.57798 0.926586 1.58778 0.885158 1.53885 0.914618 1.53885 0.885158 1.52928 0.834342 1.53885 0.82702 1.52928 0.914618 1.52928 0.921765 1.54891 0.935394 1.54891 0.927447 1.52928 0.921765 1.56596 0.935394 1.56596 0.818389 1.52928 0.846563 1.51406 0.914191 1.50491 0.914191 1.51406 0.85445 1.50491 0.944486 1.50491 0.944486 1.51406 0.914191 1.4468 0.85445 1.4468 0.944486 1.4468 0.914191 1.43546 0.846563 1.43546 0.944486 1.43546 0.954488 1.49548 0.970277 1.49548 0.956239 1.46713 0.97231 1.46713 0.958764 1.51406 0.960139 1.43546 0.835782 1.43546 0.835782 1.51406 0.860705 1.98876 0.8748 1.96483 0.8748 1.98876 0.860705 1.96483 0.860709 1.96483 0.843443 1.95338 0.843443 1.96483 0.860709 1.95338 0.860709 1.99832 0.843443 1.98876 0.843443 1.99832 0.860709 1.98876 0.831208 1.96483 0.831208 1.98876 0.941243 1.55939 0.950132 1.80258 0.950132 1.55939 0.941243 1.80258 0.968263 1.55939 0.96822 1.54923 0.950132 1.54923 0.968263 1.80258 0.96822 1.81401 0.950132 1.81401 0.989164 1.54923 0.989175 1.55939 0.989175 1.57229 0.996137 1.81401 0.996137 1.80258 0.996137 1.57229 0.96822 1.55939 0.96822 1.80258 0.989164 1.57229 0.989164 1.55939 0.996137 1.56712 0.992525 1.56712 0.992525 1.55939 0.419656 1.07944 0.4013 1.06109 0.419656 1.06109 0.4013 1.07944 0.419656 1.09774 0.4013 1.09774 0.419656 1.11322 0.4013 1.11322 0.4013 1.04561 0.419656 1.04561 0.422704 1.1898 0.431171 1.16936 0.422704 1.14892 0.402263 1.19827 0.402263 1.14045 0.956226 1.9466 0.970196 1.94934 0.942255 1.94934 0.930833 1.96044 0.981618 1.96044 0.933798 1.97721 0.99005 1.96864 0.92362 1.97377 0.989827 1.97725 0.933798 1.98793 0.989411 1.98793 0.996782 1.97397 0.908388 1.86791 0.882233 1.84087 0.882233 1.86791 0.908388 1.84087 0.857196 1.84087 0.857196 1.86791 0.932652 1.84087 0.932652 1.86791 0.956202 1.84087 0.956202 1.86791 0.978333 1.84087 0.978333 1.86791 0.83335 1.84494 0.83335 1.87347 0.81126 1.85409 0.81126 1.8831 0.986958 1.84943 0.986958 1.86791 0.978332 1.90537 0.986958 1.90537 0.978333 1.9286 0.789522 1.85409 0.789522 1.8831 0.81126 1.92535 0.789522 1.92535 0.789522 1.95054 0.81126 1.95054 0.997074 1.86791 0.997074 1.84943 0.997074 1.90537 0.997074 1.9286 0.81126 1.82436 0.857196 1.82436 0.81126 1.84087 0.789522 1.82436 0.789522 1.84087 0.882233 1.82436 0.908355 1.82436 0.932652 1.82436 0.956202 1.82436 0.978333 1.82436 0.997074 1.84061 0.997074 1.82436 0.897286 1.96836 0.91507 1.88336 0.91507 1.9715 0.897286 1.8865 0.88167 1.89556 0.88167 1.95931 0.870756 1.94497 0.870756 1.90989 0.866701 1.92743 0.953633 1.9286 0.931335 1.90537 0.931335 1.9286 0.953633 1.90537 0.931335 1.86955 0.953633 1.86955 0.834403 1.92535 0.856141 1.8831 0.834403 1.8831 0.856141 1.92535 0.856141 1.95054 0.834403 1.95054 0.616805 1.03173 0.639974 1.02494 0.616805 1.02494 0.639974 1.03173 0.663127 1.02495 0.616805 1.0056 0.639974 1.0056 0.663127 1.0056 0.593653 1.0056 0.593653 1.02494 0.593653 1.03173 0.570859 1.02494 0.570512 1.03173 0.570512 1.0056 0.547892 1.02494 0.547892 1.0056 0.547892 1.03173 0.52474 1.02494 0.52474 1.03173 0.501582 1.02494 0.501582 1.03173 0.47843 1.03173 0.47843 1.02494 0.455288 1.03173 0.455288 1.02494 0.432147 1.02494 0.432147 1.03173 0.408995 1.02494 0.408995 1.03173 0.52474 1.0056 0.501582 1.0056 0.47843 1.0056 0.455288 1.0056 0.432147 1.0056 0.408995 1.0056 0.398293 1.0056 0.398293 1.02494 0.386876 1.0056 0.386876 1.02494 0.616805 1.02495 0.639974 1.02495 0.663127 1.02496 0.593653 1.02495 0.570773 1.02495 0.571033 1.0056 0.547892 1.02495 0.52474 1.02495 0.501582 1.02495 0.47843 1.02495 0.455288 1.02495 0.432147 1.02495 0.408995 1.02495 0.398293 1.02495 0.398293 1.03173 0.386876 1.02495 0.386876 1.03173 0.609281 1.38282 0.557522 1.37359 0.557522 1.38282 0.609281 1.37359 0.609281 1.3031 0.557522 1.29388 0.557522 1.3031 0.609281 1.29388 0.61746 1.33985 0.61746 1.37359 0.609281 1.33985 0.61746 1.3031 0.549343 1.33985 0.557522 1.33985 0.549343 1.37359 0.549343 1.3031 0.601931 1.36537 0.564887 1.36537 0.601931 1.33985 0.564887 1.33985 0.601931 1.31099 0.564887 1.31099 0.593882 1.31878 0.572936 1.31878 0.593882 1.33985 0.593882 1.35759 0.572936 1.35759 0.572936 1.33985 0.632784 1.40164 0.626146 1.37295 0.632784 1.37295 0.632784 1.3553 0.626146 1.40164 0.63916 1.40164 0.63916 1.37295 0.69842 1.27565 0.701086 1.30061 0.71458 1.28184 0.688821 1.29572 0.713158 1.30465 0.731564 1.28165 0.722812 1.30781 0.738016 1.31414 0.67644 1.29168 0.685515 1.26435 0.665679 1.28505 0.664166 1.30154 0.646331 1.29584 0.658273 1.27796 0.636627 1.27777 0.631933 1.28663 0.637135 1.29865 0.627762 1.2911 0.635947 1.30801 0.612019 1.28041 0.609707 1.25938 0.640253 1.26553 0.643534 1.25361 0.619509 1.24048 0.645226 1.24244 0.660901 1.24524 0.661874 1.25387 0.679002 1.24755 0.661222 1.26203 0.73642 1.34824 0.72231 1.33148 0.71864 1.34361 0.746688 1.34489 0.69641 1.34528 0.700044 1.35359 0.713282 1.32314 0.690203 1.33821 0.702437 1.3162 0.683781 1.33318 0.691181 1.31176 0.675975 1.32854 0.677411 1.30735 0.66539 1.32288 0.658567 1.31092 0.756999 1.36747 0.759385 1.33838 0.760687 1.30256 0.772541 1.33065 0.785627 1.32301 0.788288 1.29277 0.770842 1.26784 0.75153 1.2751 0.797992 1.31521 0.784638 1.26014 0.79829 1.28833 0.805801 1.30967 0.810354 1.28106 0.795106 1.24913 0.813682 1.30684 0.80982 1.34419 0.786949 1.36346 0.644794 1.31167 0.641899 1.3178 0.654645 1.31746 0.651759 1.32292 0.646289 1.33128 0.660904 1.329 0.647991 1.3435 0.65476 1.34893 0.669716 1.33612 0.659152 1.35543 0.675935 1.34135 0.663628 1.36056 0.653846 1.36055 0.68108 1.34625 0.685952 1.35224 0.668029 1.36539 0.690575 1.35912 0.672897 1.37038 0.649531 1.3539 0.666263 1.37267 0.662035 1.36865 0.639078 1.34623 0.642283 1.33989 0.636186 1.33708 0.629082 1.34196 0.628606 1.33508 0.632093 1.31396 0.808766 1.38787 0.772088 1.40978 0.773047 1.39495 0.808766 1.40115 0.746492 1.41553 0.808766 1.3782 0.772087 1.40977 0.808766 1.40114 0.808766 1.42457 0.772087 1.42339 0.658293 1.36466 0.48202 1.04351 0.489445 1.07326 0.48911 1.04579 0.467806 1.07082 0.507651 1.07068 0.504065 1.04338 0.496552 1.09301 0.474315 1.09349 0.514947 1.08966 0.501649 1.11187 0.522604 1.11021 0.472901 1.1033 0.490452 1.12764 0.469345 1.12441 0.490382 1.14009 0.504928 1.14001 0.504492 1.12758 0.490555 1.15256 0.504569 1.15116 0.468464 1.14026 0.446479 1.14065 0.469705 1.15529 0.448053 1.16444 0.447298 1.11789 0.451912 1.10583 0.472571 1.17818 0.501457 1.1679 0.495763 1.18646 0.517303 1.19054 0.512327 1.20513 0.521548 1.17601 0.523331 1.16413 0.473914 1.18729 0.455833 1.1872 0.465662 1.21045 0.48755 1.21007 0.478281 1.24114 0.48646 1.2393 0.507053 1.22069 0.502846 1.24207 0.53331 1.24644 0.538424 1.22362 0.571182 1.24192 0.572174 1.22104 0.602156 1.23188 0.601617 1.20613 0.541842 1.20686 0.572417 1.20613 0.601397 1.18798 0.619004 1.23155 0.620662 1.2079 0.63427 1.20995 0.631593 1.18557 0.623806 1.18591 0.637333 1.23495 0.670632 1.22946 0.665174 1.20575 0.662716 1.1833 0.660571 1.16081 0.628826 1.15749 0.616153 1.16669 0.630855 1.13955 0.614373 1.14075 0.630263 1.11739 0.60996 1.11591 0.630589 1.0928 0.609942 1.09227 0.612081 1.06959 0.632647 1.06841 0.616485 1.04671 0.634849 1.04386 0.659214 1.13883 0.659518 1.1169 0.660616 1.09446 0.662768 1.07219 0.667838 1.04867 0.695094 1.11884 0.69577 1.13843 0.698008 1.15796 0.695857 1.10123 0.698849 1.08406 0.705865 1.06555 0.700277 1.17533 0.702909 1.19253 0.708338 1.21184 0.57469 1.15386 0.599482 1.16596 0.5984 1.14069 0.573636 1.14015 0.594735 1.11454 0.571333 1.11134 0.593859 1.10445 0.581863 1.09131 0.56732 1.0914 0.566229 1.06977 0.593957 1.07943 0.595155 1.07203 0.569162 1.04104 0.599991 1.0481 0.546485 1.1121 0.550419 1.12199 0.539819 1.09176 0.534086 1.06794 0.532584 1.0381 0.592026 1.09156 0.526323 1.12567 0.529744 1.13994 0.526443 1.15456 0.552649 1.13993 0.550412 1.1539 0.576179 1.16374 0.547826 1.1629 0.574359 1.17521 0.54747 1.1745 0.54533 1.18932 0.573667 1.18891 0.758594 1.25323 0.74497 1.2593 0.770727 1.24498 0.780953 1.23427 0.730453 1.26473 0.718924 1.26673 0.707067 1.26315 0.698297 1.25573 0.692334 1.24788 0.457554 1.09269 0.446395 1.08831 0.455974 1.05947 0.465202 1.03948 0.436523 1.11514 0.435405 1.14113 0.437052 1.16777 0.446848 1.19932 0.450953 1.22154 0.458537 1.24529 0.841251 1.2305 0.841251 1.23965 0.897243 1.23965 0.897243 1.25823 0.947394 1.25823 0.947394 1.23965 0.897243 1.2305 0.947394 1.2305 0.947394 1.22144 0.897243 1.22144 0.841251 1.22144 0.896171 1.23965 0.896171 1.25823 0.896171 1.2305 0.896171 1.22144 0.470934 1.32285 0.504951 1.35053 0.522859 1.32267 0.486724 1.35053 0.522859 1.35053 0.522859 1.38167 0.504951 1.38167 0.522859 1.40852 0.504951 1.40852 0.522859 1.43698 0.470295 1.43698 0.486724 1.40852 0.470332 1.40852 0.486724 1.38167 0.470425 1.38167 0.47065 1.35053 0.4433 1.46755 0.470448 1.44566 0.443175 1.45762 0.440912 1.34018 0.444973 1.31023 0.43075 1.31308 0.423298 1.33722 0.389358 1.33543 0.377201 1.30753 0.36749 1.3361 0.360323 1.29954 0.326129 1.31066 0.337596 1.34203 0.297071 1.3294 0.3151 1.35775 0.442116 1.37626 0.44437 1.41891 0.422081 1.42162 0.422342 1.37587 0.388135 1.37621 0.385223 1.42338 0.366886 1.37594 0.363367 1.42235 0.339269 1.37783 0.337732 1.41959 0.420785 1.46475 0.382959 1.46458 0.362523 1.45565 0.341675 1.44379 0.319559 1.38037 0.317287 1.4103 0.292437 1.38006 0.269591 1.3563 0.534867 1.35053 0.534867 1.32267 0.534867 1.38167 0.534867 1.40852 0.534867 1.4317 0.522859 1.44566 0.383084 1.47451 0.420911 1.47468 0.362648 1.46558 0.438031 1.27442 0.503856 1.28308 0.503856 1.29666 0.490525 1.29666 0.478604 1.29666 0.458723 1.29666 0.447933 1.29666 0.438031 1.29666 0.512549 1.28308 0.503856 1.27438 0.512549 1.27438 0.503856 1.26652 0.512549 1.26652 0.503856 1.26021 0.438031 1.26663 0.438031 1.26021 0.523521 1.28308 0.523521 1.26652 0.532973 1.26021 0.532973 1.26652 0.532973 1.27437 0.523521 1.27438 0.532973 1.28308 0.532973 1.29666 0.495566 1.35828 0.495566 1.38167 0.495566 1.40198 0.495565 1.40198 0.495565 1.35828 0.495565 1.38167 0.20401 1.42057 0.202009 1.30701 0.207585 1.30687 0.188003 1.42057 0.214593 1.30687 0.269203 1.42057 0.221074 1.30687 0.285651 1.42057 0.210476 1.29879 0.207686 1.29879 0.204969 1.29886 0.214502 1.29879 0.207929 1.2907 0.80381 1.46083 0.786983 1.43124 0.80381 1.43124 0.786983 1.46083 0.786983 1.49455 0.80381 1.49455 0.786983 1.52894 0.80381 1.52894 0.770162 1.49455 0.770162 1.52894 0.753336 1.49455 0.753336 1.52894 0.770162 1.46083 0.753336 1.46083 0.753336 1.43124 0.770162 1.43124 0.80381 1.55466 0.786983 1.55466 0.80381 1.58058 0.786983 1.58058 0.80381 1.60551 0.786983 1.60551 0.770162 1.58058 0.770162 1.60551 0.753336 1.58058 0.753336 1.55466 0.770162 1.55466 0.753336 1.60551 0.80381 1.55592 0.786983 1.55592 0.753336 1.55592 0.770162 1.55592 0.786983 1.46272 0.80381 1.46272 0.786983 1.50572 0.80381 1.50572 0.80381 1.54492 0.786983 1.54492 0.80381 1.57077 0.786983 1.57077 0.770162 1.50572 0.770162 1.54492 0.770162 1.57077 0.753336 1.54492 0.753336 1.57077 0.753336 1.50572 0.770162 1.46272 0.753336 1.46272 0.800337 1.6223 0.824606 1.64973 0.792247 1.64973 0.824606 1.6223 0.76095 1.6223 0.76095 1.64972 0.725974 1.64972 0.725974 1.6223 0.792247 1.68942 0.824606 1.68942 0.792247 1.73104 0.824606 1.73104 0.824606 1.79255 0.792247 1.76555 0.760966 1.79255 0.792247 1.79255 0.760966 1.76555 0.725974 1.79255 0.725974 1.76555 0.832861 1.6223 0.855552 1.64972 0.855552 1.6223 0.855552 1.68942 0.855552 1.73104 0.834139 1.79255 0.855552 1.79255 0.824606 1.61173 0.800337 1.61173 0.76095 1.61173 0.725974 1.61173 0.710064 1.80769 0.704956 1.83697 0.694829 1.81785 0.727067 1.82215 0.685078 1.78664 0.678091 1.79143 0.661466 1.77043 0.668214 1.7963 0.673911 1.82717 0.661466 1.79843 0.661466 1.82996 0.678649 1.85023 0.661466 1.85452 0.649021 1.82751 0.64487 1.85056 0.618479 1.83796 0.628056 1.81885 0.653584 1.79663 0.643561 1.79225 0.63715 1.78775 0.612903 1.80916 0.596385 1.82374 0.76095 1.66157 0.725974 1.66157 0.78037 1.66157 0.92114 1.61691 0.892298 1.67955 0.892298 1.61691 0.92114 1.67955 0.867944 1.61691 0.867944 1.67955 0.892298 1.74297 0.92114 1.74297 0.867944 1.74297 0.92114 1.79962 0.892298 1.79962 0.867944 1.79962 0.78037 1.68942 0.78037 1.73104 0.78037 1.7537 0.792247 1.80218 0.824606 1.80218 0.760966 1.7537 0.725974 1.7537 0.760966 1.80218 0.725974 1.80218 0.754532 1.66867 0.726214 1.74626 0.726214 1.66867 0.768241 1.74626 0.774671 1.69715 0.601825 1.79572 0.60159 1.77724 0.620327 1.78678 0.579752 1.7702 0.580423 1.80495 0.564846 1.78787 0.565573 1.81038 0.564704 1.76534 0.78923 1.40033 0.809478 1.38161 0.809478 1.39818 0.78923 1.3853 0.78923 1.41654 0.809478 1.41654 0.809478 1.42347 0.78923 1.42347 0.768479 1.41654 0.768479 1.42347 0.743343 1.41654 0.768479 1.40577 0.768479 1.39438 0.338982 1.56683 0.319002 1.58688 0.315641 1.57422 0.350997 1.58136 0.356442 1.5495 0.378561 1.55959 0.369945 1.52681 0.400241 1.53123 0.375536 1.5037 0.410334 1.50627 0.321273 1.60574 0.358932 1.60394 0.317735 1.62779 0.359412 1.63529 0.381117 1.6372 0.383101 1.59441 0.373773 1.68657 0.358881 1.6758 0.390819 1.56945 0.355288 1.6946 0.370724 1.69803 0.393204 1.70329 0.394895 1.69271 0.41744 1.70567 0.417754 1.69647 0.401114 1.63453 0.421386 1.63013 0.401307 1.58465 0.416656 1.57433 0.421722 1.54111 0.439642 1.69906 0.341104 1.69042 0.339049 1.67895 0.323953 1.69105 0.376865 1.71397 0.410536 1.72025 0.352439 1.70605 0.440297 1.71949 0.335627 1.70103 0.325787 1.69786 0.320947 1.69533 0.433147 1.56275 0.453905 1.54441 0.438873 1.51898 0.438786 1.62621 0.480066 1.61948 0.465493 1.69439 0.492562 1.68953 0.47305 1.71005 0.495513 1.70604 0.464661 1.71155 0.333378 1.66582 0.306742 1.65824 0.320864 1.67174 0.312719 1.67842 0.310529 1.6907 0.297792 1.68441 0.298883 1.67235 0.316388 1.69322 0.549927 1.44831 0.584386 1.41876 0.563715 1.40937 0.582321 1.45867 0.605155 1.42554 0.60883 1.45378 0.625418 1.42856 0.62551 1.45121 0.640552 1.45003 0.645836 1.43126 0.624166 1.48775 0.609569 1.48848 0.622155 1.51474 0.60755 1.51326 0.637626 1.51471 0.638816 1.48746 0.618976 1.54198 0.600299 1.53967 0.60737 1.5626 0.634639 1.56347 0.637013 1.54255 0.641037 1.56359 0.632488 1.58542 0.647376 1.54408 0.604546 1.58431 0.58214 1.55268 0.582141 1.58344 0.559148 1.58457 0.564276 1.56042 0.57445 1.53543 0.56099 1.53867 0.556845 1.51334 0.539275 1.5414 0.573281 1.51125 0.582141 1.5961 0.606276 1.61137 0.631154 1.61077 0.658476 1.61149 0.657551 1.58596 0.68358 1.61028 0.682355 1.58604 0.664583 1.56405 0.686427 1.55779 0.701379 1.56968 0.702474 1.5857 0.666159 1.5454 0.689496 1.54613 0.693532 1.52127 0.670394 1.51939 0.698074 1.49851 0.675547 1.4922 0.650865 1.51587 0.653603 1.48934 0.722826 1.50658 0.718691 1.52774 0.711241 1.55107 0.678056 1.47356 0.656134 1.47008 0.658979 1.45019 0.685417 1.43049 0.680603 1.44904 0.707099 1.44657 0.709988 1.42713 0.733403 1.44071 0.734127 1.42344 0.726431 1.46335 0.706687 1.46776 0.73599 1.46206 0.693172 1.45955 0.703006 1.48256 0.701525 1.48653 0.725373 1.48767 0.725077 1.49263 0.723911 1.47698 0.738689 1.48899 0.740437 1.47373 0.745189 1.48652 0.51011 1.47557 0.486557 1.48704 0.513042 1.48106 0.484192 1.47375 0.539937 1.46436 0.543577 1.47324 0.532472 1.49667 0.556028 1.4887 0.559706 1.4633 0.535318 1.51536 0.498918 1.50602 0.506921 1.52293 0.573342 1.48826 0.591007 1.51216 0.591511 1.48922 0.588521 1.53579 0.488636 1.52752 0.483053 1.50646 0.49805 1.55102 0.517845 1.54562 0.504499 1.56578 0.528394 1.5624 0.510558 1.5857 0.532924 1.58543 0.545176 1.56741 0.503326 1.60984 0.532554 1.60973 0.557497 1.61099 0.530214 1.63888 0.555354 1.64004 0.497729 1.63908 0.58214 1.61154 0.582146 1.64029 0.609348 1.6399 0.633088 1.63832 0.661021 1.63721 0.682623 1.63702 0.708194 1.60984 0.705615 1.63908 0.679979 1.67338 0.702051 1.67554 0.608031 1.66833 0.582146 1.66723 0.657011 1.67197 0.631842 1.67025 0.582148 1.68252 0.608047 1.6865 0.632027 1.6935 0.656562 1.70074 0.678986 1.70336 0.701221 1.7038 0.557532 1.6691 0.53396 1.67247 0.509091 1.67554 0.558541 1.6872 0.535538 1.69606 0.511045 1.7038 0.541876 1.55488 0.482818 1.49898 0.482844 1.49981 0.71053 1.80732 0.705213 1.83705 0.727747 1.82209 0.695034 1.81771 0.685565 1.78638 0.678501 1.79112 0.661466 1.76984 0.668536 1.79591 0.673977 1.82695 0.661466 1.79798 0.661466 1.82965 0.678575 1.85021 0.661466 1.85437 0.648958 1.82709 0.644568 1.85023 0.61815 1.8373 0.627965 1.81818 0.653836 1.7961 0.643809 1.79159 0.637411 1.78701 0.612826 1.80829 0.596075 1.82279 0.164109 1.23813 0.128205 1.23813 0.164106 1.29885 0.128205 1.28371 0.170127 1.2998 0.170129 1.23813 0.126847 1.31764 0.0985409 1.28371 0.0985409 1.31764 0.0661192 1.31925 0.170124 1.3635 0.0661192 1.28371 0.0404801 1.28371 0.0404801 1.31956 0.0661192 1.35246 0.0404801 1.35246 0.0985409 1.35246 0.0985409 1.3635 0.126884 1.35246 0.126883 1.3635 0.164103 1.35246 0.0785299 1.3635 0.0661192 1.3635 0.119952 1.24395 0.0906134 1.27251 0.119952 1.2725 0.0906427 1.24395 0.0690125 1.27252 0.0657269 1.24395 0.0378745 1.27252 0.0378728 1.24395 0.00687503 1.27364 0.00687487 1.24457 0.037874 1.28934 0.00687467 1.20846 0.0378708 1.20846 0.0616446 1.20846 0.090679 1.20846 0.119952 1.20846 0.00687492 1.28934 0.853941 1.20808 0.79776 1.16123 0.79532 1.20808 0.853941 1.16123 0.748322 1.16123 0.746847 1.20808 0.800586 1.14098 0.853941 1.14098 0.906866 1.16123 0.906838 1.14098 0.853941 1.12199 0.806402 1.11429 0.750993 1.13211 0.749521 1.14098 0.89997 1.10973 0.853941 1.10824 0.894239 1.09111 0.908761 1.20808 0.751576 1.10756 0.793293 1.09342 0.820531 1.09406 0.80592 1.06535 0.889042 1.08699 0.89606 1.05739 0.901723 1.05685 0.853941 1.10254 0.825211 1.08754 0.813295 1.06519 0.897968 1.03347 0.806116 1.04881 0.780983 1.05882 0.781655 1.0432 0.762405 1.05141 0.760632 1.03402 0.748617 1.05207 0.723587 1.03683 0.735618 1.00288 0.904604 1.00966 0.902959 1.03355 0.923858 1.08676 0.9308 1.12518 0.959711 1.10613 0.936069 1.06751 0.969218 1.08154 0.995192 1.05336 0.947852 1.03443 0.995192 1.03412 0.995192 1.01306 0.950386 1.01306 0.995192 1.09728 0.960414 1.14769 0.995192 1.17417 0.928514 1.17668 0.928685 1.20808 0.696091 1.37458 0.680231 1.38566 0.679222 1.40093 0.692419 1.37089 0.709514 1.35968 0.721863 1.35861 0.71556 1.35916 0.679845 1.39151 0.959883 1.1755 0.995192 1.20808 0.0777648 1.3635 0.716414 1.05555 0.679869 1.39115 0.695242 1.37373 0.0766477 1.19841 0.462894 1.73676 0.517106 1.7449 0.462881 1.74488 0.517119 1.73678 0.462907 1.72865 0.517131 1.72867 0.517093 1.75302 0.462868 1.75299 0.0323996 1.354 0.00400013 1.30769 0.00400013 1.36944 0.0323996 1.32313 0.303985 1.9753 0.247994 1.95816 0.303985 1.95469 0.247994 1.9753 0.303985 1.99532 0.247994 1.99268 0.00763466 1.50341 0.00763466 1.5657 0.0387798 1.53455 0.240882 1.98889 0.240882 1.9753 0.240882 1.96181 0.221239 1.9753 0.221239 1.98825 0.221239 1.96268 0.830034 1.40961 0.829789 1.4093 0.82994 1.4086 0.82974 1.40888 0.832443 1.40961 0.832537 1.4086 0.832738 1.40888 0.832689 1.4093 0.829473 1.40767 0.82974 1.40741 0.829559 1.40826 0.832738 1.40741 0.833004 1.40767 0.832919 1.40826 0.828661 1.40624 0.828606 1.40547 0.829397 1.40491 0.82883 1.40699 0.833081 1.40491 0.833647 1.40699 0.833816 1.40624 0.833871 1.40547 0.433234 1.80995 0.41385 1.80406 0.395218 1.80406 0.433234 1.75273 0.433234 1.72878 0.378822 1.80406 0.41385 1.75449 0.364482 1.78809 0.320973 1.73821 0.41385 1.73821 0.359879 1.93342 0.403542 1.93342 0.391481 1.97796 0.374769 1.99468 0.346432 1.99468 0.320116 1.99468 0.320116 1.93342 0.378939 1.88509 0.320116 1.86893 0.468782 1.79338 0.47706 1.80908 0.539576 1.79338 0.482795 1.82327 0.489042 1.82327 0.504238 1.82321 0.520985 1.82314 0.539694 1.82305 0.539549 1.76882 0.458213 1.77771 0.4488 1.76882 0.487234 1.97111 0.40826 1.99193 0.487234 1.99193 0.408336 1.97111 0.40826 1.97111 0.483155 1.95021 0.412995 1.95021 0.426837 1.93343 0.470304 1.93343 0.448521 1.92113 0.671357 1.94363 0.680617 1.93652 0.690998 1.98268 0.661641 1.89056 0.664532 1.94985 0.625909 1.9212 0.630666 1.89985 0.584309 1.90952 0.587115 1.94738 0.551965 1.94456 0.556941 1.98268 0.590102 1.98268 0.546709 1.90551 0.625093 1.95287 0.627278 1.98268 0.649422 1.96349 0.657804 1.98268 0.585737 1.88151 0.642163 1.87471 0.591015 1.85166 0.542849 1.87376 0.541682 1.84134 0.590102 1.99196 0.556941 1.99196 0.627278 1.99196 0.657804 1.99196 0.674505 1.98268 0.67306 1.99196 0.691164 1.99196 0.709451 1.99196 0.709451 1.98268 0.500947 1.86887 0.492911 1.83655 0.435259 1.83535 0.510517 1.90383 0.464454 1.87095 0.485037 1.90716 0.519645 1.94423 0.503333 1.94553 0.514242 1.98268 0.526772 1.98268 0.479318 1.91675 0.495427 1.95171 0.508876 1.99196 0.45932 1.8829 0.434365 1.8542 0.526772 1.99196 0.333198 1.82783 0.370381 1.85424 0.314498 1.85424 0.380546 1.83869 0.428368 1.85424 0.390712 1.82314 0.351899 1.80142 0.545086 1.74672 0.588283 1.70045 0.53967 1.73182 0.598892 1.74672 0.628125 1.70828 0.655999 1.74672 0.670259 1.71613 0.695285 1.7312 0.683584 1.75291 0.711169 1.75911 0.534375 1.74364 0.539791 1.7574 0.599706 1.7574 0.656812 1.7574 0.68399 1.7574 0.228906 1.94878 0.184985 1.88421 0.185016 1.95818 0.224367 1.8842 0.222025 1.81491 0.184956 1.81492 0.220534 1.74561 0.184927 1.74563 0.219526 1.6974 0.184907 1.69793 0.268844 1.93537 0.264569 1.88418 0.308628 1.91535 0.307232 1.88416 0.302706 1.81488 0.25882 1.81489 0.296759 1.74558 0.256098 1.7456 0.291026 1.70088 0.253812 1.69836 0.122299 1.94878 0.165379 1.88421 0.126838 1.8842 0.165379 1.95974 0.129179 1.81491 0.165379 1.81492 0.13067 1.74561 0.165379 1.74563 0.131678 1.6974 0.165379 1.69701 0.0923846 1.81489 0.0866355 1.88418 0.0484987 1.81488 0.0439727 1.88416 0.0425766 1.91535 0.0823605 1.93537 0.0544453 1.74558 0.0951069 1.7456 0.0601787 1.70088 0.0973924 1.69836 0.165379 1.68219 0.131365 1.68259 0.0937922 1.68439 0.049685 1.69004 0.0901535 1.67027 0.0397336 1.67447 0.0338938 1.68014 0.131049 1.66763 0.165379 1.66628 0.0496845 1.69004 0.0397895 1.74561 0.0397741 1.74561 0.0252352 1.74565 0.0328593 1.81487 0.0173282 1.81486 0.0275843 1.88414 0.010117 1.88413 0.0328429 1.81487 0.0275657 1.88414 0.027189 1.92526 0.00639769 1.93362 0.0115344 1.93986 0.0767168 1.94922 0.0707242 1.96392 0.0271897 1.92526 0.121517 1.96387 0.120687 1.97988 0.165379 1.97391 0.165379 1.99061 0.178871 1.68219 0.178864 1.69701 0.178776 1.74563 0.178805 1.81492 0.178833 1.88421 0.178864 1.95974 0.178749 1.97391 0.178755 1.95974</float_array>
                    <technique_common>
                        <accessor count="1890" source="#ID52" stride="2">
                            <param name="S" type="float"/>
                            <param name="T" type="float"/>
                        </accessor>
                    </technique_common>
                </source>
                <vertices id="ID53">
                    <input semantic="POSITION" source="#ID47"/>
                </vertices>
                <triangles count="7999" material="Material1">
                    <input offset="0" semantic="VERTEX" source="#ID53"/>
                    <input offset="1" semantic="NORMAL" source="#ID49"/>
                    <input offset="2" semantic="TEXCOORD" source="#ID51" set="0"/>
                    <p>2 1 1 1 0 0 0 0 0 0 0 0 1 0 0 3 2 2 3 2 2 1 0 0 4 2 2 4 2 2 5 3 3 3 2 2 3 2 2 5 3 3 6 4 3 9 7 6 8 6 5 7 5 4 7 5 4 10 8 7 9 7 6 10 8 7 11 9 8 9 7 6 14 12 11 13 11 10 12 10 9 15 13 12 14 12 11 12 10 9 15 13 12 16 9 8 14 12 11 17 14 13 16 9 8 15 13 12 16 9 8 18 15 7 14 12 11 14 12 11 18 15 7 19 16 14 14 12 11 19 16 14 13 11 10 13 11 10 19 16 14 20 17 4 19 16 14 18 15 7 20 17 4 13 11 10 20 17 4 21 18 5 24 19 8 23 19 13 22 19 6 27 7 6 26 21 4 25 20 5 26 21 4 27 7 6 28 22 7 28 22 7 27 7 6 29 23 8 29 23 8 31 23 6 30 23 13 34 25 11 33 10 9 32 24 10 35 13 12 33 10 9 34 25 11 36 26 8 35 13 12 34 25 11 37 14 13 35 13 12 36 26 8 36 26 8 34 25 11 38 27 7 38 27 7 34 25 11 39 28 14 34 25 11 32 24 10 39 28 14 32 24 10 40 29 4 39 28 14 39 28 14 40 29 4 38 27 7 32 24 10 41 30 5 40 29 4 44 33 17 43 32 16 42 31 15 42 31 15 43 32 16 45 34 18 42 31 15 46 35 19 44 33 17 47 36 20 46 35 19 42 31 15 46 35 19 48 37 21 44 33 17 46 35 19 47 36 20 49 38 22 50 39 23 49 38 22 47 36 20 51 40 24 49 38 22 50 39 23 51 40 24 52 41 25 49 38 22 53 42 26 52 41 25 51 40 24 52 41 25 53 42 26 54 43 27 55 44 28 49 38 22 52 41 25 55 44 28 46 35 19 49 38 22 55 44 28 48 37 21 46 35 19 48 37 21 55 44 28 56 45 29 57 46 30 53 42 26 51 40 24 58 47 31 53 42 26 57 46 30 58 47 31 59 48 32 53 42 26 53 42 26 59 48 32 54 43 27 60 49 33 59 48 32 58 47 31 58 47 31 61 50 34 60 49 33 60 49 33 61 50 34 62 51 35 51 40 24 63 52 36 57 46 30 50 39 23 63 52 36 51 40 24 57 46 30 63 52 36 64 53 37 61 50 34 58 47 31 65 54 38 65 54 38 58 47 31 57 46 30 66 55 39 55 44 28 52 41 25 54 43 27 66 55 39 52 41 25 54 43 27 67 56 40 66 55 39 67 56 40 68 57 41 66 55 39 68 57 41 55 44 28 66 55 39 55 44 28 68 57 41 56 45 29 69 58 42 67 56 40 54 43 27 69 58 42 54 43 27 59 48 32 69 58 42 59 48 32 70 59 43 59 48 32 60 49 33 70 59 43 71 60 44 61 50 34 65 54 38 65 54 38 72 61 45 71 60 44 73 62 46 72 61 45 65 54 38 74 63 47 73 62 46 64 53 37 74 63 47 72 61 45 73 62 46 74 63 47 64 53 37 75 64 48 71 60 44 72 61 45 76 65 49 72 61 45 77 66 50 76 65 49 77 66 50 78 67 51 76 65 49 76 65 49 78 67 51 79 68 52 79 68 52 71 60 44 76 65 49 79 68 52 80 69 53 71 60 44 80 69 53 79 68 52 81 70 54 81 70 54 79 68 52 82 71 55 78 67 51 83 72 56 79 68 52 79 68 52 83 72 56 82 71 55 83 72 56 84 73 57 82 71 55 82 71 55 84 73 57 85 74 58 78 67 51 86 75 59 83 72 56 86 75 59 87 76 60 83 72 56 86 75 59 78 67 51 88 77 61 88 77 61 78 67 51 89 78 62 77 66 50 89 78 62 78 67 51 86 75 59 90 79 63 87 76 60 88 77 61 91 80 64 86 75 59 91 80 64 92 79 63 86 75 59 77 66 50 93 81 65 89 78 62 93 81 65 94 82 66 89 78 62 89 78 62 94 82 66 88 77 61 94 82 66 95 83 67 88 77 61 95 83 67 96 80 64 88 77 61 81 70 54 82 71 55 97 84 68 97 84 68 82 71 55 85 74 58 98 85 69 93 81 65 77 66 50 72 61 45 98 85 69 77 66 50 95 83 67 100 86 70 99 80 64 95 83 67 101 87 71 100 86 70 103 88 67 102 80 64 100 86 70 103 88 67 100 86 70 104 89 71 103 88 67 106 90 61 105 80 64 107 91 66 106 90 61 103 88 67 107 91 66 108 92 62 106 90 61 108 92 62 109 93 51 106 90 61 106 90 61 109 93 51 110 94 59 109 93 51 111 95 56 110 94 59 110 94 59 111 95 56 112 76 60 109 93 51 113 96 52 111 95 56 114 97 55 111 95 56 113 96 52 110 94 59 112 76 60 115 79 63 116 98 49 113 96 52 109 93 51 117 99 50 116 98 49 109 93 51 117 99 50 109 93 51 108 92 62 118 100 45 116 98 49 117 99 50 106 90 61 110 94 59 119 80 64 119 80 64 110 94 59 120 79 63 121 101 44 116 98 49 118 100 45 113 96 52 116 98 49 121 101 44 113 96 52 121 101 44 122 102 53 123 103 65 117 99 50 108 92 62 124 104 69 117 99 50 123 103 65 118 100 45 117 99 50 124 104 69 121 101 44 125 105 34 122 102 53 126 106 38 125 105 34 121 101 44 118 100 45 126 106 38 121 101 44 125 105 34 126 106 38 127 107 31 127 107 31 126 106 38 128 108 30 127 107 31 128 108 30 129 109 26 129 109 26 128 108 30 130 110 24 130 110 24 131 111 25 129 109 26 132 112 22 131 111 25 130 110 24 129 109 26 131 111 25 133 113 72 129 109 26 133 113 72 134 114 32 134 114 32 127 107 31 129 109 26 131 111 25 135 115 39 133 113 72 136 56 40 133 113 72 135 115 39 136 56 40 135 115 39 137 57 41 138 116 28 131 111 25 132 112 22 135 115 39 131 111 25 138 116 28 137 57 41 135 115 39 138 116 28 130 110 24 128 108 30 139 117 36 139 117 36 128 108 30 140 118 37 141 119 23 130 110 24 139 117 36 130 110 24 141 119 23 132 112 22 140 118 37 128 108 30 142 120 46 142 120 46 143 121 47 140 118 37 140 118 37 143 121 47 144 122 48 141 119 23 145 123 20 132 112 22 146 124 19 132 112 22 145 123 20 138 116 28 132 112 22 146 124 19 145 123 20 147 125 15 146 124 19 147 125 15 148 126 17 146 124 19 147 125 15 149 127 16 148 126 17 150 128 18 149 127 16 147 125 15 146 124 19 148 126 17 151 129 21 138 116 28 146 124 19 151 129 21 151 129 21 152 130 29 138 116 28 150 128 18 153 131 73 149 127 16 154 132 74 153 131 73 150 128 18 144 122 48 143 121 47 154 132 74 154 132 74 143 121 47 155 133 75 155 133 75 153 131 73 154 132 74 156 134 76 155 133 75 143 121 47 143 121 47 157 135 77 156 134 76 158 136 78 156 134 76 157 135 77 157 135 77 159 137 79 158 136 78 160 138 80 159 137 79 157 135 77 161 139 81 159 137 79 160 138 80 155 133 75 162 140 82 153 131 73 163 141 83 162 140 82 155 133 75 155 133 75 156 134 76 163 141 83 153 131 73 162 140 82 164 142 84 149 127 16 153 131 73 164 142 84 164 142 84 165 143 85 149 127 16 166 144 86 152 130 29 151 129 21 151 129 21 167 145 87 166 144 86 167 145 87 148 126 17 165 143 85 148 126 17 149 127 16 165 143 85 151 129 21 148 126 17 167 145 87 159 137 79 168 146 88 158 136 78 158 136 78 168 146 88 169 147 89 163 141 83 156 134 76 169 147 89 169 147 89 156 134 76 158 136 78 161 139 81 170 148 90 159 137 79 159 137 79 170 148 90 168 146 88 170 148 90 171 149 91 168 146 88 170 148 90 161 139 81 172 150 92 170 148 90 172 150 92 173 151 93 173 151 93 172 150 92 174 152 94 174 152 94 172 150 92 175 153 95 174 152 94 175 153 95 176 154 96 175 153 95 177 155 97 176 154 96 176 154 96 177 155 97 178 156 98 175 153 95 180 157 99 179 155 97 183 72 102 182 159 101 181 158 100 181 158 100 182 159 101 184 160 103 183 72 102 185 161 104 182 159 101 186 162 105 185 161 104 183 72 102 185 161 104 187 163 106 182 159 101 182 159 101 187 163 106 188 164 107 182 159 101 188 164 107 184 160 103 187 163 106 189 165 108 188 164 107 188 164 107 189 165 108 190 166 109 190 166 109 189 165 108 191 167 110 191 167 110 192 168 111 190 166 109 188 164 107 190 166 109 193 169 112 193 169 112 190 166 109 192 168 111 184 160 103 188 164 107 193 169 112 196 172 80 195 171 77 194 170 79 194 170 79 195 171 77 197 173 78 198 174 81 196 172 80 194 170 79 197 173 78 195 171 77 199 175 76 74 63 47 199 175 76 195 171 77 199 175 76 74 63 47 200 176 75 200 176 75 74 63 47 201 177 74 201 177 74 74 63 47 75 64 48 200 176 75 201 177 74 202 178 73 201 177 74 45 34 18 202 178 73 202 178 73 45 34 18 43 32 16 200 176 75 202 178 73 203 179 82 204 180 83 200 176 75 203 179 82 200 176 75 204 180 83 199 175 76 202 178 73 205 181 84 203 179 82 43 32 16 205 181 84 202 178 73 205 181 84 43 32 16 206 182 85 44 33 17 206 182 85 43 32 16 207 183 87 206 182 85 44 33 17 48 37 21 207 183 87 44 33 17 48 37 21 208 184 86 207 183 87 208 184 86 48 37 21 56 45 29 209 185 89 199 175 76 204 180 83 197 173 78 199 175 76 209 185 89 210 186 88 197 173 78 209 185 89 194 170 79 197 173 78 210 186 88 211 187 90 194 170 79 210 186 88 211 187 90 210 186 88 212 188 91 198 174 81 194 170 79 211 187 90 211 187 90 213 189 92 198 174 81 211 187 90 214 190 93 213 189 92 214 190 93 215 191 94 213 189 92 213 189 92 215 191 94 216 192 95 215 191 94 217 193 96 216 192 95 216 192 95 217 193 96 218 155 97 217 193 96 219 194 98 218 155 97 216 192 95 221 155 97 220 195 99 224 198 115 223 197 114 222 196 113 222 196 113 223 197 114 225 199 116 222 196 113 225 199 116 226 200 117 225 199 116 223 197 114 227 201 118 227 201 118 228 202 119 225 199 116 225 199 116 228 202 119 229 203 120 230 204 121 226 200 117 225 199 116 230 204 121 225 199 116 229 203 120 231 205 122 230 204 121 229 203 120 230 204 121 231 205 122 232 206 123 231 205 122 233 207 124 232 206 123 232 206 123 233 207 124 234 208 125 235 209 126 232 206 123 234 208 125 232 206 123 235 209 126 236 210 127 235 209 126 237 211 128 236 210 127 237 211 128 238 212 129 236 210 127 238 212 129 239 213 130 236 210 127 239 213 130 240 214 131 236 210 127 240 214 131 241 215 132 236 210 127 241 215 132 242 216 133 236 210 127 243 217 134 236 210 127 242 216 133 246 220 137 245 219 136 244 218 135 245 219 136 247 221 138 244 218 135 244 218 135 247 221 138 248 222 139 246 220 137 244 218 135 249 223 47 249 223 47 244 218 135 250 224 45 250 224 45 244 218 135 251 225 140 253 223 47 252 226 141 246 220 137 255 227 69 250 224 45 254 225 140 257 222 139 254 225 140 256 218 135 255 227 69 259 225 80 258 228 65 261 228 65 259 225 80 260 229 81 262 230 92 261 228 65 260 229 81 263 231 66 261 228 65 262 230 92 264 232 95 263 231 66 262 230 92 263 231 66 264 232 95 265 233 67 264 232 95 266 234 99 265 233 67 268 235 71 265 233 67 267 234 99 257 222 139 270 226 141 269 225 140 272 235 71 266 234 99 271 236 67 271 236 67 266 234 99 273 237 95 274 238 66 271 236 67 273 237 95 273 237 95 275 239 92 274 238 66 274 238 66 275 239 92 276 240 65 276 240 65 275 239 92 277 241 81 278 242 80 276 240 65 277 241 81 280 243 69 279 240 65 278 242 80 280 243 69 282 242 140 281 244 45 281 244 45 284 246 135 283 245 47 283 245 47 284 246 135 285 247 137 285 247 137 284 246 135 286 248 136 284 246 135 287 249 138 286 248 136 288 250 139 287 249 138 284 246 135 281 244 45 289 242 140 284 246 135 291 251 141 290 245 47 285 247 137 293 250 139 292 246 135 282 242 140 293 250 139 295 242 140 294 251 141 297 251 141 296 252 142 288 250 139 298 253 143 296 252 142 297 251 141 299 247 137 298 253 143 297 251 141 301 254 77 300 245 47 297 251 141 297 251 141 302 242 140 301 254 77 305 255 146 304 205 145 303 203 144 306 207 147 304 205 145 305 255 146 309 256 77 308 226 141 307 223 47 310 225 140 308 226 141 309 256 77 312 258 143 308 226 141 311 257 142 311 257 142 308 226 141 248 222 139 313 220 137 308 226 141 312 258 143 316 261 150 315 260 149 314 259 148 314 259 148 315 260 149 317 262 151 315 260 149 318 263 152 317 262 151 317 262 151 318 263 152 319 264 153 319 264 153 318 263 152 320 265 154 320 265 154 318 263 152 321 266 155 322 267 156 316 261 150 314 259 148 323 268 157 316 261 150 322 267 156 318 263 152 324 269 158 321 266 155 325 270 159 324 269 158 318 263 152 315 260 149 325 270 159 318 263 152 326 271 160 325 270 159 315 260 149 316 261 150 326 271 160 315 260 149 327 272 161 326 271 160 316 261 150 323 268 157 327 272 161 316 261 150 328 273 162 327 272 161 323 268 157 326 271 160 327 272 161 329 274 163 325 270 159 326 271 160 329 274 163 324 269 158 325 270 159 329 274 163 327 272 161 328 273 162 329 274 163 331 275 159 330 269 158 329 274 163 332 276 152 330 269 158 331 275 159 333 266 155 330 269 158 332 276 152 334 277 153 333 266 155 332 276 152 335 265 154 333 266 155 334 277 153 334 277 153 332 276 152 336 278 151 336 278 151 332 276 152 337 279 149 332 276 152 331 275 159 337 279 149 336 278 151 337 279 149 338 280 148 338 280 148 337 279 149 339 281 150 339 281 150 340 268 157 338 280 148 338 280 148 340 268 157 341 267 156 339 281 150 342 282 161 340 268 157 340 268 157 342 282 161 343 273 162 343 273 162 342 282 161 329 274 163 337 279 149 344 283 160 339 281 150 339 281 150 344 283 160 342 282 161 337 279 149 331 275 159 344 283 160 344 283 160 331 275 159 329 274 163 342 282 161 344 283 160 329 274 163 347 286 3 346 285 2 345 284 164 346 285 2 348 287 0 345 284 164 345 284 164 348 287 0 349 288 165 349 288 165 348 287 0 350 289 166 350 289 166 348 287 0 351 290 1 349 288 165 352 291 167 345 284 164 353 292 168 352 291 167 349 288 165 353 292 168 354 293 169 352 291 167 354 293 169 355 294 170 352 291 167 356 295 171 355 294 170 354 293 169 357 296 172 354 293 169 353 292 168 357 296 172 356 295 171 354 293 169 356 295 171 357 296 172 358 297 173 349 288 165 359 289 166 353 292 168 355 294 170 360 298 174 352 291 167 347 286 3 345 284 164 360 298 174 360 298 174 345 284 164 352 291 167 353 292 168 361 299 175 357 296 172 353 292 168 362 289 166 361 299 175 358 297 173 357 296 172 363 300 176 357 296 172 365 301 177 364 300 176 357 296 172 367 299 175 366 301 177 370 304 180 369 303 179 368 302 178 368 302 178 369 303 179 371 305 181 372 3 182 369 303 179 370 304 180 369 303 179 373 306 183 371 305 181 371 305 181 373 306 183 374 307 184 372 3 182 375 308 185 369 303 179 375 308 185 376 309 186 369 303 179 369 303 179 376 309 186 373 306 183 379 312 189 378 311 188 377 310 187 377 310 187 378 311 188 380 313 190 383 316 193 382 315 192 381 314 191 381 314 191 382 315 192 384 317 194 385 318 195 381 314 191 384 317 194 383 316 193 386 319 189 382 315 192 382 315 192 386 319 189 387 320 187 390 323 180 389 322 196 388 321 178 388 321 178 389 322 196 391 324 197 390 323 180 392 325 198 389 322 196 393 326 182 392 325 198 390 323 180 389 322 196 394 327 183 391 324 197 391 324 197 394 327 183 395 328 184 392 325 198 396 329 186 389 322 196 389 322 196 396 329 186 394 327 183 399 332 193 398 331 199 397 330 192 397 330 192 398 331 199 400 333 200 399 332 193 397 330 192 401 334 201 401 334 201 397 330 192 402 335 202 403 336 203 401 334 201 402 335 202 406 339 206 405 338 205 404 337 204 405 338 205 407 340 207 404 337 204 404 337 204 407 340 207 408 341 208 408 341 208 407 340 207 409 342 209 412 345 102 411 344 100 410 343 101 410 343 101 411 344 100 413 346 103 414 347 104 412 345 102 410 343 101 415 348 105 412 345 102 414 347 104 414 347 104 410 343 101 416 349 106 416 349 106 410 343 101 417 350 107 410 343 101 413 346 103 417 350 107 416 349 106 417 350 107 418 351 108 418 351 108 417 350 107 419 352 109 419 352 109 420 353 110 418 351 108 420 353 110 419 352 109 421 354 111 417 350 107 422 355 112 419 352 109 419 352 109 422 355 112 421 354 111 417 350 107 413 346 103 422 355 112 425 198 115 424 196 113 423 356 114 424 196 113 426 357 116 423 356 114 424 196 113 427 200 117 426 357 116 423 356 114 426 357 116 428 358 118 428 358 118 426 357 116 429 359 119 426 357 116 430 360 120 429 359 119 431 204 121 426 357 116 427 200 117 431 204 121 430 360 120 426 357 116 432 361 122 430 360 120 431 204 121 431 204 121 433 206 123 432 361 122 432 361 122 433 206 123 434 362 124 433 206 123 435 363 125 434 362 124 436 364 126 435 363 125 433 206 123 436 364 126 433 206 123 437 365 128 433 206 123 438 210 127 437 365 128 437 365 128 438 210 127 439 366 130 439 366 130 438 210 127 440 367 131 440 367 131 438 210 127 441 368 132 438 210 127 442 369 133 441 368 132 443 217 134 442 369 133 438 210 127 446 365 128 445 366 130 444 370 129 449 372 210 448 371 33 447 59 43 447 59 43 448 371 33 134 114 32 449 372 210 450 373 35 448 371 33 451 374 211 450 373 35 449 372 210 450 373 35 451 374 211 452 375 54 452 375 54 451 374 211 453 84 68 453 84 68 114 97 55 452 375 54 454 74 58 114 97 55 453 84 68 114 97 55 113 96 52 452 375 54 452 375 54 113 96 52 122 102 53 122 102 53 450 373 35 452 375 54 125 105 34 450 373 35 122 102 53 450 373 35 125 105 34 448 371 33 448 371 33 125 105 34 127 107 31 448 371 33 127 107 31 134 114 32 455 73 57 114 97 55 454 74 58 111 95 56 114 97 55 455 73 57 134 114 32 456 58 42 447 59 43 134 114 32 133 113 72 456 58 42 456 58 42 133 113 72 136 56 40 459 376 146 458 360 144 457 361 145 460 362 147 459 376 146 457 361 145 463 379 151 462 378 149 461 377 148 461 377 148 462 378 149 464 380 150 463 379 151 465 381 152 462 378 149 466 382 153 465 381 152 463 379 151 466 382 153 467 383 154 465 381 152 465 381 152 467 383 154 468 384 155 461 377 148 464 380 150 469 385 156 469 385 156 464 380 150 470 386 157 468 384 155 471 387 158 465 381 152 465 381 152 471 387 158 472 388 159 465 381 152 472 388 159 462 378 149 462 378 149 472 388 159 473 389 160 462 378 149 473 389 160 464 380 150 464 380 150 473 389 160 474 390 161 464 380 150 474 390 161 470 386 157 470 386 157 474 390 161 475 391 162 473 389 160 476 392 163 474 390 161 472 388 159 476 392 163 473 389 160 471 387 158 476 392 163 472 388 159 474 390 161 476 392 163 475 391 162 478 393 159 476 392 163 477 387 158 477 387 158 479 394 152 478 393 159 480 384 155 479 394 152 477 387 158 480 384 155 481 395 153 479 394 152 482 383 154 481 395 153 480 384 155 481 395 153 483 396 151 479 394 152 479 394 152 483 396 151 484 397 149 479 394 152 484 397 149 478 393 159 483 396 151 485 398 148 484 397 149 484 397 149 485 398 148 486 399 150 485 398 148 487 386 157 486 399 150 488 385 156 487 386 157 485 398 148 486 399 150 487 386 157 489 400 161 489 400 161 487 386 157 490 391 162 490 391 162 476 392 163 489 400 161 484 397 149 486 399 150 491 401 160 491 401 160 486 399 150 489 400 161 478 393 159 484 397 149 491 401 160 491 401 160 476 392 163 478 393 159 489 400 161 476 392 163 491 401 160 142 120 46 128 108 30 126 106 38 142 120 46 126 106 38 118 100 45 118 100 45 143 121 47 142 120 46 494 404 3 493 403 164 492 402 2 493 403 164 495 405 0 492 402 2 496 406 165 495 405 0 493 403 164 496 406 165 497 289 166 495 405 0 495 405 0 497 289 166 498 290 1 493 403 164 499 407 167 496 406 165 496 406 165 499 407 167 500 408 168 499 407 167 501 409 169 500 408 168 501 409 169 499 407 167 502 410 170 503 295 171 501 409 169 502 410 170 500 408 168 501 409 169 504 411 172 504 411 172 501 409 169 503 295 171 503 295 171 505 297 173 504 411 172 500 408 168 506 289 166 496 406 165 502 410 170 499 407 167 507 412 174 499 407 167 493 403 164 507 412 174 507 412 174 493 403 164 494 404 3 504 411 172 508 299 175 500 408 168 508 299 175 509 289 166 500 408 168 505 297 173 510 300 176 504 411 172 504 411 172 512 300 176 511 301 177 514 301 177 513 299 175 504 411 172 517 414 180 516 302 178 515 413 179 515 413 179 516 302 178 518 305 181 519 4 182 517 414 180 515 413 179 515 413 179 518 305 181 520 415 183 520 415 183 518 305 181 521 307 184 519 4 182 515 413 179 522 416 185 522 416 185 515 413 179 523 417 186 523 417 186 515 413 179 520 415 183 526 313 190 525 418 188 524 310 187 524 310 187 525 418 188 527 419 189 530 317 194 529 315 192 528 420 191 528 420 191 529 315 192 531 421 193 532 318 195 530 317 194 528 420 191 529 315 192 533 422 189 531 421 193 534 320 187 533 422 189 529 315 192 537 424 180 536 321 178 535 423 196 535 423 196 536 321 178 538 324 197 539 425 198 537 424 180 535 423 196 540 426 182 537 424 180 539 425 198 535 423 196 538 324 197 541 427 183 541 427 183 538 324 197 542 328 184 539 425 198 535 423 196 543 428 186 543 428 186 535 423 196 541 427 183 546 333 200 545 429 199 544 330 192 544 330 192 545 429 199 547 430 193 548 431 201 544 330 192 547 430 193 549 335 202 544 330 192 548 431 201 550 336 203 549 335 202 548 431 201 553 434 206 552 433 204 551 432 205 552 433 204 554 435 207 551 432 205 555 436 208 554 435 207 552 433 204 555 436 208 556 437 209 554 435 207 138 116 28 152 130 29 68 57 41 123 103 65 108 92 62 107 91 66 559 440 214 558 439 213 557 438 212 559 440 214 560 441 215 558 439 213 558 439 213 560 441 215 561 442 216 561 442 216 560 441 215 562 443 217 563 444 218 560 441 215 559 440 214 564 445 219 563 444 218 559 440 214 565 446 220 563 444 218 564 445 219 566 447 221 565 446 220 564 445 219 567 448 222 558 439 213 561 442 216 564 445 219 559 440 214 568 449 223 569 447 221 564 445 219 568 449 223 568 449 223 559 440 214 570 438 212 572 450 224 558 439 213 571 448 222 573 451 225 572 450 224 571 448 222 574 452 226 558 439 213 572 450 224 575 438 212 558 439 213 574 452 226 576 453 227 573 451 225 571 448 222 573 451 225 577 454 228 572 450 224 572 450 224 577 454 228 578 455 229 579 456 230 578 455 229 577 454 228 580 457 231 579 456 230 577 454 228 573 451 225 581 458 232 577 454 228 581 458 232 580 457 231 577 454 228 581 458 232 582 459 233 580 457 231 583 453 227 582 459 233 573 451 225 573 451 225 584 459 233 581 458 232 582 459 233 583 453 227 585 460 234 587 462 236 586 461 235 579 456 230 579 456 230 586 461 235 588 463 237 589 464 238 586 461 235 587 462 236 589 464 238 587 462 236 590 465 239 579 456 230 591 466 240 587 462 236 587 462 236 591 466 240 590 465 239 593 468 242 592 467 241 588 463 237 594 469 243 592 467 241 593 468 242 594 469 243 593 468 242 595 470 244 595 470 244 596 471 245 594 469 243 596 471 245 597 472 246 594 469 243 594 469 243 597 472 246 598 467 241 598 467 241 597 472 246 599 452 226 599 452 226 597 472 246 600 438 212 602 473 247 601 459 233 585 460 234 602 473 247 585 460 234 603 474 248 604 475 247 603 474 248 585 460 234 604 475 247 585 460 234 605 476 233 607 478 250 606 477 249 591 466 240 608 479 251 606 477 249 607 478 250 609 480 252 606 477 249 608 479 251 608 479 251 610 481 253 609 480 252 607 478 250 610 481 253 608 479 251 611 482 254 610 481 253 607 478 250 613 476 233 585 460 234 612 453 227 614 483 225 613 476 233 612 453 227 614 483 225 616 448 222 615 484 224 616 448 222 617 485 213 615 484 224 617 485 213 618 486 226 615 484 224 619 487 212 618 486 226 617 485 213 620 453 227 616 448 222 614 483 225 614 483 225 615 484 224 621 488 228 615 484 224 622 489 229 621 488 228 623 490 230 621 488 228 622 489 229 624 491 231 621 488 228 623 490 230 625 492 232 624 491 231 613 476 233 614 483 225 621 488 228 625 492 232 625 492 232 621 488 228 624 491 231 625 492 232 626 476 233 614 483 225 628 493 214 627 487 212 617 485 213 617 485 213 629 494 215 628 493 214 630 495 216 629 494 215 617 485 213 631 496 217 629 494 215 630 495 216 628 493 214 629 494 215 632 497 218 628 493 214 632 497 218 633 498 219 633 498 219 632 497 218 634 499 220 635 500 221 633 498 219 634 499 220 633 498 219 636 501 223 628 493 214 637 500 221 636 501 223 633 498 219 628 493 214 636 501 223 638 487 212 640 503 237 639 502 235 623 490 230 623 490 230 639 502 235 641 504 236 642 505 238 641 504 236 639 502 235 642 505 238 643 506 239 641 504 236 643 506 239 644 507 240 641 504 236 641 504 236 644 507 240 623 490 230 630 495 216 617 485 213 645 448 222 640 503 237 647 509 241 646 508 242 646 508 242 647 509 241 648 510 243 648 510 243 649 511 244 646 508 242 649 511 244 648 510 243 650 512 245 648 510 243 651 513 246 650 512 245 652 509 241 651 513 246 648 510 243 652 509 241 653 486 226 651 513 246 651 513 246 653 486 226 654 487 212 656 515 249 655 514 250 644 507 240 657 516 251 655 514 250 656 515 249 658 517 252 657 516 251 656 515 249 657 516 251 658 517 252 659 518 253 657 516 251 659 518 253 655 514 250 655 514 250 659 518 253 660 519 254 663 521 257 662 520 256 661 444 255 661 444 255 662 520 256 664 441 258 665 522 259 664 441 258 662 520 256 666 443 260 664 441 258 665 522 259 667 446 261 663 521 257 661 444 255 668 523 262 663 521 257 667 446 261 669 447 263 668 523 262 667 446 261 668 523 262 670 524 264 663 521 257 671 525 265 670 524 264 668 523 262 672 447 263 671 525 265 668 523 262 662 520 256 673 526 266 665 522 259 670 524 264 673 526 266 663 521 257 663 521 257 673 526 266 662 520 256 670 524 264 674 438 267 673 526 266 671 525 265 674 438 267 670 524 264 673 526 266 674 438 267 675 527 268 665 522 259 673 526 266 676 528 269 676 528 269 673 526 266 675 527 268 674 438 267 677 529 270 675 527 268 674 438 267 678 530 271 677 529 270 678 530 271 679 531 272 677 529 270 680 532 273 679 531 272 678 530 271 680 532 273 681 533 274 679 531 272 682 463 275 681 533 274 680 532 273 682 463 275 683 534 276 681 533 274 682 463 275 684 535 277 683 534 276 685 461 278 684 535 277 682 463 275 686 464 279 684 535 277 685 461 278 684 535 277 687 465 280 683 534 276 686 464 279 687 465 280 684 535 277 683 534 276 687 465 280 688 466 281 681 533 274 683 534 276 689 536 282 688 466 281 690 537 283 683 534 276 683 534 276 690 537 283 689 536 282 690 537 283 691 538 284 689 536 282 678 530 271 692 539 285 680 532 273 680 532 273 692 539 285 693 540 286 693 540 286 692 539 285 694 470 287 693 540 286 695 468 288 680 532 273 680 532 273 695 468 288 682 463 275 696 470 287 695 468 288 693 540 286 691 538 284 697 541 289 689 536 282 689 536 282 697 541 289 681 533 274 698 542 290 691 538 284 690 537 283 699 543 291 691 538 284 698 542 290 688 466 281 700 544 292 690 537 283 690 537 283 700 544 292 698 542 290 700 544 292 688 466 281 701 545 293 701 545 293 688 466 281 702 477 294 701 545 293 702 477 294 703 480 295 701 545 293 704 546 296 700 544 292 700 544 292 704 546 296 705 547 297 705 547 297 698 542 290 700 544 292 704 546 296 706 482 298 705 547 297 707 481 299 706 482 298 704 546 296 708 480 295 707 481 299 704 546 296 706 482 298 709 548 300 705 547 297 699 543 291 709 548 300 710 549 301 705 547 297 709 548 300 711 550 302 711 550 302 698 542 290 705 547 297 699 543 291 698 542 290 711 550 302 699 543 291 711 550 302 709 548 300 710 549 301 709 548 300 712 551 303 710 549 301 712 551 303 713 552 304 713 552 304 712 551 303 714 553 305 712 551 303 715 554 306 714 553 305 716 555 307 715 554 306 712 551 303 715 554 306 716 555 307 717 556 308 718 482 298 716 555 307 712 551 303 712 551 303 709 548 300 718 482 298 719 557 309 716 555 307 718 482 298 720 556 308 716 555 307 719 557 309 721 558 310 710 549 301 713 552 304 699 543 291 710 549 301 721 558 310 699 543 291 721 558 310 722 559 311 720 556 308 724 561 309 723 560 307 725 519 298 723 560 307 724 561 309 726 562 303 723 560 307 725 519 298 726 562 303 727 554 306 723 560 307 727 554 306 728 556 308 723 560 307 729 553 305 727 554 306 726 562 303 729 553 305 726 562 303 730 552 304 730 552 304 726 562 303 731 563 301 731 563 301 726 562 303 732 564 300 732 564 300 726 562 303 725 519 298 733 565 291 731 563 301 732 564 300 733 565 291 732 564 300 734 566 302 732 564 300 735 567 297 734 566 302 736 519 298 735 567 297 732 564 300 735 567 297 736 519 298 737 568 296 737 568 296 736 519 298 738 518 299 739 517 295 737 568 296 738 518 299 737 568 296 740 569 292 735 567 297 741 570 293 740 569 292 737 568 296 740 569 292 741 570 293 742 507 281 742 507 281 741 570 293 743 515 294 741 570 293 744 517 295 743 515 294 745 571 283 740 569 292 742 507 281 742 507 281 746 572 276 745 571 283 747 506 280 746 572 276 742 507 281 748 573 277 746 572 276 747 506 280 746 572 276 748 573 277 749 503 275 749 503 275 748 573 277 750 502 278 751 505 279 750 502 278 748 573 277 751 505 279 748 573 277 747 506 280 752 574 274 746 572 276 749 503 275 753 575 282 746 572 276 752 574 274 745 571 283 746 572 276 753 575 282 745 571 283 753 575 282 754 576 284 755 577 273 752 574 274 749 503 275 756 578 272 752 574 274 755 577 273 757 579 271 756 578 272 755 577 273 758 580 270 756 578 272 757 579 271 757 579 271 755 577 273 759 581 285 759 581 285 755 577 273 760 582 286 760 582 286 761 511 287 759 581 285 760 582 286 755 577 273 762 508 288 762 508 288 755 577 273 749 503 275 763 511 287 760 582 286 762 508 288 758 580 270 764 583 312 756 578 272 756 578 272 764 583 312 752 574 274 765 584 313 764 583 312 758 580 270 754 576 284 753 575 282 766 585 289 766 585 289 753 575 282 752 574 274 752 574 274 764 583 312 766 585 289 765 584 313 758 580 270 767 586 268 757 579 271 768 487 267 758 580 270 769 513 314 768 487 267 757 579 271 769 513 314 757 579 271 770 512 315 770 512 315 757 579 271 759 581 285 765 584 313 767 586 268 771 587 269 772 511 287 770 512 315 759 581 285 774 586 268 758 580 270 773 487 267 774 586 268 773 487 267 775 588 266 775 588 266 773 487 267 776 589 264 776 589 264 768 487 267 777 590 265 778 591 262 776 589 264 777 590 265 779 592 257 776 589 264 778 591 262 779 592 257 775 588 266 776 589 264 780 500 263 778 591 262 777 590 265 778 591 262 781 499 261 779 592 257 782 500 263 781 499 261 778 591 262 779 592 257 781 499 261 783 497 255 779 592 257 783 497 255 784 593 256 784 593 256 775 588 266 779 592 257 784 593 256 783 497 255 785 494 258 785 494 258 786 594 259 784 593 256 786 594 259 775 588 266 784 593 256 787 496 260 786 594 259 785 494 258 788 587 269 775 588 266 786 594 259 777 590 265 773 487 267 789 501 316 790 500 263 777 590 265 789 501 316 788 587 269 774 586 268 775 588 266 793 597 319 792 596 318 791 595 317 795 598 320 792 596 318 794 597 319 795 598 320 794 597 319 796 541 321 797 599 322 795 598 320 796 541 321 797 599 322 798 528 323 795 598 320 795 598 320 798 528 323 792 596 318 800 597 319 799 595 317 796 541 321 803 457 326 802 466 325 801 456 324 802 466 325 803 457 326 804 600 327 806 463 329 805 455 328 801 456 324 806 463 329 807 452 330 805 455 328 809 457 332 808 482 331 804 600 327 811 473 333 808 482 331 810 457 332 813 457 332 812 459 334 811 473 333 816 541 337 815 601 336 814 599 335 814 599 335 815 601 336 817 602 338 815 601 336 816 541 337 818 603 339 817 602 338 815 601 336 819 543 340 817 602 338 819 543 340 820 559 341 819 543 340 815 601 336 821 603 339 823 604 342 819 543 340 822 603 339 824 541 340 823 604 342 822 603 339 826 596 313 677 529 270 825 605 312 825 605 312 677 529 270 679 531 272 681 533 274 825 605 312 679 531 272 697 541 289 825 605 312 681 533 274 827 527 268 677 529 270 826 596 313 826 596 313 828 528 269 827 527 268 831 452 226 830 450 224 829 455 229 588 463 237 832 467 241 831 452 226 835 607 345 834 606 344 833 474 343 835 607 345 836 482 346 834 606 344 834 606 344 836 482 346 837 473 347 834 606 344 837 473 347 838 474 343 840 608 344 838 474 343 839 475 347 840 608 344 839 475 347 841 519 346 842 607 345 840 608 344 841 519 346 842 607 345 843 474 343 840 608 344 846 556 350 845 557 349 844 607 348 848 607 348 845 557 349 847 482 351 849 480 295 704 546 296 701 545 293 850 472 314 678 530 271 674 438 267 850 472 314 851 471 315 678 530 271 678 530 271 851 471 315 692 539 285 852 470 287 692 539 285 851 471 315 853 449 316 674 438 267 671 525 265 854 447 263 853 449 316 671 525 265 857 610 319 856 609 317 855 584 318 859 611 320 858 610 319 855 584 318 859 611 320 860 585 321 858 610 319 861 612 322 860 585 321 859 611 320 861 612 322 859 611 320 862 587 323 862 587 323 859 611 320 855 584 318 864 610 319 860 585 321 863 609 317 867 491 326 866 490 324 865 507 325 865 507 325 868 613 327 867 491 326 870 503 329 866 490 324 869 489 328 870 503 329 869 489 328 871 486 330 873 491 332 868 613 327 872 519 331 875 475 333 874 491 332 872 519 331 877 491 332 875 475 333 876 476 334 880 615 338 879 614 336 878 612 335 878 612 335 879 614 336 881 585 337 879 614 336 882 616 339 881 585 337 880 615 338 883 565 340 879 614 336 880 615 338 884 559 341 883 565 340 883 565 340 885 616 339 879 614 336 887 617 342 886 616 339 883 565 340 888 585 340 886 616 339 887 617 342 891 486 226 890 489 229 889 484 224 640 503 237 891 486 226 892 509 241 733 565 291 894 559 311 893 558 310 733 565 291 893 558 310 731 563 301 731 563 301 893 558 310 730 552 304 733 565 291 895 618 290 754 576 284 754 576 284 895 618 290 745 571 283 895 618 290 740 569 292 745 571 283 740 569 292 895 618 290 735 567 297 735 567 297 895 618 290 734 566 302 733 565 291 734 566 302 895 618 290 898 556 350 897 607 348 896 561 349 900 607 348 899 519 351 896 561 349 901 517 295 741 570 293 737 568 296 904 621 354 903 620 353 902 619 352 902 619 352 903 620 353 905 622 355 905 622 355 906 623 356 902 619 352 907 624 357 906 623 356 905 622 355 908 625 358 905 622 355 903 620 353 909 626 359 905 622 355 908 625 358 908 625 358 910 627 360 909 626 359 911 628 361 910 627 360 908 625 358 910 627 360 912 629 362 909 626 359 909 626 359 912 629 362 913 630 363 911 628 361 914 631 364 910 627 360 914 631 364 915 632 365 910 627 360 910 627 360 915 632 365 916 629 366 917 633 367 914 631 364 911 628 361 913 630 363 918 624 368 909 626 359 909 626 359 918 624 368 905 622 355 911 628 361 919 634 369 917 633 367 917 633 367 919 634 369 920 635 370 908 625 358 921 636 371 911 628 361 911 628 361 921 636 371 919 634 369 903 620 353 921 636 371 908 625 358 922 637 372 921 636 371 903 620 353 904 621 354 922 637 372 903 620 353 923 638 373 922 637 372 904 621 354 926 640 376 925 639 375 924 629 374 924 629 374 925 639 375 927 630 363 928 632 365 926 640 376 924 629 374 929 641 377 926 640 376 928 632 365 929 641 377 930 642 378 926 640 376 931 643 379 930 642 378 929 641 377 931 643 379 932 644 361 930 642 378 932 644 361 933 645 358 930 642 378 930 642 378 933 645 358 934 646 380 930 642 378 934 646 380 926 640 376 926 640 376 934 646 380 925 639 375 935 647 367 932 644 361 931 643 379 935 647 367 936 634 369 932 644 361 937 635 370 936 634 369 935 647 367 936 634 369 938 636 371 932 644 361 932 644 361 938 636 371 933 645 358 927 630 363 925 639 375 939 624 381 939 624 381 925 639 375 940 648 382 925 639 375 934 646 380 940 648 382 940 648 382 941 623 356 939 624 381 942 649 383 941 623 356 940 648 382 933 645 358 943 650 384 934 646 380 940 648 382 934 646 380 943 650 384 940 648 382 943 650 384 942 649 383 944 651 353 943 650 384 933 645 358 938 636 371 944 651 353 933 645 358 945 637 372 944 651 353 938 636 371 944 651 353 946 652 385 943 650 384 942 649 383 943 650 384 946 652 385 947 653 354 946 652 385 944 651 353 945 637 372 947 653 354 944 651 353 948 638 373 947 653 354 945 637 372 951 656 388 950 655 387 949 654 386 949 654 386 950 655 387 952 657 389 951 656 388 953 658 356 950 655 387 954 659 390 953 658 356 951 656 388 949 654 386 955 660 391 951 656 388 955 660 391 956 661 392 951 656 388 951 656 388 956 661 392 957 659 393 958 662 394 955 660 391 949 654 386 955 660 391 958 662 394 959 663 395 959 663 395 958 662 394 960 664 396 959 663 395 961 665 397 955 660 391 955 660 391 961 665 397 962 661 398 960 664 396 963 666 399 959 663 395 963 666 399 964 667 365 959 663 395 959 663 395 964 667 365 965 665 400 966 668 401 963 666 399 960 664 396 967 669 402 966 668 401 960 664 396 968 670 403 966 668 401 967 669 402 967 669 402 960 664 396 969 671 404 969 671 404 960 664 396 958 662 394 969 671 404 958 662 394 970 672 405 970 672 405 958 662 394 949 654 386 952 657 389 970 672 405 949 654 386 971 673 406 970 672 405 952 657 389 974 675 399 973 674 395 972 667 365 972 667 365 973 674 395 975 665 397 976 676 391 975 665 397 973 674 395 977 661 392 975 665 397 976 676 391 974 675 399 978 677 396 973 674 395 979 678 401 978 677 396 974 675 399 979 678 401 980 669 402 978 677 396 981 670 403 980 669 402 979 678 401 982 671 404 978 677 396 980 669 402 983 679 394 978 677 396 982 671 404 976 676 391 973 674 395 983 679 394 983 679 394 973 674 395 978 677 396 984 680 388 977 661 392 976 676 391 985 659 407 977 661 392 984 680 388 984 680 388 986 658 356 985 659 407 987 681 387 986 658 356 984 680 388 982 671 404 988 672 405 983 679 394 983 679 394 988 672 405 989 682 386 984 680 388 976 676 391 989 682 386 989 682 386 976 676 391 983 679 394 989 682 386 987 681 387 984 680 388 988 672 405 990 683 389 989 682 386 990 683 389 987 681 387 989 682 386 991 673 406 990 683 389 988 672 405 994 686 388 993 685 387 992 684 386 992 684 386 993 685 387 995 687 389 994 686 388 996 688 356 993 685 387 997 689 390 996 688 356 994 686 388 994 686 388 992 684 386 998 690 408 999 691 409 994 686 388 998 690 408 998 690 408 1000 692 397 999 691 409 1001 693 395 1000 692 397 998 690 408 1002 694 410 1001 693 395 998 690 408 998 690 408 992 684 386 1002 694 410 1003 695 396 1001 693 395 1002 694 410 1003 695 396 1004 696 399 1001 693 395 1004 696 399 1005 697 365 1001 693 395 1001 693 395 1005 697 365 1006 692 400 1007 698 401 1004 696 399 1003 695 396 1008 699 402 1007 698 401 1003 695 396 1009 700 403 1007 698 401 1008 699 402 1008 699 402 1003 695 396 1010 701 411 1010 701 411 1003 695 396 1002 694 410 1002 694 410 1011 702 405 1010 701 411 992 684 386 1011 702 405 1002 694 410 995 687 389 1011 702 405 992 684 386 1012 703 406 1011 702 405 995 687 389 1013 689 393 994 686 388 999 691 409 1016 705 399 1015 704 395 1014 697 365 1014 697 365 1015 704 395 1017 692 397 1018 706 408 1017 692 397 1015 704 395 1019 691 409 1017 692 397 1018 706 408 1016 705 399 1020 707 396 1015 704 395 1021 708 401 1020 707 396 1016 705 399 1021 708 401 1022 699 402 1020 707 396 1023 700 403 1022 699 402 1021 708 401 1022 699 402 1024 701 411 1020 707 396 1020 707 396 1024 701 411 1025 709 410 1018 706 408 1015 704 395 1025 709 410 1025 709 410 1015 704 395 1020 707 396 1026 710 388 1019 691 409 1018 706 408 1027 689 407 1019 691 409 1026 710 388 1026 710 388 1028 688 356 1027 689 407 1029 711 387 1028 688 356 1026 710 388 1030 702 405 1025 709 410 1024 701 411 1031 712 386 1025 709 410 1030 702 405 1026 710 388 1018 706 408 1031 712 386 1031 712 386 1018 706 408 1025 709 410 1031 712 386 1029 711 387 1026 710 388 1030 702 405 1032 713 389 1031 712 386 1032 713 389 1029 711 387 1031 712 386 1033 703 406 1032 713 389 1030 702 405 1036 716 354 1035 715 353 1034 714 352 1034 714 352 1035 715 353 1037 717 355 1037 717 355 1038 718 356 1034 714 352 1039 719 357 1038 718 356 1037 717 355 1040 720 358 1037 717 355 1035 715 353 1041 721 359 1037 717 355 1040 720 358 1040 720 358 1042 722 360 1041 721 359 1043 723 361 1042 722 360 1040 720 358 1042 722 360 1044 724 362 1041 721 359 1041 721 359 1044 724 362 1045 725 363 1043 723 361 1046 726 364 1042 722 360 1046 726 364 1047 727 365 1042 722 360 1042 722 360 1047 727 365 1048 724 366 1049 728 367 1046 726 364 1043 723 361 1050 729 412 1049 728 367 1043 723 361 1051 730 403 1049 728 367 1050 729 412 1050 729 412 1043 723 361 1052 731 413 1052 731 413 1043 723 361 1040 720 358 1045 725 363 1053 719 368 1041 721 359 1041 721 359 1053 719 368 1037 717 355 1035 715 353 1052 731 413 1040 720 358 1054 732 414 1052 731 413 1035 715 353 1036 716 354 1054 732 414 1035 715 353 1055 733 406 1054 732 414 1036 716 354 1058 735 376 1057 734 375 1056 724 374 1056 724 374 1057 734 375 1059 725 363 1060 727 365 1058 735 376 1056 724 374 1061 736 377 1058 735 376 1060 727 365 1061 736 377 1062 737 378 1058 735 376 1063 738 379 1062 737 378 1061 736 377 1063 738 379 1064 739 361 1062 737 378 1064 739 361 1065 740 358 1062 737 378 1062 737 378 1065 740 358 1066 741 380 1062 737 378 1066 741 380 1058 735 376 1058 735 376 1066 741 380 1057 734 375 1067 742 367 1064 739 361 1063 738 379 1067 742 367 1068 729 412 1064 739 361 1069 730 403 1068 729 412 1067 742 367 1068 729 412 1070 731 413 1064 739 361 1064 739 361 1070 731 413 1065 740 358 1059 725 363 1057 734 375 1071 719 381 1071 719 381 1057 734 375 1072 743 382 1057 734 375 1066 741 380 1072 743 382 1072 743 382 1073 718 356 1071 719 381 1074 744 383 1073 718 356 1072 743 382 1065 740 358 1075 745 384 1066 741 380 1072 743 382 1066 741 380 1075 745 384 1072 743 382 1075 745 384 1074 744 383 1076 746 353 1075 745 384 1065 740 358 1070 731 413 1076 746 353 1065 740 358 1077 732 414 1076 746 353 1070 731 413 1076 746 353 1078 747 385 1075 745 384 1074 744 383 1075 745 384 1078 747 385 1079 748 354 1078 747 385 1076 746 353 1077 732 414 1079 748 354 1076 746 353 1080 733 406 1079 748 354 1077 732 414 1083 751 417 1082 750 416 1081 749 415 1081 749 415 1082 750 416 1084 752 418 1081 749 415 1084 752 418 1085 753 419 1085 753 419 1084 752 418 1086 754 420 1083 751 417 1087 755 421 1082 750 416 1088 756 422 1087 755 421 1083 751 417 1091 759 424 1090 758 423 1089 757 364 1089 757 364 1090 758 423 1092 760 367 1093 761 365 1091 759 424 1089 757 364 1094 762 425 1091 759 424 1093 761 365 1095 763 426 1092 760 367 1090 758 423 1096 764 403 1092 760 367 1095 763 426 1091 759 424 1094 762 425 1097 765 359 1097 765 359 1094 762 425 1098 766 363 1099 767 393 1097 765 359 1098 766 363 1100 768 427 1097 765 359 1099 767 393 1099 767 393 1101 769 428 1100 768 427 1100 768 427 1101 769 428 1102 770 429 1097 765 359 1100 768 427 1103 771 358 1090 758 423 1091 759 424 1103 771 358 1103 771 358 1091 759 424 1097 765 359 1103 771 358 1100 768 427 1104 772 430 1102 770 429 1104 772 430 1100 768 427 1104 772 430 1105 773 413 1103 771 358 1095 763 426 1090 758 423 1105 773 413 1105 773 413 1090 758 423 1103 771 358 1106 774 431 1105 773 413 1104 772 430 1107 775 432 1104 772 430 1102 770 429 1107 775 432 1108 776 433 1104 772 430 1104 772 430 1108 776 433 1106 774 431 1111 778 435 1110 777 434 1109 761 365 1109 761 365 1110 777 434 1112 762 425 1111 778 435 1113 779 436 1110 777 434 1114 780 437 1113 779 436 1111 778 435 1113 779 436 1114 780 437 1115 763 426 1115 763 426 1114 780 437 1116 764 403 1115 763 426 1117 781 438 1113 779 436 1113 779 436 1117 781 438 1110 777 434 1118 773 413 1117 781 438 1115 763 426 1117 781 438 1118 773 413 1119 782 439 1120 783 440 1117 781 438 1119 782 439 1121 784 375 1117 781 438 1120 783 440 1110 777 434 1117 781 438 1121 784 375 1110 777 434 1121 784 375 1112 762 425 1119 782 439 1118 773 413 1122 774 431 1122 774 431 1123 785 441 1119 782 439 1124 776 433 1123 785 441 1122 774 431 1123 785 441 1125 786 442 1119 782 439 1119 782 439 1125 786 442 1120 783 440 1126 769 428 1120 783 440 1125 786 442 1127 767 393 1120 783 440 1126 769 428 1120 783 440 1127 767 393 1121 784 375 1121 784 375 1127 767 393 1128 766 363 1112 762 425 1121 784 375 1128 766 363 1131 788 445 1130 778 444 1129 787 443 1129 787 443 1130 778 444 1132 761 446 1131 788 445 1133 780 447 1130 778 444 1134 789 448 1133 780 447 1131 788 445 1134 789 448 1135 790 449 1133 780 447 1136 791 450 1135 790 449 1134 789 448 1139 794 418 1138 793 452 1137 792 451 1137 792 451 1138 793 452 1140 757 453 1141 790 449 1139 794 418 1137 792 451 1142 791 450 1139 794 418 1141 790 449 1138 793 452 1143 787 443 1140 757 453 1140 757 453 1143 787 443 1144 761 446 1147 796 454 1146 753 419 1145 795 448 1145 795 448 1146 753 419 1148 754 420 1149 797 455 1147 796 454 1145 795 448 1150 798 456 1147 796 454 1149 797 455 1151 755 421 1150 798 456 1149 797 455 1152 756 422 1150 798 456 1151 755 421 1155 801 459 1154 800 458 1153 799 457 1153 799 457 1154 800 458 1156 802 460 1153 799 457 1156 802 460 1157 803 428 1157 803 428 1156 802 460 1158 804 393 1158 804 393 1156 802 460 1159 805 461 1159 805 461 1156 802 460 1160 806 462 1156 802 460 1154 800 458 1160 806 462 1160 806 462 1161 807 463 1159 805 461 1162 808 464 1161 807 463 1160 806 462 1163 809 465 1162 808 464 1160 806 462 1160 806 462 1154 800 458 1163 809 465 1164 810 466 1162 808 464 1163 809 465 1162 808 464 1164 810 466 1165 811 399 1165 811 399 1164 810 466 1166 812 401 1163 809 465 1167 813 467 1164 810 466 1168 814 468 1167 813 467 1163 809 465 1154 800 458 1168 814 468 1163 809 465 1169 815 431 1168 814 468 1154 800 458 1155 801 459 1169 815 431 1154 800 458 1170 816 433 1169 815 431 1155 801 459 1165 811 399 1171 817 365 1162 808 464 1162 808 464 1171 817 365 1161 807 463 1167 813 467 1172 818 403 1164 810 466 1164 810 466 1172 818 403 1166 812 401 1175 821 446 1174 820 469 1173 819 443 1173 819 443 1174 820 469 1176 822 470 1174 820 469 1177 823 471 1176 822 470 1176 822 470 1177 823 471 1178 824 472 1177 823 471 1179 825 449 1178 824 472 1178 824 472 1179 825 449 1180 826 450 1175 821 446 1182 819 443 1181 827 469 1181 827 469 1182 819 443 1183 828 470 1181 827 469 1183 828 470 1184 829 471 1184 829 471 1183 828 470 1185 830 472 1184 829 471 1185 830 472 1186 825 449 1186 825 449 1185 830 472 1187 826 450 1190 805 461 1189 807 463 1188 831 462 1188 831 462 1189 807 463 1191 832 464 1188 831 462 1191 832 464 1192 833 465 1192 833 465 1191 832 464 1193 834 466 1193 834 466 1194 814 468 1192 833 465 1195 813 467 1194 814 468 1193 834 466 1193 834 466 1196 835 401 1195 813 467 1195 813 467 1196 835 401 1197 818 403 1198 836 460 1190 805 461 1188 831 462 1199 804 393 1190 805 461 1198 836 460 1199 804 393 1198 836 460 1200 803 428 1200 803 428 1198 836 460 1201 837 457 1202 815 431 1192 833 465 1194 814 468 1203 838 458 1192 833 465 1202 815 431 1198 836 460 1188 831 462 1203 838 458 1203 838 458 1188 831 462 1192 833 465 1198 836 460 1203 838 458 1201 837 457 1201 837 457 1203 838 458 1204 839 459 1202 815 431 1204 839 459 1203 838 458 1205 816 433 1204 839 459 1202 815 431 1206 817 365 1191 832 464 1189 807 463 1207 840 399 1191 832 464 1206 817 365 1191 832 464 1207 840 399 1193 834 466 1193 834 466 1207 840 399 1196 835 401 1210 843 474 1209 842 419 1208 841 473 1208 841 473 1209 842 419 1211 844 420 1212 845 470 1210 843 474 1208 841 473 1213 846 475 1210 843 474 1212 845 470 1214 847 421 1213 846 475 1212 845 470 1216 848 422 1213 846 475 1215 847 421 1216 848 422 1215 847 421 1217 849 475 1217 849 475 1215 847 421 1218 850 470 1217 849 475 1218 850 470 1219 851 474 1219 851 474 1218 850 470 1220 852 473 1220 852 473 1221 842 419 1219 851 474 1222 844 420 1221 842 419 1220 852 473 1225 853 478 1224 854 477 1223 853 476 1223 853 476 1224 854 477 1226 855 479 1224 854 477 1227 856 480 1226 855 479 1228 857 481 1227 856 480 1224 854 477 1231 860 484 1230 859 483 1229 858 482 1229 858 482 1230 859 483 1232 861 485 1233 862 486 1231 860 484 1229 858 482 1234 863 487 1231 860 484 1233 862 486 1233 862 486 1235 864 488 1234 863 487 1236 864 489 1235 864 488 1233 862 486 1239 867 492 1238 866 491 1237 865 490 1237 865 490 1238 866 491 1240 868 493 1237 865 490 1241 869 494 1239 867 492 1239 867 492 1241 869 494 1242 870 495 1242 870 495 1241 869 494 1243 871 496 1242 870 495 1243 871 496 1244 872 497 1244 872 497 1243 871 496 1245 872 498 1246 873 499 1241 869 494 1237 865 490 1249 876 494 1248 875 499 1247 874 500 1247 874 500 1248 875 499 1250 877 501 1251 878 502 1249 876 494 1247 874 500 1252 879 496 1249 876 494 1251 878 502 1252 879 496 1251 878 502 1253 880 498 1253 880 498 1251 878 502 1254 880 503 1257 883 505 1256 882 504 1255 881 497 1255 881 497 1256 882 504 1258 884 495 1256 882 504 1259 885 492 1258 884 495 1256 882 504 1260 886 506 1259 885 492 1259 885 492 1260 886 506 1261 887 491 1264 890 508 1263 889 507 1262 888 491 1262 888 491 1263 889 507 1265 891 493 1268 893 490 1267 892 509 1266 875 499 1266 875 499 1267 892 509 1269 894 510 1272 895 485 1271 895 511 1270 895 482 1270 895 482 1271 895 511 1273 895 512 1273 895 512 1274 895 486 1270 895 482 1274 895 486 1273 895 512 1275 895 489 1275 895 489 1273 895 512 1276 895 513 1279 896 493 1278 896 514 1277 896 490 1277 896 490 1278 896 514 1280 896 509 1283 897 510 1282 897 499 1281 897 499 1286 900 483 1285 899 515 1284 898 485 1284 898 485 1285 899 515 1287 901 516 1285 899 515 1286 900 483 1288 902 517 1291 905 492 1290 904 490 1289 903 491 1289 903 491 1290 904 490 1292 906 493 1291 905 492 1293 856 499 1290 904 490 1296 909 519 1295 908 518 1294 907 476 1294 907 476 1295 908 518 1297 907 478 1298 910 520 1295 908 518 1296 909 519 1299 911 521 1295 908 518 1298 910 520 1298 910 520 1300 912 480 1299 911 521 1299 911 521 1300 912 480 1301 913 481 1304 915 523 1303 914 481 1302 894 522 1302 894 522 1303 914 481 1305 916 480 1304 915 523 1306 917 524 1303 914 481 1309 920 519 1308 919 476 1307 918 525 1307 918 525 1308 919 476 1310 919 526 1311 921 527 1309 920 519 1307 918 525 1312 922 520 1309 920 519 1311 921 527 1311 921 527 1313 923 528 1312 922 520 1312 922 520 1313 923 528 1314 924 480 1317 927 517 1316 926 483 1315 925 529 1315 925 529 1316 926 483 1318 928 484 1315 925 529 1318 928 484 1319 929 530 1319 929 530 1318 928 484 1320 930 487 1321 931 488 1319 929 530 1320 930 487 1322 931 531 1319 929 530 1321 931 488 1325 934 518 1324 933 532 1323 932 478 1323 932 478 1324 933 532 1326 932 533 1327 935 521 1324 933 532 1325 934 518 1328 936 534 1324 933 532 1327 935 521 1327 935 521 1329 937 481 1328 936 534 1328 936 534 1329 937 481 1330 938 524 1333 939 522 1332 939 480 1331 939 528 1336 942 498 1335 941 494 1334 940 497 1334 940 497 1335 941 494 1337 943 492 1338 944 499 1337 943 492 1335 941 494 1341 947 485 1340 946 483 1339 945 535 1339 945 535 1340 946 483 1342 948 536 1343 949 488 1339 945 535 1342 948 536 1344 950 489 1339 945 535 1343 949 488 1347 853 478 1346 853 476 1345 951 477 1345 951 477 1346 853 476 1348 952 479 1348 952 479 1349 953 480 1345 951 477 1345 951 477 1349 953 480 1350 954 481 1353 957 484 1352 956 482 1351 955 483 1351 955 483 1352 956 482 1354 958 485 1353 957 484 1355 959 486 1352 956 482 1356 960 487 1355 959 486 1353 957 484 1356 960 487 1357 864 488 1355 959 486 1355 959 486 1357 864 488 1358 864 489 1361 963 493 1360 962 491 1359 961 490 1359 961 490 1360 962 491 1362 964 492 1362 964 492 1363 965 494 1359 961 490 1362 964 492 1364 966 495 1363 965 494 1363 965 494 1364 966 495 1365 967 496 1364 966 495 1366 872 497 1365 967 496 1365 967 496 1366 872 497 1367 872 498 1359 961 490 1363 965 494 1368 968 499 1371 971 501 1370 970 499 1369 969 500 1369 969 500 1370 970 499 1372 972 494 1372 972 494 1373 973 502 1369 969 500 1374 974 496 1373 973 502 1372 972 494 1374 974 496 1375 880 498 1373 973 502 1373 973 502 1375 880 498 1376 880 503 1379 976 495 1378 975 504 1377 881 497 1377 881 497 1378 975 504 1380 883 505 1378 975 504 1379 976 495 1381 977 492 1381 977 492 1382 978 506 1378 975 504 1383 979 491 1382 978 506 1381 977 492 1386 891 493 1385 981 507 1384 980 491 1384 980 491 1385 981 507 1387 982 508 1390 893 490 1389 970 499 1388 983 509 1388 983 509 1389 970 499 1391 984 510 1394 895 485 1393 895 482 1392 895 511 1392 895 511 1393 895 482 1395 895 512 1395 895 512 1393 895 482 1396 895 486 1396 895 486 1397 895 489 1395 895 512 1395 895 512 1397 895 489 1398 895 513 1401 896 493 1400 896 490 1399 896 514 1399 896 514 1400 896 490 1402 896 509 1405 985 510 1404 985 499 1403 985 499 1408 988 483 1407 987 485 1406 986 515 1406 986 515 1407 987 485 1409 901 516 1406 986 515 1410 902 517 1408 988 483 1413 991 492 1412 990 491 1411 989 490 1411 989 490 1412 990 491 1414 992 493 1413 991 492 1411 989 490 1415 953 499 1418 994 519 1417 907 476 1416 993 518 1416 993 518 1417 907 476 1419 907 478 1418 994 519 1416 993 518 1420 995 520 1420 995 520 1416 993 518 1421 996 521 1421 996 521 1422 997 480 1420 995 520 1423 998 481 1422 997 480 1421 996 521 1426 1000 480 1425 999 481 1424 984 522 1424 984 522 1425 999 481 1427 1001 523 1427 1001 523 1425 999 481 1428 917 524 1431 919 526 1430 919 476 1429 1002 525 1429 1002 525 1430 919 476 1432 1003 519 1429 1002 525 1432 1003 519 1433 1004 527 1433 1004 527 1432 1003 519 1434 1005 520 1434 1005 520 1435 1006 528 1433 1004 527 1436 1007 480 1435 1006 528 1434 1005 520 1439 1010 484 1438 1009 483 1437 1008 529 1437 1008 529 1438 1009 483 1440 1011 517 1441 1012 530 1439 1010 484 1437 1008 529 1442 1013 487 1439 1010 484 1441 1012 530 1442 1013 487 1441 1012 530 1443 931 488 1443 931 488 1441 1012 530 1444 931 531 1447 1015 518 1446 932 478 1445 1014 532 1445 1014 532 1446 932 478 1448 932 533 1447 1015 518 1445 1014 532 1449 1016 521 1449 1016 521 1445 1014 532 1450 1017 534 1450 1017 534 1451 1018 481 1449 1016 521 1452 1019 524 1451 1018 481 1450 1017 534 1455 1020 522 1454 1020 528 1453 1020 480 1458 942 498 1457 940 497 1456 1021 494 1456 1021 494 1457 940 497 1459 1022 492 1460 1023 499 1456 1021 494 1459 1022 492 1463 1026 536 1462 1025 483 1461 1024 535 1461 1024 535 1462 1025 483 1464 1027 485 1461 1024 535 1465 949 488 1463 1026 536 1466 950 489 1465 949 488 1461 1024 535 1469 1030 539 1468 1029 538 1467 1028 537 1467 1028 537 1468 1029 538 1470 1031 540 1470 1031 540 1468 1029 538 1471 1032 537 1471 1032 537 1468 1029 538 1472 1033 539 1467 1028 537 1473 1033 541 1469 1030 539 1474 1032 542 1473 1033 541 1467 1028 537 1477 1030 544 1476 1033 537 1475 1029 543 1480 1032 537 1479 1028 544 1478 1031 543 1483 1036 539 1482 1035 538 1481 1034 537 1481 1034 537 1482 1035 538 1484 1037 540 1484 1037 540 1482 1035 538 1485 1038 537 1485 1038 537 1482 1035 538 1486 1039 539 1481 1034 537 1487 1039 541 1483 1036 539 1488 1038 542 1487 1039 541 1481 1034 537 1491 1036 544 1490 1039 537 1489 1035 543 1494 1038 537 1493 1034 544 1492 1037 543 1497 1042 539 1496 1041 538 1495 1040 537 1495 1040 537 1496 1041 538 1498 1043 540 1498 1043 540 1496 1041 538 1499 1044 537 1499 1044 537 1496 1041 538 1500 1045 539 1495 1040 537 1501 1045 541 1497 1042 539 1502 1044 542 1501 1045 541 1495 1040 537 1505 1042 544 1504 1045 537 1503 1041 543 1508 1044 537 1507 1040 544 1506 1043 543 1511 1048 547 1510 1047 546 1509 1046 545 1509 1046 545 1510 1047 546 1512 1049 548 1511 1048 547 1509 1046 545 1513 1050 549 1513 1050 549 1509 1046 545 1514 1051 550 1514 1051 550 1509 1046 545 1512 1049 548 1515 1052 551 1514 1051 550 1512 1049 548 1516 1053 552 1514 1051 550 1515 1052 551 1511 1048 547 1517 1054 553 1510 1047 546 1511 1048 547 1513 1050 549 1517 1054 553 1510 1047 546 1517 1054 553 1518 1055 554 1517 1054 553 1513 1050 549 1519 1056 555 1520 1057 556 1518 1055 554 1517 1054 553 1519 1056 555 1520 1057 556 1517 1054 553 1520 1057 556 1519 1056 555 1521 1058 557 1520 1057 556 1521 1058 557 1522 1059 558 1523 1060 559 1520 1057 556 1522 1059 558 1524 1061 560 1520 1057 556 1523 1060 559 1524 1061 560 1518 1055 554 1520 1057 556 1512 1049 548 1525 1062 561 1515 1052 551 1515 1052 551 1525 1062 561 1526 1063 562 1524 1061 560 1523 1060 559 1527 1064 563 1527 1064 563 1518 1055 554 1524 1061 560 1527 1064 563 1523 1060 559 1528 1065 564 1528 1065 564 1529 1066 565 1527 1064 563 1529 1066 565 1518 1055 554 1527 1064 563 1530 1067 566 1529 1066 565 1528 1065 564 1531 1068 567 1529 1066 565 1530 1067 566 1532 1069 568 1529 1066 565 1531 1068 567 1532 1069 568 1510 1047 546 1529 1066 565 1529 1066 565 1510 1047 546 1518 1055 554 1510 1047 546 1532 1069 568 1533 1070 569 1533 1070 569 1534 1071 570 1525 1062 561 1525 1062 561 1534 1071 570 1535 1063 562 1512 1049 548 1510 1047 546 1533 1070 569 1512 1049 548 1533 1070 569 1525 1062 561 1533 1070 569 1536 1068 567 1534 1071 570 1537 1069 568 1536 1068 567 1533 1070 569 1540 1074 573 1539 1073 572 1538 1072 571 1538 1072 571 1539 1073 572 1541 1075 574 1539 1073 572 1540 1074 573 1542 1076 575 1542 1076 575 1540 1074 573 1543 1077 576 1539 1073 572 1544 1078 577 1541 1075 574 1544 1078 577 1539 1073 572 1545 1079 578 1545 1079 578 1539 1073 572 1542 1076 575 1545 1079 578 1546 1080 579 1544 1078 577 1544 1078 577 1546 1080 579 1547 1081 580 1548 1075 574 1544 1078 577 1547 1081 580 1547 1081 580 1546 1080 579 1549 1082 581 1550 1083 582 1546 1080 579 1545 1079 578 1545 1079 578 1551 1084 583 1550 1083 582 1551 1084 583 1552 1085 584 1550 1083 582 1550 1083 582 1552 1085 584 1553 1086 585 1551 1084 583 1554 1087 586 1552 1085 584 1542 1076 575 1554 1087 586 1545 1079 578 1545 1079 578 1554 1087 586 1551 1084 583 1552 1085 584 1554 1087 586 1555 1088 587 1554 1087 586 1542 1076 575 1555 1088 587 1555 1088 587 1542 1076 575 1543 1077 576 1558 1089 588 1557 1072 571 1556 1082 581 1557 1072 571 1559 1075 574 1556 1082 581 1561 1091 588 1560 1090 581 1557 1072 571 1557 1072 571 1560 1090 581 1562 1092 574 1565 1075 574 1564 1081 580 1563 1082 581 1568 1080 591 1567 1093 590 1566 1082 589 1566 1082 589 1567 1093 590 1569 1094 592 1567 1093 590 1568 1080 591 1570 1095 593 1570 1095 593 1568 1080 591 1571 1083 594 1567 1093 590 1572 1096 595 1569 1094 592 1569 1094 592 1572 1096 595 1573 1097 596 1572 1096 595 1567 1093 590 1574 1098 597 1574 1098 597 1567 1093 590 1570 1095 593 1572 1096 595 1575 1050 598 1573 1097 596 1574 1098 597 1575 1050 598 1572 1096 595 1573 1097 596 1575 1050 598 1576 1051 599 1577 1056 600 1575 1050 598 1574 1098 597 1570 1095 593 1571 1083 594 1578 1099 601 1579 1100 602 1578 1099 601 1571 1083 594 1578 1099 601 1579 1100 602 1580 1101 603 1574 1098 597 1570 1095 593 1580 1101 603 1580 1101 603 1570 1095 593 1578 1099 601 1581 1102 604 1574 1098 597 1580 1101 603 1580 1101 603 1579 1100 602 1581 1102 604 1581 1102 604 1577 1056 600 1574 1098 597 1582 1103 605 1579 1100 602 1571 1083 594 1583 1058 606 1577 1056 600 1581 1102 604 1586 1097 596 1585 1051 599 1584 1094 592 1584 1094 592 1585 1051 599 1587 1082 589 1589 1051 599 1588 1104 607 1587 1082 589 1591 1082 589 1588 1104 607 1590 1091 608 1594 1107 540 1593 1106 538 1592 1105 537 1592 1105 537 1593 1106 538 1595 1108 539 1594 1107 540 1596 1109 537 1593 1106 538 1593 1106 538 1596 1109 537 1597 1110 539 1598 1110 541 1592 1105 537 1595 1108 539 1599 1109 542 1592 1105 537 1598 1110 541 1602 1108 544 1601 1106 543 1600 1110 537 1605 1109 537 1604 1107 543 1603 1105 544 1608 1113 540 1607 1112 538 1606 1111 537 1606 1111 537 1607 1112 538 1609 1114 539 1608 1113 540 1610 1115 537 1607 1112 538 1607 1112 538 1610 1115 537 1611 1116 539 1612 1116 541 1606 1111 537 1609 1114 539 1613 1115 542 1606 1111 537 1612 1116 541 1616 1114 544 1615 1112 543 1614 1116 537 1619 1115 537 1618 1113 543 1617 1111 544 1622 1119 540 1621 1118 538 1620 1117 537 1620 1117 537 1621 1118 538 1623 1120 539 1622 1119 540 1624 1121 537 1621 1118 538 1621 1118 538 1624 1121 537 1625 1122 539 1626 1122 541 1620 1117 537 1623 1120 539 1627 1121 542 1620 1117 537 1626 1122 541 1630 1120 544 1629 1118 543 1628 1122 537 1633 1121 537 1632 1119 543 1631 1117 544 1636 1125 560 1635 1124 559 1634 1123 556 1634 1123 556 1635 1124 559 1637 1126 558 1634 1123 556 1637 1126 558 1638 1127 555 1639 1128 553 1634 1123 556 1638 1127 555 1638 1127 555 1637 1126 558 1640 1129 557 1641 1130 549 1639 1128 553 1638 1127 555 1642 1131 547 1639 1128 553 1641 1130 549 1643 1132 546 1639 1128 553 1642 1131 547 1644 1133 554 1639 1128 553 1643 1132 546 1636 1125 560 1634 1123 556 1644 1133 554 1644 1133 554 1634 1123 556 1639 1128 553 1645 1134 563 1635 1124 559 1636 1125 560 1644 1133 554 1645 1134 563 1636 1125 560 1646 1135 564 1635 1124 559 1645 1134 563 1645 1134 563 1647 1136 565 1646 1135 564 1647 1136 565 1645 1134 563 1644 1133 554 1643 1132 546 1647 1136 565 1644 1133 554 1646 1135 564 1647 1136 565 1648 1137 566 1647 1136 565 1649 1138 567 1648 1137 566 1650 1139 568 1649 1138 567 1647 1136 565 1650 1139 568 1647 1136 565 1643 1132 546 1650 1139 568 1643 1132 546 1651 1140 569 1651 1140 569 1643 1132 546 1652 1141 548 1651 1140 569 1652 1141 548 1653 1142 561 1652 1141 548 1654 1143 551 1653 1142 561 1654 1143 551 1652 1141 548 1655 1144 550 1656 1104 552 1654 1143 551 1655 1144 550 1655 1144 550 1652 1141 548 1657 1145 545 1652 1141 548 1643 1132 546 1657 1145 545 1657 1145 545 1643 1132 546 1642 1131 547 1653 1142 561 1654 1143 551 1658 1146 562 1653 1142 561 1659 1147 570 1651 1140 569 1660 1146 562 1659 1147 570 1653 1142 561 1655 1144 550 1657 1145 545 1641 1130 549 1641 1130 549 1657 1145 545 1642 1131 547 1659 1147 570 1661 1138 567 1651 1140 569 1651 1140 569 1661 1138 567 1662 1139 568 1665 1150 576 1664 1149 573 1663 1148 575 1663 1148 575 1664 1149 573 1666 1151 572 1663 1148 575 1666 1151 572 1667 1152 578 1667 1152 578 1666 1151 572 1668 1153 577 1669 1154 579 1667 1152 578 1668 1153 577 1670 1155 582 1667 1152 578 1669 1154 579 1667 1152 578 1670 1155 582 1671 1156 583 1671 1156 583 1670 1155 582 1672 1157 584 1670 1155 582 1673 1158 585 1672 1157 584 1671 1156 583 1672 1157 584 1674 1159 586 1671 1156 583 1674 1159 586 1667 1152 578 1667 1152 578 1674 1159 586 1663 1148 575 1674 1159 586 1672 1157 584 1675 1160 587 1674 1159 586 1675 1160 587 1663 1148 575 1663 1148 575 1675 1160 587 1665 1150 576 1676 1161 580 1669 1154 579 1668 1153 577 1677 1090 581 1669 1154 579 1676 1161 580 1676 1161 580 1668 1153 577 1678 1092 574 1679 1092 574 1668 1153 577 1666 1151 572 1664 1149 573 1680 1072 571 1666 1151 572 1666 1151 572 1680 1072 571 1679 1092 574 1683 1092 574 1682 1090 581 1681 1161 580 1686 1163 590 1685 1162 593 1684 1154 591 1684 1154 591 1685 1162 593 1687 1155 594 1685 1162 593 1686 1163 590 1688 1164 597 1688 1164 597 1686 1163 590 1689 1165 595 1690 1166 598 1688 1164 597 1689 1165 595 1691 1167 600 1688 1164 597 1690 1166 598 1688 1164 597 1691 1167 600 1692 1168 603 1688 1164 597 1692 1168 603 1685 1162 593 1692 1168 603 1691 1167 600 1693 1169 604 1694 1170 606 1693 1169 604 1691 1167 600 1693 1169 604 1695 1171 602 1692 1168 603 1692 1168 603 1695 1171 602 1696 1172 601 1685 1162 593 1696 1172 601 1687 1155 594 1696 1172 601 1695 1171 602 1687 1155 594 1685 1162 593 1692 1168 603 1696 1172 601 1687 1155 594 1695 1171 602 1697 1173 605 1698 1174 596 1690 1166 598 1689 1165 595 1699 1175 599 1690 1166 598 1698 1174 596 1698 1174 596 1689 1165 595 1700 1176 592 1700 1176 592 1689 1165 595 1686 1163 590 1700 1176 592 1686 1163 590 1701 1090 589 1701 1090 589 1686 1163 590 1684 1154 591 1704 1174 596 1703 1176 592 1702 1175 599 1702 1175 599 1703 1176 592 1705 1090 589 1705 1090 589 1707 1053 607 1706 1175 599 1709 1089 608 1707 1053 607 1708 1090 589 1712 1177 611 1711 1177 610 1710 1177 609 1710 1177 609 1711 1177 610 1713 1177 612 1716 1178 615 1715 1178 614 1714 1178 613 1714 1178 613 1715 1178 614 1717 1178 616 1720 1179 611 1719 1179 609 1718 1179 610 1718 1179 610 1719 1179 609 1721 1179 612 1724 1180 619 1723 1180 618 1722 1180 617 1722 1180 617 1723 1180 618 1725 1180 620 1728 1181 620 1727 1181 613 1726 1181 618 1726 1181 618 1727 1181 613 1729 1181 615 1732 1182 622 1731 1182 621 1730 1182 618 1730 1182 618 1731 1182 621 1733 1182 615 1736 1185 625 1735 1184 624 1734 1183 623 1734 1183 623 1735 1184 624 1737 1186 626 1738 1187 627 1735 1184 624 1736 1185 625 1736 1185 625 1739 1188 628 1738 1187 627 1740 1183 629 1739 1188 628 1736 1185 625 1741 1189 630 1735 1184 624 1738 1187 627 1742 1190 631 1735 1184 624 1741 1189 630 1743 1186 632 1735 1184 624 1742 1190 631 1744 1191 633 1738 1187 627 1739 1188 628 1745 1192 634 1738 1187 627 1744 1191 633 1746 1193 635 1738 1187 627 1745 1192 634 1746 1193 635 1741 1189 630 1738 1187 627 1741 1189 630 1747 1194 636 1742 1190 631 1748 1195 637 1747 1194 636 1741 1189 630 1746 1193 635 1748 1195 637 1741 1189 630 1749 1196 638 1748 1195 637 1746 1193 635 1752 1199 625 1751 1198 624 1750 1197 639 1750 1197 639 1751 1198 624 1753 1200 640 1750 1197 639 1753 1200 640 1754 1201 641 1755 1202 637 1754 1201 641 1753 1200 640 1756 1203 638 1754 1201 641 1755 1202 637 1750 1197 639 1754 1201 641 1757 1204 642 1760 1205 644 1759 1205 643 1758 1205 635 1758 1205 635 1759 1205 643 1761 1205 638 1764 1206 634 1763 1206 645 1762 1206 635 1762 1206 635 1763 1206 645 1765 1206 644 1768 1209 625 1767 1208 623 1766 1207 624 1766 1207 624 1767 1208 623 1769 1210 626 1768 1209 625 1766 1207 624 1770 1211 627 1771 1212 628 1768 1209 625 1770 1211 627 1772 1208 629 1768 1209 625 1771 1212 628 1770 1211 627 1766 1207 624 1773 1213 630 1773 1213 630 1766 1207 624 1774 1214 631 1774 1214 631 1766 1207 624 1775 1210 632 1771 1212 628 1770 1211 627 1776 1215 633 1776 1215 633 1770 1211 627 1777 1216 634 1778 1217 635 1777 1216 634 1770 1211 627 1778 1217 635 1770 1211 627 1773 1213 630 1774 1214 631 1779 1194 636 1773 1213 630 1773 1213 630 1779 1194 636 1780 1195 637 1773 1213 630 1780 1195 637 1778 1217 635 1778 1217 635 1780 1195 637 1781 1196 638 1784 1220 625 1783 1219 639 1782 1218 624 1782 1218 624 1783 1219 639 1785 1221 640 1783 1219 639 1786 1222 641 1785 1221 640 1785 1221 640 1786 1222 641 1787 1202 637 1787 1202 637 1786 1222 641 1788 1203 638 1783 1219 639 1789 1223 642 1786 1222 641 1792 1205 638 1791 1205 643 1790 1205 635 1790 1205 635 1791 1205 643 1793 1205 644 1796 1224 634 1795 1224 635 1794 1224 645 1794 1224 645 1795 1224 635 1797 1224 644 1800 1177 611 1799 1177 609 1798 1177 610 1798 1177 610 1799 1177 609 1801 1177 612 1804 1225 615 1803 1225 613 1802 1225 614 1802 1225 614 1803 1225 613 1805 1225 616 1808 1179 612 1807 1179 609 1806 1179 610 1806 1179 610 1807 1179 609 1809 1179 611 1812 1226 619 1811 1226 617 1810 1226 618 1810 1226 618 1811 1226 617 1813 1226 620 1816 1227 620 1815 1227 618 1814 1227 613 1814 1227 613 1815 1227 618 1817 1227 615 1820 1228 622 1819 1228 618 1818 1228 621 1818 1228 621 1819 1228 618 1821 1228 615 1824 1231 625 1823 1230 623 1822 1229 624 1822 1229 624 1823 1230 623 1825 1232 626 1824 1231 625 1822 1229 624 1826 1233 627 1827 1234 628 1824 1231 625 1826 1233 627 1828 1230 629 1824 1231 625 1827 1234 628 1826 1233 627 1822 1229 624 1829 1235 630 1829 1235 630 1822 1229 624 1830 1236 631 1830 1236 631 1822 1229 624 1831 1232 632 1827 1234 628 1826 1233 627 1832 1237 633 1832 1237 633 1826 1233 627 1833 1238 634 1834 1239 635 1833 1238 634 1826 1233 627 1834 1239 635 1826 1233 627 1829 1235 630 1830 1236 631 1835 1240 636 1829 1235 630 1829 1235 630 1835 1240 636 1836 1241 637 1829 1235 630 1836 1241 637 1834 1239 635 1834 1239 635 1836 1241 637 1837 1242 638 1840 1245 625 1839 1244 639 1838 1243 624 1838 1243 624 1839 1244 639 1841 1246 640 1839 1244 639 1842 1247 641 1841 1246 640 1841 1246 640 1842 1247 641 1843 1248 637 1843 1248 637 1842 1247 641 1844 1249 638 1839 1244 639 1845 1250 642 1842 1247 641 1848 1251 638 1847 1251 643 1846 1251 635 1846 1251 635 1847 1251 643 1849 1251 644 1852 1252 634 1851 1252 635 1850 1252 645 1850 1252 645 1851 1252 635 1853 1252 644 1856 1255 625 1855 1254 624 1854 1253 623 1854 1253 623 1855 1254 624 1857 1256 626 1858 1257 627 1855 1254 624 1856 1255 625 1856 1255 625 1859 1258 628 1858 1257 627 1860 1253 629 1859 1258 628 1856 1255 625 1861 1259 630 1855 1254 624 1858 1257 627 1862 1260 631 1855 1254 624 1861 1259 630 1863 1256 632 1855 1254 624 1862 1260 631 1864 1261 633 1858 1257 627 1859 1258 628 1865 1262 634 1858 1257 627 1864 1261 633 1866 1263 635 1858 1257 627 1865 1262 634 1866 1263 635 1861 1259 630 1858 1257 627 1861 1259 630 1867 1240 636 1862 1260 631 1868 1241 637 1867 1240 636 1861 1259 630 1866 1263 635 1868 1241 637 1861 1259 630 1869 1242 638 1868 1241 637 1866 1263 635 1872 1266 625 1871 1265 624 1870 1264 639 1870 1264 639 1871 1265 624 1873 1267 640 1870 1264 639 1873 1267 640 1874 1268 641 1875 1248 637 1874 1268 641 1873 1267 640 1876 1249 638 1874 1268 641 1875 1248 637 1870 1264 639 1874 1268 641 1877 1269 642 1880 1251 644 1879 1251 643 1878 1251 635 1878 1251 635 1879 1251 643 1881 1251 638 1884 1270 634 1883 1270 645 1882 1270 635 1882 1270 635 1883 1270 645 1885 1270 644 1888 1273 648 1887 1272 647 1886 1271 646 1886 1271 646 1887 1272 647 1889 1274 649 1886 1271 646 1889 1274 649 1890 1275 650 1890 1275 650 1889 1274 649 1891 1276 651 1890 1275 650 1891 1276 651 1892 1277 652 1892 1277 652 1891 1276 651 1893 1278 653 1888 1273 648 1894 1279 654 1887 1272 647 1895 1280 655 1894 1279 654 1888 1273 648 1898 1277 652 1897 1278 653 1896 1281 650 1896 1281 650 1897 1278 653 1899 1282 651 1896 1281 650 1899 1282 651 1900 1283 646 1900 1283 646 1899 1282 651 1901 1284 649 1900 1283 646 1901 1284 649 1902 1285 648 1902 1285 648 1901 1284 649 1903 1286 647 1902 1285 648 1903 1286 647 1904 1280 655 1904 1280 655 1903 1286 647 1905 1279 654 1908 1273 658 1907 1271 657 1906 1275 656 1909 1277 659 1908 1273 658 1906 1275 656 1910 1280 660 1908 1273 658 1909 1277 659 1913 1285 658 1912 1280 660 1911 1281 656 1911 1281 656 1912 1280 660 1914 1277 659 1913 1285 658 1911 1281 656 1915 1283 657 1918 1289 648 1917 1288 646 1916 1287 647 1916 1287 647 1917 1288 646 1919 1290 649 1917 1288 646 1920 1291 650 1919 1290 649 1919 1290 649 1920 1291 650 1921 1292 651 1920 1291 650 1922 1293 652 1921 1292 651 1921 1292 651 1922 1293 652 1923 1294 653 1924 1295 654 1918 1289 648 1916 1287 647 1925 1296 655 1918 1289 648 1924 1295 654 1928 1293 652 1927 1297 650 1926 1294 653 1926 1294 653 1927 1297 650 1929 1298 651 1927 1297 650 1930 1299 646 1929 1298 651 1929 1298 651 1930 1299 646 1931 1300 649 1930 1299 646 1932 1301 648 1931 1300 649 1931 1300 649 1932 1301 648 1933 1302 647 1932 1301 648 1934 1296 655 1933 1302 647 1933 1302 647 1934 1296 655 1935 1295 654 1938 1289 658 1937 1291 656 1936 1288 657 1938 1289 658 1939 1293 659 1937 1291 656 1940 1296 660 1939 1293 659 1938 1289 658 1943 1301 658 1942 1297 656 1941 1296 660 1941 1296 660 1942 1297 656 1944 1293 659 1943 1301 658 1945 1299 657 1942 1297 656 1948 1305 663 1947 1304 662 1946 1303 661 1949 1306 664 1947 1304 662 1948 1305 663 1950 1307 665 1947 1304 662 1949 1306 664 1951 1308 666 1950 1307 665 1949 1306 664 1952 1309 667 1950 1307 665 1951 1308 666 1953 1310 668 1951 1308 666 1949 1306 664 1952 1309 667 1951 1308 666 1954 1311 669 1951 1308 666 1955 1312 670 1954 1311 669 1955 1312 670 1956 1313 671 1954 1311 669 1959 1316 672 1958 1315 667 1957 1314 669 1962 1319 675 1961 1318 674 1960 1317 673 1960 1317 673 1961 1318 674 1963 1320 676 1962 1319 675 1964 1321 677 1961 1318 674 1965 1322 678 1964 1321 677 1962 1319 675 1963 1320 676 1966 1323 679 1960 1317 673 1960 1317 673 1966 1323 679 1967 1324 680 1968 1325 681 1967 1324 680 1966 1323 679 1969 1326 682 1967 1324 680 1968 1325 681 1968 1325 681 1970 1327 683 1969 1326 682 1969 1326 682 1970 1327 683 1971 1328 684 1964 1321 677 1965 1322 678 1972 1329 685 1972 1329 685 1965 1322 678 1973 1309 686 1973 1309 686 1974 1330 687 1972 1329 685 1975 1331 688 1974 1330 687 1973 1309 686 1976 1332 689 1971 1328 684 1970 1327 683 1977 1333 690 1971 1328 684 1976 1332 689 1977 1333 690 1978 1334 691 1971 1328 684 1979 1335 692 1978 1334 691 1977 1333 690 1980 1336 693 1978 1334 691 1979 1335 692 1982 1338 688 1981 1337 694 1974 1330 687 1983 1339 695 1981 1337 694 1982 1338 688 1982 1338 688 1984 1340 696 1983 1339 695 1983 1339 695 1984 1340 696 1985 1341 697 1985 1341 697 1984 1340 696 1986 1342 698 1986 1342 698 1984 1340 696 1987 1336 699 1989 1344 701 1988 1343 700 1976 1332 689 1976 1332 689 1988 1343 700 1990 1345 690 1988 1343 700 1979 1335 692 1990 1345 690 1991 1346 702 1979 1335 692 1988 1343 700 1992 1342 703 1979 1335 692 1991 1346 702 1993 1336 693 1979 1335 692 1992 1342 703 1996 1349 705 1995 1348 677 1994 1347 704 1994 1347 704 1995 1348 677 1997 1350 706 1994 1347 704 1997 1350 706 1998 1351 707 1998 1351 707 1997 1350 706 1999 1352 708 1996 1349 705 2000 1353 709 1995 1348 677 1995 1348 677 2000 1353 709 2001 1354 674 2000 1353 709 2002 1355 710 2001 1354 674 2001 1354 674 2002 1355 710 2003 1356 676 2002 1355 710 2004 1357 679 2003 1356 676 2005 1358 711 2004 1357 679 2002 1355 710 2005 1358 711 2006 1359 681 2004 1357 679 2007 1360 712 2006 1359 681 2005 1358 711 2007 1360 712 2008 1361 683 2006 1359 681 2009 1362 713 2008 1361 683 2007 1360 712 2009 1362 713 2010 1363 714 2008 1361 683 2011 1364 715 2010 1363 714 2009 1362 713 1997 1350 706 2012 1365 687 1999 1352 708 1997 1350 706 2013 1366 685 2012 1365 687 1999 1352 708 2012 1365 687 2014 1367 694 2008 1361 683 2010 1363 714 2015 1368 689 2015 1368 689 2010 1363 714 2016 1369 701 1997 1350 706 1995 1348 677 2013 1366 685 2019 1372 718 2018 1371 717 2017 1370 716 2017 1370 716 2018 1371 717 2020 1373 719 2021 1374 720 2017 1370 716 2020 1373 719 2022 1375 721 2017 1370 716 2021 1374 720 2022 1375 721 2021 1374 720 2023 1376 722 2023 1376 722 2021 1374 720 2024 1377 723 2025 1377 724 2023 1376 722 2024 1377 723 2028 1380 727 2027 1379 726 2026 1378 725 2026 1378 725 2027 1379 726 2029 1381 728 2027 1379 726 2030 1382 729 2029 1381 728 2029 1381 728 2030 1382 729 2031 1383 730 2034 1386 733 2033 1385 732 2032 1384 731 2032 1384 731 2033 1385 732 2035 1387 734 2036 1380 735 2032 1384 731 2035 1387 734 2037 1378 736 2032 1384 731 2036 1380 735 2040 1389 696 2039 1316 688 2038 1388 731 2041 1390 736 2040 1389 696 2038 1388 731 2042 1391 699 2040 1389 696 2041 1390 736 2038 1388 731 2044 1316 688 2043 1314 733 2047 1390 725 2046 1392 728 2045 1391 693 2045 1391 693 2046 1392 728 2048 1393 691 2048 1393 691 2046 1392 728 2049 1394 684 2049 1394 684 2046 1392 728 2050 1395 730 2053 1398 663 2052 1397 661 2051 1396 662 2053 1398 663 2051 1396 662 2054 1399 664 2054 1399 664 2051 1396 662 2055 1400 665 2054 1399 664 2055 1400 665 2056 1401 666 2057 1402 667 2056 1401 666 2055 1400 665 2058 1403 668 2054 1399 664 2056 1401 666 2057 1402 667 2059 1404 669 2056 1401 666 2059 1404 669 2060 1405 670 2056 1401 666 2061 1406 671 2060 1405 670 2059 1404 669 2064 1409 672 2063 1408 669 2062 1407 667 2067 1412 676 2066 1411 674 2065 1410 673 2065 1410 673 2066 1411 674 2068 1413 675 2069 1414 677 2068 1413 675 2066 1411 674 2070 1415 678 2068 1413 675 2069 1414 677 2065 1410 673 2071 1416 679 2067 1412 676 2072 1417 680 2071 1416 679 2065 1410 673 2072 1417 680 2073 1418 681 2071 1416 679 2074 1419 682 2073 1418 681 2072 1417 680 2074 1419 682 2075 1420 683 2073 1418 681 2076 1421 684 2075 1420 683 2074 1419 682 2069 1414 677 2077 1422 685 2070 1415 678 2070 1415 678 2077 1422 685 2078 1423 686 2077 1422 685 2079 1424 687 2078 1423 686 2078 1423 686 2079 1424 687 2080 1425 688 2075 1420 683 2076 1421 684 2081 1426 689 2081 1426 689 2076 1421 684 2082 1427 690 2083 1428 691 2082 1427 690 2076 1421 684 2084 1429 692 2082 1427 690 2083 1428 691 2085 1430 693 2084 1429 692 2083 1428 691 2087 1346 702 2086 1343 700 2084 1429 692 2084 1429 692 2086 1343 700 2088 1431 690 2086 1343 700 2089 1432 689 2088 1431 690 2090 1344 701 2089 1432 689 2086 1343 700 2084 1429 692 2091 1342 703 2087 1346 702 2092 1430 693 2091 1342 703 2084 1429 692 2095 1435 706 2094 1434 677 2093 1433 704 2093 1433 704 2094 1434 677 2096 1436 705 2097 1351 707 2095 1435 706 2093 1433 704 2098 1352 708 2095 1435 706 2097 1351 707 2096 1436 705 2094 1434 677 2099 1437 709 2099 1437 709 2094 1434 677 2100 1438 674 2099 1437 709 2100 1438 674 2101 1439 710 2101 1439 710 2100 1438 674 2102 1440 676 2102 1440 676 2103 1441 679 2101 1439 710 2101 1439 710 2103 1441 679 2104 1442 711 2103 1441 679 2105 1443 681 2104 1442 711 2104 1442 711 2105 1443 681 2106 1444 712 2105 1443 681 2107 1445 683 2106 1444 712 2106 1444 712 2107 1445 683 2108 1446 713 2107 1445 683 2109 1363 714 2108 1446 713 2108 1446 713 2109 1363 714 2110 1364 715 2107 1445 683 2111 1447 689 2109 1363 714 2109 1363 714 2111 1447 689 2112 1369 701 2114 1367 694 2113 1448 687 2098 1352 708 2095 1435 706 2113 1448 687 2115 1449 685 2098 1352 708 2113 1448 687 2095 1435 706 2095 1435 706 2115 1449 685 2094 1434 677 2118 1339 695 2117 1450 688 2116 1337 694 2116 1337 694 2117 1450 688 2119 1451 687 2118 1339 695 2120 1452 696 2117 1450 688 2121 1341 697 2120 1452 696 2118 1339 695 2122 1342 698 2120 1452 696 2121 1341 697 2123 1430 699 2120 1452 696 2122 1342 698 2126 1454 719 2125 1371 717 2124 1453 716 2124 1453 716 2125 1371 717 2127 1372 718 2124 1453 716 2128 1455 720 2126 1454 719 2129 1456 721 2128 1455 720 2124 1453 716 2130 1457 722 2128 1455 720 2129 1456 721 2131 1377 723 2128 1455 720 2130 1457 722 2132 1377 724 2131 1377 723 2130 1457 722 2135 1460 730 2134 1459 729 2133 1458 728 2133 1458 728 2134 1459 729 2136 1461 726 2136 1461 726 2137 1462 725 2133 1458 728 2138 1463 727 2137 1462 725 2136 1461 726 2141 1466 730 2140 1465 728 2139 1464 684 2139 1464 684 2140 1465 728 2142 1467 691 2142 1467 691 2140 1465 728 2143 1468 693 2143 1468 693 2140 1465 728 2144 1469 725 2147 1472 734 2146 1471 732 2145 1470 731 2145 1470 731 2146 1471 732 2148 1473 733 2145 1470 731 2149 1463 735 2147 1472 734 2150 1462 736 2149 1463 735 2145 1470 731 2153 1475 696 2152 1474 731 2151 1409 688 2153 1475 696 2154 1469 736 2152 1474 731 2155 1468 699 2154 1469 736 2153 1475 696 2157 1409 688 2152 1474 731 2156 1408 733 2160 1478 739 2159 1477 738 2158 1476 737 2158 1476 737 2159 1477 738 2161 1479 740 2161 1479 740 2159 1477 738 2162 1479 741 2163 1480 742 2159 1477 738 2160 1478 739 2164 1481 743 2159 1477 738 2163 1480 742 2164 1481 743 2165 1482 744 2159 1477 738 2159 1477 738 2165 1482 744 2166 1483 741 2163 1480 742 2160 1478 739 2167 1484 745 2167 1484 745 2160 1478 739 2168 1485 746 2168 1485 746 2160 1478 739 2169 1476 747 2169 1476 747 2160 1478 739 2158 1476 737 2169 1476 747 2170 1479 748 2168 1485 746 2171 1479 749 2170 1479 748 2169 1476 747 2168 1485 746 2172 1486 750 2167 1484 745 2173 1487 748 2172 1486 750 2168 1485 746 2173 1487 748 2174 1488 751 2172 1486 750 2172 1486 750 2174 1488 751 2175 1489 752 2171 1479 749 2176 1476 751 2170 1479 748 2177 1476 753 2176 1476 751 2171 1479 749 2177 1476 753 2178 1476 754 2176 1476 751 2179 1476 755 2178 1476 754 2177 1476 753 2179 1476 755 2180 1479 756 2178 1476 754 2181 1479 757 2180 1479 756 2179 1476 755 2182 1479 758 2180 1479 756 2181 1479 757 2183 1479 759 2180 1479 756 2182 1479 758 2184 1479 760 2183 1479 759 2182 1479 758 2185 1479 761 2183 1479 759 2184 1479 760 2184 1479 760 2186 1479 762 2185 1479 761 2187 1479 763 2186 1479 762 2184 1479 760 2187 1479 763 2188 1490 764 2186 1479 762 2189 1491 765 2188 1490 764 2187 1479 763 2190 1492 754 2175 1489 752 2174 1488 751 2191 1493 766 2175 1489 752 2190 1492 754 2191 1493 766 2190 1492 754 2192 1494 767 2192 1494 767 2190 1492 754 2193 1494 756 2192 1494 767 2193 1494 756 2194 1495 768 2194 1495 768 2193 1494 756 2195 1496 759 2196 1497 761 2194 1495 768 2195 1496 759 2197 1498 769 2194 1495 768 2196 1497 761 2196 1497 761 2198 1499 762 2197 1498 769 2197 1498 769 2198 1499 762 2199 1500 770 2200 1501 764 2199 1500 770 2198 1499 762 2201 1502 771 2199 1500 770 2200 1501 764 2203 1504 771 2188 1490 764 2202 1503 772 2202 1503 772 2188 1490 764 2204 1505 773 2202 1503 772 2204 1505 773 2205 1506 774 2205 1506 774 2204 1505 773 2206 1507 775 2209 1509 777 2208 1481 740 2207 1508 776 2207 1508 776 2208 1481 740 2210 1510 737 2211 1511 778 2208 1481 740 2209 1509 777 2212 1512 742 2209 1509 777 2207 1508 776 2213 1513 743 2209 1509 777 2212 1512 742 2213 1513 743 2214 1482 778 2209 1509 777 2215 1483 744 2214 1482 778 2213 1513 743 2212 1512 742 2207 1508 776 2216 1514 745 2216 1514 745 2207 1508 776 2217 1515 779 2210 1510 737 2217 1515 779 2207 1508 776 2218 1510 747 2217 1515 779 2210 1510 737 2219 1510 749 2217 1515 779 2218 1510 747 2220 1510 780 2217 1515 779 2219 1510 749 2221 1516 780 2216 1514 745 2217 1515 779 2222 1516 781 2216 1514 745 2221 1516 780 2222 1516 781 2221 1516 780 2223 1517 752 2223 1517 752 2221 1516 780 2224 1518 782 2219 1510 749 2225 1510 753 2220 1510 780 2220 1510 780 2225 1510 753 2226 1510 782 2225 1510 753 2227 1510 755 2226 1510 782 2226 1510 782 2227 1510 755 2228 1510 783 2228 1510 783 2227 1510 755 2229 1510 784 2229 1510 784 2227 1510 755 2230 1510 757 2230 1510 757 2231 1511 785 2229 1510 784 2232 1511 758 2231 1511 785 2230 1510 757 2231 1511 785 2232 1511 758 2233 1510 786 2233 1510 786 2232 1511 758 2234 1510 760 2234 1510 760 2235 1511 763 2233 1510 786 2233 1510 786 2235 1511 763 2236 1511 787 2235 1511 763 2237 1510 765 2236 1511 787 2236 1511 787 2237 1510 765 2238 1510 788 2239 1519 783 2223 1517 752 2224 1518 782 2240 1519 766 2223 1517 752 2239 1519 783 2240 1519 766 2239 1519 783 2241 1520 767 2241 1520 767 2239 1519 783 2242 1520 784 2241 1520 767 2242 1520 784 2243 1521 768 2243 1521 768 2242 1520 784 2244 1521 785 2245 1522 786 2243 1521 768 2244 1521 785 2246 1522 769 2243 1521 768 2245 1522 786 2246 1522 769 2245 1522 786 2247 1523 770 2247 1523 770 2245 1522 786 2248 1523 787 2249 1524 788 2247 1523 770 2248 1523 787 2250 1525 771 2247 1523 770 2249 1524 788 2249 1524 788 2252 1502 765 2251 1526 789 2251 1526 789 2252 1502 765 2253 1527 790 2253 1527 790 2254 1528 791 2251 1526 789 2255 1529 792 2254 1528 791 2253 1527 790 2258 1532 790 2257 1531 773 2256 1530 765 2256 1530 765 2257 1531 773 2259 1533 764 2260 1534 792 2257 1531 773 2258 1532 790 2261 1535 775 2257 1531 773 2260 1534 792 2264 1537 788 2263 1536 789 2262 1491 771 2262 1491 771 2263 1536 789 2265 1538 772 2263 1536 789 2266 1539 791 2265 1538 772 2265 1538 772 2266 1539 791 2267 1540 774 2270 1543 774 2269 1542 774 2268 1541 792 2268 1541 792 2269 1542 774 2271 1544 775 2274 1546 795 2273 1545 794 2272 1545 793 2272 1545 793 2273 1545 794 2275 1545 796 2278 1549 799 2277 1548 798 2276 1547 797 2276 1547 797 2277 1548 798 2279 1550 800 2282 1476 802 2281 1476 796 2280 1476 801 2280 1476 801 2281 1476 796 2283 1476 803 2283 1476 803 2284 1479 797 2280 1476 801 2280 1476 801 2284 1479 797 2285 1479 804 2288 1510 806 2287 1511 794 2286 1510 805 2286 1510 805 2287 1511 794 2289 1511 807 2286 1510 805 2290 1511 799 2288 1510 806 2291 1511 808 2290 1511 799 2286 1510 805 2294 1552 810 2293 1546 794 2292 1551 809 2292 1551 809 2293 1546 794 2295 1553 796 2295 1553 796 2296 1554 803 2292 1551 809 2292 1551 809 2296 1554 803 2297 1555 811 2294 1552 810 2298 1556 806 2293 1546 794 2299 1557 812 2298 1556 806 2294 1552 810 2296 1554 803 2300 1558 813 2297 1555 811 2301 1550 797 2300 1558 813 2296 1554 803 2300 1558 813 2301 1550 797 2302 1559 814 2302 1559 814 2298 1556 806 2299 1557 812 2302 1559 814 2301 1550 797 2303 1560 799 2303 1560 799 2298 1556 806 2302 1559 814 2306 1563 809 2305 1562 796 2304 1561 810 2304 1561 810 2305 1562 796 2307 1564 794 2305 1562 796 2309 1563 809 2308 1565 803 2308 1565 803 2306 1563 809 2310 1566 811 2311 1567 813 2308 1565 803 2310 1566 811 2313 1569 814 2312 1568 799 2311 1567 813 2311 1567 813 2312 1568 799 2314 1570 797 2314 1570 797 2308 1565 803 2315 1567 813 2307 1564 794 2317 1571 806 2316 1561 810 2304 1561 810 2317 1571 806 2318 1566 812 2318 1566 812 2317 1571 806 2313 1569 814 2319 1569 814 2317 1571 806 2312 1568 799 2322 1572 813 2321 1558 815 2320 1572 814 2320 1572 814 2321 1558 815 2323 1559 816 2326 1551 818 2325 1555 817 2324 1511 809 2324 1511 809 2325 1555 817 2327 1510 811 2327 1510 811 2325 1555 817 2328 1510 813 2328 1510 813 2325 1555 817 2329 1558 815 2332 1551 818 2331 1548 809 2330 1552 819 2330 1552 819 2331 1548 809 2333 1548 810 2336 1552 819 2335 1479 810 2334 1557 820 2334 1557 820 2335 1479 810 2337 1479 812 2338 1476 814 2334 1557 820 2337 1479 812 2339 1559 816 2334 1557 820 2338 1476 814 2342 1575 823 2341 1574 822 2340 1573 821 2342 1575 823 2343 1576 824 2341 1574 822 2340 1573 821 2345 1574 822 2344 1577 825 2344 1577 825 2347 1574 822 2346 1578 821 2346 1578 821 2349 1574 822 2348 1579 823 2349 1574 822 2350 1576 824 2348 1579 823 2353 1582 827 2352 1581 826 2351 1580 823 2351 1580 823 2352 1581 826 2354 1583 821 2351 1580 823 2355 1584 824 2353 1582 827 2358 1586 826 2357 1585 821 2356 1585 821 2356 1585 821 2357 1585 821 2359 1587 825 2362 1582 827 2361 1588 823 2360 1581 826 2360 1581 826 2361 1588 823 2363 1589 821 2362 1582 827 2364 1584 824 2361 1588 823 2367 1592 739 2366 1591 738 2365 1590 737 2365 1590 737 2366 1591 738 2368 1590 740 2368 1590 740 2366 1591 738 2369 1590 741 2370 1593 742 2366 1591 738 2367 1592 739 2371 1594 743 2366 1591 738 2370 1593 742 2371 1594 743 2372 1595 744 2366 1591 738 2366 1591 738 2372 1595 744 2373 1596 741 2370 1593 742 2367 1592 739 2374 1597 745 2374 1597 745 2367 1592 739 2375 1598 746 2375 1598 746 2367 1592 739 2376 1590 747 2376 1590 747 2367 1592 739 2365 1590 737 2376 1590 747 2377 1590 748 2375 1598 746 2378 1590 749 2377 1590 748 2376 1590 747 2375 1598 746 2379 1599 750 2374 1597 745 2380 1600 748 2379 1599 750 2375 1598 746 2380 1600 748 2381 1601 751 2379 1599 750 2379 1599 750 2381 1601 751 2382 1602 752 2378 1590 749 2383 1590 751 2377 1590 748 2384 1590 753 2383 1590 751 2378 1590 749 2384 1590 753 2385 1603 754 2383 1590 751 2386 1603 755 2385 1603 754 2384 1590 753 2386 1603 755 2387 1590 756 2385 1603 754 2388 1590 757 2387 1590 756 2386 1603 755 2389 1590 758 2387 1590 756 2388 1590 757 2390 1590 759 2387 1590 756 2389 1590 758 2391 1590 760 2390 1590 759 2389 1590 758 2392 1590 761 2390 1590 759 2391 1590 760 2391 1590 760 2393 1590 762 2392 1590 761 2394 1590 763 2393 1590 762 2391 1590 760 2394 1590 763 2395 1604 764 2393 1590 762 2396 1605 765 2395 1604 764 2394 1590 763 2397 1606 754 2382 1602 752 2381 1601 751 2398 1607 766 2382 1602 752 2397 1606 754 2398 1607 766 2397 1606 754 2399 1608 767 2399 1608 767 2397 1606 754 2400 1609 756 2399 1608 767 2400 1609 756 2401 1610 768 2401 1610 768 2400 1609 756 2402 1611 759 2403 1612 761 2401 1610 768 2402 1611 759 2404 1613 769 2401 1610 768 2403 1612 761 2403 1612 761 2405 1614 762 2404 1613 769 2404 1613 769 2405 1614 762 2406 1615 770 2407 1616 764 2406 1615 770 2405 1614 762 2408 1617 771 2406 1615 770 2407 1616 764 2410 1619 771 2395 1604 764 2409 1618 772 2409 1618 772 2395 1604 764 2411 1620 773 2409 1618 772 2411 1620 773 2412 1621 774 2412 1621 774 2411 1620 773 2413 1622 775 2416 1624 777 2415 1594 740 2414 1623 776 2414 1623 776 2415 1594 740 2417 1625 737 2418 1625 778 2415 1594 740 2416 1624 777 2419 1626 742 2416 1624 777 2414 1623 776 2420 1627 743 2416 1624 777 2419 1626 742 2420 1627 743 2421 1595 778 2416 1624 777 2422 1596 744 2421 1595 778 2420 1627 743 2419 1626 742 2414 1623 776 2423 1628 745 2423 1628 745 2414 1623 776 2424 1629 779 2417 1625 737 2424 1629 779 2414 1623 776 2425 1625 747 2424 1629 779 2417 1625 737 2426 1625 749 2424 1629 779 2425 1625 747 2427 1625 780 2424 1629 779 2426 1625 749 2428 1630 780 2423 1628 745 2424 1629 779 2429 1630 781 2423 1628 745 2428 1630 780 2429 1630 781 2428 1630 780 2430 1631 752 2430 1631 752 2428 1630 780 2431 1631 782 2426 1625 749 2432 1625 753 2427 1625 780 2427 1625 780 2432 1625 753 2433 1625 782 2432 1625 753 2434 1625 755 2433 1625 782 2433 1625 782 2434 1625 755 2435 1625 783 2435 1625 783 2434 1625 755 2436 1625 784 2436 1625 784 2434 1625 755 2437 1625 757 2437 1625 757 2438 1625 785 2436 1625 784 2439 1625 758 2438 1625 785 2437 1625 757 2438 1625 785 2439 1625 758 2440 1625 786 2440 1625 786 2439 1625 758 2441 1625 760 2441 1625 760 2442 1625 763 2440 1625 786 2440 1625 786 2442 1625 763 2443 1625 787 2442 1625 763 2444 1625 765 2443 1625 787 2443 1625 787 2444 1625 765 2445 1625 788 2446 1632 783 2430 1631 752 2431 1631 782 2447 1632 766 2430 1631 752 2446 1632 783 2447 1632 766 2446 1632 783 2448 1633 767 2448 1633 767 2446 1632 783 2449 1633 784 2448 1633 767 2449 1633 784 2450 1634 768 2450 1634 768 2449 1633 784 2451 1634 785 2452 1635 786 2450 1634 768 2451 1634 785 2453 1635 769 2450 1634 768 2452 1635 786 2453 1635 769 2452 1635 786 2454 1636 770 2454 1636 770 2452 1635 786 2455 1636 787 2456 1637 788 2454 1636 770 2455 1636 787 2457 1638 771 2454 1636 770 2456 1637 788 2456 1637 788 2459 1617 765 2458 1639 789 2458 1639 789 2459 1617 765 2460 1640 790 2460 1640 790 2461 1641 791 2458 1639 789 2462 1642 792 2461 1641 791 2460 1640 790 2465 1645 773 2464 1644 764 2463 1643 790 2463 1643 790 2464 1644 764 2466 1646 765 2467 1647 792 2465 1645 773 2463 1643 790 2468 1648 775 2465 1645 773 2467 1647 792 2471 1650 788 2470 1649 789 2469 1605 771 2469 1605 771 2470 1649 789 2472 1651 772 2470 1649 789 2473 1652 791 2472 1651 772 2472 1651 772 2473 1652 791 2474 1653 774 2477 1656 774 2476 1655 774 2475 1654 792 2475 1654 792 2476 1655 774 2478 1657 775 2481 1659 795 2480 1658 794 2479 1658 793 2479 1658 793 2480 1658 794 2482 1658 796 2485 1660 799 2484 1660 798 2483 1660 797 2483 1660 797 2484 1660 798 2486 1661 800 2489 1590 802 2488 1590 796 2487 1590 801 2487 1590 801 2488 1590 796 2490 1590 803 2490 1590 803 2491 1590 797 2487 1590 801 2487 1590 801 2491 1590 797 2492 1590 804 2495 1625 806 2494 1625 794 2493 1625 805 2493 1625 805 2494 1625 794 2496 1625 807 2493 1625 805 2497 1625 799 2495 1625 806 2498 1625 808 2497 1625 799 2493 1625 805 2501 1663 810 2500 1659 794 2499 1662 809 2499 1662 809 2500 1659 794 2502 1664 796 2502 1664 796 2503 1665 803 2499 1662 809 2499 1662 809 2503 1665 803 2504 1666 811 2501 1663 810 2505 1667 806 2500 1659 794 2506 1668 812 2505 1667 806 2501 1663 810 2503 1665 803 2507 1669 813 2504 1666 811 2508 1661 797 2507 1669 813 2503 1665 803 2507 1669 813 2508 1661 797 2509 1670 814 2509 1670 814 2505 1667 806 2506 1668 812 2509 1670 814 2508 1661 797 2510 1671 799 2510 1671 799 2505 1667 806 2509 1670 814 2513 1674 809 2512 1673 796 2511 1672 810 2511 1672 810 2512 1673 796 2514 1675 794 2512 1673 796 2516 1674 809 2515 1676 803 2515 1676 803 2513 1674 809 2517 1677 811 2518 1678 813 2515 1676 803 2517 1677 811 2520 1680 814 2519 1679 799 2518 1678 813 2518 1678 813 2519 1679 799 2521 1681 797 2521 1681 797 2515 1676 803 2522 1678 813 2514 1675 794 2524 1682 806 2523 1672 810 2511 1672 810 2524 1682 806 2525 1677 812 2525 1677 812 2524 1682 806 2520 1680 814 2526 1680 814 2524 1682 806 2519 1679 799 2529 1658 813 2528 1669 815 2527 1658 814 2527 1658 814 2528 1669 815 2530 1670 816 2533 1662 818 2532 1666 817 2531 1625 809 2531 1625 809 2532 1666 817 2534 1625 811 2534 1625 811 2532 1666 817 2535 1625 813 2535 1625 813 2532 1666 817 2536 1669 815 2539 1662 818 2538 1660 809 2537 1663 819 2537 1663 819 2538 1660 809 2540 1660 810 2543 1663 819 2542 1590 810 2541 1668 820 2541 1668 820 2542 1590 810 2544 1590 812 2545 1590 814 2541 1668 820 2544 1590 812 2546 1670 816 2541 1668 820 2545 1590 814 2549 1685 823 2548 1684 822 2547 1683 821 2549 1685 823 2550 1686 824 2548 1684 822 2547 1683 821 2552 1684 822 2551 1687 825 2551 1687 825 2554 1684 822 2553 1688 821 2553 1688 821 2556 1684 822 2555 1689 823 2556 1684 822 2557 1686 824 2555 1689 823 2560 1692 827 2559 1691 826 2558 1690 823 2558 1690 823 2559 1691 826 2561 1693 821 2558 1690 823 2562 1694 824 2560 1692 827 2565 1697 826 2564 1696 821 2563 1695 821 2563 1695 821 2564 1696 821 2566 1698 825 2569 1692 827 2568 1699 823 2567 1691 826 2567 1691 826 2568 1699 823 2570 1700 821 2569 1692 827 2571 1694 824 2568 1699 823 2574 1703 830 2573 1702 829 2572 1701 828 2572 1701 828 2573 1702 829 2575 1704 831 2574 1703 830 2576 1705 832 2573 1702 829 2577 1706 833 2576 1705 832 2574 1703 830 2578 1707 834 2576 1705 832 2577 1706 833 2579 1708 835 2578 1707 834 2577 1706 833 2580 1709 836 2572 1701 828 2575 1704 831 2572 1701 828 2580 1709 836 2581 1710 837 2581 1710 837 2580 1709 836 2582 1711 838 2583 1712 839 2582 1711 838 2580 1709 836 2584 1713 840 2582 1711 838 2583 1712 839 2585 1714 841 2582 1711 838 2584 1713 840 2585 1714 841 2581 1710 837 2582 1711 838 2585 1714 841 2584 1713 840 2586 1715 842 2586 1715 842 2584 1713 840 2587 1716 843 2584 1713 840 2588 1717 844 2587 1716 843 2587 1716 843 2588 1717 844 2589 1718 845 2584 1713 840 2590 1719 846 2588 1717 844 2587 1716 843 2591 1720 847 2586 1715 842 2589 1718 845 2591 1720 847 2587 1716 843 2586 1715 842 2591 1720 847 2592 1721 848 2586 1715 842 2592 1721 848 2593 1722 849 2586 1715 842 2593 1722 849 2585 1714 841 2593 1722 849 2592 1721 848 2594 1723 850 2592 1721 848 2595 1724 851 2594 1723 850 2594 1723 850 2595 1724 851 2596 1725 852 2596 1725 852 2597 1726 853 2594 1723 850 2594 1723 850 2597 1726 853 2598 1727 854 2597 1726 853 2599 1728 855 2598 1727 854 2598 1727 854 2599 1728 855 2581 1710 837 2600 1729 856 2585 1714 841 2593 1722 849 2581 1710 837 2585 1714 841 2600 1729 856 2594 1723 850 2598 1727 854 2600 1729 856 2581 1710 837 2600 1729 856 2598 1727 854 2594 1723 850 2600 1729 856 2593 1722 849 2603 1717 859 2602 1730 858 2601 1718 857 2601 1718 857 2602 1730 858 2604 1731 860 2603 1717 859 2605 1732 861 2602 1730 858 2606 1719 862 2605 1732 861 2603 1717 859 2602 1730 858 2605 1732 861 2607 1733 863 2607 1733 863 2605 1732 861 2608 1734 864 2607 1733 863 2608 1734 864 2609 1735 865 2609 1735 865 2608 1734 864 2610 1736 866 2609 1735 865 2610 1736 866 2611 1737 867 2611 1737 867 2610 1736 866 2612 1738 868 2611 1737 867 2612 1738 868 2613 1739 869 2613 1739 869 2612 1738 868 2614 1740 870 2613 1739 869 2614 1740 870 2615 1741 871 2604 1731 860 2616 1720 872 2601 1718 857 2617 1742 873 2616 1720 872 2604 1731 860 2579 1708 835 2617 1742 873 2604 1731 860 2602 1730 858 2579 1708 835 2604 1731 860 2618 1743 874 2617 1742 873 2579 1708 835 2618 1743 874 2619 1744 875 2617 1742 873 2618 1743 874 2620 1745 876 2619 1744 875 2618 1743 874 2621 1746 877 2620 1745 876 2618 1743 874 2622 1747 878 2621 1746 877 2623 1748 879 2622 1747 878 2618 1743 874 2620 1745 876 2621 1746 877 2624 1749 880 2622 1747 878 2625 1750 881 2621 1746 877 2621 1746 877 2625 1750 881 2626 1751 882 2626 1751 882 2627 1752 883 2621 1746 877 2621 1746 877 2627 1752 883 2624 1749 880 2625 1750 881 2628 1726 884 2626 1751 882 2629 1728 885 2628 1726 884 2625 1750 881 2628 1726 884 2630 1725 886 2626 1751 882 2626 1751 882 2630 1725 886 2627 1752 883 2630 1725 886 2631 1724 887 2627 1752 883 2627 1752 883 2632 1724 887 2624 1749 880 2624 1749 880 2633 1724 887 2620 1745 876 2620 1745 876 2633 1724 887 2634 1721 888 2620 1745 876 2634 1721 888 2619 1744 875 2619 1744 875 2634 1721 888 2617 1742 873 2634 1721 888 2616 1720 872 2617 1742 873 2618 1743 874 2577 1706 833 2623 1748 879 2618 1743 874 2579 1708 835 2577 1706 833 2579 1708 835 2602 1730 858 2578 1707 834 2578 1707 834 2602 1730 858 2607 1733 863 2607 1733 863 2576 1705 832 2578 1707 834 2609 1735 865 2576 1705 832 2607 1733 863 2576 1705 832 2609 1735 865 2573 1702 829 2573 1702 829 2609 1735 865 2611 1737 867 2573 1702 829 2611 1737 867 2575 1704 831 2575 1704 831 2611 1737 867 2613 1739 869 2613 1739 869 2580 1709 836 2575 1704 831 2583 1712 839 2580 1709 836 2613 1739 869 2613 1739 869 2615 1741 871 2583 1712 839 2583 1712 839 2615 1741 871 2584 1713 840 2615 1741 871 2635 1753 889 2584 1713 840 2635 1753 889 2636 1719 846 2584 1713 840 2637 1754 890 2636 1719 846 2635 1753 889 2638 1755 891 2637 1754 890 2635 1753 889 2615 1741 871 2638 1755 891 2635 1753 889 2639 1756 892 2637 1754 890 2638 1755 891 2639 1756 892 2640 1757 893 2637 1754 890 2639 1756 892 2638 1755 891 2641 1758 894 2641 1758 894 2640 1757 893 2639 1756 892 2641 1758 894 2642 1759 895 2640 1757 893 2641 1758 894 2643 1760 896 2642 1759 895 2644 1761 897 2643 1760 896 2641 1758 894 2644 1761 897 2645 1762 898 2643 1760 896 2646 1763 899 2645 1762 898 2644 1761 897 2646 1763 899 2647 1764 900 2645 1762 898 2648 1765 901 2645 1762 898 2647 1764 900 2649 1766 902 2647 1764 900 2646 1763 899 2650 1767 903 2647 1764 900 2649 1766 902 2651 1768 904 2647 1764 900 2650 1767 903 2652 1769 905 2651 1768 904 2650 1767 903 2653 1770 906 2651 1768 904 2652 1769 905 2654 1771 907 2643 1760 896 2645 1762 898 2642 1759 895 2643 1760 896 2654 1771 907 2648 1765 901 2654 1771 907 2645 1762 898 2653 1770 906 2655 1772 908 2651 1768 904 2656 1773 909 2647 1764 900 2651 1768 904 2655 1772 908 2656 1773 909 2651 1768 904 2657 1774 910 2642 1759 895 2654 1771 907 2658 1775 911 2642 1759 895 2657 1774 910 2658 1775 911 2657 1774 910 2659 1776 912 2659 1776 912 2657 1774 910 2660 1772 913 2659 1776 912 2660 1772 913 2661 1770 914 2659 1776 912 2661 1770 914 2637 1754 890 2637 1754 890 2661 1770 914 2662 1769 915 2649 1766 902 2608 1734 864 2650 1767 903 2650 1767 903 2608 1734 864 2605 1732 861 2662 1769 915 2663 1719 846 2637 1754 890 2640 1757 893 2658 1775 911 2659 1776 912 2642 1759 895 2658 1775 911 2640 1757 893 2640 1757 893 2659 1776 912 2637 1754 890 2649 1766 902 2610 1736 866 2608 1734 864 2646 1763 899 2610 1736 866 2649 1766 902 2646 1763 899 2612 1738 868 2610 1736 866 2644 1761 897 2612 1738 868 2646 1763 899 2644 1761 897 2614 1740 870 2612 1738 868 2641 1758 894 2614 1740 870 2644 1761 897 2641 1758 894 2638 1755 891 2614 1740 870 2614 1740 870 2638 1755 891 2615 1741 871 2606 1719 862 2650 1767 903 2605 1732 861 2652 1769 905 2650 1767 903 2606 1719 862 2666 1779 918 2665 1778 917 2664 1777 916 2665 1778 917 2667 1780 919 2664 1777 916 2668 1781 920 2665 1778 917 2666 1779 918 2666 1779 918 2664 1777 916 2669 1782 921 2672 1784 922 2671 1779 918 2670 1783 916 2673 1785 923 2672 1784 922 2670 1783 916 2674 1781 920 2671 1779 918 2672 1784 922 2671 1779 918 2675 1782 921 2670 1783 916 2678 1788 925 2677 1787 922 2676 1786 924 2676 1786 924 2677 1787 922 2679 1789 923 2678 1788 925 2680 1790 920 2677 1787 922 2683 1792 919 2682 1791 917 2681 1786 924 2681 1786 924 2682 1791 917 2684 1788 925 2682 1791 917 2685 1790 920 2684 1788 925 2686 1793 926 2648 1765 901 2647 1764 900 2656 1773 909 2686 1793 926 2647 1764 900 2689 1796 929 2688 1795 928 2687 1794 927 2687 1794 927 2688 1795 928 2690 1797 930 2689 1796 929 2691 1798 931 2688 1795 928 2692 1799 932 2691 1798 931 2689 1796 929 2688 1795 928 2691 1798 931 2693 1800 933 2688 1795 928 2693 1800 933 2694 1801 934 2688 1795 928 2694 1801 934 2690 1797 930 2693 1800 933 2691 1798 931 2695 1802 935 2693 1800 933 2695 1802 935 2696 1803 936 2696 1803 936 2695 1802 935 2697 1804 937 2694 1801 934 2693 1800 933 2698 1805 938 2698 1805 938 2693 1800 933 2696 1803 936 2699 1806 939 2698 1805 938 2696 1803 936 2700 1807 940 2698 1805 938 2699 1806 939 2701 1808 941 2700 1807 940 2699 1806 939 2699 1806 939 2702 1809 942 2701 1808 941 2703 1810 943 2702 1809 942 2699 1806 939 2696 1803 936 2697 1804 937 2703 1810 943 2699 1806 939 2696 1803 936 2703 1810 943 2701 1808 941 2702 1809 942 2704 1811 944 2704 1811 944 2702 1809 942 2705 1812 945 2706 1813 946 2700 1807 940 2701 1808 941 2707 1814 947 2700 1807 940 2706 1813 946 2706 1813 946 2708 1815 948 2707 1814 947 2706 1813 946 2701 1808 941 2708 1815 948 2708 1815 948 2701 1808 941 2704 1811 944 2707 1814 947 2708 1815 948 2709 1816 949 2710 1817 950 2700 1807 940 2707 1814 947 2700 1807 940 2710 1817 950 2711 1818 951 2700 1807 940 2711 1818 951 2698 1805 938 2708 1815 948 2704 1811 944 2712 1819 952 2708 1815 948 2712 1819 952 2709 1816 949 2712 1819 952 2704 1811 944 2713 1820 953 2705 1812 945 2713 1820 953 2704 1811 944 2713 1820 953 2714 1821 954 2712 1819 952 2714 1821 954 2713 1820 953 2715 1822 955 2714 1821 954 2715 1822 955 2716 1823 956 2713 1820 953 2717 1824 957 2715 1822 955 2718 1825 958 2717 1824 957 2713 1820 953 2705 1812 945 2718 1825 958 2713 1820 953 2712 1819 952 2714 1821 954 2719 1826 959 2712 1819 952 2719 1826 959 2720 1827 960 2709 1816 949 2712 1819 952 2720 1827 960 2719 1826 959 2721 1828 961 2720 1827 960 2719 1826 959 2714 1821 954 2722 1829 962 2719 1826 959 2722 1829 962 2721 1828 961 2714 1821 954 2716 1823 956 2722 1829 962 2721 1828 961 2722 1829 962 2723 1794 963 2723 1794 963 2722 1829 962 2724 1796 964 2722 1829 962 2725 1830 965 2724 1796 964 2716 1823 956 2725 1830 965 2722 1829 962 2724 1796 964 2725 1830 965 2726 1799 966 2725 1830 965 2727 1831 967 2726 1799 966 2728 1832 968 2727 1831 967 2725 1830 965 2716 1823 956 2728 1832 968 2725 1830 965 2728 1832 968 2729 1833 969 2727 1831 967 2730 1834 970 2729 1833 969 2728 1832 968 2730 1834 970 2731 1835 971 2729 1833 969 2732 1836 972 2731 1835 971 2730 1834 970 2733 1837 973 2730 1834 970 2728 1832 968 2734 1838 974 2730 1834 970 2733 1837 973 2732 1836 972 2730 1834 970 2734 1838 974 2735 1839 975 2732 1836 972 2734 1838 974 2731 1835 971 2732 1836 972 2736 1840 976 2736 1840 976 2732 1836 972 2737 1841 977 2732 1836 972 2735 1839 975 2737 1841 977 2737 1841 977 2738 1842 978 2736 1840 976 2737 1841 977 2739 1843 979 2738 1842 978 2740 1844 980 2739 1843 979 2737 1841 977 2737 1841 977 2735 1839 975 2740 1844 980 2736 1840 976 2738 1842 978 2741 1845 981 2738 1842 978 2742 1846 982 2741 1845 981 2743 1847 983 2742 1846 982 2738 1842 978 2739 1843 979 2743 1847 983 2738 1842 978 2744 1848 984 2743 1847 983 2739 1843 979 2739 1843 979 2745 1849 985 2744 1848 984 2746 1850 986 2745 1849 985 2739 1843 979 2747 1851 987 2746 1850 986 2739 1843 979 2740 1844 980 2735 1839 975 2747 1851 987 2747 1851 987 2739 1843 979 2740 1844 980 2748 1852 988 2745 1849 985 2746 1850 986 2749 1853 989 2748 1852 988 2746 1850 986 2747 1851 987 2749 1853 989 2746 1850 986 2749 1853 989 2750 1854 990 2748 1852 988 2751 1855 991 2750 1854 990 2749 1853 989 2751 1855 991 2752 1856 992 2750 1854 990 2753 1857 993 2752 1856 992 2751 1855 991 2754 1858 994 2752 1856 992 2753 1857 993 2755 1859 995 2752 1856 992 2754 1858 994 2756 1840 996 2755 1859 995 2754 1858 994 2757 1845 997 2755 1859 995 2756 1840 996 2758 1860 998 2745 1849 985 2748 1852 988 2750 1854 990 2758 1860 998 2748 1852 988 2759 1861 999 2758 1860 998 2750 1854 990 2752 1856 992 2759 1861 999 2750 1854 990 2760 1862 1000 2759 1861 999 2752 1856 992 2755 1859 995 2761 1863 1001 2752 1856 992 2752 1856 992 2761 1863 1001 2760 1862 1000 2757 1845 997 2762 1846 1002 2755 1859 995 2755 1859 995 2762 1846 1002 2761 1863 1001 2759 1861 999 2763 1864 1003 2758 1860 998 2758 1860 998 2763 1864 1003 2764 1865 1004 2758 1860 998 2764 1865 1004 2745 1849 985 2745 1849 985 2764 1865 1004 2765 1866 1005 2760 1862 1000 2766 1867 1006 2759 1861 999 2759 1861 999 2766 1867 1006 2763 1864 1003 2761 1863 1001 2767 1868 1007 2760 1862 1000 2760 1862 1000 2767 1868 1007 2766 1867 1006 2762 1846 1002 2768 1869 1008 2761 1863 1001 2761 1863 1001 2768 1869 1008 2767 1868 1007 2765 1866 1005 2769 1870 1009 2745 1849 985 2745 1849 985 2769 1870 1009 2744 1848 984 2769 1870 1009 2770 1871 1010 2744 1848 984 2744 1848 984 2770 1871 1010 2743 1847 983 2770 1871 1010 2771 1869 1011 2743 1847 983 2743 1847 983 2771 1869 1011 2742 1846 982 2774 1874 1014 2773 1873 1013 2772 1872 1012 2775 1875 1015 2774 1874 1014 2772 1872 1012 2775 1875 1015 2776 1876 1016 2774 1874 1014 2777 1877 1017 2776 1876 1016 2775 1875 1015 2776 1876 1016 2777 1877 1017 2778 1878 1018 2778 1878 1018 2777 1877 1017 2779 1879 1019 2780 1880 1020 2779 1879 1019 2777 1877 1017 2781 1881 1021 2779 1879 1019 2780 1880 1020 2782 1882 1022 2779 1879 1019 2781 1881 1021 2783 1883 1023 2782 1882 1022 2781 1881 1021 2784 1833 1024 2783 1883 1023 2781 1881 1021 2785 1835 1025 2783 1883 1023 2784 1833 1024 2777 1877 1017 2786 1884 1026 2780 1880 1020 2777 1877 1017 2787 1885 1027 2786 1884 1026 2777 1877 1017 2775 1875 1015 2787 1885 1027 2780 1880 1020 2786 1884 1026 2788 1886 1028 2780 1880 1020 2788 1886 1028 2781 1881 1021 2781 1881 1021 2788 1886 1028 2789 1887 1029 2784 1833 1024 2781 1881 1021 2790 1831 1030 2790 1831 1030 2781 1881 1021 2789 1887 1029 2783 1883 1023 2785 1835 1025 2754 1858 994 2754 1858 994 2782 1882 1022 2783 1883 1023 2754 1858 994 2785 1835 1025 2756 1840 996 2753 1857 993 2782 1882 1022 2754 1858 994 2751 1855 991 2778 1878 1018 2753 1857 993 2776 1876 1016 2778 1878 1018 2751 1855 991 2751 1855 991 2774 1874 1014 2776 1876 1016 2749 1853 989 2774 1874 1014 2751 1855 991 2753 1857 993 2778 1878 1018 2791 1888 1031 2779 1879 1019 2791 1888 1031 2778 1878 1018 2782 1882 1022 2791 1888 1031 2779 1879 1019 2753 1857 993 2791 1888 1031 2782 1882 1022 2787 1885 1027 2792 1889 1032 2786 1884 1026 2792 1889 1032 2787 1885 1027 2793 1890 1033 2793 1890 1033 2702 1809 942 2792 1889 1032 2702 1809 942 2793 1890 1033 2705 1812 945 2792 1889 1032 2702 1809 942 2703 1810 943 2703 1810 943 2697 1804 937 2792 1889 1032 2793 1890 1033 2794 1891 1034 2705 1812 945 2794 1891 1034 2718 1825 958 2705 1812 945 2793 1890 1033 2787 1885 1027 2795 1892 1035 2787 1885 1027 2775 1875 1015 2795 1892 1035 2775 1875 1015 2772 1872 1012 2795 1892 1035 2795 1892 1035 2772 1872 1012 2796 1893 1036 2795 1892 1035 2796 1893 1036 2793 1890 1033 2793 1890 1033 2796 1893 1036 2794 1891 1034 2772 1872 1012 2797 1894 1037 2796 1893 1036 2796 1893 1036 2797 1894 1037 2798 1895 1038 2796 1893 1036 2798 1895 1038 2794 1891 1034 2794 1891 1034 2798 1895 1038 2718 1825 958 2797 1894 1037 2799 1896 1039 2798 1895 1038 2798 1895 1038 2799 1896 1039 2800 1897 1040 2798 1895 1038 2800 1897 1040 2718 1825 958 2718 1825 958 2800 1897 1040 2717 1824 957 2800 1897 1040 2801 1898 1041 2717 1824 957 2717 1824 957 2801 1898 1041 2715 1822 955 2799 1896 1039 2802 1899 1042 2800 1897 1040 2800 1897 1040 2802 1899 1042 2801 1898 1041 2802 1899 1042 2734 1838 974 2801 1898 1041 2801 1898 1041 2734 1838 974 2733 1837 973 2801 1898 1041 2733 1837 973 2715 1822 955 2715 1822 955 2733 1837 973 2716 1823 956 2733 1837 973 2728 1832 968 2716 1823 956 2773 1873 1013 2797 1894 1037 2772 1872 1012 2797 1894 1037 2773 1873 1013 2799 1896 1039 2773 1873 1013 2735 1839 975 2799 1896 1039 2735 1839 975 2802 1899 1042 2799 1896 1039 2802 1899 1042 2735 1839 975 2734 1838 974 2747 1851 987 2735 1839 975 2773 1873 1013 2747 1851 987 2773 1873 1013 2774 1874 1014 2774 1874 1014 2749 1853 989 2747 1851 987 2805 1901 878 2804 1900 879 2803 1864 1043 2803 1864 1043 2804 1900 879 2806 1865 1044 2807 1867 1045 2805 1901 878 2803 1864 1043 2808 1902 881 2805 1901 878 2807 1867 1045 2807 1867 1045 2809 1903 885 2808 1902 881 2810 1868 1046 2809 1903 885 2807 1867 1045 2806 1865 1044 2804 1900 879 2811 1866 1047 2811 1866 1047 2804 1900 879 2812 1904 833 2811 1866 1047 2812 1904 833 2813 1870 1048 2813 1870 1048 2812 1904 833 2814 1905 830 2814 1905 830 2815 1906 828 2813 1870 1048 2813 1870 1048 2815 1906 828 2816 1871 1049 2815 1906 828 2817 1907 837 2816 1871 1049 2816 1871 1049 2817 1907 837 2818 1869 1050 2818 1869 1050 2817 1907 837 2819 1868 1051 2819 1868 1051 2817 1907 837 2820 1903 855 2821 1908 1052 2694 1801 934 2698 1805 938 2694 1801 934 2821 1908 1052 2690 1797 930 2711 1818 951 2821 1908 1052 2698 1805 938 2711 1818 951 2822 1909 1053 2821 1908 1052 2821 1908 1052 2822 1909 1053 2690 1797 930 2690 1797 930 2822 1909 1053 2823 1910 1054 2690 1797 930 2823 1910 1054 2687 1794 927 2687 1794 927 2823 1910 1054 2824 1911 1055 2711 1818 951 2825 1912 1056 2822 1909 1053 2710 1817 950 2825 1912 1056 2711 1818 951 2825 1912 1056 2710 1817 950 2826 1913 1057 2826 1913 1057 2710 1817 950 2707 1814 947 2707 1814 947 2709 1816 949 2826 1913 1057 2826 1913 1057 2709 1816 949 2827 1914 1058 2709 1816 949 2828 1915 1059 2827 1914 1058 2720 1827 960 2828 1915 1059 2709 1816 949 2720 1827 960 2829 1916 1060 2828 1915 1059 2721 1828 961 2829 1916 1060 2720 1827 960 2721 1828 961 2830 1911 1061 2829 1916 1060 2723 1794 963 2830 1911 1061 2721 1828 961 2786 1884 1026 2792 1889 1032 2697 1804 937 2786 1884 1026 2697 1804 937 2788 1886 1028 2788 1886 1028 2697 1804 937 2695 1802 935 2788 1886 1028 2695 1802 935 2789 1887 1029 2789 1887 1029 2695 1802 935 2691 1798 931 2692 1799 932 2789 1887 1029 2691 1798 931 2790 1831 1030 2789 1887 1029 2692 1799 932 2833 1919 740 2832 1918 738 2831 1917 737 2831 1917 737 2832 1918 738 2834 1920 739 2833 1919 740 2835 1921 741 2832 1918 738 2832 1918 738 2836 1922 742 2834 1920 739 2837 1923 743 2836 1922 742 2832 1918 738 2837 1923 743 2832 1918 738 2838 1924 744 2838 1924 744 2832 1918 738 2839 1925 741 2836 1922 742 2840 1926 745 2834 1920 739 2834 1920 739 2840 1926 745 2841 1927 746 2831 1917 737 2834 1920 739 2842 1917 747 2842 1917 747 2834 1920 739 2841 1927 746 2843 1921 748 2842 1917 747 2841 1927 746 2844 1921 749 2842 1917 747 2843 1921 748 2845 1928 750 2841 1927 746 2840 1926 745 2846 1929 748 2841 1927 746 2845 1928 750 2846 1929 748 2845 1928 750 2847 1930 751 2847 1930 751 2845 1928 750 2848 1931 752 2849 1917 751 2844 1921 749 2843 1921 748 2850 1917 753 2844 1921 749 2849 1917 751 2851 1917 754 2850 1917 753 2849 1917 751 2852 1917 755 2850 1917 753 2851 1917 754 2853 1921 756 2852 1917 755 2851 1917 754 2854 1921 757 2852 1917 755 2853 1921 756 2854 1921 757 2853 1921 756 2855 1921 758 2855 1921 758 2853 1921 756 2856 1921 759 2855 1921 758 2856 1921 759 2857 1921 760 2857 1921 760 2856 1921 759 2858 1921 761 2859 1921 762 2857 1921 760 2858 1921 761 2860 1921 763 2857 1921 760 2859 1921 762 2861 1932 764 2860 1921 763 2859 1921 762 2862 1933 765 2860 1921 763 2861 1932 764 2848 1931 752 2863 1934 754 2847 1930 751 2864 1935 766 2863 1934 754 2848 1931 752 2864 1935 766 2865 1936 767 2863 1934 754 2863 1934 754 2865 1936 767 2866 1936 756 2865 1936 767 2867 1937 768 2866 1936 756 2866 1936 756 2867 1937 768 2868 1938 759 2867 1937 768 2869 1939 761 2868 1938 759 2870 1940 769 2869 1939 761 2867 1937 768 2870 1940 769 2871 1941 762 2869 1939 761 2872 1942 770 2871 1941 762 2870 1940 769 2872 1942 770 2873 1943 764 2871 1941 762 2874 1944 771 2873 1943 764 2872 1942 770 2875 1945 773 2862 1933 765 2873 1943 764 2876 1946 790 2862 1933 765 2875 1945 773 2876 1946 790 2875 1945 773 2877 1947 792 2877 1947 792 2875 1945 773 2878 1948 775 2881 1951 777 2880 1950 776 2879 1949 740 2879 1949 740 2880 1950 776 2882 1952 737 2883 1949 778 2881 1951 777 2879 1949 740 2881 1951 777 2884 1953 742 2880 1950 776 2885 1919 743 2884 1953 742 2881 1951 777 2881 1951 777 2886 1924 778 2885 1919 743 2885 1919 743 2886 1924 778 2887 1925 744 2884 1953 742 2888 1954 745 2880 1950 776 2880 1950 776 2888 1954 745 2889 1955 779 2889 1955 779 2882 1952 737 2880 1950 776 2890 1952 747 2882 1952 737 2889 1955 779 2889 1955 779 2891 1952 749 2890 1952 747 2892 1952 780 2891 1952 749 2889 1955 779 2888 1954 745 2893 1956 780 2889 1955 779 2894 1956 781 2893 1956 780 2888 1954 745 2894 1956 781 2895 1957 752 2893 1956 780 2893 1956 780 2895 1957 752 2896 1958 782 2891 1952 749 2892 1952 780 2897 1952 753 2897 1952 753 2892 1952 780 2898 1952 782 2898 1952 782 2899 1952 755 2897 1952 753 2900 1952 783 2899 1952 755 2898 1952 782 2900 1952 783 2901 1952 784 2899 1952 755 2899 1952 755 2901 1952 784 2902 1952 757 2903 1949 785 2902 1952 757 2901 1952 784 2904 1949 758 2902 1952 757 2903 1949 785 2905 1952 786 2904 1949 758 2903 1949 785 2906 1952 760 2904 1949 758 2905 1952 786 2906 1952 760 2905 1952 786 2907 1949 763 2907 1949 763 2905 1952 786 2908 1949 787 2908 1949 787 2909 1952 765 2907 1949 763 2910 1952 788 2909 1952 765 2908 1949 787 2895 1957 752 2911 1959 783 2896 1958 782 2913 1959 766 2912 1960 767 2911 1959 783 2911 1959 783 2912 1960 767 2914 1960 784 2912 1960 767 2915 1961 768 2914 1960 784 2914 1960 784 2915 1961 768 2916 1961 785 2915 1961 768 2917 1962 786 2916 1961 785 2918 1962 769 2917 1962 786 2915 1961 768 2918 1962 769 2919 1963 770 2917 1962 786 2917 1962 786 2919 1963 770 2920 1963 787 2919 1963 770 2921 1964 788 2920 1963 787 2922 1965 771 2921 1964 788 2919 1963 770 2913 1959 766 2911 1959 783 2895 1957 752 2921 1964 788 2924 1966 789 2923 1944 765 2923 1944 765 2924 1966 789 2925 1967 790 2924 1966 789 2926 1968 791 2925 1967 790 2925 1967 790 2926 1968 791 2927 1969 792 2929 1971 772 2928 1970 789 2922 1965 771 2922 1965 771 2928 1970 789 2930 1972 788 2928 1970 789 2929 1971 772 2931 1973 791 2931 1973 791 2929 1971 772 2932 1974 774 2934 1976 771 2933 1975 772 2861 1932 764 2861 1932 764 2933 1975 772 2935 1977 773 2933 1975 772 2936 1978 774 2935 1977 773 2935 1977 773 2936 1978 774 2937 1979 775 2940 1982 774 2939 1981 792 2938 1980 774 2938 1980 774 2939 1981 792 2941 1983 775 2944 1985 795 2943 1984 793 2942 1984 794 2942 1984 794 2943 1984 793 2945 1984 796 2948 1988 799 2947 1987 797 2946 1986 798 2946 1986 798 2947 1987 797 2949 1989 800 2952 1917 802 2951 1917 801 2950 1917 796 2950 1917 796 2951 1917 801 2953 1917 803 2953 1917 803 2951 1917 801 2954 1921 797 2954 1921 797 2951 1917 801 2955 1921 804 2958 1949 807 2957 1949 794 2956 1952 805 2956 1952 805 2957 1949 794 2959 1952 806 2960 1949 799 2956 1952 805 2959 1952 806 2961 1949 808 2956 1952 805 2960 1949 799 2964 1991 810 2963 1990 809 2962 1985 794 2962 1985 794 2963 1990 809 2965 1992 796 2963 1990 809 2966 1993 803 2965 1992 796 2967 1994 811 2966 1993 803 2963 1990 809 2968 1995 806 2964 1991 810 2962 1985 794 2969 1996 812 2964 1991 810 2968 1995 806 2967 1994 811 2970 1997 813 2966 1993 803 2966 1993 803 2970 1997 813 2971 1989 797 2970 1997 813 2972 1998 814 2971 1989 797 2969 1996 812 2968 1995 806 2972 1998 814 2971 1989 797 2972 1998 814 2973 1999 799 2972 1998 814 2968 1995 806 2973 1999 799 2976 2002 809 2975 2001 810 2974 2000 796 2974 2000 796 2975 2001 810 2977 2003 794 2979 2005 811 2976 2002 809 2978 2004 803 2978 2004 803 2980 2002 809 2974 2000 796 2979 2005 811 2978 2004 803 2981 2006 813 2983 2008 814 2981 2006 813 2982 2007 799 2982 2007 799 2981 2006 813 2984 2009 797 2985 2006 813 2978 2004 803 2984 2009 797 2987 2005 812 2986 2010 806 2975 2001 810 2987 2005 812 2983 2008 814 2986 2010 806 2988 2001 810 2986 2010 806 2977 2003 794 2986 2010 806 2989 2008 814 2982 2007 799 2992 2011 813 2991 2011 814 2990 1997 815 2990 1997 815 2991 2011 814 2993 1998 816 2996 1952 811 2995 1994 817 2994 1949 809 2994 1949 809 2995 1994 817 2997 1990 818 2996 1952 811 2998 1952 813 2995 1994 817 2995 1994 817 2998 1952 813 2999 1997 815 3002 1990 818 3001 1991 819 3000 1986 809 3000 1986 809 3001 1991 819 3003 1986 810 3006 1921 812 3005 1921 810 3004 1996 820 3004 1996 820 3005 1921 810 3007 1991 819 3006 1921 812 3004 1996 820 3008 1917 814 3008 1917 814 3004 1996 820 3009 1998 816 3012 2014 825 3011 2013 822 3010 2012 821 3010 2012 821 3014 2013 822 3013 2015 823 3013 2015 823 3014 2013 822 3015 2016 824 3012 2014 825 3017 2017 821 3016 2013 822 3019 2013 822 3017 2017 821 3018 2018 823 3019 2013 822 3018 2018 823 3020 2016 824 3023 2021 827 3022 2020 823 3021 2019 826 3021 2019 826 3022 2020 823 3024 2022 821 3022 2020 823 3023 2021 827 3025 2023 824 3028 2025 826 3027 2024 821 3026 2024 821 3026 2024 821 3027 2024 821 3029 2026 825 3032 2028 821 3031 2027 823 3030 2019 826 3030 2019 826 3031 2027 823 3033 2021 827 3033 2021 827 3031 2027 823 3034 2023 824 3037 2031 740 3036 2030 738 3035 2029 737 3035 2029 737 3036 2030 738 3038 2032 739 3037 2031 740 3039 2029 741 3036 2030 738 3036 2030 738 3040 2033 742 3038 2032 739 3041 2034 743 3040 2033 742 3036 2030 738 3041 2034 743 3036 2030 738 3042 2035 744 3042 2035 744 3036 2030 738 3043 2036 741 3040 2033 742 3044 2037 745 3038 2032 739 3038 2032 739 3044 2037 745 3045 2038 746 3035 2029 737 3038 2032 739 3046 2029 747 3046 2029 747 3038 2032 739 3045 2038 746 3047 2029 748 3046 2029 747 3045 2038 746 3048 2029 749 3046 2029 747 3047 2029 748 3049 2039 750 3045 2038 746 3044 2037 745 3050 2040 748 3045 2038 746 3049 2039 750 3050 2040 748 3049 2039 750 3051 2041 751 3051 2041 751 3049 2039 750 3052 2042 752 3053 2029 751 3048 2029 749 3047 2029 748 3054 2029 753 3048 2029 749 3053 2029 751 3055 2043 754 3054 2029 753 3053 2029 751 3056 2043 755 3054 2029 753 3055 2043 754 3057 2029 756 3056 2043 755 3055 2043 754 3058 2029 757 3056 2043 755 3057 2029 756 3058 2029 757 3057 2029 756 3059 2029 758 3059 2029 758 3057 2029 756 3060 2029 759 3059 2029 758 3060 2029 759 3061 2029 760 3061 2029 760 3060 2029 759 3062 2029 761 3063 2029 762 3061 2029 760 3062 2029 761 3064 2029 763 3061 2029 760 3063 2029 762 3065 2044 764 3064 2029 763 3063 2029 762 3066 2045 765 3064 2029 763 3065 2044 764 3052 2042 752 3067 2046 754 3051 2041 751 3068 2047 766 3067 2046 754 3052 2042 752 3068 2047 766 3069 2048 767 3067 2046 754 3067 2046 754 3069 2048 767 3070 2049 756 3069 2048 767 3071 2050 768 3070 2049 756 3070 2049 756 3071 2050 768 3072 2051 759 3071 2050 768 3073 2052 761 3072 2051 759 3074 2053 769 3073 2052 761 3071 2050 768 3074 2053 769 3075 2054 762 3073 2052 761 3076 2055 770 3075 2054 762 3074 2053 769 3076 2055 770 3077 2056 764 3075 2054 762 3078 2057 771 3077 2056 764 3076 2055 770 3066 2045 765 3077 2056 764 3079 2058 790 3079 2058 790 3077 2056 764 3080 2059 773 3079 2058 790 3080 2059 773 3081 2060 792 3081 2060 792 3080 2059 773 3082 2061 775 3085 2064 777 3084 2063 776 3083 2062 740 3083 2062 740 3084 2063 776 3086 2062 737 3087 2062 778 3085 2064 777 3083 2062 740 3085 2064 777 3088 2065 742 3084 2063 776 3089 2031 743 3088 2065 742 3085 2064 777 3085 2064 777 3090 2035 778 3089 2031 743 3089 2031 743 3090 2035 778 3091 2036 744 3088 2065 742 3092 2066 745 3084 2063 776 3084 2063 776 3092 2066 745 3093 2067 779 3093 2067 779 3086 2062 737 3084 2063 776 3094 2062 747 3086 2062 737 3093 2067 779 3093 2067 779 3095 2062 749 3094 2062 747 3096 2062 780 3095 2062 749 3093 2067 779 3092 2066 745 3097 2068 780 3093 2067 779 3098 2068 781 3097 2068 780 3092 2066 745 3098 2068 781 3099 2069 752 3097 2068 780 3097 2068 780 3099 2069 752 3100 2069 782 3095 2062 749 3096 2062 780 3101 2062 753 3101 2062 753 3096 2062 780 3102 2062 782 3102 2062 782 3103 2062 755 3101 2062 753 3104 2062 783 3103 2062 755 3102 2062 782 3104 2062 783 3105 2062 784 3103 2062 755 3103 2062 755 3105 2062 784 3106 2062 757 3107 2062 785 3106 2062 757 3105 2062 784 3108 2062 758 3106 2062 757 3107 2062 785 3109 2062 786 3108 2062 758 3107 2062 785 3110 2062 760 3108 2062 758 3109 2062 786 3110 2062 760 3109 2062 786 3111 2062 763 3111 2062 763 3109 2062 786 3112 2062 787 3112 2062 787 3113 2062 765 3111 2062 763 3114 2062 788 3113 2062 765 3112 2062 787 3099 2069 752 3115 2070 783 3100 2069 782 3117 2070 766 3116 2071 767 3115 2070 783 3115 2070 783 3116 2071 767 3118 2071 784 3116 2071 767 3119 2072 768 3118 2071 784 3118 2071 784 3119 2072 768 3120 2072 785 3119 2072 768 3121 2073 786 3120 2072 785 3122 2073 769 3121 2073 786 3119 2072 768 3122 2073 769 3123 2074 770 3121 2073 786 3121 2073 786 3123 2074 770 3124 2074 787 3123 2074 770 3125 2075 788 3124 2074 787 3126 2076 771 3125 2075 788 3123 2074 770 3117 2070 766 3115 2070 783 3099 2069 752 3125 2075 788 3128 2077 789 3127 2057 765 3127 2057 765 3128 2077 789 3129 2078 790 3128 2077 789 3130 2079 791 3129 2078 790 3129 2078 790 3130 2079 791 3131 2080 792 3133 2082 772 3132 2081 789 3126 2076 771 3126 2076 771 3132 2081 789 3134 2083 788 3132 2081 789 3133 2082 772 3135 2084 791 3135 2084 791 3133 2082 772 3136 2085 774 3138 2087 771 3137 2086 772 3065 2044 764 3065 2044 764 3137 2086 772 3139 2088 773 3137 2086 772 3140 2089 774 3139 2088 773 3139 2088 773 3140 2089 774 3141 2090 775 3144 2093 774 3143 2092 792 3142 2091 774 3142 2091 774 3143 2092 792 3145 2094 775 3148 2096 795 3147 2095 793 3146 2095 794 3146 2095 794 3147 2095 793 3149 2095 796 3152 2097 799 3151 2097 797 3150 2097 798 3150 2097 798 3151 2097 797 3153 2098 800 3156 2029 802 3155 2029 801 3154 2029 796 3154 2029 796 3155 2029 801 3157 2029 803 3157 2029 803 3155 2029 801 3158 2029 797 3158 2029 797 3155 2029 801 3159 2029 804 3162 2062 807 3161 2062 794 3160 2062 805 3160 2062 805 3161 2062 794 3163 2062 806 3164 2062 799 3160 2062 805 3163 2062 806 3165 2062 808 3160 2062 805 3164 2062 799 3168 2100 810 3167 2099 809 3166 2096 794 3166 2096 794 3167 2099 809 3169 2101 796 3167 2099 809 3170 2102 803 3169 2101 796 3171 2103 811 3170 2102 803 3167 2099 809 3172 2104 806 3168 2100 810 3166 2096 794 3173 2105 812 3168 2100 810 3172 2104 806 3171 2103 811 3174 2106 813 3170 2102 803 3170 2102 803 3174 2106 813 3175 2098 797 3174 2106 813 3176 2107 814 3175 2098 797 3173 2105 812 3172 2104 806 3176 2107 814 3175 2098 797 3176 2107 814 3177 2108 799 3176 2107 814 3172 2104 806 3177 2108 799 3180 2111 809 3179 2110 810 3178 2109 796 3178 2109 796 3179 2110 810 3181 2112 794 3183 2114 811 3180 2111 809 3182 2113 803 3182 2113 803 3184 2111 809 3178 2109 796 3183 2114 811 3182 2113 803 3185 2115 813 3187 2117 814 3185 2115 813 3186 2116 799 3186 2116 799 3185 2115 813 3188 2118 797 3189 2115 813 3182 2113 803 3188 2118 797 3191 2114 812 3190 2119 806 3179 2110 810 3191 2114 812 3187 2117 814 3190 2119 806 3192 2110 810 3190 2119 806 3181 2112 794 3190 2119 806 3193 2117 814 3186 2116 799 3196 2095 813 3195 2095 814 3194 2106 815 3194 2106 815 3195 2095 814 3197 2107 816 3200 2062 811 3199 2103 817 3198 2062 809 3198 2062 809 3199 2103 817 3201 2099 818 3200 2062 811 3202 2062 813 3199 2103 817 3199 2103 817 3202 2062 813 3203 2106 815 3206 2099 818 3205 2100 819 3204 2097 809 3204 2097 809 3205 2100 819 3207 2097 810 3210 2029 812 3209 2029 810 3208 2105 820 3208 2105 820 3209 2029 810 3211 2100 819 3210 2029 812 3208 2105 820 3212 2029 814 3212 2029 814 3208 2105 820 3213 2107 816 3216 2122 825 3215 2121 822 3214 2120 821 3214 2120 821 3218 2121 822 3217 2123 823 3217 2123 823 3218 2121 822 3219 2124 824 3216 2122 825 3221 2125 821 3220 2121 822 3223 2121 822 3221 2125 821 3222 2126 823 3223 2121 822 3222 2126 823 3224 2124 824 3227 2129 827 3226 2128 823 3225 2127 826 3225 2127 826 3226 2128 823 3228 2130 821 3226 2128 823 3227 2129 827 3229 2131 824 3232 2134 826 3231 2133 821 3230 2132 821 3230 2132 821 3231 2133 821 3233 2135 825 3236 2137 821 3235 2136 823 3234 2127 826 3234 2127 826 3235 2136 823 3237 2129 827 3237 2129 827 3235 2136 823 3238 2131 824 3241 2140 831 3240 2139 829 3239 2138 828 3239 2138 828 3240 2139 829 3242 2141 830 3240 2139 829 3243 2142 832 3242 2141 830 3242 2141 830 3243 2142 832 3244 2143 833 3245 2144 834 3244 2143 833 3243 2142 832 3246 2145 835 3244 2143 833 3245 2144 834 3247 2146 836 3241 2140 831 3239 2138 828 3248 2147 837 3247 2146 836 3239 2138 828 3249 2148 838 3247 2146 836 3248 2147 837 3249 2148 838 3250 2149 839 3247 2146 836 3251 2150 840 3250 2149 839 3249 2148 838 3252 2151 841 3251 2150 840 3249 2148 838 3252 2151 841 3249 2148 838 3248 2147 837 3253 2152 842 3251 2150 840 3252 2151 841 3254 2153 843 3251 2150 840 3253 2152 842 3251 2150 840 3254 2153 843 3255 2154 844 3255 2154 844 3254 2153 843 3256 2155 845 3255 2154 844 3257 2156 846 3251 2150 840 3254 2153 843 3253 2152 842 3258 2157 847 3256 2155 845 3254 2153 843 3258 2157 847 3258 2157 847 3253 2152 842 3259 2158 848 3253 2152 842 3260 2159 849 3259 2158 848 3253 2152 842 3252 2151 841 3260 2159 849 3260 2159 849 3261 2160 850 3259 2158 848 3261 2160 850 3262 2161 851 3259 2158 848 3263 2162 852 3262 2161 851 3261 2160 850 3261 2160 850 3264 2163 853 3263 2162 852 3265 2164 854 3264 2163 853 3261 2160 850 3264 2163 853 3265 2164 854 3266 2165 855 3266 2165 855 3265 2164 854 3248 2147 837 3267 2166 856 3260 2159 849 3252 2151 841 3248 2147 837 3267 2166 856 3252 2151 841 3261 2160 850 3267 2166 856 3265 2164 854 3248 2147 837 3265 2164 854 3267 2166 856 3261 2160 850 3260 2159 849 3267 2166 856 3270 2154 859 3269 2155 857 3268 2167 858 3268 2167 858 3269 2155 857 3271 2168 860 3268 2167 858 3272 2169 861 3270 2154 859 3270 2154 859 3272 2169 861 3273 2156 862 3268 2167 858 3274 2170 863 3272 2169 861 3272 2169 861 3274 2170 863 3275 2171 864 3274 2170 863 3276 2172 865 3275 2171 864 3275 2171 864 3276 2172 865 3277 2173 866 3276 2172 865 3278 2174 867 3277 2173 866 3277 2173 866 3278 2174 867 3279 2175 868 3278 2174 867 3280 2176 869 3279 2175 868 3279 2175 868 3280 2176 869 3281 2177 870 3280 2176 869 3282 2178 871 3281 2177 870 3271 2168 860 3269 2155 857 3283 2157 872 3271 2168 860 3283 2157 872 3284 2179 873 3271 2168 860 3284 2179 873 3246 2145 835 3246 2145 835 3284 2179 873 3285 2180 874 3285 2180 874 3284 2179 873 3286 2181 875 3285 2180 874 3286 2181 875 3287 2182 876 3285 2180 874 3287 2182 876 3288 2183 877 3288 2183 877 3289 2184 878 3285 2180 874 3285 2180 874 3289 2184 878 3290 2185 879 3288 2183 877 3287 2182 876 3291 2186 880 3289 2184 878 3288 2183 877 3292 2187 881 3292 2187 881 3288 2183 877 3293 2188 882 3291 2186 880 3294 2189 883 3288 2183 877 3288 2183 877 3294 2189 883 3293 2188 882 3293 2188 882 3295 2163 884 3292 2187 881 3292 2187 881 3295 2163 884 3296 2165 885 3294 2189 883 3297 2162 886 3293 2188 882 3293 2188 882 3297 2162 886 3295 2163 884 3297 2162 886 3294 2189 883 3298 2161 887 3294 2189 883 3291 2186 880 3299 2161 887 3291 2186 880 3287 2182 876 3300 2161 887 3300 2161 887 3287 2182 876 3301 2158 888 3287 2182 876 3286 2181 875 3301 2158 888 3286 2181 875 3284 2179 873 3301 2158 888 3284 2179 873 3283 2157 872 3301 2158 888 3285 2180 874 3290 2185 879 3244 2143 833 3285 2180 874 3244 2143 833 3246 2145 835 3246 2145 835 3245 2144 834 3268 2167 858 3268 2167 858 3245 2144 834 3274 2170 863 3245 2144 834 3243 2142 832 3274 2170 863 3274 2170 863 3243 2142 832 3276 2172 865 3243 2142 832 3240 2139 829 3276 2172 865 3276 2172 865 3240 2139 829 3278 2174 867 3240 2139 829 3241 2140 831 3278 2174 867 3278 2174 867 3241 2140 831 3280 2176 869 3247 2146 836 3280 2176 869 3241 2140 831 3250 2149 839 3280 2176 869 3247 2146 836 3280 2176 869 3250 2149 839 3282 2178 871 3250 2149 839 3251 2150 840 3282 2178 871 3282 2178 871 3251 2150 840 3302 2190 889 3251 2150 840 3303 2156 846 3302 2190 889 3302 2190 889 3303 2156 846 3304 2191 890 3302 2190 889 3304 2191 890 3305 2192 891 3282 2178 871 3302 2190 889 3305 2192 891 3305 2192 891 3304 2191 890 3306 2193 892 3306 2193 892 3304 2191 890 3307 2194 893 3308 2195 894 3305 2192 891 3306 2193 892 3308 2195 894 3306 2193 892 3307 2194 893 3308 2195 894 3307 2194 893 3309 2196 895 3310 2197 896 3308 2195 894 3309 2196 895 3311 2198 897 3308 2195 894 3310 2197 896 3312 2199 898 3311 2198 897 3310 2197 896 3313 2200 899 3311 2198 897 3312 2199 898 3314 2201 900 3313 2200 899 3312 2199 898 3315 2202 901 3314 2201 900 3312 2199 898 3316 2203 902 3313 2200 899 3314 2201 900 3316 2203 902 3314 2201 900 3317 2204 903 3317 2204 903 3314 2201 900 3318 2205 904 3317 2204 903 3318 2205 904 3319 2206 905 3319 2206 905 3318 2205 904 3320 2207 906 3321 2208 907 3312 2199 898 3310 2197 896 3309 2196 895 3321 2208 907 3310 2197 896 3315 2202 901 3312 2199 898 3321 2208 907 3320 2207 906 3318 2205 904 3322 2209 908 3323 2210 909 3318 2205 904 3314 2201 900 3322 2209 908 3318 2205 904 3323 2210 909 3309 2196 895 3324 2211 910 3321 2208 907 3325 2212 911 3324 2211 910 3309 2196 895 3326 2213 912 3324 2211 910 3325 2212 911 3327 2209 913 3324 2211 910 3326 2213 912 3326 2213 912 3328 2207 914 3327 2209 913 3304 2191 890 3328 2207 914 3326 2213 912 3329 2206 915 3328 2207 914 3304 2191 890 3316 2203 902 3317 2204 903 3275 2171 864 3275 2171 864 3317 2204 903 3272 2169 861 3304 2191 890 3330 2156 846 3329 2206 915 3317 2204 903 3273 2156 862 3272 2169 861 3319 2206 905 3273 2156 862 3317 2204 903 3307 2194 893 3326 2213 912 3325 2212 911 3309 2196 895 3307 2194 893 3325 2212 911 3307 2194 893 3304 2191 890 3326 2213 912 3277 2173 866 3316 2203 902 3275 2171 864 3313 2200 899 3316 2203 902 3277 2173 866 3277 2173 866 3279 2175 868 3313 2200 899 3313 2200 899 3279 2175 868 3311 2198 897 3279 2175 868 3281 2177 870 3311 2198 897 3311 2198 897 3281 2177 870 3308 2195 894 3281 2177 870 3305 2192 891 3308 2195 894 3281 2177 870 3282 2178 871 3305 2192 891 3333 2216 918 3332 2215 916 3331 2214 917 3331 2214 917 3332 2215 916 3334 2217 919 3335 2218 920 3333 2216 918 3331 2214 917 3333 2216 918 3336 2219 921 3332 2215 916 3339 2221 922 3338 2220 916 3337 2216 918 3340 2222 923 3338 2220 916 3339 2221 922 3341 2218 920 3339 2221 922 3337 2216 918 3337 2216 918 3338 2220 916 3342 2219 921 3345 2225 923 3344 2224 922 3343 2223 924 3343 2223 924 3344 2224 922 3346 2226 925 3346 2226 925 3344 2224 922 3347 2227 920 3350 2229 919 3349 2223 924 3348 2228 917 3348 2228 917 3349 2223 924 3351 2226 925 3348 2228 917 3351 2226 925 3352 2227 920 3353 2230 926 3314 2201 900 3315 2202 901 3323 2210 909 3314 2201 900 3353 2230 926 3268 2167 858 3271 2168 860 3246 2145 835 3356 2233 930 3355 2232 928 3354 2231 927 3354 2231 927 3355 2232 928 3357 2234 929 3355 2232 928 3358 2235 931 3357 2234 929 3357 2234 929 3358 2235 931 3359 2236 932 3355 2232 928 3360 2237 933 3358 2235 931 3355 2232 928 3361 2238 934 3360 2237 933 3355 2232 928 3356 2233 930 3361 2238 934 3358 2235 931 3360 2237 933 3362 2239 935 3360 2237 933 3363 2240 936 3362 2239 935 3362 2239 935 3363 2240 936 3364 2241 937 3361 2238 934 3365 2242 938 3360 2237 933 3360 2237 933 3365 2242 938 3363 2240 936 3363 2240 936 3365 2242 938 3366 2243 939 3366 2243 939 3365 2242 938 3367 2244 940 3366 2243 939 3367 2244 940 3368 2245 941 3368 2245 941 3369 2246 942 3366 2243 939 3366 2243 939 3369 2246 942 3370 2247 943 3363 2240 936 3370 2247 943 3364 2241 937 3366 2243 939 3370 2247 943 3363 2240 936 3368 2245 941 3371 2248 944 3369 2246 942 3369 2246 942 3371 2248 944 3372 2249 945 3368 2245 941 3367 2244 940 3373 2250 946 3367 2244 940 3374 2251 947 3373 2250 946 3374 2251 947 3375 2252 948 3373 2250 946 3373 2250 946 3375 2252 948 3368 2245 941 3368 2245 941 3375 2252 948 3371 2248 944 3376 2253 949 3375 2252 948 3374 2251 947 3377 2254 950 3374 2251 947 3367 2244 940 3367 2244 940 3378 2255 951 3377 2254 950 3367 2244 940 3365 2242 938 3378 2255 951 3375 2252 948 3379 2256 952 3371 2248 944 3376 2253 949 3379 2256 952 3375 2252 948 3371 2248 944 3379 2256 952 3380 2257 953 3372 2249 945 3371 2248 944 3380 2257 953 3379 2256 952 3381 2258 954 3380 2257 953 3381 2258 954 3382 2259 955 3380 2257 953 3381 2258 954 3383 2260 956 3382 2259 955 3380 2257 953 3382 2259 955 3384 2261 957 3385 2262 958 3380 2257 953 3384 2261 957 3385 2262 958 3372 2249 945 3380 2257 953 3386 2263 959 3381 2258 954 3379 2256 952 3379 2256 952 3387 2264 960 3386 2263 959 3387 2264 960 3379 2256 952 3376 2253 949 3386 2263 959 3387 2264 960 3388 2265 961 3386 2263 959 3389 2266 962 3381 2258 954 3386 2263 959 3388 2265 961 3389 2266 962 3381 2258 954 3389 2266 962 3383 2260 956 3388 2265 961 3390 2231 963 3389 2266 962 3389 2266 962 3390 2231 963 3391 2234 964 3389 2266 962 3391 2234 964 3392 2267 965 3383 2260 956 3389 2266 962 3392 2267 965 3392 2267 965 3391 2234 964 3393 2236 966 3394 2268 967 3392 2267 965 3393 2236 966 3395 2269 968 3392 2267 965 3394 2268 967 3395 2269 968 3383 2260 956 3392 2267 965 3396 2270 969 3395 2269 968 3394 2268 967 3397 2271 970 3395 2269 968 3396 2270 969 3396 2270 969 3398 2272 971 3397 2271 970 3397 2271 970 3398 2272 971 3399 2273 972 3397 2271 970 3400 2274 973 3395 2269 968 3401 2275 974 3400 2274 973 3397 2271 970 3399 2273 972 3401 2275 974 3397 2271 970 3402 2276 975 3401 2275 974 3399 2273 972 3403 2277 976 3399 2273 972 3398 2272 971 3404 2278 977 3399 2273 972 3403 2277 976 3404 2278 977 3402 2276 975 3399 2273 972 3404 2278 977 3403 2277 976 3405 2279 978 3406 2280 979 3404 2278 977 3405 2279 978 3407 2281 980 3404 2278 977 3406 2280 979 3407 2281 980 3402 2276 975 3404 2278 977 3405 2279 978 3403 2277 976 3408 2282 981 3408 2282 981 3409 2283 982 3405 2279 978 3405 2279 978 3409 2283 982 3410 2284 983 3405 2279 978 3410 2284 983 3406 2280 979 3406 2280 979 3410 2284 983 3411 2285 984 3412 2286 985 3406 2280 979 3411 2285 984 3413 2287 986 3406 2280 979 3412 2286 985 3414 2288 987 3406 2280 979 3413 2287 986 3407 2281 980 3414 2288 987 3402 2276 975 3414 2288 987 3407 2281 980 3406 2280 979 3413 2287 986 3412 2286 985 3415 2289 988 3416 2290 989 3413 2287 986 3415 2289 988 3413 2287 986 3416 2290 989 3414 2288 987 3417 2291 990 3416 2290 989 3415 2289 988 3418 2292 991 3416 2290 989 3417 2291 990 3419 2293 992 3418 2292 991 3417 2291 990 3420 2294 993 3418 2292 991 3419 2293 992 3420 2294 993 3419 2293 992 3421 2295 994 3421 2295 994 3419 2293 992 3422 2296 995 3421 2295 994 3422 2296 995 3423 2277 996 3423 2277 996 3422 2296 995 3424 2282 997 3415 2289 988 3412 2286 985 3425 2297 998 3415 2289 988 3425 2297 998 3417 2291 990 3417 2291 990 3425 2297 998 3426 2298 999 3417 2291 990 3426 2298 999 3419 2293 992 3419 2293 992 3426 2298 999 3427 2299 1000 3422 2296 995 3419 2293 992 3428 2300 1001 3428 2300 1001 3419 2293 992 3427 2299 1000 3424 2282 997 3422 2296 995 3429 2283 1002 3429 2283 1002 3422 2296 995 3428 2300 1001 3426 2298 999 3425 2297 998 3430 2301 1003 3430 2301 1003 3425 2297 998 3431 2302 1004 3425 2297 998 3412 2286 985 3431 2302 1004 3431 2302 1004 3412 2286 985 3432 2303 1005 3427 2299 1000 3426 2298 999 3433 2304 1006 3433 2304 1006 3426 2298 999 3430 2301 1003 3428 2300 1001 3427 2299 1000 3434 2305 1007 3434 2305 1007 3427 2299 1000 3433 2304 1006 3429 2283 1002 3428 2300 1001 3435 2306 1008 3435 2306 1008 3428 2300 1001 3434 2305 1007 3412 2286 985 3436 2307 1009 3432 2303 1005 3411 2285 984 3436 2307 1009 3412 2286 985 3411 2285 984 3437 2308 1010 3436 2307 1009 3410 2284 983 3437 2308 1010 3411 2285 984 3410 2284 983 3438 2306 1011 3437 2308 1010 3409 2283 982 3438 2306 1011 3410 2284 983 3441 2311 1014 3440 2310 1012 3439 2309 1013 3442 2312 1015 3440 2310 1012 3441 2311 1014 3443 2313 1016 3442 2312 1015 3441 2311 1014 3444 2314 1017 3442 2312 1015 3443 2313 1016 3443 2313 1016 3445 2315 1018 3444 2314 1017 3445 2315 1018 3446 2316 1019 3444 2314 1017 3447 2317 1020 3444 2314 1017 3446 2316 1019 3448 2318 1021 3447 2317 1020 3446 2316 1019 3449 2319 1022 3448 2318 1021 3446 2316 1019 3450 2320 1023 3448 2318 1021 3449 2319 1022 3448 2318 1021 3450 2320 1023 3451 2270 1024 3451 2270 1024 3450 2320 1023 3452 2272 1025 3447 2317 1020 3453 2321 1026 3444 2314 1017 3444 2314 1017 3453 2321 1026 3454 2322 1027 3454 2322 1027 3442 2312 1015 3444 2314 1017 3455 2323 1028 3453 2321 1026 3447 2317 1020 3448 2318 1021 3455 2323 1028 3447 2317 1020 3456 2324 1029 3455 2323 1028 3448 2318 1021 3451 2270 1024 3457 2268 1030 3448 2318 1021 3448 2318 1021 3457 2268 1030 3456 2324 1029 3421 2295 994 3452 2272 1025 3450 2320 1023 3449 2319 1022 3421 2295 994 3450 2320 1023 3423 2277 996 3452 2272 1025 3421 2295 994 3420 2294 993 3421 2295 994 3449 2319 1022 3420 2294 993 3445 2315 1018 3418 2292 991 3418 2292 991 3445 2315 1018 3443 2313 1016 3441 2311 1014 3418 2292 991 3443 2313 1016 3416 2290 989 3418 2292 991 3441 2311 1014 3420 2294 993 3458 2325 1031 3445 2315 1018 3446 2316 1019 3445 2315 1018 3458 2325 1031 3449 2319 1022 3446 2316 1019 3458 2325 1031 3420 2294 993 3449 2319 1022 3458 2325 1031 3453 2321 1026 3459 2326 1032 3454 2322 1027 3459 2326 1032 3460 2327 1033 3454 2322 1027 3460 2327 1033 3459 2326 1032 3369 2246 942 3369 2246 942 3372 2249 945 3460 2327 1033 3369 2246 942 3459 2326 1032 3370 2247 943 3364 2241 937 3370 2247 943 3459 2326 1032 3460 2327 1033 3372 2249 945 3461 2328 1034 3461 2328 1034 3372 2249 945 3385 2262 958 3364 2241 937 3459 2326 1032 3453 2321 1026 3455 2323 1028 3364 2241 937 3453 2321 1026 3362 2239 935 3364 2241 937 3455 2323 1028 3456 2324 1029 3362 2239 935 3455 2323 1028 3358 2235 931 3362 2239 935 3456 2324 1029 3456 2324 1029 3359 2236 932 3358 2235 931 3457 2268 1030 3359 2236 932 3456 2324 1029 3462 2329 1038 3461 2328 1034 3385 2262 958 3462 2329 1038 3385 2262 958 3463 2330 1040 3464 2331 1039 3462 2329 1038 3463 2330 1040 3465 2332 1037 3462 2329 1038 3464 2331 1039 3465 2332 1037 3466 2333 1036 3462 2329 1038 3466 2333 1036 3461 2328 1034 3462 2329 1038 3440 2310 1012 3466 2333 1036 3465 2332 1037 3440 2310 1012 3467 2334 1035 3466 2333 1036 3442 2312 1015 3467 2334 1035 3440 2310 1012 3467 2334 1035 3442 2312 1015 3454 2322 1027 3454 2322 1027 3460 2327 1033 3467 2334 1035 3460 2327 1033 3466 2333 1036 3467 2334 1035 3461 2328 1034 3466 2333 1036 3460 2327 1033 3464 2331 1039 3463 2330 1040 3468 2335 1042 3468 2335 1042 3463 2330 1040 3469 2336 1041 3463 2330 1040 3384 2261 957 3469 2336 1041 3463 2330 1040 3385 2262 958 3384 2261 957 3469 2336 1041 3384 2261 957 3382 2259 955 3468 2335 1042 3469 2336 1041 3401 2275 974 3401 2275 974 3469 2336 1041 3400 2274 973 3469 2336 1041 3382 2259 955 3400 2274 973 3400 2274 973 3382 2259 955 3383 2260 956 3400 2274 973 3383 2260 956 3395 2269 968 3468 2335 1042 3401 2275 974 3402 2276 975 3402 2276 975 3464 2331 1039 3468 2335 1042 3439 2309 1013 3464 2331 1039 3402 2276 975 3402 2276 975 3414 2288 987 3439 2309 1013 3465 2332 1037 3464 2331 1039 3439 2309 1013 3439 2309 1013 3440 2310 1012 3465 2332 1037 3414 2288 987 3441 2311 1014 3439 2309 1013 3414 2288 987 3416 2290 989 3441 2311 1014 3472 2302 1044 3471 2337 879 3470 2301 1043 3470 2301 1043 3471 2337 879 3473 2338 878 3470 2301 1043 3473 2338 878 3474 2304 1045 3474 2304 1045 3473 2338 878 3475 2339 881 3476 2340 885 3474 2304 1045 3475 2339 881 3477 2305 1046 3474 2304 1045 3476 2340 885 3472 2302 1044 3478 2303 1047 3471 2337 879 3471 2337 879 3478 2303 1047 3479 2341 833 3478 2303 1047 3480 2307 1048 3479 2341 833 3479 2341 833 3480 2307 1048 3481 2342 830 3480 2307 1048 3482 2343 828 3481 2342 830 3483 2308 1049 3482 2343 828 3480 2307 1048 3483 2308 1049 3484 2344 837 3482 2343 828 3485 2306 1050 3484 2344 837 3483 2308 1049 3485 2306 1050 3486 2305 1051 3484 2344 837 3484 2344 837 3486 2305 1051 3487 2340 855 3488 2345 1052 3365 2242 938 3361 2238 934 3361 2238 934 3356 2233 930 3488 2345 1052 3378 2255 951 3365 2242 938 3488 2345 1052 3378 2255 951 3488 2345 1052 3489 2346 1053 3488 2345 1052 3356 2233 930 3489 2346 1053 3489 2346 1053 3356 2233 930 3490 2347 1054 3356 2233 930 3354 2231 927 3490 2347 1054 3490 2347 1054 3354 2231 927 3491 2348 1055 3492 2349 1056 3378 2255 951 3489 2346 1053 3377 2254 950 3378 2255 951 3492 2349 1056 3492 2349 1056 3493 2350 1057 3377 2254 950 3377 2254 950 3493 2350 1057 3374 2251 947 3493 2350 1057 3376 2253 949 3374 2251 947 3494 2351 1058 3376 2253 949 3493 2350 1057 3495 2352 1059 3376 2253 949 3494 2351 1058 3387 2264 960 3376 2253 949 3495 2352 1059 3496 2353 1060 3387 2264 960 3495 2352 1059 3388 2265 961 3387 2264 960 3496 2353 1060 3497 2348 1061 3388 2265 961 3496 2353 1060 3390 2231 963 3388 2265 961 3497 2348 1061 3500 2356 1063 3499 2355 1062 3498 2354 387 3498 2354 387 3499 2355 1062 3501 2357 389 3502 2358 356 3500 2356 1063 3498 2354 387 3503 2359 390 3500 2356 1063 3502 2358 356 3500 2356 1063 3503 2359 390 3504 2360 1064 3504 2360 1064 3503 2359 390 3505 2361 1065 3506 2362 1066 3504 2360 1064 3505 2361 1065 3507 2363 1067 3504 2360 1064 3506 2362 1066 3507 2363 1067 3508 2364 1068 3504 2360 1064 3499 2355 1062 3500 2356 1063 3508 2364 1068 3508 2364 1068 3500 2356 1063 3504 2360 1064 3509 2365 1069 3508 2364 1068 3507 2363 1067 3507 2363 1067 3506 2362 1066 3510 2366 399 3510 2366 399 3506 2362 1066 3511 2367 365 3510 2366 399 3512 2368 401 3507 2363 1067 3507 2363 1067 3512 2368 401 3509 2365 1069 3513 2369 403 3509 2365 1069 3512 2368 401 3514 2370 1070 3509 2365 1069 3513 2369 403 3514 2370 1070 3515 2371 1071 3509 2365 1069 3509 2365 1069 3515 2371 1071 3508 2364 1068 3515 2371 1071 3499 2355 1062 3508 2364 1068 3516 2372 1072 3499 2355 1062 3515 2371 1071 3499 2355 1062 3516 2372 1072 3501 2357 389 3501 2357 389 3516 2372 1072 3517 2373 406 3520 2361 1065 3519 2374 1064 3518 2362 1066 3518 2362 1066 3519 2374 1064 3521 2375 1067 3522 2376 399 3518 2362 1066 3521 2375 1067 3523 2367 365 3518 2362 1066 3522 2376 399 3521 2375 1067 3524 2377 401 3522 2376 399 3525 2378 1069 3524 2377 401 3521 2375 1067 3525 2378 1069 3526 2369 403 3524 2377 401 3527 2370 1070 3526 2369 403 3525 2378 1069 3525 2378 1069 3528 2371 1071 3527 2370 1070 3529 2379 1068 3528 2371 1071 3525 2378 1069 3519 2374 1064 3529 2379 1068 3521 2375 1067 3521 2375 1067 3529 2379 1068 3525 2378 1069 3530 2359 390 3519 2374 1064 3520 2361 1065 3531 2380 1063 3519 2374 1064 3530 2359 390 3531 2380 1063 3529 2379 1068 3519 2374 1064 3530 2359 390 3532 2358 356 3531 2380 1063 3531 2380 1063 3532 2358 356 3533 2381 387 3529 2379 1068 3534 2382 1062 3528 2371 1071 3534 2382 1062 3529 2379 1068 3531 2380 1063 3533 2381 387 3534 2382 1062 3531 2380 1063 3528 2371 1071 3534 2382 1062 3535 2372 1072 3536 2383 389 3535 2372 1072 3534 2382 1062 3536 2383 389 3534 2382 1062 3533 2381 387 3537 2373 406 3535 2372 1072 3536 2383 389 3540 2386 1063 3539 2385 1062 3538 2384 387 3538 2384 387 3539 2385 1062 3541 2387 389 3542 2388 356 3540 2386 1063 3538 2384 387 3543 2389 390 3540 2386 1063 3542 2388 356 3540 2386 1063 3543 2389 390 3544 2390 1073 3544 2390 1073 3543 2389 390 3545 2391 1074 3546 2392 1066 3544 2390 1073 3545 2391 1074 3547 2393 1067 3544 2390 1073 3546 2392 1066 3547 2393 1067 3548 2394 1075 3544 2390 1073 3539 2385 1062 3540 2386 1063 3548 2394 1075 3548 2394 1075 3540 2386 1063 3544 2390 1073 3549 2395 1069 3548 2394 1075 3547 2393 1067 3550 2396 365 3547 2393 1067 3546 2392 1066 3551 2397 399 3547 2393 1067 3550 2396 365 3551 2397 399 3549 2395 1069 3547 2393 1067 3552 2398 401 3549 2395 1069 3551 2397 399 3549 2395 1069 3552 2398 401 3553 2399 1070 3553 2399 1070 3552 2398 401 3554 2400 403 3553 2399 1070 3555 2401 1076 3549 2395 1069 3549 2395 1069 3555 2401 1076 3548 2394 1075 3555 2401 1076 3539 2385 1062 3548 2394 1075 3556 2402 1072 3539 2385 1062 3555 2401 1076 3539 2385 1062 3556 2402 1072 3541 2387 389 3541 2387 389 3556 2402 1072 3557 2403 406 3560 2391 1074 3559 2404 1073 3558 2392 1066 3558 2392 1066 3559 2404 1073 3561 2405 1067 3558 2392 1066 3561 2405 1067 3562 2396 365 3562 2396 365 3561 2405 1067 3563 2406 399 3561 2405 1067 3564 2407 1069 3563 2406 399 3563 2406 399 3564 2407 1069 3565 2408 401 3566 2399 1070 3565 2408 401 3564 2407 1069 3567 2400 403 3565 2408 401 3566 2399 1070 3564 2407 1069 3568 2401 1076 3566 2399 1070 3569 2409 1075 3568 2401 1076 3564 2407 1069 3559 2404 1073 3569 2409 1075 3561 2405 1067 3561 2405 1067 3569 2409 1075 3564 2407 1069 3570 2389 390 3559 2404 1073 3560 2391 1074 3571 2410 1063 3559 2404 1073 3570 2389 390 3571 2410 1063 3569 2409 1075 3559 2404 1073 3570 2389 390 3572 2388 356 3571 2410 1063 3571 2410 1063 3572 2388 356 3573 2411 387 3569 2409 1075 3574 2412 1062 3568 2401 1076 3574 2412 1062 3569 2409 1075 3571 2410 1063 3573 2411 387 3574 2412 1062 3571 2410 1063 3568 2401 1076 3574 2412 1062 3575 2402 1072 3576 2413 389 3575 2402 1072 3574 2412 1062 3576 2413 389 3574 2412 1062 3573 2411 387 3577 2403 406 3575 2402 1072 3576 2413 389 3580 2416 1079 3579 2415 1078 3578 2414 1077 3578 2414 1077 3579 2415 1078 3581 2417 1080 3582 2418 1081 3579 2415 1078 3580 2416 1079 3582 2418 1081 3583 2419 1082 3579 2415 1078 3579 2415 1078 3583 2419 1082 3584 2420 1083 3585 2421 1084 3584 2420 1083 3583 2419 1082 3586 2422 1085 3584 2420 1083 3585 2421 1084 3586 2422 1085 3585 2421 1084 3587 2423 1086 3588 2424 1087 3586 2422 1085 3587 2423 1086 3589 2425 1088 3586 2422 1085 3588 2424 1087 3588 2424 1087 3590 2426 1089 3589 2425 1088 3589 2425 1088 3590 2426 1089 3591 2427 1090 3591 2427 1090 3590 2426 1089 3592 2428 1091 3592 2428 1091 3581 2417 1080 3591 2427 1090 3594 2429 1092 3593 2417 1080 3592 2428 1091 3593 2417 1080 3594 2429 1092 3578 2414 1077 3596 2431 1094 3595 2430 1093 3588 2424 1087 3588 2424 1087 3595 2430 1093 3597 2432 1095 3600 2435 1092 3599 2434 1096 3598 2433 1077 3598 2433 1077 3599 2434 1096 3601 2436 1097 3601 2436 1097 3599 2434 1096 3602 2437 1098 3602 2437 1098 3599 2434 1096 3603 2438 1099 3603 2438 1099 3604 2439 1100 3602 2437 1098 3602 2437 1098 3604 2439 1100 3605 2440 1101 3604 2439 1100 3606 2441 1102 3605 2440 1101 3605 2440 1101 3606 2441 1102 3607 2442 1103 3606 2441 1102 3608 2443 1104 3607 2442 1103 3609 2444 1105 3608 2443 1104 3606 2441 1102 3608 2443 1104 3609 2444 1105 3610 2445 1106 3610 2445 1106 3609 2444 1105 3611 2446 1107 3599 2434 1096 3600 2435 1092 3612 2447 1108 3612 2447 1108 3600 2435 1092 3613 2448 1091 3613 2448 1091 3614 2449 1109 3612 2447 1108 3615 2450 1089 3614 2449 1109 3613 2448 1091 3614 2449 1109 3616 2451 1110 3612 2447 1108 3612 2447 1108 3616 2451 1110 3617 2452 1111 3603 2438 1099 3617 2452 1111 3604 2439 1100 3616 2451 1110 3618 2453 1112 3617 2452 1111 3604 2439 1100 3617 2452 1111 3618 2453 1112 3618 2453 1112 3606 2441 1102 3604 2439 1100 3619 2454 1113 3618 2453 1112 3616 2451 1110 3618 2453 1112 3619 2454 1113 3620 2455 1114 3620 2455 1114 3606 2441 1102 3618 2453 1112 3606 2441 1102 3620 2455 1114 3609 2444 1105 3620 2455 1114 3619 2454 1113 3621 2456 1115 3621 2456 1115 3622 2457 1116 3620 2455 1114 3609 2444 1105 3620 2455 1114 3622 2457 1116 3609 2444 1105 3622 2457 1116 3611 2446 1107 3623 2458 1117 3622 2457 1116 3621 2456 1115 3615 2450 1089 3624 2459 1087 3614 2449 1109 3614 2449 1109 3624 2459 1087 3625 2460 1095 3625 2460 1095 3616 2451 1110 3614 2449 1109 3626 2461 1118 3616 2451 1110 3625 2460 1095 3616 2451 1110 3626 2461 1118 3619 2454 1113 3619 2454 1113 3626 2461 1118 3627 2462 1119 3621 2456 1115 3619 2454 1113 3628 2463 1120 3628 2463 1120 3619 2454 1113 3627 2462 1119 3623 2458 1117 3621 2456 1115 3629 2464 1121 3629 2464 1121 3621 2456 1115 3628 2463 1120 3622 2457 1116 3623 2458 1117 3630 2465 1122 3630 2465 1122 3623 2458 1117 3631 2466 1123 3631 2466 1123 3623 2458 1117 3629 2464 1121 3611 2446 1107 3622 2457 1116 3630 2465 1122 3611 2446 1107 3630 2465 1122 3632 2467 1124 3632 2467 1124 3630 2465 1122 3631 2466 1123 3632 2467 1124 3633 2468 1125 3611 2446 1107 3611 2446 1107 3633 2468 1125 3634 2445 1106 3603 2438 1099 3599 2434 1096 3617 2452 1111 3617 2452 1111 3599 2434 1096 3612 2447 1108 3637 2469 1127 3636 2469 1126 3635 2469 1079 3635 2469 1079 3636 2469 1126 3638 2469 1081 3638 2469 1081 3636 2469 1126 3639 2470 1082 3639 2470 1082 3636 2469 1126 3640 2471 1128 3640 2471 1128 3641 2472 1129 3639 2470 1082 3639 2470 1082 3641 2472 1129 3642 2473 1084 3641 2472 1129 3643 2474 1130 3642 2473 1084 3642 2473 1084 3643 2474 1130 3644 2475 1086 3647 2476 1087 3646 2476 1086 3645 2476 1094 3645 2476 1094 3646 2476 1086 3648 2476 1131 3651 2477 1133 3650 2477 1132 3649 2477 1118 3649 2477 1118 3650 2477 1132 3652 2477 1119 3655 2478 1093 3654 2478 1133 3653 2478 1095 3653 2478 1095 3654 2478 1133 3656 2478 1118 3659 2479 1120 3658 2479 1134 3657 2479 1121 3662 2480 1119 3661 2480 1132 3660 2480 1120 3660 2480 1120 3661 2480 1132 3663 2480 1134 3666 2483 1137 3665 2482 1136 3664 2481 1135 3664 2481 1135 3667 2484 1138 3666 2483 1137 3664 2481 1135 3668 2485 1139 3667 2484 1138 3664 2481 1135 3669 2486 1140 3668 2485 1139 3664 2481 1135 3670 2487 1141 3669 2486 1140 3664 2481 1135 3671 2488 1142 3670 2487 1141 3666 2483 1137 3672 2489 1143 3665 2482 1136 3672 2489 1143 3673 2490 1144 3665 2482 1136 3673 2490 1144 3664 2481 1135 3665 2482 1136 3674 2491 1145 3673 2490 1144 3672 2489 1143 3674 2491 1145 3675 2492 1146 3673 2490 1144 3676 2493 1147 3675 2492 1146 3674 2491 1145 3676 2493 1147 3677 2494 1148 3675 2492 1146 3675 2492 1146 3678 2495 1149 3673 2490 1144 3673 2490 1144 3678 2495 1149 3664 2481 1135 3677 2494 1148 3678 2495 1149 3675 2492 1146 3679 2496 1150 3678 2495 1149 3677 2494 1148 3666 2483 1137 3680 2497 1151 3672 2489 1143 3676 2493 1147 3681 2498 1152 3677 2494 1148 3677 2494 1148 3681 2498 1152 3682 2499 1153 3683 2500 1154 3682 2499 1153 3681 2498 1152 3683 2500 1154 3681 2498 1152 3684 2501 1155 3684 2501 1155 3681 2498 1152 3685 2502 1156 3684 2501 1155 3685 2502 1156 3686 2503 1157 3686 2503 1157 3685 2502 1156 3680 2497 1151 3687 2504 1158 3686 2503 1157 3680 2497 1151 3687 2504 1158 3680 2497 1151 3666 2483 1137 3690 2507 1080 3689 2506 1159 3688 2505 1090 3688 2505 1090 3689 2506 1159 3691 2508 1160 3691 2508 1160 3692 2509 1088 3688 2505 1090 3693 2510 1161 3692 2509 1088 3691 2508 1160 3696 2511 1162 3695 2511 1085 3694 2511 1161 3699 2511 1161 3698 2511 1085 3697 2511 1088 3702 2514 1159 3701 2513 1080 3700 2512 1163 3705 2512 1163 3704 2513 1080 3703 2515 1078 3708 2518 1164 3707 2517 1163 3706 2516 1083 3706 2516 1083 3707 2517 1163 3709 2519 1078 3710 2520 1085 3708 2518 1164 3706 2516 1083 3711 2521 1162 3708 2518 1164 3710 2520 1085 3714 2523 1080 3713 2522 1078 3712 2414 1077 3712 2414 1077 3713 2522 1078 3715 2416 1079 3716 2524 1081 3715 2416 1079 3713 2522 1078 3713 2522 1078 3717 2525 1082 3716 2524 1081 3718 2526 1083 3717 2525 1082 3713 2522 1078 3717 2525 1082 3718 2526 1083 3719 2527 1084 3719 2527 1084 3718 2526 1083 3720 2528 1085 3720 2528 1085 3721 2529 1086 3719 2527 1084 3720 2528 1085 3722 2530 1087 3721 2529 1086 3723 2531 1088 3722 2530 1087 3720 2528 1085 3722 2530 1087 3723 2531 1088 3724 2532 1089 3723 2531 1088 3725 2533 1090 3724 2532 1089 3724 2532 1089 3725 2533 1090 3726 2534 1091 3725 2533 1090 3714 2523 1080 3726 2534 1091 3726 2534 1091 3728 2523 1080 3727 2535 1092 3728 2523 1080 3712 2414 1077 3727 2535 1092 3730 2432 1095 3729 2536 1093 3722 2530 1087 3722 2530 1087 3729 2536 1093 3731 2537 1094 3734 2539 1092 3733 2433 1077 3732 2538 1096 3732 2538 1096 3733 2433 1077 3735 2436 1097 3735 2436 1097 3736 2540 1098 3732 2538 1096 3732 2538 1096 3736 2540 1098 3737 2541 1099 3737 2541 1099 3736 2540 1098 3738 2542 1100 3738 2542 1100 3736 2540 1098 3739 2543 1101 3739 2543 1101 3740 2544 1102 3738 2542 1100 3741 2442 1103 3740 2544 1102 3739 2543 1101 3741 2442 1103 3742 2443 1104 3740 2544 1102 3740 2544 1102 3742 2443 1104 3743 2545 1105 3744 2445 1106 3743 2545 1105 3742 2443 1104 3745 2546 1107 3743 2545 1105 3744 2445 1106 3732 2538 1096 3746 2547 1108 3734 2539 1092 3734 2539 1092 3746 2547 1108 3747 2548 1091 3748 2549 1109 3747 2548 1091 3746 2547 1108 3749 2550 1089 3747 2548 1091 3748 2549 1109 3746 2547 1108 3750 2551 1110 3748 2549 1109 3751 2552 1111 3750 2551 1110 3746 2547 1108 3738 2542 1100 3751 2552 1111 3737 2541 1099 3751 2552 1111 3752 2553 1112 3750 2551 1110 3752 2553 1112 3751 2552 1111 3738 2542 1100 3740 2544 1102 3752 2553 1112 3738 2542 1100 3750 2551 1110 3752 2553 1112 3753 2554 1113 3752 2553 1112 3754 2555 1114 3753 2554 1113 3754 2555 1114 3752 2553 1112 3740 2544 1102 3743 2545 1105 3754 2555 1114 3740 2544 1102 3753 2554 1113 3754 2555 1114 3755 2556 1115 3754 2555 1114 3756 2557 1116 3755 2556 1115 3756 2557 1116 3754 2555 1114 3743 2545 1105 3745 2546 1107 3756 2557 1116 3743 2545 1105 3755 2556 1115 3756 2557 1116 3757 2558 1117 3748 2549 1109 3758 2559 1087 3749 2550 1089 3759 2560 1095 3758 2559 1087 3748 2549 1109 3750 2551 1110 3759 2560 1095 3748 2549 1109 3760 2561 1118 3759 2560 1095 3750 2551 1110 3753 2554 1113 3760 2561 1118 3750 2551 1110 3761 2562 1119 3760 2561 1118 3753 2554 1113 3761 2562 1119 3753 2554 1113 3762 2563 1120 3762 2563 1120 3753 2554 1113 3755 2556 1115 3762 2563 1120 3755 2556 1115 3763 2564 1121 3763 2564 1121 3755 2556 1115 3757 2558 1117 3764 2565 1122 3757 2558 1117 3756 2557 1116 3765 2566 1123 3757 2558 1117 3764 2565 1122 3765 2566 1123 3763 2564 1121 3757 2558 1117 3764 2565 1122 3756 2557 1116 3745 2546 1107 3745 2546 1107 3766 2567 1124 3764 2565 1122 3764 2565 1122 3766 2567 1124 3765 2566 1123 3745 2546 1107 3767 2468 1125 3766 2567 1124 3768 2445 1106 3767 2468 1125 3745 2546 1107 3746 2547 1108 3732 2538 1096 3751 2552 1111 3751 2552 1111 3732 2538 1096 3737 2541 1099 3771 2469 1081 3770 2469 1126 3769 2469 1079 3769 2469 1079 3770 2469 1126 3772 2469 1127 3771 2469 1081 3773 2471 1082 3770 2469 1126 3770 2469 1126 3773 2471 1082 3774 2470 1128 3773 2471 1082 3775 2568 1129 3774 2470 1128 3776 2569 1084 3775 2568 1129 3773 2471 1082 3776 2569 1084 3777 2570 1130 3775 2568 1129 3778 2475 1086 3777 2570 1130 3776 2569 1084 3781 2476 1087 3780 2476 1094 3779 2476 1086 3779 2476 1086 3780 2476 1094 3782 2476 1131 3785 2477 1119 3784 2477 1132 3783 2477 1118 3783 2477 1118 3784 2477 1132 3786 2477 1133 3789 2478 1118 3788 2478 1133 3787 2478 1095 3787 2478 1095 3788 2478 1133 3790 2478 1093 3793 2479 1120 3792 2479 1121 3791 2479 1134 3796 2480 1119 3795 2480 1120 3794 2480 1132 3794 2480 1132 3795 2480 1120 3797 2480 1134 3800 2573 1137 3799 2572 1135 3798 2571 1136 3799 2572 1135 3800 2573 1137 3801 2574 1138 3799 2572 1135 3801 2574 1138 3802 2575 1139 3799 2572 1135 3802 2575 1139 3803 2576 1140 3799 2572 1135 3803 2576 1140 3804 2577 1141 3799 2572 1135 3804 2577 1141 3805 2578 1142 3800 2573 1137 3798 2571 1136 3806 2579 1143 3807 2580 1144 3806 2579 1143 3798 2571 1136 3807 2580 1144 3798 2571 1136 3799 2572 1135 3808 2581 1145 3806 2579 1143 3807 2580 1144 3807 2580 1144 3809 2582 1146 3808 2581 1145 3808 2581 1145 3809 2582 1146 3810 2583 1147 3810 2583 1147 3809 2582 1146 3811 2494 1148 3809 2582 1146 3807 2580 1144 3812 2584 1149 3812 2584 1149 3807 2580 1144 3799 2572 1135 3809 2582 1146 3812 2584 1149 3811 2494 1148 3811 2494 1148 3812 2584 1149 3813 2496 1150 3806 2579 1143 3814 2585 1151 3800 2573 1137 3810 2583 1147 3811 2494 1148 3815 2586 1152 3815 2586 1152 3811 2494 1148 3816 2499 1153 3817 2587 1154 3815 2586 1152 3816 2499 1153 3818 2588 1155 3815 2586 1152 3817 2587 1154 3819 2589 1156 3815 2586 1152 3818 2588 1155 3818 2588 1155 3820 2590 1157 3819 2589 1156 3819 2589 1156 3820 2590 1157 3814 2585 1151 3821 2591 1158 3814 2585 1151 3820 2590 1157 3800 2573 1137 3814 2585 1151 3821 2591 1158 3824 2594 1080 3823 2593 1090 3822 2592 1159 3822 2592 1159 3823 2593 1090 3825 2595 1160 3826 2596 1088 3825 2595 1160 3823 2593 1090 3827 2597 1161 3825 2595 1160 3826 2596 1088 3830 2511 1162 3829 2511 1161 3828 2511 1085 3833 2511 1085 3832 2511 1161 3831 2511 1088 3836 2600 1159 3835 2599 1163 3834 2598 1080 3839 2598 1080 3838 2599 1163 3837 2601 1078 3842 2604 1078 3841 2603 1163 3840 2602 1083 3840 2602 1083 3841 2603 1163 3843 2605 1164 3840 2602 1083 3843 2605 1164 3844 2606 1085 3844 2606 1085 3843 2605 1164 3845 2607 1162 3848 2610 1063 3847 2609 387 3846 2608 1062 3846 2608 1062 3847 2609 387 3849 2611 389 3848 2610 1063 3850 2612 356 3847 2609 387 3851 2613 390 3850 2612 356 3848 2610 1063 3852 2614 1064 3851 2613 390 3848 2610 1063 3853 2615 1065 3851 2613 390 3852 2614 1064 3852 2614 1064 3854 2616 1066 3853 2615 1065 3855 2617 1067 3854 2616 1066 3852 2614 1064 3856 2618 1068 3855 2617 1067 3852 2614 1064 3852 2614 1064 3848 2610 1063 3856 2618 1068 3856 2618 1068 3848 2610 1063 3846 2608 1062 3857 2619 1069 3855 2617 1067 3856 2618 1068 3858 2620 399 3854 2616 1066 3855 2617 1067 3859 2621 365 3854 2616 1066 3858 2620 399 3858 2620 399 3855 2617 1067 3860 2622 401 3860 2622 401 3855 2617 1067 3857 2619 1069 3857 2619 1069 3861 2623 403 3860 2622 401 3862 2624 1070 3861 2623 403 3857 2619 1069 3862 2624 1070 3857 2619 1069 3863 2625 1071 3863 2625 1071 3857 2619 1069 3856 2618 1068 3846 2608 1062 3863 2625 1071 3856 2618 1068 3864 2626 1072 3863 2625 1071 3846 2608 1062 3849 2611 389 3864 2626 1072 3846 2608 1062 3865 2627 406 3864 2626 1072 3849 2611 389 3868 2629 1067 3867 2628 1064 3866 2616 1066 3866 2616 1066 3867 2628 1064 3869 2615 1065 3866 2616 1066 3870 2630 399 3868 2629 1067 3871 2621 365 3870 2630 399 3866 2616 1066 3870 2630 399 3872 2631 401 3868 2629 1067 3868 2629 1067 3872 2631 401 3873 2632 1069 3874 2623 403 3873 2632 1069 3872 2631 401 3875 2624 1070 3873 2632 1069 3874 2623 403 3875 2624 1070 3876 2625 1071 3873 2632 1069 3873 2632 1069 3876 2625 1071 3877 2633 1068 3873 2632 1069 3877 2633 1068 3868 2629 1067 3868 2629 1067 3877 2633 1068 3867 2628 1064 3869 2615 1065 3867 2628 1064 3878 2613 390 3878 2613 390 3867 2628 1064 3879 2634 1063 3867 2628 1064 3877 2633 1068 3879 2634 1063 3879 2634 1063 3880 2612 356 3878 2613 390 3881 2635 387 3880 2612 356 3879 2634 1063 3877 2633 1068 3876 2625 1071 3882 2636 1062 3879 2634 1063 3877 2633 1068 3882 2636 1062 3882 2636 1062 3881 2635 387 3879 2634 1063 3882 2636 1062 3876 2625 1071 3883 2626 1072 3883 2626 1072 3884 2637 389 3882 2636 1062 3884 2637 389 3881 2635 387 3882 2636 1062 3885 2627 406 3884 2637 389 3883 2626 1072 3888 2640 1063 3887 2639 387 3886 2638 1062 3886 2638 1062 3887 2639 387 3889 2641 389 3888 2640 1063 3890 2642 356 3887 2639 387 3891 2643 390 3890 2642 356 3888 2640 1063 3892 2644 1073 3891 2643 390 3888 2640 1063 3893 2645 1074 3891 2643 390 3892 2644 1073 3892 2644 1073 3894 2646 1066 3893 2645 1074 3895 2647 1067 3894 2646 1066 3892 2644 1073 3896 2648 1075 3895 2647 1067 3892 2644 1073 3892 2644 1073 3888 2640 1063 3896 2648 1075 3896 2648 1075 3888 2640 1063 3886 2638 1062 3897 2649 1069 3895 2647 1067 3896 2648 1075 3895 2647 1067 3898 2650 365 3894 2646 1066 3899 2651 399 3898 2650 365 3895 2647 1067 3895 2647 1067 3897 2649 1069 3899 2651 399 3899 2651 399 3897 2649 1069 3900 2652 401 3901 2653 1070 3900 2652 401 3897 2649 1069 3902 2654 403 3900 2652 401 3901 2653 1070 3901 2653 1070 3897 2649 1069 3903 2655 1076 3903 2655 1076 3897 2649 1069 3896 2648 1075 3886 2638 1062 3903 2655 1076 3896 2648 1075 3904 2656 1072 3903 2655 1076 3886 2638 1062 3889 2641 389 3904 2656 1072 3886 2638 1062 3905 2657 406 3904 2656 1072 3889 2641 389 3908 2659 1067 3907 2658 1073 3906 2646 1066 3906 2646 1066 3907 2658 1073 3909 2645 1074 3910 2650 365 3908 2659 1067 3906 2646 1066 3911 2660 399 3908 2659 1067 3910 2650 365 3908 2659 1067 3911 2660 399 3912 2661 1069 3912 2661 1069 3911 2660 399 3913 2662 401 3912 2661 1069 3913 2662 401 3914 2653 1070 3914 2653 1070 3913 2662 401 3915 2654 403 3914 2653 1070 3916 2655 1076 3912 2661 1069 3912 2661 1069 3916 2655 1076 3917 2663 1075 3912 2661 1069 3917 2663 1075 3908 2659 1067 3908 2659 1067 3917 2663 1075 3907 2658 1073 3909 2645 1074 3907 2658 1073 3918 2643 390 3918 2643 390 3907 2658 1073 3919 2664 1063 3907 2658 1073 3917 2663 1075 3919 2664 1063 3919 2664 1063 3920 2642 356 3918 2643 390 3921 2665 387 3920 2642 356 3919 2664 1063 3917 2663 1075 3916 2655 1076 3922 2666 1062 3919 2664 1063 3917 2663 1075 3922 2666 1062 3922 2666 1062 3921 2665 387 3919 2664 1063 3922 2666 1062 3916 2655 1076 3923 2656 1072 3923 2656 1072 3924 2667 389 3922 2666 1062 3924 2667 389 3921 2665 387 3922 2666 1062 3925 2657 406 3924 2667 389 3923 2656 1072 3928 2670 1080 3927 2669 1078 3926 2668 1077 3926 2668 1077 3927 2669 1078 3929 2671 1079 3930 2672 1081 3929 2671 1079 3927 2669 1078 3927 2669 1078 3931 2673 1082 3930 2672 1081 3932 2674 1083 3931 2673 1082 3927 2669 1078 3931 2673 1082 3932 2674 1083 3933 2675 1084 3933 2675 1084 3932 2674 1083 3934 2676 1085 3934 2676 1085 3935 2677 1086 3933 2675 1084 3934 2676 1085 3936 2678 1087 3935 2677 1086 3937 2679 1088 3936 2678 1087 3934 2676 1085 3936 2678 1087 3937 2679 1088 3938 2680 1089 3937 2679 1088 3939 2681 1090 3938 2680 1089 3938 2680 1089 3939 2681 1090 3940 2682 1091 3939 2681 1090 3928 2670 1080 3940 2682 1091 3940 2682 1091 3942 2670 1080 3941 2683 1092 3942 2670 1080 3926 2668 1077 3941 2683 1092 3944 2685 1095 3943 2684 1093 3936 2678 1087 3936 2678 1087 3943 2684 1093 3945 2686 1094 3948 2689 1092 3947 2688 1077 3946 2687 1096 3946 2687 1096 3947 2688 1077 3949 2690 1097 3949 2690 1097 3950 2691 1098 3946 2687 1096 3946 2687 1096 3950 2691 1098 3951 2692 1099 3951 2692 1099 3950 2691 1098 3952 2693 1100 3952 2693 1100 3950 2691 1098 3953 2694 1101 3953 2694 1101 3954 2695 1102 3952 2693 1100 3955 2696 1103 3954 2695 1102 3953 2694 1101 3955 2696 1103 3956 2697 1104 3954 2695 1102 3954 2695 1102 3956 2697 1104 3957 2698 1105 3958 2699 1106 3957 2698 1105 3956 2697 1104 3959 2700 1107 3957 2698 1105 3958 2699 1106 3946 2687 1096 3960 2701 1108 3948 2689 1092 3948 2689 1092 3960 2701 1108 3961 2702 1091 3962 2703 1109 3961 2702 1091 3960 2701 1108 3963 2704 1089 3961 2702 1091 3962 2703 1109 3960 2701 1108 3964 2705 1110 3962 2703 1109 3965 2706 1111 3964 2705 1110 3960 2701 1108 3952 2693 1100 3965 2706 1111 3951 2692 1099 3965 2706 1111 3966 2707 1112 3964 2705 1110 3966 2707 1112 3965 2706 1111 3952 2693 1100 3954 2695 1102 3966 2707 1112 3952 2693 1100 3964 2705 1110 3966 2707 1112 3967 2708 1113 3966 2707 1112 3968 2709 1114 3967 2708 1113 3968 2709 1114 3966 2707 1112 3954 2695 1102 3957 2698 1105 3968 2709 1114 3954 2695 1102 3967 2708 1113 3968 2709 1114 3969 2710 1115 3968 2709 1114 3970 2711 1116 3969 2710 1115 3970 2711 1116 3968 2709 1114 3957 2698 1105 3959 2700 1107 3970 2711 1116 3957 2698 1105 3969 2710 1115 3970 2711 1116 3971 2712 1117 3962 2703 1109 3972 2713 1087 3963 2704 1089 3973 2714 1095 3972 2713 1087 3962 2703 1109 3964 2705 1110 3973 2714 1095 3962 2703 1109 3974 2715 1118 3973 2714 1095 3964 2705 1110 3967 2708 1113 3974 2715 1118 3964 2705 1110 3975 2716 1119 3974 2715 1118 3967 2708 1113 3975 2716 1119 3967 2708 1113 3976 2717 1120 3976 2717 1120 3967 2708 1113 3969 2710 1115 3976 2717 1120 3969 2710 1115 3977 2718 1121 3977 2718 1121 3969 2710 1115 3971 2712 1117 3978 2719 1122 3971 2712 1117 3970 2711 1116 3979 2720 1123 3971 2712 1117 3978 2719 1122 3979 2720 1123 3977 2718 1121 3971 2712 1117 3978 2719 1122 3970 2711 1116 3959 2700 1107 3959 2700 1107 3980 2721 1124 3978 2719 1122 3978 2719 1122 3980 2721 1124 3979 2720 1123 3959 2700 1107 3981 2722 1125 3980 2721 1124 3982 2699 1106 3981 2722 1125 3959 2700 1107 3985 2725 1167 3984 2724 1166 3983 2723 1165 3983 2723 1165 3984 2724 1166 3986 2726 1168 3985 2725 1167 3983 2723 1165 3987 2727 1169 3983 2723 1165 3988 2728 1170 3987 2727 1169 3988 2728 1170 3989 2729 1171 3987 2727 1169 3990 2730 1172 3989 2729 1171 3988 2728 1170 3984 2724 1166 3991 2731 1165 3986 2726 1168 3992 2732 1167 3991 2731 1165 3984 2724 1166 3992 2732 1167 3993 2733 1169 3991 2731 1165 3994 2734 1170 3991 2731 1165 3993 2733 1169 3990 2730 1172 3994 2734 1170 3989 2729 1171 3989 2729 1171 3994 2734 1170 3993 2733 1169 3995 2735 1173 3985 2725 1167 3987 2727 1169 3996 2736 1174 3985 2725 1167 3995 2735 1173 3984 2724 1166 3985 2725 1167 3997 2737 1175 3997 2737 1175 3985 2725 1167 3996 2736 1174 3997 2737 1175 3992 2732 1167 3984 2724 1166 3998 2738 1174 3992 2732 1167 3997 2737 1175 3993 2733 1169 3992 2732 1167 3999 2739 1173 3999 2739 1173 3992 2732 1167 3998 2738 1174 3989 2729 1171 3993 2733 1169 4000 2740 1176 4000 2740 1176 3993 2733 1169 3999 2739 1173 3995 2735 1173 3987 2727 1169 4000 2740 1176 4000 2740 1176 3987 2727 1169 3989 2729 1171 4001 2741 1177 3996 2736 1174 3995 2735 1173 4001 2741 1177 3997 2737 1175 3996 2736 1174 4001 2741 1177 3998 2738 1174 3997 2737 1175 3999 2739 1173 3998 2738 1174 4001 2741 1177 4001 2741 1177 4000 2740 1176 3999 2739 1173 4001 2741 1177 3995 2735 1173 4000 2740 1176 3960 2701 1108 3946 2687 1096 3965 2706 1111 3965 2706 1111 3946 2687 1096 3951 2692 1099 4004 2742 1081 4003 2742 1126 4002 2742 1079 4002 2742 1079 4003 2742 1126 4005 2742 1127 4004 2742 1081 4006 2743 1082 4003 2742 1126 4003 2742 1126 4006 2743 1082 4007 2744 1128 4006 2743 1082 4008 2745 1129 4007 2744 1128 4009 2746 1084 4008 2745 1129 4006 2743 1082 4009 2746 1084 4010 2747 1130 4008 2745 1129 4011 2748 1086 4010 2747 1130 4009 2746 1084 4014 2749 1087 4013 2749 1094 4012 2749 1086 4012 2749 1086 4013 2749 1094 4015 2749 1131 4018 2750 1119 4017 2750 1132 4016 2750 1118 4016 2750 1118 4017 2750 1132 4019 2750 1133 4022 2751 1118 4021 2751 1133 4020 2751 1095 4020 2751 1095 4021 2751 1133 4023 2751 1093 4026 2752 1120 4025 2752 1121 4024 2752 1134 4029 2753 1119 4028 2753 1120 4027 2753 1132 4027 2753 1132 4028 2753 1120 4030 2753 1134 4033 2756 1137 4032 2755 1135 4031 2754 1136 4032 2755 1135 4033 2756 1137 4034 2757 1138 4032 2755 1135 4034 2757 1138 4035 2758 1139 4032 2755 1135 4035 2758 1139 4036 2759 1140 4032 2755 1135 4036 2759 1140 4037 2760 1141 4032 2755 1135 4037 2760 1141 4038 2761 1142 4033 2756 1137 4031 2754 1136 4039 2762 1143 4040 2763 1144 4039 2762 1143 4031 2754 1136 4040 2763 1144 4031 2754 1136 4032 2755 1135 4041 2764 1145 4039 2762 1143 4040 2763 1144 4040 2763 1144 4042 2765 1146 4041 2764 1145 4041 2764 1145 4042 2765 1146 4043 2766 1147 4043 2766 1147 4042 2765 1146 4044 2767 1148 4042 2765 1146 4040 2763 1144 4045 2768 1149 4045 2768 1149 4040 2763 1144 4032 2755 1135 4042 2765 1146 4045 2768 1149 4044 2767 1148 4044 2767 1148 4045 2768 1149 4046 2769 1150 4039 2762 1143 4047 2770 1151 4033 2756 1137 4043 2766 1147 4044 2767 1148 4048 2771 1152 4048 2771 1152 4044 2767 1148 4049 2772 1153 4050 2773 1154 4048 2771 1152 4049 2772 1153 4051 2774 1155 4048 2771 1152 4050 2773 1154 4052 2775 1156 4048 2771 1152 4051 2774 1155 4051 2774 1155 4053 2776 1157 4052 2775 1156 4052 2775 1156 4053 2776 1157 4047 2770 1151 4054 2777 1158 4047 2770 1151 4053 2776 1157 4033 2756 1137 4047 2770 1151 4054 2777 1158 4057 2780 1080 4056 2779 1090 4055 2778 1159 4055 2778 1159 4056 2779 1090 4058 2781 1160 4059 2782 1088 4058 2781 1160 4056 2779 1090 4060 2783 1161 4058 2781 1160 4059 2782 1088 4063 2784 1162 4062 2784 1161 4061 2784 1085 4066 2784 1085 4065 2784 1161 4064 2784 1088 4069 2787 1159 4068 2786 1163 4067 2785 1080 4072 2785 1080 4071 2786 1163 4070 2788 1078 4075 2791 1078 4074 2790 1163 4073 2789 1083 4073 2789 1083 4074 2790 1163 4076 2792 1164 4073 2789 1083 4076 2792 1164 4077 2793 1085 4077 2793 1085 4076 2792 1164 4078 2794 1162 4081 2671 1079 4080 2795 1078 4079 2668 1077 4079 2668 1077 4080 2795 1078 4082 2796 1080 4083 2797 1081 4080 2795 1078 4081 2671 1079 4083 2797 1081 4084 2798 1082 4080 2795 1078 4080 2795 1078 4084 2798 1082 4085 2799 1083 4086 2800 1084 4085 2799 1083 4084 2798 1082 4087 2801 1085 4085 2799 1083 4086 2800 1084 4087 2801 1085 4086 2800 1084 4088 2802 1086 4089 2803 1087 4087 2801 1085 4088 2802 1086 4090 2804 1088 4087 2801 1085 4089 2803 1087 4089 2803 1087 4091 2805 1089 4090 2804 1088 4090 2804 1088 4091 2805 1089 4092 2806 1090 4092 2806 1090 4091 2805 1089 4093 2807 1091 4093 2807 1091 4082 2796 1080 4092 2806 1090 4095 2808 1092 4094 2796 1080 4093 2807 1091 4094 2796 1080 4095 2808 1092 4079 2668 1077 4097 2810 1094 4096 2809 1093 4089 2803 1087 4089 2803 1087 4096 2809 1093 4098 2685 1095 4101 2812 1092 4100 2811 1096 4099 2688 1077 4099 2688 1077 4100 2811 1096 4102 2690 1097 4102 2690 1097 4100 2811 1096 4103 2813 1098 4103 2813 1098 4100 2811 1096 4104 2814 1099 4104 2814 1099 4105 2815 1100 4103 2813 1098 4103 2813 1098 4105 2815 1100 4106 2816 1101 4105 2815 1100 4107 2817 1102 4106 2816 1101 4106 2816 1101 4107 2817 1102 4108 2696 1103 4107 2817 1102 4109 2697 1104 4108 2696 1103 4110 2818 1105 4109 2697 1104 4107 2817 1102 4109 2697 1104 4110 2818 1105 4111 2699 1106 4111 2699 1106 4110 2818 1105 4112 2819 1107 4100 2811 1096 4101 2812 1092 4113 2820 1108 4113 2820 1108 4101 2812 1092 4114 2821 1091 4114 2821 1091 4115 2822 1109 4113 2820 1108 4116 2823 1089 4115 2822 1109 4114 2821 1091 4115 2822 1109 4117 2824 1110 4113 2820 1108 4113 2820 1108 4117 2824 1110 4118 2825 1111 4104 2814 1099 4118 2825 1111 4105 2815 1100 4117 2824 1110 4119 2826 1112 4118 2825 1111 4105 2815 1100 4118 2825 1111 4119 2826 1112 4119 2826 1112 4107 2817 1102 4105 2815 1100 4120 2827 1113 4119 2826 1112 4117 2824 1110 4119 2826 1112 4120 2827 1113 4121 2828 1114 4121 2828 1114 4107 2817 1102 4119 2826 1112 4107 2817 1102 4121 2828 1114 4110 2818 1105 4121 2828 1114 4120 2827 1113 4122 2829 1115 4122 2829 1115 4123 2830 1116 4121 2828 1114 4110 2818 1105 4121 2828 1114 4123 2830 1116 4110 2818 1105 4123 2830 1116 4112 2819 1107 4124 2831 1117 4123 2830 1116 4122 2829 1115 4116 2823 1089 4125 2832 1087 4115 2822 1109 4115 2822 1109 4125 2832 1087 4126 2833 1095 4126 2833 1095 4117 2824 1110 4115 2822 1109 4127 2834 1118 4117 2824 1110 4126 2833 1095 4117 2824 1110 4127 2834 1118 4120 2827 1113 4120 2827 1113 4127 2834 1118 4128 2835 1119 4122 2829 1115 4120 2827 1113 4129 2836 1120 4129 2836 1120 4120 2827 1113 4128 2835 1119 4124 2831 1117 4122 2829 1115 4130 2837 1121 4130 2837 1121 4122 2829 1115 4129 2836 1120 4123 2830 1116 4124 2831 1117 4131 2838 1122 4131 2838 1122 4124 2831 1117 4132 2839 1123 4132 2839 1123 4124 2831 1117 4130 2837 1121 4112 2819 1107 4123 2830 1116 4131 2838 1122 4112 2819 1107 4131 2838 1122 4133 2840 1124 4133 2840 1124 4131 2838 1122 4132 2839 1123 4133 2840 1124 4134 2722 1125 4112 2819 1107 4112 2819 1107 4134 2722 1125 4135 2699 1106 4104 2814 1099 4100 2811 1096 4118 2825 1111 4118 2825 1111 4100 2811 1096 4113 2820 1108 4138 2742 1127 4137 2742 1126 4136 2742 1079 4136 2742 1079 4137 2742 1126 4139 2742 1081 4139 2742 1081 4137 2742 1126 4140 2744 1082 4140 2744 1082 4137 2742 1126 4141 2743 1128 4141 2743 1128 4142 2841 1129 4140 2744 1082 4140 2744 1082 4142 2841 1129 4143 2842 1084 4142 2841 1129 4144 2843 1130 4143 2842 1084 4143 2842 1084 4144 2843 1130 4145 2748 1086 4148 2749 1087 4147 2749 1086 4146 2749 1094 4146 2749 1094 4147 2749 1086 4149 2749 1131 4152 2750 1133 4151 2750 1132 4150 2750 1118 4150 2750 1118 4151 2750 1132 4153 2750 1119 4156 2751 1093 4155 2751 1133 4154 2751 1095 4154 2751 1095 4155 2751 1133 4157 2751 1118 4160 2752 1120 4159 2752 1134 4158 2752 1121 4163 2753 1119 4162 2753 1132 4161 2753 1120 4161 2753 1120 4162 2753 1132 4164 2753 1134 4167 2846 1137 4166 2845 1136 4165 2844 1135 4165 2844 1135 4168 2847 1138 4167 2846 1137 4165 2844 1135 4169 2848 1139 4168 2847 1138 4165 2844 1135 4170 2849 1140 4169 2848 1139 4165 2844 1135 4171 2850 1141 4170 2849 1140 4165 2844 1135 4172 2851 1142 4171 2850 1141 4167 2846 1137 4173 2852 1143 4166 2845 1136 4173 2852 1143 4174 2853 1144 4166 2845 1136 4174 2853 1144 4165 2844 1135 4166 2845 1136 4175 2854 1145 4174 2853 1144 4173 2852 1143 4175 2854 1145 4176 2855 1146 4174 2853 1144 4177 2856 1147 4176 2855 1146 4175 2854 1145 4177 2856 1147 4178 2767 1148 4176 2855 1146 4176 2855 1146 4179 2857 1149 4174 2853 1144 4174 2853 1144 4179 2857 1149 4165 2844 1135 4178 2767 1148 4179 2857 1149 4176 2855 1146 4180 2769 1150 4179 2857 1149 4178 2767 1148 4167 2846 1137 4181 2858 1151 4173 2852 1143 4177 2856 1147 4182 2859 1152 4178 2767 1148 4178 2767 1148 4182 2859 1152 4183 2772 1153 4184 2860 1154 4183 2772 1153 4182 2859 1152 4184 2860 1154 4182 2859 1152 4185 2861 1155 4185 2861 1155 4182 2859 1152 4186 2862 1156 4185 2861 1155 4186 2862 1156 4187 2863 1157 4187 2863 1157 4186 2862 1156 4181 2858 1151 4188 2864 1158 4187 2863 1157 4181 2858 1151 4188 2864 1158 4181 2858 1151 4167 2846 1137 4191 2867 1080 4190 2866 1159 4189 2865 1090 4189 2865 1090 4190 2866 1159 4192 2868 1160 4192 2868 1160 4193 2869 1088 4189 2865 1090 4194 2870 1161 4193 2869 1088 4192 2868 1160 4197 2784 1162 4196 2784 1085 4195 2784 1161 4200 2784 1161 4199 2784 1085 4198 2784 1088 4203 2873 1159 4202 2872 1080 4201 2871 1163 4206 2871 1163 4205 2872 1080 4204 2874 1078 4209 2877 1164 4208 2876 1163 4207 2875 1083 4207 2875 1083 4208 2876 1163 4210 2878 1078 4211 2879 1085 4209 2877 1164 4207 2875 1083 4212 2880 1162 4209 2877 1164 4211 2879 1085 4215 2883 1180 4214 2882 1179 4213 2881 1178 4213 2881 1178 4214 2882 1179 4216 2884 1181 4217 2885 1182 4213 2881 1178 4216 2884 1181 4218 2886 1183 4213 2881 1178 4217 2885 1182 4219 2887 1184 4218 2886 1183 4217 2885 1182 4220 2888 1185 4218 2886 1183 4219 2887 1184 4221 2889 1186 4219 2887 1184 4217 2885 1182 4217 2885 1182 4216 2884 1181 4221 2889 1186 4222 2890 1187 4219 2887 1184 4221 2889 1186 4223 2891 1188 4222 2890 1187 4221 2889 1186 4224 2892 1189 4222 2890 1187 4223 2891 1188 4225 2893 1190 4223 2891 1188 4221 2889 1186 4221 2889 1186 4216 2884 1181 4225 2893 1190 4226 2894 1191 4223 2891 1188 4225 2893 1190 4225 2893 1190 4227 2895 1192 4226 2894 1191 4228 2896 1193 4227 2895 1192 4225 2893 1190 4225 2893 1190 4216 2884 1181 4228 2896 1193 4228 2896 1193 4216 2884 1181 4214 2882 1179 4219 2887 1184 4229 2897 1194 4220 2888 1185 4230 2898 1195 4229 2897 1194 4219 2887 1184 4222 2890 1187 4230 2898 1195 4219 2887 1184 4230 2898 1195 4231 2899 1196 4229 2897 1194 4232 2900 1197 4231 2899 1196 4230 2898 1195 4232 2900 1197 4233 2901 1198 4231 2899 1196 4234 2902 1199 4233 2901 1198 4232 2900 1197 4235 2903 1200 4234 2902 1199 4232 2900 1197 4236 2904 1201 4234 2902 1199 4235 2903 1200 4237 2905 1202 4236 2904 1201 4235 2903 1200 4237 2905 1202 4235 2903 1200 4238 2906 1203 4238 2906 1203 4235 2903 1200 4239 2907 1204 4235 2903 1200 4232 2900 1197 4239 2907 1204 4239 2907 1204 4232 2900 1197 4230 2898 1195 4238 2906 1203 4239 2907 1204 4224 2892 1189 4240 2908 1205 4236 2904 1201 4237 2905 1202 4239 2907 1204 4230 2898 1195 4222 2890 1187 4224 2892 1189 4239 2907 1204 4222 2890 1187 4243 2892 1189 4242 2891 1188 4241 2909 1187 4241 2909 1187 4242 2891 1188 4244 2910 1186 4241 2909 1187 4244 2910 1186 4245 2911 1184 4245 2911 1184 4244 2910 1186 4246 2912 1182 4247 2886 1183 4245 2911 1184 4246 2912 1182 4248 2888 1185 4245 2911 1184 4247 2886 1183 4244 2910 1186 4242 2891 1188 4249 2913 1190 4249 2913 1190 4242 2891 1188 4250 2894 1191 4251 2895 1192 4249 2913 1190 4250 2894 1191 4252 2914 1193 4249 2913 1190 4251 2895 1192 4247 2886 1183 4246 2912 1182 4253 2881 1178 4253 2881 1178 4246 2912 1182 4254 2915 1181 4246 2912 1182 4244 2910 1186 4254 2915 1181 4254 2915 1181 4244 2910 1186 4249 2913 1190 4252 2914 1193 4254 2915 1181 4249 2913 1190 4255 2916 1179 4253 2881 1178 4254 2915 1181 4255 2916 1179 4254 2915 1181 4252 2914 1193 4256 2883 1180 4253 2881 1178 4255 2916 1179 4257 2917 1204 4243 2892 1189 4241 2909 1187 4258 2906 1203 4243 2892 1189 4257 2917 1204 4259 2918 1200 4258 2906 1203 4257 2917 1204 4260 2905 1202 4258 2906 1203 4259 2918 1200 4261 2919 1201 4260 2905 1202 4259 2918 1200 4262 2908 1205 4260 2905 1202 4261 2919 1201 4261 2919 1201 4259 2918 1200 4263 2920 1199 4263 2920 1199 4259 2918 1200 4264 2921 1197 4259 2918 1200 4257 2917 1204 4264 2921 1197 4264 2921 1197 4266 2922 1195 4265 2899 1196 4265 2899 1196 4266 2922 1195 4267 2897 1194 4268 2901 1198 4264 2921 1197 4265 2899 1196 4263 2920 1199 4269 2921 1197 4268 2901 1198 4270 2921 1197 4257 2917 1204 4266 2922 1195 4257 2917 1204 4241 2909 1187 4266 2922 1195 4266 2922 1195 4241 2909 1187 4245 2911 1184 4266 2922 1195 4245 2911 1184 4267 2897 1194 4267 2897 1194 4245 2911 1184 4248 2888 1185 4273 2925 1180 4272 2924 1179 4271 2923 1178 4271 2923 1178 4272 2924 1179 4274 2926 1181 4275 2927 1182 4271 2923 1178 4274 2926 1181 4276 2928 1183 4271 2923 1178 4275 2927 1182 4277 2929 1184 4276 2928 1183 4275 2927 1182 4278 2930 1185 4276 2928 1183 4277 2929 1184 4277 2929 1184 4279 2931 1206 4278 2930 1185 4280 2932 1207 4279 2931 1206 4277 2929 1184 4280 2932 1207 4281 2933 1196 4279 2931 1206 4282 2934 1197 4281 2933 1196 4280 2932 1207 4282 2934 1197 4283 2935 1198 4281 2933 1196 4284 2936 1199 4283 2935 1198 4282 2934 1197 4285 2937 1200 4284 2936 1199 4282 2934 1197 4286 2938 1201 4284 2936 1199 4285 2937 1200 4287 2939 1202 4286 2938 1201 4285 2937 1200 4287 2939 1202 4285 2937 1200 4288 2940 1208 4288 2940 1208 4285 2937 1200 4289 2941 1209 4285 2937 1200 4282 2934 1197 4289 2941 1209 4289 2941 1209 4282 2934 1197 4280 2932 1207 4290 2942 1205 4286 2938 1201 4287 2939 1202 4288 2940 1208 4289 2941 1209 4291 2943 1189 4291 2943 1189 4289 2941 1209 4292 2944 1187 4289 2941 1209 4280 2932 1207 4292 2944 1187 4292 2944 1187 4280 2932 1207 4277 2929 1184 4292 2944 1187 4293 2945 1186 4291 2943 1189 4291 2943 1189 4293 2945 1186 4294 2946 1188 4292 2944 1187 4275 2927 1182 4293 2945 1186 4277 2929 1184 4275 2927 1182 4292 2944 1187 4295 2947 1190 4294 2946 1188 4293 2945 1186 4296 2948 1191 4294 2946 1188 4295 2947 1190 4275 2927 1182 4274 2926 1181 4293 2945 1186 4293 2945 1186 4274 2926 1181 4295 2947 1190 4295 2947 1190 4297 2949 1192 4296 2948 1191 4298 2950 1193 4297 2949 1192 4295 2947 1190 4295 2947 1190 4274 2926 1181 4298 2950 1193 4298 2950 1193 4274 2926 1181 4272 2924 1179 4301 2952 1187 4300 2943 1189 4299 2951 1186 4299 2951 1186 4300 2943 1189 4302 2946 1188 4303 2953 1209 4300 2943 1189 4301 2952 1187 4304 2940 1208 4300 2943 1189 4303 2953 1209 4305 2954 1200 4304 2940 1208 4303 2953 1209 4306 2939 1202 4304 2940 1208 4305 2954 1200 4307 2955 1201 4306 2939 1202 4305 2954 1200 4308 2942 1205 4306 2939 1202 4307 2955 1201 4307 2955 1201 4305 2954 1200 4309 2956 1199 4309 2956 1199 4305 2954 1200 4310 2957 1197 4305 2954 1200 4303 2953 1209 4310 2957 1197 4309 2956 1199 4310 2957 1197 4311 2935 1198 4311 2935 1198 4310 2957 1197 4312 2933 1196 4310 2957 1197 4313 2958 1207 4312 2933 1196 4310 2957 1197 4303 2953 1209 4313 2958 1207 4303 2953 1209 4301 2952 1187 4313 2958 1207 4312 2933 1196 4313 2958 1207 4314 2931 1206 4313 2958 1207 4315 2959 1184 4314 2931 1206 4314 2931 1206 4315 2959 1184 4316 2930 1185 4313 2958 1207 4301 2952 1187 4315 2959 1184 4316 2930 1185 4315 2959 1184 4317 2928 1183 4317 2928 1183 4315 2959 1184 4318 2960 1182 4315 2959 1184 4301 2952 1187 4318 2960 1182 4318 2960 1182 4301 2952 1187 4299 2951 1186 4317 2928 1183 4318 2960 1182 4319 2923 1178 4319 2923 1178 4318 2960 1182 4320 2961 1181 4318 2960 1182 4299 2951 1186 4320 2961 1181 4320 2961 1181 4299 2951 1186 4321 2962 1190 4299 2951 1186 4302 2946 1188 4321 2962 1190 4321 2962 1190 4302 2946 1188 4322 2948 1191 4323 2949 1192 4321 2962 1190 4322 2948 1191 4324 2963 1193 4321 2962 1190 4323 2949 1192 4324 2963 1193 4320 2961 1181 4321 2962 1190 4325 2964 1179 4319 2923 1178 4320 2961 1181 4325 2964 1179 4320 2961 1181 4324 2963 1193 4326 2925 1180 4319 2923 1178 4325 2964 1179 4329 2967 1179 4328 2966 1210 4327 2965 1180 4327 2965 1180 4328 2966 1210 4330 2968 1211 4331 2969 1212 4330 2968 1211 4328 2966 1210 4332 2970 1213 4330 2968 1211 4331 2969 1212 4332 2970 1213 4331 2969 1212 4333 2971 1214 4333 2971 1214 4331 2969 1212 4334 2972 1215 4333 2971 1214 4334 2972 1215 4335 2973 1216 4335 2973 1216 4334 2972 1215 4336 2974 1217 4336 2974 1217 4337 2975 1198 4335 2973 1216 4338 2976 1218 4334 2972 1215 4331 2969 1212 4328 2966 1210 4338 2976 1218 4331 2969 1212 4339 2977 1219 4334 2972 1215 4338 2976 1218 4334 2972 1215 4339 2977 1219 4340 2974 1217 4336 2974 1217 4339 2977 1219 4341 2978 1220 4341 2978 1220 4342 2979 1199 4336 2974 1217 4342 2979 1199 4337 2975 1198 4343 2974 1217 4338 2976 1218 4344 2980 1221 4339 2977 1219 4339 2977 1219 4344 2980 1221 4345 2978 1220 4341 2978 1220 4344 2980 1221 4346 2981 1222 4346 2981 1222 4347 2982 1201 4341 2978 1220 4348 2983 1205 4347 2982 1201 4346 2981 1222 4347 2982 1201 4342 2979 1199 4349 2978 1220 4350 2984 1223 4344 2980 1221 4338 2976 1218 4351 2985 1224 4350 2984 1223 4338 2976 1218 4352 2986 1225 4350 2984 1223 4351 2985 1224 4351 2985 1224 4338 2976 1218 4328 2966 1210 4353 2987 1193 4352 2986 1225 4351 2985 1224 4354 2988 1192 4352 2986 1225 4353 2987 1193 4353 2987 1193 4351 2985 1224 4329 2967 1179 4329 2967 1179 4351 2985 1224 4328 2966 1210 4357 2984 1223 4356 2989 1218 4355 2980 1221 4355 2980 1221 4356 2989 1218 4358 2990 1219 4359 2991 1220 4355 2980 1221 4358 2990 1219 4356 2989 1218 4360 2992 1215 4358 2990 1219 4360 2992 1215 4361 2993 1217 4358 2990 1219 4362 2994 1212 4360 2992 1215 4356 2989 1218 4362 2994 1212 4363 2971 1214 4360 2992 1215 4364 2973 1216 4360 2992 1215 4363 2971 1214 4365 2993 1217 4360 2992 1215 4364 2973 1216 4366 2975 1198 4365 2993 1217 4364 2973 1216 4358 2990 1219 4365 2993 1217 4367 2991 1220 4368 2981 1222 4355 2980 1221 4367 2991 1220 4369 2995 1201 4368 2981 1222 4367 2991 1220 4370 2983 1205 4368 2981 1222 4369 2995 1201 4371 2996 1199 4367 2991 1220 4365 2993 1217 4371 2996 1199 4372 2993 1217 4366 2975 1198 4369 2995 1201 4373 2991 1220 4371 2996 1199 4374 2970 1213 4363 2971 1214 4362 2994 1212 4362 2994 1212 4375 2968 1211 4374 2970 1213 4376 2997 1210 4375 2968 1211 4362 2994 1212 4362 2994 1212 4356 2989 1218 4376 2997 1210 4376 2997 1210 4356 2989 1218 4377 2998 1224 4357 2984 1223 4377 2998 1224 4356 2989 1218 4378 2986 1225 4377 2998 1224 4357 2984 1223 4378 2986 1225 4379 2999 1193 4377 2998 1224 4380 2988 1192 4379 2999 1193 4378 2986 1225 4376 2997 1210 4381 2965 1180 4375 2968 1211 4382 3000 1179 4381 2965 1180 4376 2997 1210 4376 2997 1210 4377 2998 1224 4382 3000 1179 4382 3000 1179 4377 2998 1224 4379 2999 1193 4385 3001 1179 4384 2966 1210 4383 2965 1180 4383 2965 1180 4384 2966 1210 4386 2968 1211 4387 2969 1212 4386 2968 1211 4384 2966 1210 4388 2970 1213 4386 2968 1211 4387 2969 1212 4388 2970 1213 4387 2969 1212 4389 2971 1214 4389 2971 1214 4387 2969 1212 4390 2972 1215 4389 2971 1214 4390 2972 1215 4391 3002 1216 4391 3002 1216 4390 2972 1215 4392 3003 1217 4392 3003 1217 4393 3004 1198 4391 3002 1216 4394 3005 1218 4390 2972 1215 4387 2969 1212 4384 2966 1210 4394 3005 1218 4387 2969 1212 4395 2977 1219 4390 2972 1215 4394 3005 1218 4390 2972 1215 4395 2977 1219 4396 3003 1217 4392 3003 1217 4395 2977 1219 4397 3006 1220 4397 3006 1220 4398 3007 1199 4392 3003 1217 4398 3007 1199 4393 3004 1198 4399 3003 1217 4394 3005 1218 4400 2980 1221 4395 2977 1219 4395 2977 1219 4400 2980 1221 4401 3006 1220 4397 3006 1220 4400 2980 1221 4402 3008 1222 4402 3008 1222 4403 3009 1201 4397 3006 1220 4404 3010 1205 4403 3009 1201 4402 3008 1222 4403 3009 1201 4398 3007 1199 4405 3006 1220 4406 2984 1223 4400 2980 1221 4394 3005 1218 4407 2985 1224 4406 2984 1223 4394 3005 1218 4408 2986 1225 4406 2984 1223 4407 2985 1224 4407 2985 1224 4394 3005 1218 4384 2966 1210 4409 2987 1193 4408 2986 1225 4407 2985 1224 4410 2988 1192 4408 2986 1225 4409 2987 1193 4409 2987 1193 4407 2985 1224 4385 3001 1179 4385 3001 1179 4407 2985 1224 4384 2966 1210 4413 2984 1223 4412 2989 1218 4411 2980 1221 4411 2980 1221 4412 2989 1218 4414 2990 1219 4415 3011 1220 4411 2980 1221 4414 2990 1219 4412 2989 1218 4416 2992 1215 4414 2990 1219 4416 2992 1215 4417 3012 1217 4414 2990 1219 4418 2994 1212 4416 2992 1215 4412 2989 1218 4418 2994 1212 4419 2971 1214 4416 2992 1215 4420 3002 1216 4416 2992 1215 4419 2971 1214 4421 3012 1217 4416 2992 1215 4420 3002 1216 4422 3004 1198 4421 3012 1217 4420 3002 1216 4414 2990 1219 4421 3012 1217 4423 3011 1220 4424 3008 1222 4411 2980 1221 4423 3011 1220 4425 3013 1201 4424 3008 1222 4423 3011 1220 4426 3010 1205 4424 3008 1222 4425 3013 1201 4427 3014 1199 4423 3011 1220 4421 3012 1217 4427 3014 1199 4428 3012 1217 4422 3004 1198 4425 3013 1201 4429 3011 1220 4427 3014 1199 4430 2970 1213 4419 2971 1214 4418 2994 1212 4418 2994 1212 4431 2968 1211 4430 2970 1213 4432 2997 1210 4431 2968 1211 4418 2994 1212 4418 2994 1212 4412 2989 1218 4432 2997 1210 4432 2997 1210 4412 2989 1218 4433 2998 1224 4413 2984 1223 4433 2998 1224 4412 2989 1218 4434 2986 1225 4433 2998 1224 4413 2984 1223 4434 2986 1225 4435 2999 1193 4433 2998 1224 4436 2988 1192 4435 2999 1193 4434 2986 1225 4432 2997 1210 4437 2965 1180 4431 2968 1211 4438 3000 1179 4437 2965 1180 4432 2997 1210 4432 2997 1210 4433 2998 1224 4438 3000 1179 4438 3000 1179 4433 2998 1224 4435 2999 1193 4441 2883 1180 4440 3015 1178 4439 2882 1179 4439 2882 1179 4440 3015 1178 4442 3016 1181 4442 3016 1181 4440 3015 1178 4443 3017 1182 4443 3017 1182 4440 3015 1178 4444 3018 1183 4443 3017 1182 4444 3018 1183 4445 3019 1184 4445 3019 1184 4444 3018 1183 4446 3020 1185 4445 3019 1184 4447 3021 1186 4443 3017 1182 4447 3021 1186 4442 3016 1181 4443 3017 1182 4448 3022 1187 4447 3021 1186 4445 3019 1184 4448 3022 1187 4449 3023 1188 4447 3021 1186 4450 3024 1189 4449 3023 1188 4448 3022 1187 4449 3023 1188 4451 3025 1190 4447 3021 1186 4451 3025 1190 4442 3016 1181 4447 3021 1186 4452 3026 1191 4451 3025 1190 4449 3023 1188 4453 2895 1192 4451 3025 1190 4452 3026 1191 4454 2896 1193 4451 3025 1190 4453 2895 1192 4439 2882 1179 4442 3016 1181 4454 2896 1193 4454 2896 1193 4442 3016 1181 4451 3025 1190 4455 3027 1194 4445 3019 1184 4446 3020 1185 4456 3028 1195 4445 3019 1184 4455 3027 1194 4456 3028 1195 4448 3022 1187 4445 3019 1184 4457 3029 1196 4456 3028 1195 4455 3027 1194 4458 3030 1197 4456 3028 1195 4457 3029 1196 4459 3031 1198 4458 3030 1197 4457 3029 1196 4460 3032 1204 4448 3022 1187 4456 3028 1195 4448 3022 1187 4460 3032 1204 4450 3024 1189 4461 3033 1200 4460 3032 1204 4458 3030 1197 4460 3032 1204 4461 3033 1200 4462 3034 1203 4450 3024 1189 4460 3032 1204 4462 3034 1203 4462 3034 1203 4461 3033 1200 4463 3035 1202 4464 3036 1201 4463 3035 1202 4461 3033 1200 4465 3037 1205 4463 3035 1202 4464 3036 1201 4464 3036 1201 4461 3033 1200 4466 3038 1199 4466 3038 1199 4461 3033 1200 4458 3030 1197 4466 3038 1199 4467 3030 1197 4459 3031 1198 4468 3030 1197 4460 3032 1204 4456 3028 1195 4471 3040 1186 4470 3023 1188 4469 3039 1187 4469 3039 1187 4470 3023 1188 4472 3024 1189 4473 3041 1184 4471 3040 1186 4469 3039 1187 4474 3042 1182 4471 3040 1186 4473 3041 1184 4473 3041 1184 4475 3018 1183 4474 3042 1182 4476 3020 1185 4475 3018 1183 4473 3041 1184 4471 3040 1186 4477 3043 1190 4470 3023 1188 4470 3023 1188 4477 3043 1190 4478 3026 1191 4478 3026 1191 4477 3043 1190 4479 2895 1192 4479 2895 1192 4477 3043 1190 4480 2914 1193 4475 3018 1183 4481 3015 1178 4474 3042 1182 4474 3042 1182 4481 3015 1178 4482 3044 1181 4474 3042 1182 4482 3044 1181 4471 3040 1186 4471 3040 1186 4482 3044 1181 4477 3043 1190 4482 3044 1181 4480 2914 1193 4477 3043 1190 4482 3044 1181 4481 3015 1178 4483 2916 1179 4483 2916 1179 4480 2914 1193 4482 3044 1181 4483 2916 1179 4481 3015 1178 4484 2883 1180 4469 3039 1187 4472 3024 1189 4485 3045 1204 4485 3045 1204 4472 3024 1189 4486 3034 1203 4485 3045 1204 4486 3034 1203 4487 3046 1200 4487 3046 1200 4486 3034 1203 4488 3035 1202 4487 3046 1200 4488 3035 1202 4489 3047 1201 4489 3047 1201 4488 3035 1202 4490 3037 1205 4491 3048 1199 4487 3046 1200 4489 3047 1201 4492 3049 1197 4487 3046 1200 4491 3048 1199 4492 3049 1197 4485 3045 1204 4487 3046 1200 4493 3031 1198 4492 3049 1197 4491 3048 1199 4494 3029 1196 4492 3049 1197 4493 3031 1198 4494 3029 1196 4495 3050 1195 4492 3049 1197 4495 3050 1195 4485 3045 1204 4492 3049 1197 4496 3027 1194 4495 3050 1195 4494 3029 1196 4495 3050 1195 4469 3039 1187 4485 3045 1204 4473 3041 1184 4469 3039 1187 4495 3050 1195 4496 3027 1194 4473 3041 1184 4495 3050 1195 4476 3020 1185 4473 3041 1184 4496 3027 1194 4499 2925 1180 4498 3051 1178 4497 2924 1179 4497 2924 1179 4498 3051 1178 4500 3052 1181 4500 3052 1181 4498 3051 1178 4501 3053 1182 4501 3053 1182 4498 3051 1178 4502 3054 1183 4501 3053 1182 4502 3054 1183 4503 3055 1184 4503 3055 1184 4502 3054 1183 4504 3056 1185 4505 3057 1206 4503 3055 1184 4504 3056 1185 4506 3058 1207 4503 3055 1184 4505 3057 1206 4507 3059 1196 4506 3058 1207 4505 3057 1206 4508 3060 1197 4506 3058 1207 4507 3059 1196 4509 3061 1198 4508 3060 1197 4507 3059 1196 4510 3062 1199 4508 3060 1197 4509 3061 1198 4510 3062 1199 4511 3063 1200 4508 3060 1197 4512 3064 1201 4511 3063 1200 4510 3062 1199 4512 3064 1201 4513 3065 1202 4511 3063 1200 4514 3066 1208 4511 3063 1200 4513 3065 1202 4515 3067 1209 4511 3063 1200 4514 3066 1208 4511 3063 1200 4515 3067 1209 4508 3060 1197 4508 3060 1197 4515 3067 1209 4506 3058 1207 4516 3068 1205 4513 3065 1202 4512 3064 1201 4517 3069 1189 4515 3067 1209 4514 3066 1208 4518 3070 1187 4515 3067 1209 4517 3069 1189 4515 3067 1209 4518 3070 1187 4506 3058 1207 4506 3058 1207 4518 3070 1187 4503 3055 1184 4517 3069 1189 4519 3071 1186 4518 3070 1187 4520 3072 1188 4519 3071 1186 4517 3069 1189 4519 3071 1186 4501 3053 1182 4518 3070 1187 4518 3070 1187 4501 3053 1182 4503 3055 1184 4520 3072 1188 4521 3073 1190 4519 3071 1186 4522 3074 1191 4521 3073 1190 4520 3072 1188 4521 3073 1190 4500 3052 1181 4519 3071 1186 4519 3071 1186 4500 3052 1181 4501 3053 1182 4523 2949 1192 4521 3073 1190 4522 3074 1191 4524 2950 1193 4521 3073 1190 4523 2949 1192 4524 2950 1193 4500 3052 1181 4521 3073 1190 4497 2924 1179 4500 3052 1181 4524 2950 1193 4527 3076 1187 4526 3075 1186 4525 3069 1189 4525 3069 1189 4526 3075 1186 4528 3072 1188 4527 3076 1187 4525 3069 1189 4529 3077 1209 4529 3077 1209 4525 3069 1189 4530 3066 1208 4529 3077 1209 4530 3066 1208 4531 3078 1200 4531 3078 1200 4530 3066 1208 4532 3065 1202 4531 3078 1200 4532 3065 1202 4533 3079 1201 4533 3079 1201 4532 3065 1202 4534 3068 1205 4535 3080 1199 4531 3078 1200 4533 3079 1201 4536 3081 1197 4531 3078 1200 4535 3080 1199 4536 3081 1197 4529 3077 1209 4531 3078 1200 4537 3061 1198 4536 3081 1197 4535 3080 1199 4538 3059 1196 4536 3081 1197 4537 3061 1198 4538 3059 1196 4539 3082 1207 4536 3081 1197 4539 3082 1207 4529 3077 1209 4536 3081 1197 4539 3082 1207 4527 3076 1187 4529 3077 1209 4540 3057 1206 4539 3082 1207 4538 3059 1196 4540 3057 1206 4541 3083 1184 4539 3082 1207 4542 3056 1185 4541 3083 1184 4540 3057 1206 4541 3083 1184 4527 3076 1187 4539 3082 1207 4542 3056 1185 4543 3054 1183 4541 3083 1184 4541 3083 1184 4543 3054 1183 4544 3084 1182 4541 3083 1184 4544 3084 1182 4527 3076 1187 4527 3076 1187 4544 3084 1182 4526 3075 1186 4543 3054 1183 4545 3051 1178 4544 3084 1182 4544 3084 1182 4545 3051 1178 4546 3085 1181 4544 3084 1182 4546 3085 1181 4526 3075 1186 4526 3075 1186 4546 3085 1181 4547 3086 1190 4526 3075 1186 4547 3086 1190 4528 3072 1188 4528 3072 1188 4547 3086 1190 4548 3074 1191 4548 3074 1191 4547 3086 1190 4549 2949 1192 4549 2949 1192 4547 3086 1190 4550 2963 1193 4546 3085 1181 4550 2963 1193 4547 3086 1190 4546 3085 1181 4545 3051 1178 4551 2964 1179 4551 2964 1179 4550 2963 1193 4546 3085 1181 4551 2964 1179 4545 3051 1178 4552 2925 1180 4555 3088 1211 4554 3087 1210 4553 2965 1180 4553 2965 1180 4554 3087 1210 4556 2967 1179 4555 3088 1211 4557 3089 1212 4554 3087 1210 4558 3090 1213 4557 3089 1212 4555 3088 1211 4558 3090 1213 4559 3091 1214 4557 3089 1212 4557 3089 1212 4559 3091 1214 4560 3092 1215 4561 3093 1216 4560 3092 1215 4559 3091 1214 4562 3094 1217 4560 3092 1215 4561 3093 1216 4563 3095 1198 4562 3094 1217 4561 3093 1216 4557 3089 1212 4560 3092 1215 4564 3096 1218 4564 3096 1218 4554 3087 1210 4557 3089 1212 4564 3096 1218 4560 3092 1215 4565 3097 1219 4560 3092 1215 4566 3094 1217 4565 3097 1219 4565 3097 1219 4562 3094 1217 4567 3098 1220 4568 3099 1199 4567 3098 1220 4562 3094 1217 4568 3099 1199 4569 3094 1217 4563 3095 1198 4565 3097 1219 4570 3100 1221 4564 3096 1218 4571 3101 1222 4570 3100 1221 4567 3098 1220 4572 3098 1220 4570 3100 1221 4565 3097 1219 4573 3102 1201 4571 3101 1222 4567 3098 1220 4574 3103 1205 4571 3101 1222 4573 3102 1201 4573 3102 1201 4575 3098 1220 4568 3099 1199 4564 3096 1218 4570 3100 1221 4576 3104 1223 4564 3096 1218 4576 3104 1223 4577 3105 1224 4577 3105 1224 4576 3104 1223 4578 3106 1225 4577 3105 1224 4554 3087 1210 4564 3096 1218 4577 3105 1224 4578 3106 1225 4579 2987 1193 4579 2987 1193 4578 3106 1225 4580 2988 1192 4579 2987 1193 4556 2967 1179 4577 3105 1224 4577 3105 1224 4556 2967 1179 4554 3087 1210 4583 3104 1223 4582 3100 1221 4581 3107 1218 4581 3107 1218 4582 3100 1221 4584 3108 1219 4582 3100 1221 4585 3109 1220 4584 3108 1219 4586 3110 1215 4581 3107 1218 4584 3108 1219 4584 3108 1219 4587 3111 1217 4586 3110 1215 4588 3112 1212 4581 3107 1218 4586 3110 1215 4586 3110 1215 4589 3091 1214 4588 3112 1212 4586 3110 1215 4590 3093 1216 4589 3091 1214 4591 3111 1217 4590 3093 1216 4586 3110 1215 4590 3093 1216 4591 3111 1217 4592 3095 1198 4593 3109 1220 4591 3111 1217 4584 3108 1219 4594 3101 1222 4593 3109 1220 4582 3100 1221 4593 3109 1220 4594 3101 1222 4595 3113 1201 4595 3113 1201 4594 3101 1222 4596 3103 1205 4591 3111 1217 4593 3109 1220 4597 3114 1199 4592 3095 1198 4598 3111 1217 4597 3114 1199 4597 3114 1199 4599 3109 1220 4595 3113 1201 4588 3112 1212 4589 3091 1214 4600 3090 1213 4601 3088 1211 4588 3112 1212 4600 3090 1213 4602 3115 1210 4588 3112 1212 4601 3088 1211 4602 3115 1210 4581 3107 1218 4588 3112 1212 4603 3116 1224 4581 3107 1218 4602 3115 1210 4603 3116 1224 4583 3104 1223 4581 3107 1218 4604 3106 1225 4583 3104 1223 4603 3116 1224 4605 2999 1193 4604 3106 1225 4603 3116 1224 4606 2988 1192 4604 3106 1225 4605 2999 1193 4607 2965 1180 4602 3115 1210 4601 3088 1211 4608 3000 1179 4602 3115 1210 4607 2965 1180 4605 2999 1193 4603 3116 1224 4608 3000 1179 4608 3000 1179 4603 3116 1224 4602 3115 1210 4611 3088 1211 4610 3087 1210 4609 2965 1180 4609 2965 1180 4610 3087 1210 4612 3001 1179 4611 3088 1211 4613 3089 1212 4610 3087 1210 4614 3090 1213 4613 3089 1212 4611 3088 1211 4614 3090 1213 4615 3091 1214 4613 3089 1212 4613 3089 1212 4615 3091 1214 4616 3092 1215 4617 3117 1216 4616 3092 1215 4615 3091 1214 4618 3118 1217 4616 3092 1215 4617 3117 1216 4619 3119 1198 4618 3118 1217 4617 3117 1216 4613 3089 1212 4616 3092 1215 4620 3096 1218 4620 3096 1218 4610 3087 1210 4613 3089 1212 4620 3096 1218 4616 3092 1215 4621 3097 1219 4616 3092 1215 4622 3118 1217 4621 3097 1219 4621 3097 1219 4618 3118 1217 4623 3120 1220 4624 3121 1199 4623 3120 1220 4618 3118 1217 4624 3121 1199 4625 3118 1217 4619 3119 1198 4621 3097 1219 4626 3100 1221 4620 3096 1218 4627 3122 1222 4626 3100 1221 4623 3120 1220 4628 3120 1220 4626 3100 1221 4621 3097 1219 4629 3123 1201 4627 3122 1222 4623 3120 1220 4630 3124 1205 4627 3122 1222 4629 3123 1201 4629 3123 1201 4631 3120 1220 4624 3121 1199 4620 3096 1218 4626 3100 1221 4632 3104 1223 4620 3096 1218 4632 3104 1223 4633 3105 1224 4633 3105 1224 4632 3104 1223 4634 3106 1225 4633 3105 1224 4610 3087 1210 4620 3096 1218 4633 3105 1224 4634 3106 1225 4635 2987 1193 4635 2987 1193 4634 3106 1225 4636 2988 1192 4635 2987 1193 4612 3001 1179 4633 3105 1224 4633 3105 1224 4612 3001 1179 4610 3087 1210 4639 3104 1223 4638 3100 1221 4637 3107 1218 4637 3107 1218 4638 3100 1221 4640 3108 1219 4638 3100 1221 4641 3125 1220 4640 3108 1219 4642 3110 1215 4637 3107 1218 4640 3108 1219 4640 3108 1219 4643 3126 1217 4642 3110 1215 4644 3127 1212 4637 3107 1218 4642 3110 1215 4642 3110 1215 4645 3091 1214 4644 3127 1212 4642 3110 1215 4646 3117 1216 4645 3091 1214 4647 3126 1217 4646 3117 1216 4642 3110 1215 4646 3117 1216 4647 3126 1217 4648 3119 1198 4649 3125 1220 4647 3126 1217 4640 3108 1219 4650 3122 1222 4649 3125 1220 4638 3100 1221 4649 3125 1220 4650 3122 1222 4651 3128 1201 4651 3128 1201 4650 3122 1222 4652 3124 1205 4647 3126 1217 4649 3125 1220 4653 3129 1199 4648 3119 1198 4654 3126 1217 4653 3129 1199 4653 3129 1199 4655 3125 1220 4651 3128 1201 4644 3127 1212 4645 3091 1214 4656 3090 1213 4657 3088 1211 4644 3127 1212 4656 3090 1213 4658 3115 1210 4644 3127 1212 4657 3088 1211 4658 3115 1210 4637 3107 1218 4644 3127 1212 4659 3116 1224 4637 3107 1218 4658 3115 1210 4659 3116 1224 4639 3104 1223 4637 3107 1218 4660 3106 1225 4639 3104 1223 4659 3116 1224 4661 2999 1193 4660 3106 1225 4659 3116 1224 4662 2988 1192 4660 3106 1225 4661 2999 1193 4663 2965 1180 4658 3115 1210 4657 3088 1211 4664 3000 1179 4658 3115 1210 4663 2965 1180 4661 2999 1193 4659 3116 1224 4664 3000 1179 4664 3000 1179 4659 3116 1224 4658 3115 1210 4667 3132 1228 4666 3131 1227 4665 3130 1226 4665 3130 1226 4666 3131 1227 4668 3133 1229 4669 3134 1230 4667 3132 1228 4665 3130 1226 4670 3135 1231 4667 3132 1228 4669 3134 1230 4670 3135 1231 4669 3134 1230 4671 3136 1232 4671 3136 1232 4669 3134 1230 4672 3137 1233 4674 3139 1228 4673 3138 1234 4666 3131 1227 4666 3131 1227 4676 3138 1234 4675 3140 1235 4676 3138 1234 4677 3141 1236 4675 3140 1235 4675 3140 1235 4677 3141 1236 4678 3142 1237 4677 3141 1236 4679 3143 1238 4678 3142 1237 4680 3144 1239 4679 3143 1238 4677 3141 1236 4682 3146 1241 4680 3144 1239 4681 3145 1240 4681 3145 1240 4680 3144 1239 4683 3147 1242 4683 3147 1242 4684 3148 1243 4681 3145 1240 4685 3148 1244 4684 3148 1243 4683 3147 1242 4682 3146 1241 4686 3143 1238 4680 3144 1239 4689 3151 1229 4688 3150 1227 4687 3149 1245 4688 3150 1227 4690 3152 1246 4687 3149 1245 4691 3153 1247 4687 3149 1245 4690 3152 1246 4692 3154 1235 4690 3152 1246 4688 3150 1227 4693 3155 1248 4690 3152 1246 4692 3154 1235 4692 3154 1235 4694 3156 1249 4693 3155 1248 4695 3157 1237 4694 3156 1249 4692 3154 1235 4696 3158 1250 4694 3156 1249 4695 3157 1237 4696 3158 1250 4697 3158 1251 4694 3156 1249 4696 3158 1250 4695 3157 1237 4698 3158 1238 4701 3161 1229 4700 3160 1252 4699 3159 1226 4699 3159 1226 4700 3160 1252 4702 3162 1253 4702 3162 1253 4703 3163 1230 4699 3159 1226 4704 3164 1254 4703 3163 1230 4702 3162 1253 4704 3164 1254 4705 3165 1255 4703 3163 1230 4703 3163 1230 4705 3165 1255 4706 3166 1233 4709 3169 1258 4708 3168 1257 4707 3167 1256 4707 3167 1256 4708 3168 1257 4710 3170 1259 4711 3171 1260 4709 3169 1258 4707 3167 1256 4712 3172 1261 4709 3169 1258 4711 3171 1260 4711 3171 1260 4713 3173 1262 4712 3172 1261 4713 3173 1262 4714 3174 1263 4712 3172 1261 4714 3174 1263 4709 3169 1258 4712 3172 1261 4715 3175 1264 4708 3168 1257 4709 3169 1258 4715 3175 1264 4709 3169 1258 4714 3174 1263 4714 3174 1263 4716 3176 1265 4715 3175 1264 4714 3174 1263 4717 3173 1262 4716 3176 1265 4715 3175 1264 4716 3176 1265 4718 3177 1266 4715 3175 1264 4718 3177 1266 4719 3178 1267 4719 3178 1267 4708 3168 1257 4715 3175 1264 4719 3178 1267 4718 3177 1266 4720 3179 1268 4716 3176 1265 4721 3180 1269 4718 3177 1266 4722 3181 1270 4718 3177 1266 4721 3180 1269 4721 3180 1269 4723 3182 1271 4722 3181 1270 4724 3183 1272 4723 3182 1271 4721 3180 1269 4725 3184 1268 4718 3177 1266 4722 3181 1270 4726 3185 1273 4721 3180 1269 4716 3176 1265 4726 3185 1273 4724 3183 1272 4721 3180 1269 4726 3185 1273 4716 3176 1265 4727 3173 1262 4728 3186 1274 4724 3183 1272 4726 3185 1273 4729 3173 1262 4728 3186 1274 4726 3185 1273 4730 3187 1275 4728 3186 1274 4729 3173 1262 4730 3187 1275 4724 3183 1272 4728 3186 1274 4724 3183 1272 4731 3188 1276 4723 3182 1271 4731 3188 1276 4724 3183 1272 4730 3187 1275 4723 3182 1271 4731 3188 1276 4732 3189 1277 4735 3192 1279 4734 3191 1278 4733 3190 1232 4733 3190 1232 4734 3191 1278 4736 3193 1231 4736 3193 1231 4734 3191 1278 4737 3194 1228 4737 3194 1228 4734 3191 1278 4738 3195 1280 4741 3198 1283 4740 3197 1282 4739 3196 1281 4739 3196 1281 4740 3197 1282 4742 3199 1284 4743 3200 1285 4740 3197 1282 4741 3198 1283 4744 3201 1286 4740 3197 1282 4743 3200 1285 4740 3197 1282 4745 3202 1287 4742 3199 1284 4742 3199 1284 4745 3202 1287 4746 3203 1288 4744 3201 1286 4747 3204 1289 4740 3197 1282 4740 3197 1282 4747 3204 1289 4745 3202 1287 4745 3202 1287 4748 3205 1290 4746 3203 1288 4749 3206 1291 4748 3205 1290 4745 3202 1287 4747 3204 1289 4750 3207 1292 4745 3202 1287 4745 3202 1287 4750 3207 1292 4749 3206 1291 4753 3210 1293 4752 3209 1234 4751 3208 1280 4753 3210 1293 4754 3211 1236 4752 3209 1234 4755 3212 1294 4754 3211 1236 4753 3210 1293 4755 3212 1294 4756 3213 1295 4754 3211 1236 4751 3208 1280 4758 3209 1234 4757 3214 1228 4760 3211 1236 4756 3213 1295 4759 3215 1239 4763 3216 1241 4762 3216 1296 4761 3216 1238 4761 3216 1238 4762 3216 1296 4764 3216 1297 4767 3218 1299 4766 3218 1244 4765 3217 1298 4765 3217 1298 4766 3218 1244 4768 3219 1242 4765 3217 1298 4768 3219 1242 4769 3220 1295 4769 3220 1295 4768 3219 1242 4770 3221 1239 4773 3224 1240 4772 3223 1243 4771 3222 1300 4771 3222 1300 4772 3223 1243 4774 3223 1301 4775 3225 1296 4773 3224 1240 4771 3222 1300 4776 3226 1241 4773 3224 1240 4775 3225 1296 4779 3228 1304 4778 3228 1303 4777 3227 1302 4777 3227 1302 4778 3228 1303 4780 3229 1305 4780 3229 1305 4781 3230 1306 4777 3227 1302 4784 3173 1309 4783 3171 1308 4782 3187 1307 4785 3167 1310 4782 3187 1307 4783 3171 1308 4786 3188 1311 4782 3187 1307 4785 3167 1310 4786 3188 1311 4785 3167 1310 4787 3231 1312 4788 3189 1313 4786 3188 1311 4787 3231 1312 4787 3231 1312 4785 3167 1310 4789 3170 1314 4792 3234 1228 4791 3233 1226 4790 3232 1227 4790 3232 1227 4791 3233 1226 4793 3235 1229 4791 3233 1226 4792 3234 1228 4794 3236 1230 4794 3236 1230 4792 3234 1228 4795 3237 1231 4796 3136 1232 4794 3236 1230 4795 3237 1231 4797 3137 1233 4794 3236 1230 4796 3136 1232 4799 3239 1228 4790 3232 1227 4798 3238 1234 4801 3238 1234 4790 3232 1227 4800 3240 1235 4801 3238 1234 4800 3240 1235 4802 3241 1236 4802 3241 1236 4800 3240 1235 4803 3242 1237 4803 3242 1237 4804 3243 1238 4802 3241 1236 4802 3241 1236 4804 3243 1238 4805 3244 1239 4807 3246 1241 4806 3245 1240 4805 3244 1239 4805 3244 1239 4806 3245 1240 4808 3247 1242 4809 3148 1243 4808 3247 1242 4806 3245 1240 4810 3148 1244 4808 3247 1242 4809 3148 1243 4807 3246 1241 4805 3244 1239 4811 3243 1238 4814 3250 1229 4813 3249 1245 4812 3248 1227 4812 3248 1227 4813 3249 1245 4815 3152 1246 4816 3153 1247 4815 3152 1246 4813 3249 1245 4812 3248 1227 4815 3152 1246 4817 3251 1235 4817 3251 1235 4815 3152 1246 4818 3155 1248 4819 3156 1249 4817 3251 1235 4818 3155 1248 4820 3157 1237 4817 3251 1235 4819 3156 1249 4821 3252 1250 4820 3157 1237 4819 3156 1249 4821 3252 1250 4819 3156 1249 4822 3158 1251 4821 3252 1250 4823 3252 1238 4820 3157 1237 4826 3255 1229 4825 3254 1226 4824 3253 1252 4824 3253 1252 4825 3254 1226 4827 3256 1253 4828 3257 1230 4827 3256 1253 4825 3254 1226 4829 3258 1254 4827 3256 1253 4828 3257 1230 4828 3257 1230 4830 3165 1255 4829 3258 1254 4831 3166 1233 4830 3165 1255 4828 3257 1230 4834 3260 1231 4833 3259 1278 4832 3190 1232 4832 3190 1232 4833 3259 1278 4835 3192 1279 4834 3260 1231 4836 3261 1228 4833 3259 1278 4833 3259 1278 4836 3261 1228 4837 3262 1280 4840 3265 1283 4839 3264 1281 4838 3263 1282 4838 3263 1282 4839 3264 1281 4841 3266 1284 4840 3265 1283 4838 3263 1282 4842 3200 1285 4842 3200 1285 4838 3263 1282 4843 3201 1286 4838 3263 1282 4841 3266 1284 4844 3267 1287 4844 3267 1287 4841 3266 1284 4845 3268 1288 4843 3201 1286 4838 3263 1282 4846 3204 1289 4846 3204 1289 4838 3263 1282 4844 3267 1287 4845 3268 1288 4847 3269 1290 4844 3267 1287 4844 3267 1287 4847 3269 1290 4848 3270 1291 4846 3204 1289 4844 3267 1287 4849 3207 1292 4849 3207 1292 4844 3267 1287 4848 3270 1291 4852 3273 1228 4851 3272 1234 4850 3271 1280 4850 3271 1280 4854 3272 1234 4853 3274 1293 4854 3272 1234 4855 3275 1236 4853 3274 1293 4853 3274 1293 4855 3275 1236 4856 3276 1294 4856 3276 1294 4855 3275 1236 4857 3277 1295 4857 3277 1295 4859 3275 1236 4858 3278 1239 4862 3279 1297 4861 3216 1296 4860 3279 1238 4860 3279 1238 4861 3216 1296 4863 3216 1241 4866 3218 1299 4865 3280 1298 4864 3218 1244 4864 3218 1244 4865 3280 1298 4867 3281 1242 4865 3280 1298 4868 3282 1295 4867 3281 1242 4867 3281 1242 4868 3282 1295 4869 3283 1239 4872 3223 1301 4871 3223 1243 4870 3284 1300 4870 3284 1300 4871 3223 1243 4873 3285 1240 4873 3285 1240 4874 3286 1296 4870 3284 1300 4875 3226 1241 4874 3286 1296 4873 3285 1240 4878 3228 1304 4877 3287 1302 4876 3228 1303 4876 3228 1303 4877 3287 1302 4879 3288 1305 4879 3288 1305 4877 3287 1302 4880 3289 1306 4883 3292 1317 4882 3291 1316 4881 3290 1315 4881 3290 1315 4882 3291 1316 4884 3293 1318 4885 3294 1319 4883 3292 1317 4881 3290 1315 4886 3295 1320 4883 3292 1317 4885 3294 1319 4886 3295 1320 4885 3294 1319 4887 3296 1321 4887 3296 1321 4885 3294 1319 4888 3297 1322 4889 3298 1323 4888 3297 1322 4885 3294 1319 4890 3299 1324 4888 3297 1322 4889 3298 1323 4890 3299 1324 4889 3298 1323 4891 3300 1325 4889 3298 1323 4892 3301 1326 4891 3300 1325 4889 3298 1323 4885 3294 1319 4892 3301 1326 4892 3301 1326 4885 3294 1319 4881 3290 1315 4892 3301 1326 4881 3290 1315 4893 3302 1327 4893 3302 1327 4881 3290 1315 4884 3293 1318 4892 3301 1326 4893 3302 1327 4894 3300 1325 4896 3302 1327 4895 3303 1326 4891 3300 1325 4895 3303 1326 4897 3304 1323 4891 3300 1325 4897 3304 1323 4898 3299 1324 4894 3300 1325 4895 3303 1326 4896 3302 1327 4899 3305 1315 4899 3305 1315 4896 3302 1327 4900 3293 1318 4901 3291 1316 4899 3305 1315 4900 3293 1318 4902 3306 1317 4899 3305 1315 4901 3291 1316 4902 3306 1317 4903 3307 1319 4899 3305 1315 4897 3304 1323 4895 3303 1326 4903 3307 1319 4903 3307 1319 4895 3303 1326 4899 3305 1315 4904 3308 1320 4903 3307 1319 4902 3306 1317 4904 3308 1320 4905 3296 1321 4903 3307 1319 4903 3307 1319 4905 3296 1321 4906 3297 1322 4898 3299 1324 4897 3304 1323 4906 3297 1322 4906 3297 1322 4897 3304 1323 4903 3307 1319 4909 3311 1317 4908 3310 1316 4907 3309 1315 4907 3309 1315 4908 3310 1316 4910 3312 1318 4911 3313 1319 4909 3311 1317 4907 3309 1315 4912 3314 1320 4909 3311 1317 4911 3313 1319 4912 3314 1320 4911 3313 1319 4913 3315 1321 4913 3315 1321 4911 3313 1319 4914 3316 1322 4915 3317 1323 4914 3316 1322 4911 3313 1319 4916 3318 1324 4914 3316 1322 4915 3317 1323 4916 3318 1324 4915 3317 1323 4917 3319 1325 4915 3317 1323 4911 3313 1319 4918 3320 1326 4918 3320 1326 4911 3313 1319 4907 3309 1315 4915 3317 1323 4918 3320 1326 4919 3319 1325 4918 3320 1326 4920 3321 1327 4919 3319 1325 4918 3320 1326 4907 3309 1315 4920 3321 1327 4920 3321 1327 4907 3309 1315 4910 3312 1318 4922 3322 1326 4917 3319 1325 4921 3321 1327 4923 3323 1323 4919 3319 1325 4922 3322 1326 4924 3318 1324 4919 3319 1325 4923 3323 1323 4923 3323 1323 4925 3316 1322 4924 3318 1324 4926 3324 1319 4925 3316 1322 4923 3323 1323 4922 3322 1326 4926 3324 1319 4923 3323 1323 4925 3316 1322 4926 3324 1319 4927 3315 1321 4927 3315 1321 4926 3324 1319 4928 3325 1320 4928 3325 1320 4926 3324 1319 4929 3326 1317 4929 3326 1317 4926 3324 1319 4930 3327 1315 4930 3327 1315 4926 3324 1319 4922 3322 1326 4921 3321 1327 4930 3327 1315 4922 3322 1326 4929 3326 1317 4930 3327 1315 4931 3310 1316 4931 3310 1316 4930 3327 1315 4932 3312 1318 4932 3312 1318 4930 3327 1315 4921 3321 1327 4935 3330 1330 4934 3329 1329 4933 3328 1328 4933 3328 1328 4934 3329 1329 4936 3331 1331 4933 3328 1328 4936 3331 1331 4937 3332 1332 4937 3332 1332 4936 3331 1331 4938 3333 1333 4937 3332 1332 4938 3333 1333 4939 3334 1334 4939 3334 1334 4938 3333 1333 4940 3335 1335 4939 3334 1334 4940 3335 1335 4941 3336 1336 4941 3336 1336 4940 3335 1335 4942 3337 1337 4943 3338 1338 4936 3331 1331 4934 3329 1329 4944 3339 1339 4936 3331 1331 4943 3338 1338 4943 3338 1338 4945 3340 1340 4944 3339 1339 4944 3339 1339 4945 3340 1340 4946 3341 1341 4947 3342 1342 4944 3339 1339 4946 3341 1341 4948 3343 1343 4944 3339 1339 4947 3342 1342 4948 3343 1343 4936 3331 1331 4944 3339 1339 4947 3342 1342 4946 3341 1341 4949 3344 1344 4949 3344 1344 4946 3341 1341 4950 3345 1345 4948 3343 1343 4951 3346 1346 4936 3331 1331 4951 3346 1346 4938 3333 1333 4936 3331 1331 4951 3346 1346 4940 3335 1335 4938 3333 1333 4950 3345 1345 4952 3347 1347 4949 3344 1344 4949 3344 1344 4952 3347 1347 4953 3348 1348 4954 3349 1349 4949 3344 1344 4953 3348 1348 4955 3350 1350 4949 3344 1344 4954 3349 1349 4955 3350 1350 4947 3342 1342 4949 3344 1344 4956 3351 1351 4955 3350 1350 4954 3349 1349 4957 3352 1352 4955 3350 1350 4956 3351 1351 4957 3352 1352 4958 3353 1353 4955 3350 1350 4958 3353 1353 4947 3342 1342 4955 3350 1350 4958 3353 1353 4948 3343 1343 4947 3342 1342 4959 3354 1354 4958 3353 1353 4957 3352 1352 4959 3354 1354 4960 3355 1355 4958 3353 1353 4960 3355 1355 4948 3343 1343 4958 3353 1353 4960 3355 1355 4951 3346 1346 4948 3343 1343 4961 3356 1356 4960 3355 1355 4959 3354 1354 4961 3356 1356 4951 3346 1346 4960 3355 1355 4961 3356 1356 4962 3357 1357 4951 3346 1346 4963 3358 1358 4957 3352 1352 4956 3351 1351 4950 3345 1345 4964 3359 1359 4952 3347 1347 4965 3360 1360 4964 3359 1359 4950 3345 1345 4965 3360 1360 4966 3361 1361 4964 3359 1359 4953 3348 1348 4967 3292 1362 4954 3349 1349 4954 3349 1349 4967 3292 1362 4968 3295 1363 4953 3348 1348 4969 3291 1364 4967 3292 1362 4963 3358 1358 4956 3351 1351 4970 3296 1365 4970 3296 1365 4956 3351 1351 4971 3295 1363 4952 3347 1347 4964 3359 1359 4969 3291 1364 4952 3347 1347 4969 3291 1364 4953 3348 1348 4969 3291 1364 4964 3359 1359 4972 3306 1366 4964 3359 1359 4966 3361 1361 4972 3306 1366 4972 3306 1366 4966 3361 1361 4973 3308 1367 4966 3361 1361 4974 3362 1368 4973 3308 1367 4975 3363 1369 4962 3357 1357 4961 3356 1356 4976 3364 1370 4962 3357 1357 4975 3363 1369 4977 3365 1371 4962 3357 1357 4976 3364 1370 4975 3363 1369 4961 3356 1356 4978 3366 1372 4978 3366 1372 4961 3356 1356 4959 3354 1354 4959 3354 1354 4957 3352 1352 4978 3366 1372 4978 3366 1372 4957 3352 1352 4963 3358 1358 4976 3364 1370 4975 3363 1369 4979 3367 1373 4979 3367 1373 4975 3363 1369 4978 3366 1372 4980 3362 1374 4978 3366 1372 4963 3358 1358 4979 3367 1373 4978 3366 1372 4980 3362 1374 4979 3367 1373 4980 3362 1374 4981 3368 1375 4980 3362 1374 4982 3314 1376 4981 3368 1375 4981 3368 1375 4982 3314 1376 4983 3369 1377 4980 3362 1374 4963 3358 1358 4984 3308 1378 4984 3308 1378 4963 3358 1358 4970 3296 1365 4962 3357 1357 4940 3335 1335 4951 3346 1346 4962 3357 1357 4942 3337 1337 4940 3335 1335 4985 3365 1371 4942 3337 1337 4962 3357 1357 4945 3340 1340 4987 3371 1380 4986 3370 1379 4986 3370 1379 4987 3371 1380 4988 3372 1381 4989 3361 1361 4986 3370 1379 4988 3372 1381 4989 3361 1361 4988 3372 1381 4990 3373 1382 4988 3372 1381 4991 3371 1380 4990 3373 1382 4946 3341 1341 4945 3340 1340 4986 3370 1379 4946 3341 1341 4986 3370 1379 4950 3345 1345 4950 3345 1345 4986 3370 1379 4965 3360 1360 4992 3361 1361 4965 3360 1360 4986 3370 1379 4990 3373 1382 4993 3374 1383 4989 3361 1361 4990 3373 1382 4994 3375 1384 4993 3374 1383 4995 3376 1385 4994 3375 1384 4990 3373 1382 4990 3373 1382 4996 3371 1380 4995 3376 1385 4998 3361 1361 4993 3374 1383 4997 3314 1386 5000 3362 1368 4999 3361 1361 4997 3314 1386 4956 3351 1351 4954 3349 1349 5001 3295 1363 5004 3379 1317 5003 3378 1315 5002 3377 1316 5002 3377 1316 5003 3378 1315 5005 3380 1318 5004 3379 1317 5006 3381 1319 5003 3378 1315 5007 3382 1320 5006 3381 1319 5004 3379 1317 5008 3383 1321 5006 3381 1319 5007 3382 1320 5009 3384 1322 5006 3381 1319 5008 3383 1321 5006 3381 1319 5009 3384 1322 5010 3385 1323 5010 3385 1323 5009 3384 1322 5011 3386 1324 5011 3386 1324 5012 3387 1325 5010 3385 1323 5003 3378 1315 5006 3381 1319 5013 3388 1326 5013 3388 1326 5006 3381 1319 5010 3385 1323 5010 3385 1323 5014 3387 1325 5013 3388 1326 5013 3388 1326 5014 3387 1325 5015 3389 1327 5005 3380 1318 5003 3378 1315 5015 3389 1327 5015 3389 1327 5003 3378 1315 5013 3388 1326 5017 3389 1327 5012 3387 1325 5016 3390 1326 5016 3390 1326 5014 3387 1325 5018 3391 1323 5018 3391 1323 5014 3387 1325 5019 3386 1324 5016 3390 1326 5020 3392 1315 5017 3389 1327 5017 3389 1327 5020 3392 1315 5021 3380 1318 5021 3380 1318 5020 3392 1315 5022 3377 1316 5022 3377 1316 5020 3392 1315 5023 3393 1317 5020 3392 1315 5024 3394 1319 5023 3393 1317 5018 3391 1323 5024 3394 1319 5016 3390 1326 5016 3390 1326 5024 3394 1319 5020 3392 1315 5023 3393 1317 5024 3394 1319 5025 3395 1320 5025 3395 1320 5024 3394 1319 5026 3383 1321 5026 3383 1321 5024 3394 1319 5027 3384 1322 5019 3386 1324 5027 3384 1322 5018 3391 1323 5018 3391 1323 5027 3384 1322 5024 3394 1319 5030 3397 1331 5029 3329 1329 5028 3396 1328 5028 3396 1328 5029 3329 1329 5031 3330 1330 5032 3398 1332 5030 3397 1331 5028 3396 1328 5033 3399 1333 5030 3397 1331 5032 3398 1332 5034 3400 1334 5033 3399 1333 5032 3398 1332 5035 3401 1335 5033 3399 1333 5034 3400 1334 5036 3336 1336 5035 3401 1335 5034 3400 1334 5037 3337 1337 5035 3401 1335 5036 3336 1336 5030 3397 1331 5038 3338 1338 5029 3329 1329 5039 3402 1339 5038 3338 1338 5030 3397 1331 5039 3402 1339 5040 3340 1340 5038 3338 1338 5041 3403 1341 5040 3340 1340 5039 3402 1339 5039 3402 1339 5042 3404 1342 5041 3403 1341 5043 3405 1343 5042 3404 1342 5039 3402 1339 5043 3405 1343 5039 3402 1339 5030 3397 1331 5042 3404 1342 5044 3406 1345 5041 3403 1341 5045 3407 1344 5044 3406 1345 5042 3404 1342 5045 3407 1344 5046 3408 1348 5044 3406 1345 5045 3407 1344 5047 3409 1349 5046 3408 1348 5048 3410 1350 5047 3409 1349 5045 3407 1344 5042 3404 1342 5048 3410 1350 5045 3407 1344 5044 3406 1345 5046 3408 1348 5049 3411 1347 5048 3410 1350 5050 3412 1351 5047 3409 1349 5051 3413 1352 5050 3412 1351 5048 3410 1350 5052 3414 1353 5051 3413 1352 5048 3410 1350 5052 3414 1353 5048 3410 1350 5042 3404 1342 5043 3405 1343 5052 3414 1353 5042 3404 1342 5053 3415 1354 5051 3413 1352 5052 3414 1353 5054 3416 1355 5053 3415 1354 5052 3414 1353 5054 3416 1355 5052 3414 1353 5043 3405 1343 5055 3417 1356 5053 3415 1354 5054 3416 1355 5056 3418 1358 5050 3412 1351 5051 3413 1352 5049 3411 1347 5057 3419 1359 5044 3406 1345 5044 3406 1345 5057 3419 1359 5058 3420 1360 5058 3420 1360 5057 3419 1359 5059 3421 1361 5060 3422 1379 5044 3406 1345 5058 3420 1360 5061 3421 1361 5060 3422 1379 5058 3420 1360 5041 3403 1341 5044 3406 1345 5060 3422 1379 5041 3403 1341 5060 3422 1379 5040 3340 1340 5060 3422 1379 5062 3371 1380 5040 3340 1340 5063 3423 1381 5062 3371 1380 5060 3422 1379 5064 3421 1361 5063 3423 1381 5060 3422 1379 5064 3421 1361 5065 3424 1382 5063 3423 1381 5063 3423 1381 5065 3424 1382 5066 3371 1380 5064 3421 1361 5067 3425 1383 5065 3424 1382 5067 3425 1383 5068 3375 1384 5065 3424 1382 5065 3424 1382 5068 3375 1384 5069 3376 1385 5070 3371 1380 5065 3424 1382 5069 3376 1385 5072 3325 1386 5067 3425 1383 5071 3421 1361 5074 3426 1368 5072 3325 1386 5073 3421 1361 5043 3405 1343 5030 3397 1331 5075 3427 1346 5075 3427 1346 5030 3397 1331 5033 3399 1333 5035 3401 1335 5075 3427 1346 5033 3399 1333 5076 3428 1357 5075 3427 1346 5035 3401 1335 5055 3417 1356 5075 3427 1346 5076 3428 1357 5037 3337 1337 5076 3428 1357 5035 3401 1335 5077 3365 1371 5076 3428 1357 5037 3337 1337 5054 3416 1355 5043 3405 1343 5075 3427 1346 5055 3417 1356 5054 3416 1355 5075 3427 1346 5078 3429 1369 5055 3417 1356 5076 3428 1357 5078 3429 1369 5076 3428 1357 5079 3364 1370 5079 3364 1370 5076 3428 1357 5080 3365 1371 5078 3429 1369 5081 3430 1372 5055 3417 1356 5055 3417 1356 5081 3430 1372 5053 3415 1354 5081 3430 1372 5051 3413 1352 5053 3415 1354 5056 3418 1358 5051 3413 1352 5081 3430 1372 5079 3364 1370 5082 3367 1373 5078 3429 1369 5078 3429 1369 5082 3367 1373 5081 3430 1372 5083 3431 1374 5056 3418 1358 5081 3430 1372 5082 3367 1373 5083 3431 1374 5081 3430 1372 5082 3367 1373 5084 3368 1375 5083 3431 1374 5084 3368 1375 5085 3325 1376 5083 3431 1374 5086 3369 1377 5085 3325 1376 5084 3368 1375 5083 3431 1374 5087 3395 1378 5056 3418 1358 5056 3418 1358 5087 3395 1378 5088 3383 1365 5056 3418 1358 5088 3383 1365 5050 3412 1351 5050 3412 1351 5088 3383 1365 5089 3432 1363 5050 3412 1351 5090 3432 1363 5047 3409 1349 5092 3432 1363 5091 3433 1362 5047 3409 1349 5047 3409 1349 5091 3433 1362 5046 3408 1348 5091 3433 1362 5093 3434 1364 5046 3408 1348 5046 3408 1348 5093 3434 1364 5049 3411 1347 5049 3411 1347 5093 3434 1364 5057 3419 1359 5057 3419 1359 5093 3434 1364 5094 3435 1366 5057 3419 1359 5094 3435 1366 5059 3421 1361 5059 3421 1361 5094 3435 1366 5095 3395 1367 5059 3421 1361 5095 3395 1367 5096 3426 1368 5099 3438 1389 5098 3437 1388 5097 3436 1387 5098 3437 1388 5100 3439 1390 5097 3436 1387 5101 3440 1391 5100 3439 1390 5098 3437 1388 5102 3441 1392 5100 3439 1390 5101 3440 1391 5103 3442 1393 5102 3441 1392 5101 3440 1391 5104 3443 1394 5102 3441 1392 5103 3442 1393 5104 3443 1394 5103 3442 1393 5105 3444 1395 5105 3444 1395 5103 3442 1393 5106 3445 1396 5107 3446 1397 5102 3441 1392 5104 3443 1394 5108 3447 1398 5102 3441 1392 5107 3446 1397 5109 3448 1399 5108 3447 1398 5107 3446 1397 5110 3449 1400 5108 3447 1398 5109 3448 1399 5109 3448 1399 5107 3446 1397 5111 3450 1401 5111 3450 1401 5107 3446 1397 5112 3451 1402 5107 3446 1397 5104 3443 1394 5112 3451 1402 5112 3451 1402 5104 3443 1394 5105 3444 1395 5109 3448 1399 5113 3452 1403 5110 3449 1400 5113 3452 1403 5109 3448 1399 5111 3450 1401 5113 3452 1403 5114 3453 1404 5110 3449 1400 5113 3452 1403 5115 3454 1405 5114 3453 1404 5115 3454 1405 5113 3452 1403 5116 3455 1406 5116 3455 1406 5113 3452 1403 5117 3456 1407 5113 3452 1403 5111 3450 1401 5117 3456 1407 5117 3456 1407 5118 3457 1408 5116 3455 1406 5119 3458 1409 5116 3455 1406 5118 3457 1408 5119 3458 1409 5115 3454 1405 5116 3455 1406 5120 3459 1410 5118 3457 1408 5117 3456 1407 5120 3459 1410 5117 3456 1407 5111 3450 1401 5121 3460 1411 5115 3454 1405 5119 3458 1409 5115 3454 1405 5121 3460 1411 5122 3461 1412 5115 3454 1405 5122 3461 1412 5114 3453 1404 5122 3461 1412 5121 3460 1411 5123 3462 1413 5124 3463 1414 5122 3461 1412 5123 3462 1413 5125 3464 1415 5122 3461 1412 5124 3463 1414 5125 3464 1415 5126 3465 1416 5122 3461 1412 5127 3466 1417 5126 3465 1416 5125 3464 1415 5128 3467 1418 5126 3465 1416 5127 3466 1417 5129 3468 1419 5128 3467 1418 5127 3466 1417 5130 3469 1420 5126 3465 1416 5128 3467 1418 5121 3460 1411 5131 3470 1421 5123 3462 1413 5131 3470 1421 5124 3463 1414 5123 3462 1413 5119 3458 1409 5132 3471 1422 5121 3460 1411 5121 3460 1411 5132 3471 1422 5131 3470 1421 5133 3472 1423 5132 3471 1422 5119 3458 1409 5119 3458 1409 5134 3473 1424 5133 3472 1423 5135 3474 1425 5134 3473 1424 5119 3458 1409 5135 3474 1425 5136 3475 1426 5134 3473 1424 5137 3476 1427 5136 3475 1426 5135 3474 1425 5135 3474 1425 5138 3477 1428 5137 3476 1427 5137 3476 1427 5138 3477 1428 5139 3478 1429 5139 3478 1429 5140 3479 1430 5137 3476 1427 5137 3476 1427 5140 3479 1430 5141 3480 1431 5141 3480 1431 5136 3475 1426 5137 3476 1427 5138 3477 1428 5142 3481 1432 5139 3478 1429 5139 3478 1429 5142 3481 1432 5143 3482 1433 5143 3482 1433 5142 3481 1432 5144 3483 1434 5144 3483 1434 5142 3481 1432 5145 3484 1435 5145 3484 1435 5146 3485 1436 5144 3483 1434 5147 3486 1437 5146 3485 1436 5145 3484 1435 5148 3487 1438 5147 3486 1437 5145 3484 1435 5149 3488 1439 5147 3486 1437 5148 3487 1438 5145 3484 1435 5120 3459 1410 5148 3487 1438 5142 3481 1432 5138 3477 1428 5120 3459 1410 5145 3484 1435 5142 3481 1432 5120 3459 1410 5146 3485 1436 5150 3489 1440 5144 3483 1434 5144 3483 1434 5150 3489 1440 5151 3490 1441 5144 3483 1434 5151 3490 1441 5143 3482 1433 5143 3482 1433 5151 3490 1441 5152 3491 1442 5143 3482 1433 5152 3491 1442 5139 3478 1429 5139 3478 1429 5152 3491 1442 5140 3479 1430 5147 3486 1437 5149 3488 1439 5153 3492 1443 5153 3492 1443 5149 3488 1439 5154 3493 1444 5149 3488 1439 5112 3451 1402 5154 3493 1444 5154 3493 1444 5112 3451 1402 5105 3444 1395 5112 3451 1402 5149 3488 1439 5111 3450 1401 5111 3450 1401 5149 3488 1439 5148 3487 1438 5120 3459 1410 5111 3450 1401 5148 3487 1438 5155 3494 1445 5153 3492 1443 5154 3493 1444 5155 3494 1445 5154 3493 1444 5105 3444 1395 5155 3494 1445 5105 3444 1395 5106 3445 1396 5155 3494 1445 5106 3445 1396 5156 3495 1446 5157 3496 1447 5155 3494 1445 5156 3495 1446 5157 3496 1447 5153 3492 1443 5155 3494 1445 5157 3496 1447 5156 3495 1446 5158 3497 1448 5158 3497 1448 5156 3495 1446 5159 3498 1449 5158 3497 1448 5159 3498 1449 5160 3499 1450 5160 3499 1450 5159 3498 1449 5161 3500 1451 5160 3499 1450 5162 3501 1452 5158 3497 1448 5158 3497 1448 5162 3501 1452 5163 3502 1453 5160 3499 1450 5164 3503 1454 5162 3501 1452 5165 3504 1455 5153 3492 1443 5157 3496 1447 5165 3504 1455 5157 3496 1447 5158 3497 1448 5163 3502 1453 5153 3492 1443 5165 3504 1455 5163 3502 1453 5165 3504 1455 5158 3497 1448 5166 3505 1456 5153 3492 1443 5163 3502 1453 5153 3492 1443 5166 3505 1456 5167 3506 1457 5168 3507 1458 5167 3506 1457 5166 3505 1456 5169 3508 1459 5167 3506 1457 5168 3507 1458 5166 3505 1456 5163 3502 1453 5170 3509 1460 5162 3501 1452 5170 3509 1460 5163 3502 1453 5164 3503 1454 5170 3509 1460 5162 3501 1452 5168 3507 1458 5166 3505 1456 5170 3509 1460 5171 3510 1461 5168 3507 1458 5170 3509 1460 5170 3509 1460 5172 3511 1462 5171 3510 1461 5172 3511 1462 5170 3509 1460 5173 3503 1454 5153 3492 1443 5167 3506 1457 5147 3486 1437 5147 3486 1437 5167 3506 1457 5146 3485 1436 5169 3508 1459 5146 3485 1436 5167 3506 1457 5150 3489 1440 5146 3485 1436 5169 3508 1459 5171 3510 1461 5175 3511 1462 5174 3512 1463 5178 3514 1466 5177 3510 1465 5176 3513 1464 5176 3513 1464 5177 3510 1465 5179 3512 1467 5180 3515 1468 5178 3514 1466 5176 3513 1464 5181 3516 1469 5178 3514 1466 5180 3515 1468 5181 3516 1469 5182 3517 1470 5178 3514 1466 5181 3516 1469 5183 3518 1471 5182 3517 1470 5184 3519 1472 5183 3518 1471 5181 3516 1469 5181 3516 1469 5185 3515 1468 5184 3519 1472 5184 3519 1472 5185 3515 1468 5097 3436 1387 5128 3467 1418 5182 3517 1470 5183 3518 1471 5186 3520 1473 5182 3517 1470 5128 3467 1418 5182 3517 1470 5187 3521 1474 5178 3514 1466 5178 3514 1466 5187 3521 1474 5177 3510 1465 5187 3521 1474 5182 3517 1470 5188 3522 1475 5188 3522 1475 5182 3517 1470 5186 3520 1473 5183 3518 1471 5130 3469 1420 5128 3467 1418 5189 3523 1476 5130 3469 1420 5183 3518 1471 5184 3519 1472 5189 3523 1476 5183 3518 1471 5189 3523 1476 5190 3524 1477 5130 3469 1420 5191 3525 1478 5190 3524 1477 5189 3523 1476 5190 3524 1477 5192 3526 1479 5130 3469 1420 5130 3469 1420 5192 3526 1479 5126 3465 1416 5126 3465 1416 5192 3526 1479 5122 3461 1412 5193 3490 1480 5187 3521 1474 5188 3522 1475 5194 3489 1481 5187 3521 1474 5193 3490 1480 5193 3490 1480 5188 3522 1475 5195 3491 1482 5195 3491 1482 5188 3522 1475 5196 3527 1483 5195 3491 1482 5196 3527 1483 5197 3479 1484 5197 3479 1484 5196 3527 1483 5198 3528 1485 5197 3479 1484 5198 3528 1485 5199 3480 1486 5199 3480 1486 5198 3528 1485 5200 3529 1487 5200 3529 1487 5198 3528 1485 5201 3530 1488 5200 3529 1487 5202 3531 1489 5199 3480 1486 5203 3532 1490 5202 3531 1489 5200 3529 1487 5124 3463 1414 5203 3532 1490 5200 3529 1487 5200 3529 1487 5201 3530 1488 5124 3463 1414 5204 3533 1491 5203 3532 1490 5124 3463 1414 5204 3533 1491 5205 3534 1492 5203 3532 1490 5203 3532 1490 5205 3534 1492 5202 3531 1489 5206 3535 1493 5205 3534 1492 5204 3533 1491 5202 3531 1489 5205 3534 1492 5207 3536 1494 5208 3537 1495 5206 3535 1493 5204 3533 1491 5209 3538 1496 5206 3535 1493 5208 3537 1495 5208 3537 1495 5210 3539 1497 5209 3538 1496 5132 3471 1422 5210 3539 1497 5208 3537 1495 5132 3471 1422 5211 3540 1498 5210 3539 1497 5133 3472 1423 5211 3540 1498 5132 3471 1422 5134 3473 1424 5211 3540 1498 5133 3472 1423 5212 3541 1499 5211 3540 1498 5134 3473 1424 5136 3475 1426 5212 3541 1499 5134 3473 1424 5213 3542 1500 5212 3541 1499 5136 3475 1426 5214 3531 1501 5213 3542 1500 5136 3475 1426 5214 3531 1501 5136 3475 1426 5141 3480 1431 5215 3536 1502 5213 3542 1500 5214 3531 1501 5215 3536 1502 5216 3543 1503 5213 3542 1500 5213 3542 1500 5216 3543 1503 5212 3541 1499 5217 3544 1504 5216 3543 1503 5215 3536 1502 5210 3539 1497 5218 3545 1505 5209 3538 1496 5209 3538 1496 5218 3545 1505 5219 3546 1506 5212 3541 1499 5220 3547 1507 5211 3540 1498 5212 3541 1499 5216 3543 1503 5220 3547 1507 5211 3540 1498 5220 3547 1507 5221 3548 1508 5211 3540 1498 5221 3548 1508 5210 3539 1497 5210 3539 1497 5221 3548 1508 5218 3545 1505 5218 3545 1505 5222 3330 1509 5219 3546 1506 5223 3396 1510 5222 3330 1509 5218 3545 1505 5221 3548 1508 5223 3396 1510 5218 3545 1505 5224 3398 1511 5223 3396 1510 5221 3548 1508 5220 3547 1507 5224 3398 1511 5221 3548 1508 5225 3400 1512 5224 3398 1511 5220 3547 1507 5216 3543 1503 5225 3400 1512 5220 3547 1507 5226 3336 1513 5225 3400 1512 5216 3543 1503 5226 3336 1513 5216 3543 1503 5227 3334 1514 5227 3334 1514 5216 3543 1503 5217 3544 1504 5222 3330 1509 5228 3549 1515 5219 3546 1506 5219 3546 1506 5228 3549 1515 5209 3538 1496 5209 3538 1496 5228 3549 1515 5206 3535 1493 5228 3549 1515 5229 3550 1516 5206 3535 1493 5206 3535 1493 5229 3550 1516 5205 3534 1492 5229 3550 1516 5230 3544 1517 5205 3534 1492 5205 3534 1492 5230 3544 1517 5207 3536 1494 5231 3328 1518 5229 3550 1516 5228 3549 1515 5231 3328 1518 5228 3549 1515 5222 3330 1509 5232 3332 1519 5229 3550 1516 5231 3328 1518 5232 3332 1519 5230 3544 1517 5229 3550 1516 5233 3334 1520 5230 3544 1517 5232 3332 1519 5124 3463 1414 5131 3470 1421 5204 3533 1491 5204 3533 1491 5131 3470 1421 5208 3537 1495 5131 3470 1421 5132 3471 1422 5208 3537 1495 5201 3530 1488 5125 3464 1415 5124 3463 1414 5125 3464 1415 5201 3530 1488 5234 3551 1521 5125 3464 1415 5234 3551 1521 5127 3466 1417 5127 3466 1417 5234 3551 1521 5129 3468 1419 5198 3528 1485 5129 3468 1419 5234 3551 1521 5201 3530 1488 5198 3528 1485 5234 3551 1521 5196 3527 1483 5129 3468 1419 5198 3528 1485 5129 3468 1419 5196 3527 1483 5188 3522 1475 5129 3468 1419 5188 3522 1475 5186 3520 1473 5129 3468 1419 5186 3520 1473 5128 3467 1418 5236 3508 1523 5235 3507 1522 5177 3510 1465 5177 3510 1465 5194 3489 1481 5236 3508 1523 5187 3521 1474 5194 3489 1481 5177 3510 1465 5100 3439 1390 5189 3523 1476 5184 3519 1472 5191 3525 1478 5189 3523 1476 5100 3439 1390 5100 3439 1390 5184 3519 1472 5097 3436 1387 5102 3441 1392 5191 3525 1478 5100 3439 1390 5102 3441 1392 5108 3447 1398 5191 3525 1478 5108 3447 1398 5110 3449 1400 5191 3525 1478 5191 3525 1478 5110 3449 1400 5190 3524 1477 5110 3449 1400 5114 3453 1404 5190 3524 1477 5190 3524 1477 5114 3453 1404 5192 3526 1479 5192 3526 1479 5114 3453 1404 5122 3461 1412 5119 3458 1409 5118 3457 1408 5135 3474 1425 5135 3474 1425 5118 3457 1408 5138 3477 1428 5120 3459 1410 5138 3477 1428 5118 3457 1408 5239 3554 1180 5238 3553 1178 5237 3552 1179 5237 3552 1179 5238 3553 1178 5240 3555 1181 5240 3555 1181 5238 3553 1178 5241 3556 1182 5241 3556 1182 5238 3553 1178 5242 3557 1183 5241 3556 1182 5242 3557 1183 5243 3558 1184 5243 3558 1184 5242 3557 1183 5244 3559 1185 5243 3558 1184 5245 3560 1186 5241 3556 1182 5245 3560 1186 5240 3555 1181 5241 3556 1182 5246 3561 1187 5245 3560 1186 5243 3558 1184 5246 3561 1187 5247 3562 1188 5245 3560 1186 5248 3563 1189 5247 3562 1188 5246 3561 1187 5247 3562 1188 5249 3564 1190 5245 3560 1186 5249 3564 1190 5240 3555 1181 5245 3560 1186 5250 3565 1191 5249 3564 1190 5247 3562 1188 5251 3566 1192 5249 3564 1190 5250 3565 1191 5252 3567 1193 5249 3564 1190 5251 3566 1192 5237 3552 1179 5240 3555 1181 5252 3567 1193 5252 3567 1193 5240 3555 1181 5249 3564 1190 5253 3568 1194 5243 3558 1184 5244 3559 1185 5254 3569 1195 5243 3558 1184 5253 3568 1194 5254 3569 1195 5246 3561 1187 5243 3558 1184 5255 3570 1196 5254 3569 1195 5253 3568 1194 5256 3571 1197 5254 3569 1195 5255 3570 1196 5257 3572 1198 5256 3571 1197 5255 3570 1196 5258 3573 1199 5256 3571 1197 5257 3572 1198 5258 3573 1199 5259 3574 1200 5256 3571 1197 5260 3575 1201 5259 3574 1200 5258 3573 1199 5260 3575 1201 5261 3576 1202 5259 3574 1200 5262 3577 1203 5259 3574 1200 5261 3576 1202 5263 3578 1204 5259 3574 1200 5262 3577 1203 5259 3574 1200 5263 3578 1204 5256 3571 1197 5256 3571 1197 5263 3578 1204 5254 3569 1195 5248 3563 1189 5263 3578 1204 5262 3577 1203 5264 3579 1205 5261 3576 1202 5260 3575 1201 5263 3578 1204 5246 3561 1187 5254 3569 1195 5246 3561 1187 5263 3578 1204 5248 3563 1189 5267 3581 1186 5266 3562 1188 5265 3580 1187 5265 3580 1187 5266 3562 1188 5268 3563 1189 5269 3582 1184 5267 3581 1186 5265 3580 1187 5270 3583 1182 5267 3581 1186 5269 3582 1184 5269 3582 1184 5271 3557 1183 5270 3583 1182 5272 3559 1185 5271 3557 1183 5269 3582 1184 5267 3581 1186 5273 3584 1190 5266 3562 1188 5266 3562 1188 5273 3584 1190 5274 3565 1191 5274 3565 1191 5273 3584 1190 5275 3566 1192 5275 3566 1192 5273 3584 1190 5276 3585 1193 5271 3557 1183 5277 3553 1178 5270 3583 1182 5270 3583 1182 5277 3553 1178 5278 3586 1181 5270 3583 1182 5278 3586 1181 5267 3581 1186 5267 3581 1186 5278 3586 1181 5273 3584 1190 5278 3586 1181 5276 3585 1193 5273 3584 1190 5278 3586 1181 5277 3553 1178 5279 3587 1179 5279 3587 1179 5276 3585 1193 5278 3586 1181 5279 3587 1179 5277 3553 1178 5280 3554 1180 5265 3580 1187 5268 3563 1189 5281 3588 1204 5281 3588 1204 5268 3563 1189 5282 3577 1203 5281 3588 1204 5282 3577 1203 5283 3589 1200 5283 3589 1200 5282 3577 1203 5284 3576 1202 5283 3589 1200 5284 3576 1202 5285 3590 1201 5285 3590 1201 5284 3576 1202 5286 3579 1205 5287 3591 1199 5283 3589 1200 5285 3590 1201 5288 3592 1197 5283 3589 1200 5287 3591 1199 5288 3592 1197 5281 3588 1204 5283 3589 1200 5290 3570 1196 5289 3593 1195 5288 3592 1197 5291 3568 1194 5289 3593 1195 5290 3570 1196 5290 3570 1196 5288 3592 1197 5292 3572 1198 5292 3572 1198 5293 3592 1197 5287 3591 1199 5289 3593 1195 5281 3588 1204 5294 3592 1197 5289 3593 1195 5265 3580 1187 5281 3588 1204 5269 3582 1184 5265 3580 1187 5289 3593 1195 5291 3568 1194 5269 3582 1184 5289 3593 1195 5272 3559 1185 5269 3582 1184 5291 3568 1194 5297 3596 1180 5296 3595 1178 5295 3594 1179 5295 3594 1179 5296 3595 1178 5298 3597 1181 5298 3597 1181 5296 3595 1178 5299 3598 1182 5299 3598 1182 5296 3595 1178 5300 3599 1183 5299 3598 1182 5300 3599 1183 5301 3600 1184 5301 3600 1184 5300 3599 1183 5302 3601 1185 5303 3602 1206 5301 3600 1184 5302 3601 1185 5304 3603 1207 5301 3600 1184 5303 3602 1206 5305 3604 1196 5304 3603 1207 5303 3602 1206 5306 3605 1197 5304 3603 1207 5305 3604 1196 5307 3606 1198 5306 3605 1197 5305 3604 1196 5308 3607 1199 5306 3605 1197 5307 3606 1198 5308 3607 1199 5309 3608 1200 5306 3605 1197 5310 3609 1201 5309 3608 1200 5308 3607 1199 5310 3609 1201 5311 3610 1202 5309 3608 1200 5312 3611 1208 5309 3608 1200 5311 3610 1202 5313 3612 1209 5309 3608 1200 5312 3611 1208 5309 3608 1200 5313 3612 1209 5306 3605 1197 5306 3605 1197 5313 3612 1209 5304 3603 1207 5314 3613 1205 5311 3610 1202 5310 3609 1201 5315 3614 1189 5313 3612 1209 5312 3611 1208 5316 3615 1187 5313 3612 1209 5315 3614 1189 5313 3612 1209 5316 3615 1187 5304 3603 1207 5304 3603 1207 5316 3615 1187 5301 3600 1184 5315 3614 1189 5317 3616 1186 5316 3615 1187 5318 3617 1188 5317 3616 1186 5315 3614 1189 5317 3616 1186 5299 3598 1182 5316 3615 1187 5316 3615 1187 5299 3598 1182 5301 3600 1184 5318 3617 1188 5319 3618 1190 5317 3616 1186 5320 3619 1191 5319 3618 1190 5318 3617 1188 5319 3618 1190 5298 3597 1181 5317 3616 1186 5317 3616 1186 5298 3597 1181 5299 3598 1182 5321 3620 1192 5319 3618 1190 5320 3619 1191 5322 3621 1193 5319 3618 1190 5321 3620 1192 5322 3621 1193 5298 3597 1181 5319 3618 1190 5295 3594 1179 5298 3597 1181 5322 3621 1193 5325 3623 1187 5324 3622 1186 5323 3614 1189 5323 3614 1189 5324 3622 1186 5326 3617 1188 5325 3623 1187 5323 3614 1189 5327 3624 1209 5327 3624 1209 5323 3614 1189 5328 3611 1208 5327 3624 1209 5328 3611 1208 5329 3625 1200 5329 3625 1200 5328 3611 1208 5330 3610 1202 5329 3625 1200 5330 3610 1202 5331 3626 1201 5331 3626 1201 5330 3610 1202 5332 3613 1205 5333 3627 1199 5329 3625 1200 5331 3626 1201 5334 3628 1197 5329 3625 1200 5333 3627 1199 5334 3628 1197 5327 3624 1209 5329 3625 1200 5335 3606 1198 5334 3628 1197 5333 3627 1199 5336 3604 1196 5334 3628 1197 5335 3606 1198 5336 3604 1196 5337 3629 1207 5334 3628 1197 5337 3629 1207 5327 3624 1209 5334 3628 1197 5337 3629 1207 5325 3623 1187 5327 3624 1209 5338 3602 1206 5337 3629 1207 5336 3604 1196 5338 3602 1206 5339 3630 1184 5337 3629 1207 5340 3601 1185 5339 3630 1184 5338 3602 1206 5339 3630 1184 5325 3623 1187 5337 3629 1207 5340 3601 1185 5341 3599 1183 5339 3630 1184 5339 3630 1184 5341 3599 1183 5342 3631 1182 5339 3630 1184 5342 3631 1182 5325 3623 1187 5325 3623 1187 5342 3631 1182 5324 3622 1186 5341 3599 1183 5343 3595 1178 5342 3631 1182 5342 3631 1182 5343 3595 1178 5344 3632 1181 5342 3631 1182 5344 3632 1181 5324 3622 1186 5324 3622 1186 5344 3632 1181 5345 3633 1190 5324 3622 1186 5345 3633 1190 5326 3617 1188 5326 3617 1188 5345 3633 1190 5346 3619 1191 5346 3619 1191 5345 3633 1190 5347 3620 1192 5347 3620 1192 5345 3633 1190 5348 3634 1193 5344 3632 1181 5348 3634 1193 5345 3633 1190 5344 3632 1181 5343 3595 1178 5349 3635 1179 5349 3635 1179 5348 3634 1193 5344 3632 1181 5349 3635 1179 5343 3595 1178 5350 3596 1180 5353 3637 1211 5352 3636 1210 5351 2965 1180 5351 2965 1180 5352 3636 1210 5354 3638 1179 5353 3637 1211 5355 3639 1212 5352 3636 1210 5356 3640 1213 5355 3639 1212 5353 3637 1211 5356 3640 1213 5357 3641 1214 5355 3639 1212 5355 3639 1212 5357 3641 1214 5358 3642 1215 5359 3643 1216 5358 3642 1215 5357 3641 1214 5360 3644 1217 5358 3642 1215 5359 3643 1216 5361 3645 1198 5360 3644 1217 5359 3643 1216 5355 3639 1212 5358 3642 1215 5362 3646 1218 5362 3646 1218 5352 3636 1210 5355 3639 1212 5362 3646 1218 5358 3642 1215 5363 3647 1219 5358 3642 1215 5364 3644 1217 5363 3647 1219 5363 3647 1219 5360 3644 1217 5365 3648 1220 5366 3649 1199 5365 3648 1220 5360 3644 1217 5366 3649 1199 5367 3644 1217 5361 3645 1198 5363 3647 1219 5368 3650 1221 5362 3646 1218 5369 3651 1222 5368 3650 1221 5365 3648 1220 5370 3648 1220 5368 3650 1221 5363 3647 1219 5371 3652 1201 5369 3651 1222 5365 3648 1220 5372 3653 1205 5369 3651 1222 5371 3652 1201 5371 3652 1201 5373 3648 1220 5366 3649 1199 5362 3646 1218 5368 3650 1221 5374 3654 1223 5362 3646 1218 5374 3654 1223 5375 3655 1224 5375 3655 1224 5374 3654 1223 5376 3656 1225 5375 3655 1224 5352 3636 1210 5362 3646 1218 5375 3655 1224 5376 3656 1225 5377 3657 1193 5377 3657 1193 5376 3656 1225 5378 2988 1192 5377 3657 1193 5354 3638 1179 5375 3655 1224 5375 3655 1224 5354 3638 1179 5352 3636 1210 5381 3654 1223 5380 3650 1221 5379 3658 1218 5379 3658 1218 5380 3650 1221 5382 3659 1219 5380 3650 1221 5383 3660 1220 5382 3659 1219 5384 3661 1215 5379 3658 1218 5382 3659 1219 5382 3659 1219 5385 3662 1217 5384 3661 1215 5386 3663 1212 5379 3658 1218 5384 3661 1215 5384 3661 1215 5387 3641 1214 5386 3663 1212 5384 3661 1215 5388 3643 1216 5387 3641 1214 5389 3662 1217 5388 3643 1216 5384 3661 1215 5388 3643 1216 5389 3662 1217 5390 3645 1198 5391 3660 1220 5389 3662 1217 5382 3659 1219 5392 3651 1222 5391 3660 1220 5380 3650 1221 5391 3660 1220 5392 3651 1222 5393 3664 1201 5393 3664 1201 5392 3651 1222 5394 3653 1205 5389 3662 1217 5391 3660 1220 5395 3665 1199 5390 3645 1198 5396 3662 1217 5395 3665 1199 5395 3665 1199 5397 3660 1220 5393 3664 1201 5386 3663 1212 5387 3641 1214 5398 3640 1213 5399 3637 1211 5386 3663 1212 5398 3640 1213 5400 3666 1210 5386 3663 1212 5399 3637 1211 5400 3666 1210 5379 3658 1218 5386 3663 1212 5401 3667 1224 5379 3658 1218 5400 3666 1210 5401 3667 1224 5381 3654 1223 5379 3658 1218 5402 3656 1225 5381 3654 1223 5401 3667 1224 5403 3668 1193 5402 3656 1225 5401 3667 1224 5404 2988 1192 5402 3656 1225 5403 3668 1193 5405 2965 1180 5400 3666 1210 5399 3637 1211 5406 3669 1179 5400 3666 1210 5405 2965 1180 5403 3668 1193 5401 3667 1224 5406 3669 1179 5406 3669 1179 5401 3667 1224 5400 3666 1210 5409 3637 1211 5408 3636 1210 5407 2965 1180 5407 2965 1180 5408 3636 1210 5410 3670 1179 5409 3637 1211 5411 3639 1212 5408 3636 1210 5412 3640 1213 5411 3639 1212 5409 3637 1211 5412 3640 1213 5413 3641 1214 5411 3639 1212 5411 3639 1212 5413 3641 1214 5414 3642 1215 5415 3671 1216 5414 3642 1215 5413 3641 1214 5416 3672 1217 5414 3642 1215 5415 3671 1216 5417 3673 1198 5416 3672 1217 5415 3671 1216 5411 3639 1212 5414 3642 1215 5418 3674 1218 5418 3674 1218 5408 3636 1210 5411 3639 1212 5418 3674 1218 5414 3642 1215 5419 3647 1219 5414 3642 1215 5420 3672 1217 5419 3647 1219 5419 3647 1219 5416 3672 1217 5421 3675 1220 5422 3676 1199 5421 3675 1220 5416 3672 1217 5422 3676 1199 5423 3672 1217 5417 3673 1198 5419 3647 1219 5424 3650 1221 5418 3674 1218 5425 3677 1222 5424 3650 1221 5421 3675 1220 5426 3675 1220 5424 3650 1221 5419 3647 1219 5427 3678 1201 5425 3677 1222 5421 3675 1220 5428 3679 1205 5425 3677 1222 5427 3678 1201 5427 3678 1201 5429 3675 1220 5422 3676 1199 5418 3674 1218 5424 3650 1221 5430 3654 1223 5418 3674 1218 5430 3654 1223 5431 3655 1224 5431 3655 1224 5430 3654 1223 5432 3656 1225 5431 3655 1224 5408 3636 1210 5418 3674 1218 5431 3655 1224 5432 3656 1225 5433 3657 1193 5433 3657 1193 5432 3656 1225 5434 2988 1192 5433 3657 1193 5410 3670 1179 5431 3655 1224 5431 3655 1224 5410 3670 1179 5408 3636 1210 5437 3654 1223 5436 3650 1221 5435 3658 1218 5435 3658 1218 5436 3650 1221 5438 3659 1219 5436 3650 1221 5439 3680 1220 5438 3659 1219 5440 3661 1215 5435 3658 1218 5438 3659 1219 5438 3659 1219 5441 3681 1217 5440 3661 1215 5442 3663 1212 5435 3658 1218 5440 3661 1215 5440 3661 1215 5443 3641 1214 5442 3663 1212 5440 3661 1215 5444 3671 1216 5443 3641 1214 5445 3681 1217 5444 3671 1216 5440 3661 1215 5444 3671 1216 5445 3681 1217 5446 3673 1198 5447 3680 1220 5445 3681 1217 5438 3659 1219 5448 3677 1222 5447 3680 1220 5436 3650 1221 5447 3680 1220 5448 3677 1222 5449 3682 1201 5449 3682 1201 5448 3677 1222 5450 3679 1205 5445 3681 1217 5447 3680 1220 5451 3683 1199 5446 3673 1198 5452 3681 1217 5451 3683 1199 5451 3683 1199 5453 3680 1220 5449 3682 1201 5442 3663 1212 5443 3641 1214 5454 3640 1213 5455 3637 1211 5442 3663 1212 5454 3640 1213 5456 3666 1210 5442 3663 1212 5455 3637 1211 5456 3666 1210 5435 3658 1218 5442 3663 1212 5457 3667 1224 5435 3658 1218 5456 3666 1210 5457 3667 1224 5437 3654 1223 5435 3658 1218 5458 3656 1225 5437 3654 1223 5457 3667 1224 5459 3668 1193 5458 3656 1225 5457 3667 1224 5460 2988 1192 5458 3656 1225 5459 3668 1193 5461 2965 1180 5456 3666 1210 5455 3637 1211 5462 3669 1179 5456 3666 1210 5461 2965 1180 5459 3668 1193 5457 3667 1224 5462 3669 1179 5462 3669 1179 5457 3667 1224 5456 3666 1210 5465 3554 1180 5464 3552 1179 5463 3684 1178 5463 3684 1178 5464 3552 1179 5466 3685 1181 5467 3686 1182 5463 3684 1178 5466 3685 1181 5468 3687 1183 5463 3684 1178 5467 3686 1182 5469 3688 1184 5468 3687 1183 5467 3686 1182 5470 3689 1185 5468 3687 1183 5469 3688 1184 5471 3690 1186 5469 3688 1184 5467 3686 1182 5467 3686 1182 5466 3685 1181 5471 3690 1186 5472 3691 1187 5469 3688 1184 5471 3690 1186 5473 3692 1188 5472 3691 1187 5471 3690 1186 5474 3693 1189 5472 3691 1187 5473 3692 1188 5475 3694 1190 5473 3692 1188 5471 3690 1186 5471 3690 1186 5466 3685 1181 5475 3694 1190 5476 3695 1191 5473 3692 1188 5475 3694 1190 5475 3694 1190 5477 3566 1192 5476 3695 1191 5478 3567 1193 5477 3566 1192 5475 3694 1190 5475 3694 1190 5466 3685 1181 5478 3567 1193 5478 3567 1193 5466 3685 1181 5464 3552 1179 5469 3688 1184 5479 3696 1194 5470 3689 1185 5480 3697 1195 5479 3696 1194 5469 3688 1184 5472 3691 1187 5480 3697 1195 5469 3688 1184 5480 3697 1195 5481 3698 1196 5479 3696 1194 5482 3699 1197 5481 3698 1196 5480 3697 1195 5482 3699 1197 5483 3700 1198 5481 3698 1196 5484 3701 1204 5480 3697 1195 5472 3691 1187 5474 3693 1189 5484 3701 1204 5472 3691 1187 5485 3702 1200 5482 3699 1197 5484 3701 1204 5486 3703 1203 5485 3702 1200 5484 3701 1204 5486 3703 1203 5484 3701 1204 5474 3693 1189 5487 3704 1202 5485 3702 1200 5486 3703 1203 5487 3704 1202 5488 3705 1201 5485 3702 1200 5489 3706 1205 5488 3705 1201 5487 3704 1202 5488 3705 1201 5490 3707 1199 5485 3702 1200 5485 3702 1200 5490 3707 1199 5482 3699 1197 5490 3707 1199 5483 3700 1198 5491 3699 1197 5484 3701 1204 5492 3699 1197 5480 3697 1195 5495 3693 1189 5494 3692 1188 5493 3708 1187 5493 3708 1187 5494 3692 1188 5496 3709 1186 5493 3708 1187 5496 3709 1186 5497 3710 1184 5497 3710 1184 5496 3709 1186 5498 3711 1182 5499 3687 1183 5497 3710 1184 5498 3711 1182 5500 3689 1185 5497 3710 1184 5499 3687 1183 5496 3709 1186 5494 3692 1188 5501 3712 1190 5501 3712 1190 5494 3692 1188 5502 3695 1191 5503 3566 1192 5501 3712 1190 5502 3695 1191 5504 3585 1193 5501 3712 1190 5503 3566 1192 5499 3687 1183 5498 3711 1182 5505 3684 1178 5505 3684 1178 5498 3711 1182 5506 3713 1181 5498 3711 1182 5496 3709 1186 5506 3713 1181 5506 3713 1181 5496 3709 1186 5501 3712 1190 5504 3585 1193 5506 3713 1181 5501 3712 1190 5507 3587 1179 5505 3684 1178 5506 3713 1181 5507 3587 1179 5506 3713 1181 5504 3585 1193 5508 3554 1180 5505 3684 1178 5507 3587 1179 5509 3714 1204 5495 3693 1189 5493 3708 1187 5510 3703 1203 5495 3693 1189 5509 3714 1204 5511 3715 1200 5510 3703 1203 5509 3714 1204 5512 3704 1202 5510 3703 1203 5511 3715 1200 5513 3716 1201 5512 3704 1202 5511 3715 1200 5514 3706 1205 5512 3704 1202 5513 3716 1201 5513 3716 1201 5511 3715 1200 5515 3717 1199 5515 3717 1199 5511 3715 1200 5516 3718 1197 5511 3715 1200 5509 3714 1204 5516 3718 1197 5515 3717 1199 5516 3718 1197 5517 3700 1198 5517 3700 1198 5516 3718 1197 5518 3698 1196 5516 3718 1197 5519 3719 1195 5518 3698 1196 5516 3718 1197 5509 3714 1204 5519 3719 1195 5518 3698 1196 5519 3719 1195 5520 3696 1194 5509 3714 1204 5493 3708 1187 5519 3719 1195 5519 3719 1195 5493 3708 1187 5497 3710 1184 5519 3719 1195 5497 3710 1184 5520 3696 1194 5520 3696 1194 5497 3710 1184 5500 3689 1185 5523 3596 1180 5522 3594 1179 5521 3720 1178 5521 3720 1178 5522 3594 1179 5524 3721 1181 5525 3722 1182 5521 3720 1178 5524 3721 1181 5526 3723 1183 5521 3720 1178 5525 3722 1182 5527 3724 1184 5526 3723 1183 5525 3722 1182 5528 3725 1185 5526 3723 1183 5527 3724 1184 5527 3724 1184 5529 3726 1206 5528 3725 1185 5530 3727 1207 5529 3726 1206 5527 3724 1184 5530 3727 1207 5531 3728 1196 5529 3726 1206 5532 3729 1197 5531 3728 1196 5530 3727 1207 5532 3729 1197 5533 3730 1198 5531 3728 1196 5534 3731 1199 5533 3730 1198 5532 3729 1197 5535 3732 1200 5534 3731 1199 5532 3729 1197 5536 3733 1201 5534 3731 1199 5535 3732 1200 5537 3734 1202 5536 3733 1201 5535 3732 1200 5537 3734 1202 5535 3732 1200 5538 3735 1208 5538 3735 1208 5535 3732 1200 5539 3736 1209 5535 3732 1200 5532 3729 1197 5539 3736 1209 5539 3736 1209 5532 3729 1197 5530 3727 1207 5540 3737 1205 5536 3733 1201 5537 3734 1202 5538 3735 1208 5539 3736 1209 5541 3738 1189 5541 3738 1189 5539 3736 1209 5542 3739 1187 5539 3736 1209 5530 3727 1207 5542 3739 1187 5542 3739 1187 5530 3727 1207 5527 3724 1184 5542 3739 1187 5543 3740 1186 5541 3738 1189 5541 3738 1189 5543 3740 1186 5544 3741 1188 5542 3739 1187 5525 3722 1182 5543 3740 1186 5527 3724 1184 5525 3722 1182 5542 3739 1187 5545 3742 1190 5544 3741 1188 5543 3740 1186 5546 3743 1191 5544 3741 1188 5545 3742 1190 5525 3722 1182 5524 3721 1181 5543 3740 1186 5543 3740 1186 5524 3721 1181 5545 3742 1190 5545 3742 1190 5547 3620 1192 5546 3743 1191 5548 3621 1193 5547 3620 1192 5545 3742 1190 5545 3742 1190 5524 3721 1181 5548 3621 1193 5548 3621 1193 5524 3721 1181 5522 3594 1179 5551 3745 1187 5550 3738 1189 5549 3744 1186 5549 3744 1186 5550 3738 1189 5552 3741 1188 5553 3746 1209 5550 3738 1189 5551 3745 1187 5554 3735 1208 5550 3738 1189 5553 3746 1209 5555 3747 1200 5554 3735 1208 5553 3746 1209 5556 3734 1202 5554 3735 1208 5555 3747 1200 5557 3748 1201 5556 3734 1202 5555 3747 1200 5558 3737 1205 5556 3734 1202 5557 3748 1201 5557 3748 1201 5555 3747 1200 5559 3749 1199 5559 3749 1199 5555 3747 1200 5560 3750 1197 5555 3747 1200 5553 3746 1209 5560 3750 1197 5559 3749 1199 5560 3750 1197 5561 3730 1198 5561 3730 1198 5560 3750 1197 5562 3728 1196 5560 3750 1197 5563 3751 1207 5562 3728 1196 5560 3750 1197 5553 3746 1209 5563 3751 1207 5553 3746 1209 5551 3745 1187 5563 3751 1207 5562 3728 1196 5563 3751 1207 5564 3726 1206 5563 3751 1207 5565 3752 1184 5564 3726 1206 5564 3726 1206 5565 3752 1184 5566 3725 1185 5563 3751 1207 5551 3745 1187 5565 3752 1184 5566 3725 1185 5565 3752 1184 5567 3723 1183 5567 3723 1183 5565 3752 1184 5568 3753 1182 5565 3752 1184 5551 3745 1187 5568 3753 1182 5568 3753 1182 5551 3745 1187 5549 3744 1186 5567 3723 1183 5568 3753 1182 5569 3720 1178 5569 3720 1178 5568 3753 1182 5570 3754 1181 5568 3753 1182 5549 3744 1186 5570 3754 1181 5570 3754 1181 5549 3744 1186 5571 3755 1190 5549 3744 1186 5552 3741 1188 5571 3755 1190 5571 3755 1190 5552 3741 1188 5572 3743 1191 5573 3620 1192 5571 3755 1190 5572 3743 1191 5574 3634 1193 5571 3755 1190 5573 3620 1192 5574 3634 1193 5570 3754 1181 5571 3755 1190 5575 3635 1179 5569 3720 1178 5570 3754 1181 5575 3635 1179 5570 3754 1181 5574 3634 1193 5576 3596 1180 5569 3720 1178 5575 3635 1179 5579 3638 1179 5578 3756 1210 5577 2965 1180 5577 2965 1180 5578 3756 1210 5580 3757 1211 5581 3758 1212 5580 3757 1211 5578 3756 1210 5582 3759 1213 5580 3757 1211 5581 3758 1212 5582 3759 1213 5581 3758 1212 5583 3760 1214 5583 3760 1214 5581 3758 1212 5584 3761 1215 5583 3760 1214 5584 3761 1215 5585 3762 1216 5585 3762 1216 5584 3761 1215 5586 3763 1217 5586 3763 1217 5587 3764 1198 5585 3762 1216 5588 3765 1218 5584 3761 1215 5581 3758 1212 5578 3756 1210 5588 3765 1218 5581 3758 1212 5589 3766 1219 5584 3761 1215 5588 3765 1218 5584 3761 1215 5589 3766 1219 5590 3763 1217 5586 3763 1217 5589 3766 1219 5591 3767 1220 5591 3767 1220 5592 3768 1199 5586 3763 1217 5592 3768 1199 5587 3764 1198 5593 3763 1217 5588 3765 1218 5594 3769 1221 5589 3766 1219 5589 3766 1219 5594 3769 1221 5595 3767 1220 5591 3767 1220 5594 3769 1221 5596 3770 1222 5596 3770 1222 5597 3771 1201 5591 3767 1220 5598 3772 1205 5597 3771 1201 5596 3770 1222 5597 3771 1201 5592 3768 1199 5599 3767 1220 5600 3773 1223 5594 3769 1221 5588 3765 1218 5601 3774 1224 5600 3773 1223 5588 3765 1218 5602 3775 1225 5600 3773 1223 5601 3774 1224 5601 3774 1224 5588 3765 1218 5578 3756 1210 5603 3657 1193 5602 3775 1225 5601 3774 1224 5604 2988 1192 5602 3775 1225 5603 3657 1193 5603 3657 1193 5601 3774 1224 5579 3638 1179 5579 3638 1179 5601 3774 1224 5578 3756 1210 5607 3773 1223 5606 3776 1218 5605 3769 1221 5605 3769 1221 5606 3776 1218 5608 3777 1219 5609 3778 1220 5605 3769 1221 5608 3777 1219 5606 3776 1218 5610 3779 1215 5608 3777 1219 5610 3779 1215 5611 3780 1217 5608 3777 1219 5612 3781 1212 5610 3779 1215 5606 3776 1218 5612 3781 1212 5613 3760 1214 5610 3779 1215 5614 3762 1216 5610 3779 1215 5613 3760 1214 5615 3780 1217 5610 3779 1215 5614 3762 1216 5616 3764 1198 5615 3780 1217 5614 3762 1216 5608 3777 1219 5615 3780 1217 5617 3778 1220 5618 3770 1222 5605 3769 1221 5617 3778 1220 5619 3782 1201 5618 3770 1222 5617 3778 1220 5620 3772 1205 5618 3770 1222 5619 3782 1201 5621 3783 1199 5617 3778 1220 5615 3780 1217 5621 3783 1199 5622 3780 1217 5616 3764 1198 5619 3782 1201 5623 3778 1220 5621 3783 1199 5624 3759 1213 5613 3760 1214 5612 3781 1212 5612 3781 1212 5625 3757 1211 5624 3759 1213 5626 3784 1210 5625 3757 1211 5612 3781 1212 5612 3781 1212 5606 3776 1218 5626 3784 1210 5626 3784 1210 5606 3776 1218 5627 3785 1224 5607 3773 1223 5627 3785 1224 5606 3776 1218 5628 3775 1225 5627 3785 1224 5607 3773 1223 5628 3775 1225 5629 3668 1193 5627 3785 1224 5630 2988 1192 5629 3668 1193 5628 3775 1225 5626 3784 1210 5631 2965 1180 5625 3757 1211 5632 3669 1179 5631 2965 1180 5626 3784 1210 5626 3784 1210 5627 3785 1224 5632 3669 1179 5632 3669 1179 5627 3785 1224 5629 3668 1193 5635 3670 1179 5634 3756 1210 5633 2965 1180 5633 2965 1180 5634 3756 1210 5636 3757 1211 5637 3758 1212 5636 3757 1211 5634 3756 1210 5638 3759 1213 5636 3757 1211 5637 3758 1212 5638 3759 1213 5637 3758 1212 5639 3760 1214 5639 3760 1214 5637 3758 1212 5640 3761 1215 5639 3760 1214 5640 3761 1215 5641 3786 1216 5641 3786 1216 5640 3761 1215 5642 3787 1217 5642 3787 1217 5643 3788 1198 5641 3786 1216 5644 3765 1218 5640 3761 1215 5637 3758 1212 5634 3756 1210 5644 3765 1218 5637 3758 1212 5645 3766 1219 5640 3761 1215 5644 3765 1218 5640 3761 1215 5645 3766 1219 5646 3787 1217 5642 3787 1217 5645 3766 1219 5647 3789 1220 5647 3789 1220 5648 3790 1199 5642 3787 1217 5648 3790 1199 5643 3788 1198 5649 3787 1217 5644 3765 1218 5650 3769 1221 5645 3766 1219 5645 3766 1219 5650 3769 1221 5651 3789 1220 5647 3789 1220 5650 3769 1221 5652 3791 1222 5652 3791 1222 5653 3792 1201 5647 3789 1220 5654 3793 1205 5653 3792 1201 5652 3791 1222 5653 3792 1201 5648 3790 1199 5655 3789 1220 5656 3773 1223 5650 3769 1221 5644 3765 1218 5657 3774 1224 5656 3773 1223 5644 3765 1218 5658 3775 1225 5656 3773 1223 5657 3774 1224 5657 3774 1224 5644 3765 1218 5634 3756 1210 5659 3657 1193 5658 3775 1225 5657 3774 1224 5660 2988 1192 5658 3775 1225 5659 3657 1193 5659 3657 1193 5657 3774 1224 5635 3670 1179 5635 3670 1179 5657 3774 1224 5634 3756 1210 5663 3773 1223 5662 3776 1218 5661 3769 1221 5661 3769 1221 5662 3776 1218 5664 3777 1219 5665 3794 1220 5661 3769 1221 5664 3777 1219 5662 3776 1218 5666 3779 1215 5664 3777 1219 5666 3779 1215 5667 3795 1217 5664 3777 1219 5668 3796 1212 5666 3779 1215 5662 3776 1218 5668 3796 1212 5669 3760 1214 5666 3779 1215 5670 3786 1216 5666 3779 1215 5669 3760 1214 5671 3795 1217 5666 3779 1215 5670 3786 1216 5672 3788 1198 5671 3795 1217 5670 3786 1216 5664 3777 1219 5671 3795 1217 5673 3794 1220 5674 3791 1222 5661 3769 1221 5673 3794 1220 5675 3797 1201 5674 3791 1222 5673 3794 1220 5676 3793 1205 5674 3791 1222 5675 3797 1201 5677 3798 1199 5673 3794 1220 5671 3795 1217 5677 3798 1199 5678 3795 1217 5672 3788 1198 5675 3797 1201 5679 3794 1220 5677 3798 1199 5680 3759 1213 5669 3760 1214 5668 3796 1212 5668 3796 1212 5681 3757 1211 5680 3759 1213 5682 3784 1210 5681 3757 1211 5668 3796 1212 5668 3796 1212 5662 3776 1218 5682 3784 1210 5682 3784 1210 5662 3776 1218 5683 3785 1224 5663 3773 1223 5683 3785 1224 5662 3776 1218 5684 3775 1225 5683 3785 1224 5663 3773 1223 5684 3775 1225 5685 3668 1193 5683 3785 1224 5686 2988 1192 5685 3668 1193 5684 3775 1225 5682 3784 1210 5687 2965 1180 5681 3757 1211 5688 3669 1179 5687 2965 1180 5682 3784 1210 5682 3784 1210 5683 3785 1224 5688 3669 1179 5688 3669 1179 5683 3785 1224 5685 3668 1193 5691 3801 1228 5690 3800 1226 5689 3799 1227 5689 3799 1227 5690 3800 1226 5692 3802 1229 5690 3800 1226 5691 3801 1228 5693 3803 1230 5693 3803 1230 5691 3801 1228 5694 3804 1231 5695 3805 1232 5693 3803 1230 5694 3804 1231 5696 3806 1233 5693 3803 1230 5695 3805 1232 5698 3808 1228 5689 3799 1227 5697 3807 1234 5700 3807 1234 5689 3799 1227 5699 3809 1235 5700 3807 1234 5699 3809 1235 5701 3810 1236 5701 3810 1236 5699 3809 1235 5702 3811 1237 5702 3811 1237 5703 3812 1238 5701 3810 1236 5701 3810 1236 5703 3812 1238 5704 3813 1239 5706 3815 1241 5705 3814 1240 5704 3813 1239 5704 3813 1239 5705 3814 1240 5707 3816 1242 5708 3817 1243 5707 3816 1242 5705 3814 1240 5709 3817 1244 5707 3816 1242 5708 3817 1243 5706 3815 1241 5704 3813 1239 5710 3812 1238 5713 3820 1229 5712 3819 1245 5711 3818 1227 5711 3818 1227 5712 3819 1245 5714 3821 1246 5715 3822 1247 5714 3821 1246 5712 3819 1245 5711 3818 1227 5714 3821 1246 5716 3823 1235 5716 3823 1235 5714 3821 1246 5717 3824 1248 5718 3825 1249 5716 3823 1235 5717 3824 1248 5719 3826 1237 5716 3823 1235 5718 3825 1249 5720 3827 1250 5719 3826 1237 5718 3825 1249 5720 3827 1250 5718 3825 1249 5721 3827 1251 5720 3827 1250 5722 3827 1238 5719 3826 1237 5725 3830 1253 5724 3829 1252 5723 3828 1226 5723 3828 1226 5724 3829 1252 5726 3831 1229 5727 3832 1230 5725 3830 1253 5723 3828 1226 5728 3833 1254 5725 3830 1253 5727 3832 1230 5727 3832 1230 5729 3834 1255 5728 3833 1254 5730 3835 1233 5729 3834 1255 5727 3832 1230 5733 3838 1314 5732 3837 1310 5731 3836 1312 5732 3837 1310 5734 3839 1311 5731 3836 1312 5731 3836 1312 5734 3839 1311 5735 3840 1313 5732 3837 1310 5736 3841 1307 5734 3839 1311 5737 3842 1308 5736 3841 1307 5732 3837 1310 5738 3843 1309 5736 3841 1307 5737 3842 1308 5741 3838 1526 5740 3844 1525 5739 3837 1524 5739 3837 1524 5740 3844 1525 5742 3845 1527 5742 3845 1527 5743 3842 1528 5739 3837 1524 5744 3846 1529 5743 3842 1528 5742 3845 1527 5743 3842 1528 5744 3846 1529 5745 3843 1530 5745 3843 1530 5744 3846 1529 5746 3847 1531 5744 3846 1529 5742 3845 1527 5746 3847 1531 5742 3845 1527 5740 3844 1525 5747 3848 1532 5746 3847 1531 5742 3845 1527 5747 3848 1532 5746 3847 1531 5747 3848 1532 5748 3849 1533 5746 3847 1531 5748 3849 1533 5749 3843 1530 5748 3849 1533 5747 3848 1532 5750 3850 1534 5751 3851 1535 5750 3850 1534 5747 3848 1532 5747 3848 1532 5740 3844 1525 5751 3851 1535 5752 3852 1536 5750 3850 1534 5751 3851 1535 5753 3853 1537 5748 3849 1533 5750 3850 1534 5753 3853 1537 5750 3850 1534 5754 3854 1538 5754 3854 1538 5755 3855 1539 5753 3853 1537 5753 3853 1537 5755 3855 1539 5756 3856 1540 5754 3854 1538 5750 3850 1534 5757 3857 1536 5758 3858 1541 5748 3849 1533 5753 3853 1537 5756 3856 1540 5758 3858 1541 5753 3853 1537 5758 3858 1541 5759 3843 1530 5748 3849 1533 5760 3859 1542 5758 3858 1541 5756 3856 1540 5761 3843 1530 5758 3858 1541 5760 3859 1542 5762 3841 1543 5761 3843 1530 5760 3859 1542 5760 3859 1542 5756 3856 1540 5762 3841 1543 5756 3856 1540 5755 3855 1539 5763 3839 1544 5762 3841 1543 5756 3856 1540 5763 3839 1544 5763 3839 1544 5755 3855 1539 5764 3840 1545 5767 3862 1231 5766 3861 1278 5765 3860 1232 5765 3860 1232 5766 3861 1278 5768 3863 1279 5767 3862 1231 5769 3864 1228 5766 3861 1278 5766 3861 1278 5769 3864 1228 5770 3865 1280 5773 3868 1283 5772 3867 1281 5771 3866 1282 5771 3866 1282 5772 3867 1281 5774 3869 1284 5773 3868 1283 5771 3866 1282 5775 3870 1285 5775 3870 1285 5771 3866 1282 5776 3871 1286 5771 3866 1282 5774 3869 1284 5777 3872 1287 5777 3872 1287 5774 3869 1284 5778 3873 1288 5776 3871 1286 5771 3866 1282 5779 3874 1289 5779 3874 1289 5771 3866 1282 5777 3872 1287 5778 3873 1288 5780 3875 1290 5777 3872 1287 5777 3872 1287 5780 3875 1290 5781 3876 1291 5779 3874 1289 5777 3872 1287 5782 3877 1292 5782 3877 1292 5777 3872 1287 5781 3876 1291 5785 3880 1228 5784 3879 1234 5783 3878 1280 5783 3878 1280 5787 3879 1234 5786 3881 1293 5787 3879 1234 5788 3882 1236 5786 3881 1293 5786 3881 1293 5788 3882 1236 5789 3883 1294 5789 3883 1294 5788 3882 1236 5790 3884 1295 5790 3884 1295 5792 3882 1236 5791 3885 1239 5795 3886 1297 5794 3886 1296 5793 3886 1238 5793 3886 1238 5794 3886 1296 5796 3886 1241 5799 3887 1299 5798 3888 1298 5797 3887 1244 5797 3887 1244 5798 3888 1298 5800 3889 1242 5798 3888 1298 5801 3890 1295 5800 3889 1242 5800 3889 1242 5801 3890 1295 5802 3891 1239 5805 3893 1301 5804 3893 1243 5803 3892 1300 5803 3892 1300 5804 3893 1243 5806 3894 1240 5806 3894 1240 5807 3895 1296 5803 3892 1300 5808 3896 1241 5807 3895 1296 5806 3894 1240 5811 3897 1304 5810 3898 1302 5809 3897 1303 5809 3897 1303 5810 3898 1302 5812 3899 1305 5812 3899 1305 5810 3898 1302 5813 3900 1306 5816 3903 1228 5815 3902 1227 5814 3901 1226 5814 3901 1226 5815 3902 1227 5817 3904 1229 5818 3905 1230 5816 3903 1228 5814 3901 1226 5819 3906 1231 5816 3903 1228 5818 3905 1230 5819 3906 1231 5818 3905 1230 5820 3805 1232 5820 3805 1232 5818 3905 1230 5821 3806 1233 5823 3908 1228 5822 3907 1234 5815 3902 1227 5815 3902 1227 5825 3907 1234 5824 3909 1235 5825 3907 1234 5826 3910 1236 5824 3909 1235 5824 3909 1235 5826 3910 1236 5827 3911 1237 5826 3910 1236 5828 3912 1238 5827 3911 1237 5829 3913 1239 5828 3912 1238 5826 3910 1236 5831 3915 1241 5829 3913 1239 5830 3914 1240 5830 3914 1240 5829 3913 1239 5832 3916 1242 5832 3916 1242 5833 3817 1243 5830 3914 1240 5834 3817 1244 5833 3817 1243 5832 3916 1242 5831 3915 1241 5835 3912 1238 5829 3913 1239 5838 3919 1229 5837 3918 1227 5836 3917 1245 5837 3918 1227 5839 3821 1246 5836 3917 1245 5840 3822 1247 5836 3917 1245 5839 3821 1246 5841 3920 1235 5839 3821 1246 5837 3918 1227 5842 3824 1248 5839 3821 1246 5841 3920 1235 5841 3920 1235 5843 3825 1249 5842 3824 1248 5844 3826 1237 5843 3825 1249 5841 3920 1235 5845 3921 1250 5843 3825 1249 5844 3826 1237 5845 3921 1250 5846 3827 1251 5843 3825 1249 5845 3921 1250 5844 3826 1237 5847 3921 1238 5850 3924 1229 5849 3923 1252 5848 3922 1226 5848 3922 1226 5849 3923 1252 5851 3925 1253 5851 3925 1253 5852 3926 1230 5848 3922 1226 5853 3927 1254 5852 3926 1230 5851 3925 1253 5853 3927 1254 5854 3834 1255 5852 3926 1230 5852 3926 1230 5854 3834 1255 5855 3835 1233 5858 3863 1279 5857 3928 1278 5856 3860 1232 5856 3860 1232 5857 3928 1278 5859 3929 1231 5859 3929 1231 5857 3928 1278 5860 3930 1228 5860 3930 1228 5857 3928 1278 5861 3931 1280 5864 3934 1283 5863 3933 1282 5862 3932 1281 5862 3932 1281 5863 3933 1282 5865 3935 1284 5866 3870 1285 5863 3933 1282 5864 3934 1283 5867 3871 1286 5863 3933 1282 5866 3870 1285 5863 3933 1282 5868 3936 1287 5865 3935 1284 5865 3935 1284 5868 3936 1287 5869 3937 1288 5867 3871 1286 5870 3874 1289 5863 3933 1282 5863 3933 1282 5870 3874 1289 5868 3936 1287 5868 3936 1287 5871 3938 1290 5869 3937 1288 5872 3939 1291 5871 3938 1290 5868 3936 1287 5870 3874 1289 5873 3877 1292 5868 3936 1287 5868 3936 1287 5873 3877 1292 5872 3939 1291 5876 3942 1293 5875 3941 1234 5874 3940 1280 5876 3942 1293 5877 3943 1236 5875 3941 1234 5878 3944 1294 5877 3943 1236 5876 3942 1293 5878 3944 1294 5879 3945 1295 5877 3943 1236 5874 3940 1280 5881 3941 1234 5880 3946 1228 5883 3943 1236 5879 3945 1295 5882 3947 1239 5886 3886 1241 5885 3886 1296 5884 3948 1238 5884 3948 1238 5885 3886 1296 5887 3948 1297 5890 3887 1299 5889 3887 1244 5888 3949 1298 5888 3949 1298 5889 3887 1244 5891 3950 1242 5888 3949 1298 5891 3950 1242 5892 3951 1295 5892 3951 1295 5891 3950 1242 5893 3952 1239 5896 3954 1240 5895 3893 1243 5894 3953 1300 5894 3953 1300 5895 3893 1243 5897 3893 1301 5898 3955 1296 5896 3954 1240 5894 3953 1300 5899 3896 1241 5896 3954 1240 5898 3955 1296 5902 3897 1304 5901 3897 1303 5900 3956 1302 5900 3956 1302 5901 3897 1303 5903 3957 1305 5903 3957 1305 5904 3958 1306 5900 3956 1302 5907 3961 1317 5906 3960 1315 5905 3959 1316 5905 3959 1316 5906 3960 1315 5908 3962 1318 5907 3961 1317 5909 3963 1319 5906 3960 1315 5910 3964 1320 5909 3963 1319 5907 3961 1317 5911 3965 1321 5909 3963 1319 5910 3964 1320 5912 3966 1322 5909 3963 1319 5911 3965 1321 5909 3963 1319 5912 3966 1322 5913 3967 1323 5913 3967 1323 5912 3966 1322 5914 3968 1324 5914 3968 1324 5915 3969 1325 5913 3967 1323 5913 3967 1323 5915 3969 1325 5916 3970 1326 5906 3960 1315 5909 3963 1319 5916 3970 1326 5916 3970 1326 5909 3963 1319 5913 3967 1323 5908 3962 1318 5906 3960 1315 5917 3971 1327 5917 3971 1327 5906 3960 1315 5916 3970 1326 5916 3970 1326 5918 3969 1325 5917 3971 1327 5920 3971 1327 5915 3969 1325 5919 3972 1326 5919 3972 1326 5915 3969 1325 5921 3973 1323 5921 3973 1323 5918 3969 1325 5922 3968 1324 5919 3972 1326 5923 3974 1315 5920 3971 1327 5920 3971 1327 5923 3974 1315 5924 3962 1318 5924 3962 1318 5923 3974 1315 5925 3959 1316 5925 3959 1316 5923 3974 1315 5926 3975 1317 5923 3974 1315 5927 3976 1319 5926 3975 1317 5921 3973 1323 5927 3976 1319 5919 3972 1326 5919 3972 1326 5927 3976 1319 5923 3974 1315 5926 3975 1317 5927 3976 1319 5928 3977 1320 5928 3977 1320 5927 3976 1319 5929 3965 1321 5929 3965 1321 5927 3976 1319 5930 3966 1322 5922 3968 1324 5930 3966 1322 5921 3973 1323 5921 3973 1323 5930 3966 1322 5927 3976 1319 5933 3980 1317 5932 3979 1315 5931 3978 1316 5931 3978 1316 5932 3979 1315 5934 3981 1318 5933 3980 1317 5935 3982 1319 5932 3979 1315 5936 3983 1320 5935 3982 1319 5933 3980 1317 5937 3984 1321 5935 3982 1319 5936 3983 1320 5938 3985 1322 5935 3982 1319 5937 3984 1321 5935 3982 1319 5938 3985 1322 5939 3986 1323 5939 3986 1323 5938 3985 1322 5940 3987 1324 5940 3987 1324 5941 3988 1325 5939 3986 1323 5932 3979 1315 5935 3982 1319 5942 3989 1326 5942 3989 1326 5935 3982 1319 5939 3986 1323 5939 3986 1323 5943 3988 1325 5942 3989 1326 5942 3989 1326 5943 3988 1325 5944 3990 1327 5934 3981 1318 5932 3979 1315 5944 3990 1327 5944 3990 1327 5932 3979 1315 5942 3989 1326 5946 3991 1326 5945 3990 1327 5941 3988 1325 5947 3992 1323 5946 3991 1326 5943 3988 1325 5948 3987 1324 5947 3992 1323 5943 3988 1325 5948 3987 1324 5949 3985 1322 5947 3992 1323 5947 3992 1323 5949 3985 1322 5950 3993 1319 5947 3992 1323 5950 3993 1319 5946 3991 1326 5951 3984 1321 5950 3993 1319 5949 3985 1322 5952 3994 1320 5950 3993 1319 5951 3984 1321 5952 3994 1320 5953 3995 1317 5950 3993 1319 5950 3993 1319 5953 3995 1317 5954 3996 1315 5946 3991 1326 5950 3993 1319 5954 3996 1315 5946 3991 1326 5954 3996 1315 5945 3990 1327 5953 3995 1317 5955 3978 1316 5954 3996 1315 5954 3996 1315 5955 3978 1316 5956 3981 1318 5945 3990 1327 5954 3996 1315 5956 3981 1318 5959 3999 1331 5958 3998 1329 5957 3997 1328 5957 3997 1328 5958 3998 1329 5960 4000 1330 5961 4001 1332 5959 3999 1331 5957 3997 1328 5962 4002 1333 5959 3999 1331 5961 4001 1332 5963 4003 1334 5962 4002 1333 5961 4001 1332 5964 4004 1335 5962 4002 1333 5963 4003 1334 5965 4005 1336 5964 4004 1335 5963 4003 1334 5966 4006 1337 5964 4004 1335 5965 4005 1336 5959 3999 1331 5967 4007 1338 5958 3998 1329 5968 4008 1339 5967 4007 1338 5959 3999 1331 5968 4008 1339 5969 4009 1340 5967 4007 1338 5970 4010 1341 5969 4009 1340 5968 4008 1339 5968 4008 1339 5971 4011 1342 5970 4010 1341 5972 4012 1343 5971 4011 1342 5968 4008 1339 5972 4012 1343 5968 4008 1339 5959 3999 1331 5971 4011 1342 5973 4013 1344 5970 4010 1341 5970 4010 1341 5973 4013 1344 5974 4014 1345 5973 4013 1344 5975 4015 1347 5974 4014 1345 5976 4016 1348 5975 4015 1347 5973 4013 1344 5973 4013 1344 5977 4017 1349 5976 4016 1348 5978 4018 1350 5977 4017 1349 5973 4013 1344 5971 4011 1342 5978 4018 1350 5973 4013 1344 5978 4018 1350 5979 4019 1351 5977 4017 1349 5980 4020 1352 5979 4019 1351 5978 4018 1350 5981 4021 1353 5980 4020 1352 5978 4018 1350 5981 4021 1353 5978 4018 1350 5971 4011 1342 5972 4012 1343 5981 4021 1353 5971 4011 1342 5982 4022 1354 5980 4020 1352 5981 4021 1353 5983 4023 1355 5982 4022 1354 5981 4021 1353 5983 4023 1355 5981 4021 1353 5972 4012 1343 5984 4024 1356 5982 4022 1354 5983 4023 1355 5985 4025 1358 5979 4019 1351 5980 4020 1352 5975 4015 1347 5986 4026 1359 5974 4014 1345 5974 4014 1345 5986 4026 1359 5987 4027 1360 5987 4027 1360 5986 4026 1359 5988 4028 1361 5989 4029 1379 5974 4014 1345 5987 4027 1360 5990 4028 1361 5989 4029 1379 5987 4027 1360 5977 4017 1349 5991 4030 1362 5976 4016 1348 5992 4031 1363 5991 4030 1362 5977 4017 1349 5985 4025 1358 5993 4032 1365 5979 4019 1351 5979 4019 1351 5993 4032 1365 5994 4031 1363 5986 4026 1359 5995 4033 1366 5988 4028 1361 5986 4026 1359 5996 4034 1364 5995 4033 1366 5991 4030 1362 5996 4034 1364 5976 4016 1348 5976 4016 1348 5996 4034 1364 5975 4015 1347 5975 4015 1347 5996 4034 1364 5986 4026 1359 5988 4028 1361 5995 4033 1366 5997 3977 1367 5988 4028 1361 5997 3977 1367 5998 4035 1368 6000 4037 1381 5999 4036 1380 5989 4029 1379 5989 4029 1379 5999 4036 1380 5969 4009 1340 6001 4028 1361 6000 4037 1381 5989 4029 1379 6001 4028 1361 6002 4038 1382 6000 4037 1381 6000 4037 1381 6002 4038 1382 6003 4036 1380 6001 4028 1361 6004 4039 1383 6002 4038 1382 6004 4039 1383 6005 4040 1384 6002 4038 1382 6002 4038 1382 6005 4040 1384 6006 4041 1385 6007 4036 1380 6002 4038 1382 6006 4041 1385 5970 4010 1341 5989 4029 1379 5969 4009 1340 5970 4010 1341 5974 4014 1345 5989 4029 1379 6009 3983 1386 6004 4039 1383 6008 4028 1361 6011 4035 1368 6009 3983 1386 6010 4028 1361 5972 4012 1343 5959 3999 1331 6012 4042 1346 6012 4042 1346 5959 3999 1331 5962 4002 1333 5964 4004 1335 6012 4042 1346 5962 4002 1333 6013 4043 1357 6012 4042 1346 5964 4004 1335 5984 4024 1356 6012 4042 1346 6013 4043 1357 5966 4006 1337 6013 4043 1357 5964 4004 1335 6014 4044 1371 6013 4043 1357 5966 4006 1337 5983 4023 1355 5972 4012 1343 6012 4042 1346 5984 4024 1356 5983 4023 1355 6012 4042 1346 6015 4045 1369 5984 4024 1356 6013 4043 1357 6015 4045 1369 6013 4043 1357 6016 4046 1370 6016 4046 1370 6013 4043 1357 6017 4044 1371 6015 4045 1369 6018 4047 1372 5984 4024 1356 5984 4024 1356 6018 4047 1372 5982 4022 1354 6018 4047 1372 5980 4020 1352 5982 4022 1354 5985 4025 1358 5980 4020 1352 6018 4047 1372 6016 4046 1370 6019 4048 1373 6015 4045 1369 6015 4045 1369 6019 4048 1373 6018 4047 1372 6020 4049 1374 5985 4025 1358 6018 4047 1372 6019 4048 1373 6020 4049 1374 6018 4047 1372 6019 4048 1373 6021 4050 1375 6020 4049 1374 6021 4050 1375 6022 3983 1376 6020 4049 1374 6023 4051 1377 6022 3983 1376 6021 4050 1375 6020 4049 1374 6024 3977 1378 5985 4025 1358 5985 4025 1358 6024 3977 1378 6025 4052 1365 5979 4019 1351 6026 4031 1363 5977 4017 1349 6029 4055 1317 6028 4054 1316 6027 4053 1315 6027 4053 1315 6028 4054 1316 6030 4056 1318 6031 4057 1319 6029 4055 1317 6027 4053 1315 6032 4058 1320 6029 4055 1317 6031 4057 1319 6032 4058 1320 6031 4057 1319 6033 4059 1321 6033 4059 1321 6031 4057 1319 6034 4060 1322 6035 4061 1323 6034 4060 1322 6031 4057 1319 6036 4062 1324 6034 4060 1322 6035 4061 1323 6036 4062 1324 6035 4061 1323 6037 4063 1325 6035 4061 1323 6031 4057 1319 6038 4064 1326 6038 4064 1326 6031 4057 1319 6027 4053 1315 6035 4061 1323 6038 4064 1326 6039 4063 1325 6038 4064 1326 6040 4065 1327 6039 4063 1325 6038 4064 1326 6027 4053 1315 6040 4065 1327 6040 4065 1327 6027 4053 1315 6030 4056 1318 6042 4065 1327 6041 4066 1326 6037 4063 1325 6041 4066 1326 6043 4067 1323 6039 4063 1325 6043 4067 1323 6044 4062 1324 6039 4063 1325 6041 4066 1326 6042 4065 1327 6045 4068 1315 6045 4068 1315 6042 4065 1327 6046 4056 1318 6047 4054 1316 6045 4068 1315 6046 4056 1318 6048 4069 1317 6045 4068 1315 6047 4054 1316 6048 4069 1317 6049 4070 1319 6045 4068 1315 6043 4067 1323 6041 4066 1326 6049 4070 1319 6049 4070 1319 6041 4066 1326 6045 4068 1315 6050 4071 1320 6049 4070 1319 6048 4069 1317 6050 4071 1320 6051 4059 1321 6049 4070 1319 6049 4070 1319 6051 4059 1321 6052 4060 1322 6044 4062 1324 6043 4067 1323 6052 4060 1322 6052 4060 1322 6043 4067 1323 6049 4070 1319 6055 4000 1330 6054 3998 1329 6053 4072 1328 6053 4072 1328 6054 3998 1329 6056 4073 1331 6053 4072 1328 6056 4073 1331 6057 4074 1332 6057 4074 1332 6056 4073 1331 6058 4075 1333 6057 4074 1332 6058 4075 1333 6059 4076 1334 6059 4076 1334 6058 4075 1333 6060 4077 1335 6059 4076 1334 6060 4077 1335 6061 4005 1336 6061 4005 1336 6060 4077 1335 6062 4006 1337 6063 4007 1338 6056 4073 1331 6054 3998 1329 6064 4078 1339 6056 4073 1331 6063 4007 1338 6063 4007 1338 6065 4009 1340 6064 4078 1339 6064 4078 1339 6065 4009 1340 6066 4079 1341 6067 4080 1342 6064 4078 1339 6066 4079 1341 6068 4081 1343 6064 4078 1339 6067 4080 1342 6068 4081 1343 6056 4073 1331 6064 4078 1339 6066 4079 1341 6069 4082 1345 6067 4080 1342 6067 4080 1342 6069 4082 1345 6070 4083 1344 6068 4081 1343 6071 4084 1346 6056 4073 1331 6071 4084 1346 6058 4075 1333 6056 4073 1331 6071 4084 1346 6060 4077 1335 6058 4075 1333 6070 4083 1344 6069 4082 1345 6072 4085 1348 6073 4086 1349 6070 4083 1344 6072 4085 1348 6074 4087 1350 6070 4083 1344 6073 4086 1349 6074 4087 1350 6067 4080 1342 6070 4083 1344 6072 4085 1348 6069 4082 1345 6075 4088 1347 6076 4089 1351 6074 4087 1350 6073 4086 1349 6077 4090 1352 6074 4087 1350 6076 4089 1351 6077 4090 1352 6078 4091 1353 6074 4087 1350 6078 4091 1353 6067 4080 1342 6074 4087 1350 6078 4091 1353 6068 4081 1343 6067 4080 1342 6079 4092 1354 6078 4091 1353 6077 4090 1352 6079 4092 1354 6080 4093 1355 6078 4091 1353 6080 4093 1355 6068 4081 1343 6078 4091 1353 6080 4093 1355 6071 4084 1346 6068 4081 1343 6081 4094 1356 6080 4093 1355 6079 4092 1354 6081 4094 1356 6071 4084 1346 6080 4093 1355 6081 4094 1356 6082 4095 1357 6071 4084 1346 6083 4096 1358 6077 4090 1352 6076 4089 1351 6069 4082 1345 6084 4097 1359 6075 4088 1347 6085 4098 1360 6084 4097 1359 6069 4082 1345 6085 4098 1360 6086 4099 1361 6084 4097 1359 6069 4082 1345 6087 4100 1379 6085 4098 1360 6088 4099 1361 6085 4098 1360 6087 4100 1379 6066 4079 1341 6087 4100 1379 6069 4082 1345 6066 4079 1341 6065 4009 1340 6087 4100 1379 6065 4009 1340 6089 4036 1380 6087 4100 1379 6087 4100 1379 6089 4036 1380 6090 4101 1381 6091 4099 1361 6087 4100 1379 6090 4101 1381 6091 4099 1361 6090 4101 1381 6092 4102 1382 6090 4101 1381 6093 4036 1380 6092 4102 1382 6092 4102 1382 6094 4103 1383 6091 4099 1361 6092 4102 1382 6095 4040 1384 6094 4103 1383 6096 4041 1385 6095 4040 1384 6092 4102 1382 6092 4102 1382 6097 4036 1380 6096 4041 1385 6099 4099 1361 6094 4103 1383 6098 3994 1386 6101 4104 1368 6100 4099 1361 6098 3994 1386 6103 4044 1371 6082 4095 1357 6102 4046 1370 6102 4046 1370 6082 4095 1357 6104 4105 1369 6104 4105 1369 6082 4095 1357 6081 4094 1356 6104 4105 1369 6081 4094 1356 6105 4106 1372 6105 4106 1372 6081 4094 1356 6079 4092 1354 6079 4092 1354 6077 4090 1352 6105 4106 1372 6105 4106 1372 6077 4090 1352 6083 4096 1358 6102 4046 1370 6104 4105 1369 6106 4048 1373 6106 4048 1373 6104 4105 1369 6105 4106 1372 6107 4104 1374 6105 4106 1372 6083 4096 1358 6106 4048 1373 6105 4106 1372 6107 4104 1374 6106 4048 1373 6107 4104 1374 6108 4050 1375 6107 4104 1374 6109 3994 1376 6108 4050 1375 6108 4050 1375 6109 3994 1376 6110 4051 1377 6107 4104 1374 6083 4096 1358 6111 4107 1378 6111 4107 1378 6083 4096 1358 6112 4108 1365 6083 4096 1358 6076 4089 1351 6113 4109 1365 6113 4109 1365 6076 4089 1351 6114 4110 1363 6076 4089 1351 6073 4086 1349 6115 4110 1363 6072 4085 1348 6116 4111 1362 6073 4086 1349 6073 4086 1349 6116 4111 1362 6117 4110 1363 6072 4085 1348 6118 4112 1364 6116 4111 1362 6075 4088 1347 6118 4112 1364 6072 4085 1348 6075 4088 1347 6084 4097 1359 6118 4112 1364 6118 4112 1364 6084 4097 1359 6119 4113 1366 6084 4097 1359 6086 4099 1361 6119 4113 1366 6119 4113 1366 6086 4099 1361 6120 4114 1367 6086 4099 1361 6121 4104 1368 6120 4114 1367 6082 4095 1357 6060 4077 1335 6071 4084 1346 6082 4095 1357 6062 4006 1337 6060 4077 1335 6122 4044 1371 6062 4006 1337 6082 4095 1357 6125 3438 1389 6124 3436 1387 6123 4115 1388 6123 4115 1388 6124 3436 1387 6126 4116 1390 6123 4115 1388 6126 4116 1390 6127 4117 1391 6127 4117 1391 6126 4116 1390 6128 4118 1392 6128 4118 1392 6129 4119 1393 6127 4117 1391 6130 4120 1394 6129 4119 1393 6128 4118 1392 6130 4120 1394 6131 4121 1395 6129 4119 1393 6129 4119 1393 6131 4121 1395 6132 4122 1396 6128 4118 1392 6133 4123 1397 6130 4120 1394 6134 4124 1398 6133 4123 1397 6128 4118 1392 6133 4123 1397 6134 4124 1398 6135 4125 1399 6135 4125 1399 6134 4124 1398 6136 4126 1400 6135 4125 1399 6137 4127 1401 6133 4123 1397 6133 4123 1397 6137 4127 1401 6138 4128 1402 6131 4121 1395 6130 4120 1394 6138 4128 1402 6138 4128 1402 6130 4120 1394 6133 4123 1397 6135 4125 1399 6136 4126 1400 6139 4129 1403 6139 4129 1403 6137 4127 1401 6135 4125 1399 6139 4129 1403 6136 4126 1400 6140 4130 1404 6139 4129 1403 6140 4130 1404 6141 4131 1405 6141 4131 1405 6142 4132 1406 6139 4129 1403 6139 4129 1403 6142 4132 1406 6143 4133 1407 6139 4129 1403 6143 4133 1407 6137 4127 1401 6144 4134 1408 6143 4133 1407 6142 4132 1406 6145 4135 1409 6144 4134 1408 6142 4132 1406 6141 4131 1405 6145 4135 1409 6142 4132 1406 6146 4136 1410 6143 4133 1407 6144 4134 1408 6146 4136 1410 6137 4127 1401 6143 4133 1407 6147 4137 1411 6145 4135 1409 6141 4131 1405 6148 4138 1412 6147 4137 1411 6141 4131 1405 6141 4131 1405 6140 4130 1404 6148 4138 1412 6149 4139 1413 6147 4137 1411 6148 4138 1412 6148 4138 1412 6150 4140 1414 6149 4139 1413 6151 4141 1415 6150 4140 1414 6148 4138 1412 6152 4142 1416 6151 4141 1415 6148 4138 1412 6153 4143 1417 6151 4141 1415 6152 4142 1416 6153 4143 1417 6152 4142 1416 6154 4144 1418 6155 4145 1419 6153 4143 1417 6154 4144 1418 6154 4144 1418 6152 4142 1416 6156 4146 1420 6147 4137 1411 6149 4139 1413 6157 4147 1421 6157 4147 1421 6149 4139 1413 6150 4140 1414 6147 4137 1411 6158 4148 1422 6145 4135 1409 6147 4137 1411 6157 4147 1421 6158 4148 1422 6145 4135 1409 6158 4148 1422 6159 4149 1423 6160 4150 1424 6145 4135 1409 6159 4149 1423 6161 4151 1425 6145 4135 1409 6160 4150 1424 6162 4152 1426 6161 4151 1425 6160 4150 1424 6163 4153 1427 6161 4151 1425 6162 4152 1426 6161 4151 1425 6163 4153 1427 6164 4154 1428 6164 4154 1428 6163 4153 1427 6165 4155 1429 6165 4155 1429 6163 4153 1427 6166 4156 1430 6166 4156 1430 6163 4153 1427 6167 4157 1431 6163 4153 1427 6162 4152 1426 6167 4157 1431 6165 4155 1429 6168 4158 1432 6164 4154 1428 6169 4159 1433 6168 4158 1432 6165 4155 1429 6169 4159 1433 6170 4160 1434 6168 4158 1432 6168 4158 1432 6170 4160 1434 6171 4161 1435 6170 4160 1434 6172 4162 1436 6171 4161 1435 6171 4161 1435 6172 4162 1436 6173 4163 1437 6173 4163 1437 6174 4164 1438 6171 4161 1435 6175 4165 1439 6174 4164 1438 6173 4163 1437 6171 4161 1435 6174 4164 1438 6146 4136 1410 6168 4158 1432 6146 4136 1410 6164 4154 1428 6171 4161 1435 6146 4136 1410 6168 4158 1432 6172 4162 1436 6170 4160 1434 6176 4166 1440 6176 4166 1440 6170 4160 1434 6177 4167 1441 6170 4160 1434 6169 4159 1433 6177 4167 1441 6177 4167 1441 6169 4159 1433 6178 4168 1442 6169 4159 1433 6165 4155 1429 6178 4168 1442 6178 4168 1442 6165 4155 1429 6166 4156 1430 6179 4169 1443 6175 4165 1439 6173 4163 1437 6180 4170 1444 6175 4165 1439 6179 4169 1443 6180 4170 1444 6138 4128 1402 6175 4165 1439 6131 4121 1395 6138 4128 1402 6180 4170 1444 6138 4128 1402 6137 4127 1401 6175 4165 1439 6175 4165 1439 6137 4127 1401 6174 4164 1438 6146 4136 1410 6174 4164 1438 6137 4127 1401 6179 4169 1443 6181 4171 1445 6180 4170 1444 6181 4171 1445 6131 4121 1395 6180 4170 1444 6181 4171 1445 6132 4122 1396 6131 4121 1395 6181 4171 1445 6182 4172 1446 6132 4122 1396 6183 4173 1447 6182 4172 1446 6181 4171 1445 6183 4173 1447 6181 4171 1445 6179 4169 1443 6183 4173 1447 6184 4174 1448 6182 4172 1446 6182 4172 1446 6184 4174 1448 6185 4175 1449 6184 4174 1448 6186 3499 1450 6185 4175 1449 6185 4175 1449 6186 3499 1450 6187 3500 1451 6184 4174 1448 6188 4176 1452 6186 3499 1450 6189 4177 1453 6188 4176 1452 6184 4174 1448 6186 3499 1450 6188 4176 1452 6190 3503 1454 6191 4178 1455 6183 4173 1447 6179 4169 1443 6191 4178 1455 6184 4174 1448 6183 4173 1447 6189 4177 1453 6191 4178 1455 6179 4169 1443 6189 4177 1453 6184 4174 1448 6191 4178 1455 6192 4179 1456 6189 4177 1453 6179 4169 1443 6179 4169 1443 6193 4180 1457 6192 4179 1456 6192 4179 1456 6193 4180 1457 6194 4181 1458 6194 4181 1458 6193 4180 1457 6195 4182 1459 6192 4179 1456 6196 4183 1460 6189 4177 1453 6188 4176 1452 6189 4177 1453 6196 4183 1460 6188 4176 1452 6196 4183 1460 6190 3503 1454 6194 4181 1458 6196 4183 1460 6192 4179 1456 6197 4184 1461 6196 4183 1460 6194 4181 1458 6196 4183 1460 6197 4184 1461 6198 3511 1462 6199 3503 1454 6196 4183 1460 6198 3511 1462 6173 4163 1437 6193 4180 1457 6179 4169 1443 6172 4162 1436 6193 4180 1457 6173 4163 1437 6193 4180 1457 6172 4162 1436 6195 4182 1459 6195 4182 1459 6172 4162 1436 6176 4166 1440 6201 3511 1462 6197 4184 1461 6200 3512 1463 6204 4185 1466 6203 3513 1464 6202 4184 1465 6202 4184 1465 6203 3513 1464 6205 3512 1467 6204 4185 1466 6206 3515 1468 6203 3513 1464 6207 4186 1469 6206 3515 1468 6204 4185 1466 6207 4186 1469 6204 4185 1466 6208 4187 1470 6209 4188 1471 6207 4186 1469 6208 4187 1470 6210 4189 1472 6207 4186 1469 6209 4188 1471 6210 4189 1472 6211 3515 1468 6207 4186 1469 6124 3436 1387 6211 3515 1468 6210 4189 1472 6208 4187 1470 6154 4144 1418 6209 4188 1471 6212 4190 1473 6154 4144 1418 6208 4187 1470 6202 4184 1465 6213 4191 1474 6204 4185 1466 6204 4185 1466 6213 4191 1474 6208 4187 1470 6212 4190 1473 6208 4187 1470 6214 4192 1475 6214 4192 1475 6208 4187 1470 6213 4191 1474 6154 4144 1418 6156 4146 1420 6209 4188 1471 6209 4188 1471 6156 4146 1420 6215 4193 1476 6215 4193 1476 6210 4189 1472 6209 4188 1471 6156 4146 1420 6216 4194 1477 6215 4193 1476 6215 4193 1476 6216 4194 1477 6217 4195 1478 6156 4146 1420 6218 4196 1479 6216 4194 1477 6152 4142 1416 6218 4196 1479 6156 4146 1420 6152 4142 1416 6148 4138 1412 6218 4196 1479 6214 4192 1475 6213 4191 1474 6219 4167 1480 6219 4167 1480 6213 4191 1474 6220 4166 1481 6221 4168 1482 6214 4192 1475 6219 4167 1480 6222 4197 1483 6214 4192 1475 6221 4168 1482 6223 4156 1484 6222 4197 1483 6221 4168 1482 6224 4198 1485 6222 4197 1483 6223 4156 1484 6225 4157 1486 6224 4198 1485 6223 4156 1484 6226 4199 1487 6224 4198 1485 6225 4157 1486 6226 4199 1487 6227 4200 1488 6224 4198 1485 6225 4157 1486 6228 4201 1489 6226 4199 1487 6226 4199 1487 6228 4201 1489 6229 4202 1490 6226 4199 1487 6229 4202 1490 6150 4140 1414 6226 4199 1487 6150 4140 1414 6227 4200 1488 6150 4140 1414 6229 4202 1490 6230 4203 1491 6229 4202 1490 6231 4204 1492 6230 4203 1491 6229 4202 1490 6228 4201 1489 6231 4204 1492 6230 4203 1491 6231 4204 1492 6232 4205 1493 6231 4204 1492 6228 4201 1489 6233 4206 1494 6230 4203 1491 6232 4205 1493 6234 4207 1495 6234 4207 1495 6232 4205 1493 6235 4208 1496 6236 4209 1497 6234 4207 1495 6235 4208 1496 6158 4148 1422 6234 4207 1495 6236 4209 1497 6237 4210 1498 6158 4148 1422 6236 4209 1497 6159 4149 1423 6158 4148 1422 6237 4210 1498 6159 4149 1423 6237 4210 1498 6160 4150 1424 6160 4150 1424 6237 4210 1498 6238 4211 1499 6160 4150 1424 6238 4211 1499 6162 4152 1426 6162 4152 1426 6238 4211 1499 6239 4212 1500 6162 4152 1426 6239 4212 1500 6240 4201 1501 6167 4157 1431 6162 4152 1426 6240 4201 1501 6240 4201 1501 6239 4212 1500 6241 4206 1502 6239 4212 1500 6242 4213 1503 6241 4206 1502 6239 4212 1500 6238 4211 1499 6242 4213 1503 6241 4206 1502 6242 4213 1503 6243 4214 1504 6236 4209 1497 6235 4208 1496 6244 4215 1505 6244 4215 1505 6235 4208 1496 6245 4216 1506 6238 4211 1499 6237 4210 1498 6246 4217 1507 6242 4213 1503 6238 4211 1499 6246 4217 1507 6246 4217 1507 6237 4210 1498 6247 4218 1508 6237 4210 1498 6236 4209 1497 6247 4218 1508 6247 4218 1508 6236 4209 1497 6244 4215 1505 6248 4000 1509 6244 4215 1505 6245 4216 1506 6249 4072 1510 6244 4215 1505 6248 4000 1509 6249 4072 1510 6247 4218 1508 6244 4215 1505 6250 4074 1511 6247 4218 1508 6249 4072 1510 6250 4074 1511 6246 4217 1507 6247 4218 1508 6251 4076 1512 6246 4217 1507 6250 4074 1511 6251 4076 1512 6242 4213 1503 6246 4217 1507 6252 4005 1513 6242 4213 1503 6251 4076 1512 6252 4005 1513 6253 4003 1514 6242 4213 1503 6242 4213 1503 6253 4003 1514 6243 4214 1504 6254 4219 1515 6248 4000 1509 6245 4216 1506 6235 4208 1496 6254 4219 1515 6245 4216 1506 6232 4205 1493 6254 4219 1515 6235 4208 1496 6232 4205 1493 6255 4220 1516 6254 4219 1515 6231 4204 1492 6255 4220 1516 6232 4205 1493 6231 4204 1492 6256 4214 1517 6255 4220 1516 6233 4206 1494 6256 4214 1517 6231 4204 1492 6255 4220 1516 6257 3997 1518 6254 4219 1515 6257 3997 1518 6248 4000 1509 6254 4219 1515 6258 4001 1519 6257 3997 1518 6255 4220 1516 6256 4214 1517 6258 4001 1519 6255 4220 1516 6259 4003 1520 6258 4001 1519 6256 4214 1517 6150 4140 1414 6230 4203 1491 6157 4147 1421 6157 4147 1421 6230 4203 1491 6234 4207 1495 6158 4148 1422 6157 4147 1421 6234 4207 1495 6227 4200 1488 6150 4140 1414 6151 4141 1415 6151 4141 1415 6260 4221 1521 6227 4200 1488 6151 4141 1415 6153 4143 1417 6260 4221 1521 6260 4221 1521 6153 4143 1417 6155 4145 1419 6260 4221 1521 6155 4145 1419 6224 4198 1485 6227 4200 1488 6260 4221 1521 6224 4198 1485 6224 4198 1485 6155 4145 1419 6222 4197 1483 6155 4145 1419 6214 4192 1475 6222 4197 1483 6155 4145 1419 6212 4190 1473 6214 4192 1475 6155 4145 1419 6154 4144 1418 6212 4190 1473 6262 4182 1523 6202 4184 1465 6261 4181 1522 6220 4166 1481 6202 4184 1465 6262 4182 1523 6213 4191 1474 6202 4184 1465 6220 4166 1481 6126 4116 1390 6210 4189 1472 6215 4193 1476 6217 4195 1478 6126 4116 1390 6215 4193 1476 6126 4116 1390 6124 3436 1387 6210 4189 1472 6128 4118 1392 6126 4116 1390 6217 4195 1478 6128 4118 1392 6217 4195 1478 6134 4124 1398 6217 4195 1478 6136 4126 1400 6134 4124 1398 6216 4194 1477 6136 4126 1400 6217 4195 1478 6216 4194 1477 6140 4130 1404 6136 4126 1400 6218 4196 1479 6140 4130 1404 6216 4194 1477 6218 4196 1479 6148 4138 1412 6140 4130 1404 6145 4135 1409 6161 4151 1425 6144 4134 1408 6144 4134 1408 6161 4151 1425 6164 4154 1428 6164 4154 1428 6146 4136 1410 6144 4134 1408 6265 4224 1548 6264 4223 1547 6263 4222 1546 6265 4224 1548 6266 4225 1549 6264 4223 1547 6265 4224 1548 6263 4222 1546 6267 4226 1550 6267 4226 1550 6263 4222 1546 6268 4227 1551 6265 4224 1548 6269 4228 1552 6266 4225 1549 6266 4225 1549 6269 4228 1552 6270 4229 1553 6270 4229 1553 6269 4228 1552 6271 4230 1554 6270 4229 1553 6271 4230 1554 6272 4231 1555 6267 4226 1550 6273 4232 1556 6265 4224 1548 6270 4229 1553 6272 4231 1555 6274 4233 1557 6274 4233 1557 6272 4231 1555 6275 4234 1558 6275 4234 1558 6272 4231 1555 6276 4235 1559 6272 4231 1555 6277 4236 1560 6276 4235 1559 6276 4235 1559 6277 4236 1560 6278 4237 1561 6279 4238 1562 6277 4236 1560 6272 4231 1555 6271 4230 1554 6279 4238 1562 6272 4231 1555 6269 4228 1552 6279 4238 1562 6271 4230 1554 6279 4238 1562 6280 1913 1563 6277 4236 1560 6279 4238 1562 6281 4239 1564 6280 1913 1563 6281 4239 1564 6279 4238 1562 6269 4228 1552 6280 1913 1563 6281 4239 1564 6282 4240 1565 6281 4239 1564 6283 4241 1566 6282 4240 1565 6269 4228 1552 6283 4241 1566 6281 4239 1564 6282 4240 1565 6283 4241 1566 6284 4232 1556 6265 4224 1548 6283 4241 1566 6269 4228 1552 6265 4224 1548 6285 4232 1556 6283 4241 1566 6277 4236 1560 6280 1913 1563 6286 1914 1567 6277 4236 1560 6286 1914 1567 6287 4237 1568 6290 4223 1571 6289 4225 1570 6288 4242 1569 6288 4242 1569 6289 4225 1570 6291 4243 1572 6289 4225 1570 6292 4229 1573 6291 4243 1572 6291 4243 1572 6292 4229 1573 6293 4244 1574 6292 4229 1573 6294 4233 1575 6293 4244 1574 6293 4244 1574 6294 4233 1575 6295 4245 1576 6296 4246 1577 6295 4245 1576 6294 4233 1575 6297 4247 1578 6295 4245 1576 6296 4246 1577 6294 4233 1575 6298 4234 1579 6296 4246 1577 6299 4248 1580 6295 4245 1576 6297 4247 1578 6300 4249 1581 6295 4245 1576 6299 4248 1580 6293 4244 1574 6295 4245 1576 6301 4250 1582 6301 4250 1582 6295 4245 1576 6300 4249 1581 6291 4243 1572 6293 4244 1574 6302 4251 1583 6302 4251 1583 6293 4244 1574 6301 4250 1582 6291 4243 1572 6302 4251 1583 6288 4242 1569 6288 4242 1569 6302 4251 1583 6303 4252 1584 6306 4254 1585 6305 4254 1577 6304 4253 1579 6309 4257 1588 6308 4256 1587 6307 4255 1586 6307 4255 1586 6308 4256 1587 6310 4258 1589 6308 4256 1587 6309 4257 1588 6311 4259 1590 6311 4259 1590 6309 4257 1588 6312 4260 1591 6308 4256 1587 6313 4261 1592 6310 4258 1589 6310 4258 1589 6313 4261 1592 6314 4262 1593 6314 4262 1593 6315 4263 1594 6310 4258 1589 6316 4264 1595 6315 4263 1594 6314 4262 1593 6313 4261 1592 6317 4265 1596 6314 4262 1593 6317 4265 1596 6316 4264 1595 6314 4262 1593 6318 4266 1597 6317 4265 1596 6313 4261 1592 6318 4266 1597 6313 4261 1592 6319 4267 1598 6319 4267 1598 6313 4261 1592 6320 4268 1599 6313 4261 1592 6308 4256 1587 6320 4268 1599 6320 4268 1599 6308 4256 1587 6311 4259 1590 6321 4269 1600 6316 4264 1595 6317 4265 1596 6322 4270 1601 6321 4269 1600 6317 4265 1596 6323 4271 1602 6321 4269 1600 6322 4270 1601 6315 4263 1594 6324 4272 1603 6310 4258 1589 6310 4258 1589 6324 4272 1603 6307 4255 1586 6325 4273 1604 6318 4266 1597 6319 4267 1598 6326 4274 1605 6318 4266 1597 6325 4273 1604 6318 4266 1597 6327 4275 1606 6317 4265 1596 6317 4265 1596 6327 4275 1606 6322 4270 1601 6326 4274 1605 6327 4275 1606 6318 4266 1597 6326 4274 1605 6328 4276 1607 6327 4275 1606 6322 4270 1601 6329 1910 1608 6323 4271 1602 6330 1909 1609 6323 4271 1602 6329 1910 1608 6331 4277 1610 6323 4271 1602 6330 1909 1609 6332 1911 1611 6329 1910 1608 6322 4270 1601 6327 4275 1606 6332 1911 1611 6322 4270 1601 6333 1916 1612 6332 1911 1611 6327 4275 1606 6328 4276 1607 6333 1916 1612 6327 4275 1606 6334 1915 1613 6333 1916 1612 6328 4276 1607 6330 1909 1609 6335 4278 1614 6331 4277 1610 6334 1915 1613 6328 4276 1607 6336 4237 1615 6328 4276 1607 6337 4279 1616 6336 4237 1615 6326 4274 1605 6337 4279 1616 6328 4276 1607 6336 4237 1615 6337 4279 1616 6338 4235 1617 6337 4279 1616 6339 4280 1618 6338 4235 1617 6326 4274 1605 6339 4280 1618 6337 4279 1616 6338 4235 1617 6339 4280 1618 6340 4234 1619 6339 4280 1618 6341 4281 1620 6340 4234 1619 6340 4234 1619 6341 4281 1620 6342 4282 1621 6342 4282 1621 6343 4283 1622 6340 4234 1619 6345 4284 1624 6335 4278 1614 6344 4232 1623 6346 4277 1610 6335 4278 1614 6345 4284 1624 6321 4269 1600 6323 4271 1602 6346 4277 1610 6347 4285 1625 6321 4269 1600 6346 4277 1610 6348 4286 1626 6321 4269 1600 6347 4285 1625 6348 4286 1626 6347 4285 1625 6349 4287 1627 6347 4285 1625 6350 4288 1628 6349 4287 1627 6347 4285 1625 6346 4277 1610 6350 4288 1628 6349 4287 1627 6350 4288 1628 6351 4289 1629 6351 4289 1629 6350 4288 1628 6352 4290 1630 6350 4288 1628 6353 4291 1631 6352 4290 1630 6350 4288 1628 6354 4284 1624 6353 4291 1631 6355 4277 1610 6354 4284 1624 6350 4288 1628 6353 4291 1631 6356 4292 1632 6352 4290 1630 6353 4291 1631 6357 4293 1633 6356 4292 1632 6358 4226 1634 6357 4293 1633 6353 4291 1631 6354 4284 1624 6358 4226 1634 6353 4291 1631 6359 4232 1623 6358 4226 1634 6354 4284 1624 6349 4287 1627 6351 4289 1629 6360 4294 1635 6352 4290 1630 6360 4294 1635 6351 4289 1629 6349 4287 1627 6360 4294 1635 6361 4295 1636 6348 4286 1626 6349 4287 1627 6361 4295 1636 6361 4295 1636 6360 4294 1635 6362 4296 1637 6316 4264 1595 6348 4286 1626 6361 4295 1636 6316 4264 1595 6321 4269 1600 6348 4286 1626 6315 4263 1594 6316 4264 1595 6361 4295 1636 6361 4295 1636 6363 4297 1638 6315 4263 1594 6315 4263 1594 6363 4297 1638 6324 4272 1603 6364 4298 1639 6324 4272 1603 6363 4297 1638 6367 1913 1642 6366 4240 1641 6365 1912 1640 6365 1912 1640 6366 4240 1641 6368 4232 1643 6369 4278 1644 6365 1912 1640 6368 4232 1643 6370 1909 1645 6365 1912 1640 6369 4278 1644 6373 1914 1647 6372 1915 1646 6371 4237 1641 6376 4301 1636 6375 4300 1637 6374 4299 1648 6375 4300 1637 6377 4302 1649 6374 4299 1648 6376 4301 1636 6374 4299 1648 6378 4303 1638 6379 4304 1639 6378 4303 1638 6374 4299 1648 6377 4302 1649 6379 4304 1639 6374 4299 1648 6382 4305 1548 6381 4222 1546 6380 4223 1547 6382 4305 1548 6380 4223 1547 6383 4306 1549 6384 4307 1550 6381 4222 1546 6382 4305 1548 6385 4227 1551 6381 4222 1546 6384 4307 1550 6382 4305 1548 6383 4306 1549 6386 4308 1552 6383 4306 1549 6387 4309 1553 6386 4308 1552 6386 4308 1552 6387 4309 1553 6388 4310 1554 6387 4309 1553 6389 4311 1555 6388 4310 1554 6384 4307 1550 6382 4305 1548 6390 4312 1556 6387 4309 1553 6391 4313 1557 6389 4311 1555 6392 4314 1558 6389 4311 1555 6391 4313 1557 6393 4315 1559 6389 4311 1555 6392 4314 1558 6389 4311 1555 6393 4315 1559 6394 4316 1560 6394 4316 1560 6393 4315 1559 6395 4317 1561 6396 4318 1562 6389 4311 1555 6394 4316 1560 6388 4310 1554 6389 4311 1555 6396 4318 1562 6388 4310 1554 6396 4318 1562 6386 4308 1552 6394 4316 1560 6397 2350 1563 6396 4318 1562 6398 4319 1650 6397 2350 1563 6394 4316 1560 6397 2350 1563 6399 4320 1564 6396 4318 1562 6386 4308 1552 6396 4318 1562 6399 4320 1564 6400 4321 1565 6399 4320 1564 6397 2350 1563 6399 4320 1564 6400 4321 1565 6401 4322 1566 6401 4322 1566 6386 4308 1552 6399 4320 1564 6401 4322 1566 6400 4321 1565 6402 4312 1556 6403 4317 1568 6398 4319 1650 6394 4316 1560 6404 4312 1556 6382 4305 1548 6401 4322 1566 6382 4305 1548 6386 4308 1552 6401 4322 1566 6407 4223 1571 6406 4242 1569 6405 4306 1570 6405 4306 1570 6406 4242 1569 6408 4323 1572 6405 4306 1570 6408 4323 1572 6409 4309 1573 6409 4309 1573 6408 4323 1572 6410 4324 1574 6409 4309 1573 6410 4324 1574 6411 4313 1575 6411 4313 1575 6410 4324 1574 6412 4325 1576 6412 4325 1576 6413 4246 1577 6411 4313 1575 6414 4247 1578 6413 4246 1577 6412 4325 1576 6411 4313 1575 6413 4246 1577 6415 4314 1579 6410 4324 1574 6416 4326 1582 6412 4325 1576 6412 4325 1576 6416 4326 1582 6417 4327 1581 6414 4247 1578 6412 4325 1576 6418 4248 1580 6418 4248 1580 6412 4325 1576 6417 4327 1581 6408 4323 1572 6406 4242 1569 6419 4328 1583 6408 4323 1572 6419 4328 1583 6410 4324 1574 6410 4324 1574 6419 4328 1583 6416 4326 1582 6419 4328 1583 6406 4242 1569 6420 4252 1584 6423 4254 1585 6422 4329 1579 6421 4254 1577 6426 4332 1588 6425 4331 1586 6424 4330 1587 6424 4330 1587 6425 4331 1586 6427 4333 1589 6428 4334 1590 6426 4332 1588 6424 4330 1587 6429 4335 1591 6426 4332 1588 6428 4334 1590 6424 4330 1587 6427 4333 1589 6430 4336 1592 6430 4336 1592 6427 4333 1589 6431 4337 1593 6427 4333 1589 6432 4338 1594 6431 4337 1593 6431 4337 1593 6432 4338 1594 6433 4339 1595 6431 4337 1593 6434 4340 1596 6430 4336 1592 6433 4339 1595 6434 4340 1596 6431 4337 1593 6430 4336 1592 6434 4340 1596 6435 4341 1597 6436 4342 1598 6430 4336 1592 6435 4341 1597 6437 4343 1599 6430 4336 1592 6436 4342 1598 6428 4334 1590 6424 4330 1587 6437 4343 1599 6437 4343 1599 6424 4330 1587 6430 4336 1592 6438 4344 1600 6434 4340 1596 6433 4339 1595 6434 4340 1596 6438 4344 1600 6439 4345 1601 6439 4345 1601 6438 4344 1600 6440 4346 1602 6432 4338 1594 6427 4333 1589 6441 4347 1603 6441 4347 1603 6427 4333 1589 6425 4331 1586 6436 4342 1598 6435 4341 1597 6442 4348 1604 6442 4348 1604 6435 4341 1597 6443 4349 1605 6435 4341 1597 6434 4340 1596 6444 4350 1606 6444 4350 1606 6434 4340 1596 6439 4345 1601 6443 4349 1605 6435 4341 1597 6444 4350 1606 6443 4349 1605 6444 4350 1606 6445 4351 1607 6446 2347 1608 6439 4345 1601 6440 4346 1602 6440 4346 1602 6447 2346 1609 6446 2347 1608 6448 4352 1610 6447 2346 1609 6440 4346 1602 6449 2348 1611 6439 4345 1601 6446 2347 1608 6439 4345 1601 6449 2348 1611 6444 4350 1606 6444 4350 1606 6449 2348 1611 6450 2353 1612 6444 4350 1606 6450 2353 1612 6445 4351 1607 6445 4351 1607 6450 2353 1612 6451 2352 1613 6448 4352 1610 6452 4353 1614 6447 2346 1609 6451 2352 1613 6453 4317 1615 6445 4351 1607 6445 4351 1607 6453 4317 1615 6454 4354 1616 6443 4349 1605 6445 4351 1607 6454 4354 1616 6454 4354 1616 6453 4317 1615 6455 4315 1617 6455 4315 1617 6456 4355 1618 6454 4354 1616 6454 4354 1616 6456 4355 1618 6443 4349 1605 6457 4314 1619 6456 4355 1618 6455 4315 1617 6456 4355 1618 6457 4314 1619 6458 4356 1620 6460 4282 1621 6457 4314 1619 6459 4283 1622 6457 4314 1619 6460 4282 1621 6461 4357 1620 6461 4357 1620 6460 4282 1621 6462 1063 1651 6464 4358 1624 6463 4312 1623 6452 4353 1614 6464 4358 1624 6452 4353 1614 6465 4352 1610 6438 4344 1600 6465 4352 1610 6440 4346 1602 6466 4359 1625 6465 4352 1610 6438 4344 1600 6438 4344 1600 6467 4360 1626 6466 4359 1625 6467 4360 1626 6468 4361 1627 6466 4359 1625 6466 4359 1625 6468 4361 1627 6469 4362 1628 6466 4359 1625 6469 4362 1628 6465 4352 1610 6469 4362 1628 6468 4361 1627 6470 4363 1629 6470 4363 1629 6471 4290 1630 6469 4362 1628 6469 4362 1628 6471 4290 1630 6472 4364 1631 6473 4358 1624 6469 4362 1628 6472 4364 1631 6474 4352 1610 6469 4362 1628 6473 4358 1624 6471 4290 1630 6475 4292 1632 6472 4364 1631 6475 4292 1632 6476 4293 1633 6472 4364 1631 6472 4364 1631 6476 4293 1633 6477 4307 1634 6472 4364 1631 6477 4307 1634 6473 4358 1624 6473 4358 1624 6477 4307 1634 6478 4312 1623 6468 4361 1627 6479 4294 1635 6470 4363 1629 6471 4290 1630 6470 4363 1629 6479 4294 1635 6468 4361 1627 6480 4365 1636 6479 4294 1635 6467 4360 1626 6480 4365 1636 6468 4361 1627 6479 4294 1635 6480 4365 1636 6481 4296 1637 6467 4360 1626 6432 4338 1594 6480 4365 1636 6480 4365 1636 6432 4338 1594 6482 4366 1638 6432 4338 1594 6441 4347 1603 6482 4366 1638 6483 4367 1639 6482 4366 1638 6441 4347 1603 6433 4339 1595 6432 4338 1594 6467 4360 1626 6433 4339 1595 6467 4360 1626 6438 4344 1600 6486 2352 1646 6485 2351 1652 6484 4317 1641 6489 2349 1653 6488 2346 1645 6487 4353 1644 6487 4353 1644 6490 4312 1643 6489 2349 1653 6491 4321 1641 6489 2349 1653 6490 4312 1643 6492 2350 1642 6489 2349 1653 6491 4321 1641 6495 4370 1636 6494 4369 1648 6493 4368 1637 6493 4368 1637 6494 4369 1648 6496 4371 1649 6495 4370 1636 6497 4372 1638 6494 4369 1648 6498 4373 1639 6494 4369 1648 6497 4372 1638 6496 4371 1649 6494 4369 1648 6498 4373 1639 6501 4376 199 6500 4375 1654 6499 4374 200 6499 4374 200 6500 4375 1654 6502 4377 190 6505 4379 199 6504 4374 200 6503 4378 1654 6503 4378 1654 6504 4374 200 6506 4377 190 80 69 53 61 50 34 71 60 44 61 50 34 80 69 53 62 51 35 62 51 35 80 69 53 81 70 54 62 51 35 81 70 54 6507 374 211 6507 374 211 81 70 54 97 84 68 6508 372 210 62 51 35 6507 374 211 60 49 33 62 51 35 6508 372 210 70 59 43 60 49 33 6508 372 210 64 53 37 73 62 46 57 46 30 57 46 30 73 62 46 65 54 38 6510 4380 1620 6509 1063 1651 6342 4282 1621 6513 4382 1657 6512 4382 1656 6511 4381 1655 6511 4381 1655 6512 4382 1656 6514 4381 1658 6511 4381 1655 6514 4381 1658 6515 4383 1659 6515 4383 1659 6514 4381 1658 6516 4383 1660 6513 4382 1657 6517 4384 1661 6512 4382 1656 6518 4384 1662 6517 4384 1661 6513 4382 1657 6521 4383 1659 6520 4383 1660 6519 4385 1655 6519 4385 1655 6520 4383 1660 6522 4385 1658 6519 4385 1655 6522 4385 1658 6523 4386 1657 6523 4386 1657 6522 4385 1658 6524 4386 1656 6523 4386 1657 6524 4386 1656 6525 4384 1662 6525 4384 1662 6524 4386 1656 6526 4384 1661 6529 4387 1665 6528 4387 1664 6527 4387 1663 6527 4387 1663 6528 4387 1664 6530 4387 1666 6533 4390 1669 6532 4389 1668 6531 4388 1667 6531 4388 1667 6532 4389 1668 6534 4391 1670 6531 4388 1667 6534 4391 1670 6535 4392 1671 6535 4392 1671 6534 4391 1670 6536 4393 1672 6539 4392 1671 6538 4393 1672 6537 4394 1667 6537 4394 1667 6538 4393 1672 6540 4395 1670 6537 4394 1667 6540 4395 1670 6541 4390 1669 6541 4390 1669 6540 4395 1670 6542 4389 1668 6545 4388 1675 6544 4392 1674 6543 4390 1673 6548 4394 1675 6547 4390 1673 6546 4392 1674 6551 4397 1672 6550 4397 1676 6549 4396 1670 6549 4396 1670 6550 4397 1676 6552 4396 1677 6549 4396 1670 6552 4396 1677 6553 4398 1668 6555 4398 1668 6552 4396 1677 6554 4398 1678 6558 4399 1670 6557 4399 1677 6556 4397 1672 6558 4399 1670 6559 4398 1678 6557 4399 1677 6560 4398 1668 6559 4398 1678 6558 4399 1670 6562 4397 1672 6557 4399 1677 6561 4397 1676 6565 4391 1677 6564 4391 1679 6563 4400 1676 6563 4400 1676 6564 4391 1679 6566 4400 1680 6565 4391 1677 6567 4401 1681 6564 4391 1679 6568 4401 1678 6567 4401 1681 6565 4391 1677 6571 4395 1677 6570 4395 1679 6569 4401 1678 6569 4401 1678 6570 4395 1679 6572 4401 1681 6571 4395 1677 6573 4400 1680 6570 4395 1679 6574 4400 1676 6573 4400 1680 6571 4395 1677 6577 4387 1665 6576 4387 1663 6575 4387 1664 6575 4387 1664 6576 4387 1663 6578 4387 1666 6581 4402 1657 6580 4403 1655 6579 4402 1656 6579 4402 1656 6580 4403 1655 6582 4403 1658 6580 4403 1655 6583 4404 1659 6582 4403 1658 6582 4403 1658 6583 4404 1659 6584 4404 1660 6585 4405 1661 6581 4402 1657 6579 4402 1656 6586 4405 1662 6581 4402 1657 6585 4405 1661 6589 4404 1659 6588 4406 1655 6587 4404 1660 6587 4404 1660 6588 4406 1655 6590 4406 1658 6588 4406 1655 6591 4407 1657 6590 4406 1658 6590 4406 1658 6591 4407 1657 6592 4407 1656 6591 4407 1657 6593 4405 1662 6592 4407 1656 6592 4407 1656 6593 4405 1662 6594 4405 1661 6597 4408 1665 6596 4408 1663 6595 4408 1664 6595 4408 1664 6596 4408 1663 6598 4408 1666 6601 4410 1669 6600 4409 1667 6599 4389 1668 6599 4389 1668 6600 4409 1667 6602 4411 1670 6600 4409 1667 6603 4412 1671 6602 4411 1670 6602 4411 1670 6603 4412 1671 6604 4393 1672 6607 4412 1671 6606 4413 1667 6605 4393 1672 6605 4393 1672 6606 4413 1667 6608 4414 1670 6606 4413 1667 6609 4410 1669 6608 4414 1670 6608 4414 1670 6609 4410 1669 6610 4389 1668 6613 4409 1675 6612 4410 1673 6611 4412 1674 6616 4413 1675 6615 4412 1674 6614 4410 1673 6619 4415 1672 6618 4416 1670 6617 4415 1676 6617 4415 1676 6618 4416 1670 6620 4416 1677 6618 4416 1670 6621 4417 1668 6620 4416 1677 6620 4416 1677 6623 4417 1668 6622 4417 1678 6626 4418 1670 6625 4415 1672 6624 4418 1677 6627 4417 1678 6626 4418 1670 6624 4418 1677 6628 4417 1668 6626 4418 1670 6627 4417 1678 6624 4418 1677 6630 4415 1672 6629 4415 1676 6633 4411 1677 6632 4400 1676 6631 4411 1679 6631 4411 1679 6632 4400 1676 6634 4400 1680 6635 4401 1681 6633 4411 1677 6631 4411 1679 6636 4401 1678 6633 4411 1677 6635 4401 1681 6639 4414 1677 6638 4401 1678 6637 4414 1679 6637 4414 1679 6638 4401 1678 6640 4401 1681 6641 4400 1680 6639 4414 1677 6637 4414 1679 6642 4400 1676 6639 4414 1677 6641 4400 1680 6645 4408 1665 6644 4408 1664 6643 4408 1663 6643 4408 1663 6644 4408 1664 6646 4408 1666 6649 4421 1171 6648 4420 1169 6647 4419 1176 6647 4419 1176 6648 4420 1169 6650 4422 1173 6647 4419 1176 6651 4423 1169 6649 4421 1171 6652 4424 1173 6651 4423 1169 6647 4419 1176 6651 4423 1169 6652 4424 1173 6653 4425 1167 6653 4425 1167 6652 4424 1173 6654 4426 1174 6655 4427 1175 6653 4425 1167 6654 4426 1174 6656 4428 1166 6653 4425 1167 6655 4427 1175 6655 4427 1175 6657 4429 1167 6656 4428 1166 6657 4429 1167 6650 4422 1173 6648 4420 1169 6658 4430 1174 6657 4429 1167 6655 4427 1175 6658 4430 1174 6650 4422 1173 6657 4429 1167 6657 4429 1167 6659 4431 1165 6656 4428 1166 6657 4429 1167 6648 4420 1169 6659 4431 1165 6656 4428 1166 6659 4431 1165 6660 4432 1168 6660 4432 1168 6661 4433 1165 6656 4428 1166 6656 4428 1166 6661 4433 1165 6653 4425 1167 6653 4425 1167 6661 4433 1165 6651 4423 1169 6662 4434 1170 6651 4423 1169 6661 4433 1165 6662 4434 1170 6649 4421 1171 6651 4423 1169 6663 4435 1172 6649 4421 1171 6662 4434 1170 6648 4420 1169 6649 4421 1171 6664 4436 1170 6664 4436 1170 6649 4421 1171 6663 4435 1172 6659 4431 1165 6648 4420 1169 6664 4436 1170 6654 4426 1174 6652 4424 1173 6665 4437 1177 6665 4437 1177 6655 4427 1175 6654 4426 1174 6665 4437 1177 6658 4430 1174 6655 4427 1175 6665 4437 1177 6652 4424 1173 6647 4419 1176 6665 4437 1177 6647 4419 1176 6650 4422 1173 6665 4437 1177 6650 4422 1173 6658 4430 1174 6668 4440 1684 6667 4439 1683 6666 4438 1682 6668 4440 1684 6669 4439 1685 6667 4439 1683 6670 4441 1686 6668 4440 1684 6666 4438 1682 6670 4441 1686 6671 4442 1687 6668 4440 1684 6670 4441 1686 6672 4443 1688 6671 4442 1687 6670 4441 1686 6673 4443 1689 6672 4443 1688 6676 4445 1692 6675 4444 1691 6674 1102 1690 6676 4445 1692 6677 1086 1684 6675 4444 1691 6675 4444 1691 6677 1086 1684 6678 1158 1687 6675 4444 1691 6678 1158 1687 6679 1129 1693 6678 1158 1687 6680 4446 1694 6679 1129 1693 6678 1158 1687 6681 4446 1695 6680 4446 1694 6684 4449 1698 6683 4448 1697 6682 4447 1696 6684 4449 1698 6682 4447 1696 6685 4450 1699 6685 4450 1699 6686 4451 1691 6684 4449 1698 6687 4452 1693 6684 4449 1698 6686 4451 1691 6687 4452 1693 6688 4453 1700 6684 4449 1698 6687 4452 1693 6689 4454 1701 6688 4453 1700 6690 4455 1702 6688 4453 1700 6689 4454 1701 6690 4455 1702 6691 4456 1703 6688 4453 1700 6694 4459 1705 6693 4458 1705 6692 4457 1704 6695 4460 1706 6693 4458 1705 6694 4459 1705 6692 4457 1704 6697 4461 1704 6696 4461 1707 6697 4461 1704 6698 4461 1707 6696 4461 1707 6698 4461 1707 6697 4461 1704 6699 4461 1707 6697 4461 1704 6700 4461 1704 6699 4461 1707 6698 4461 1707 6701 4462 1708 6696 4461 1707 6699 4461 1707 6701 4462 1708 6698 4461 1707 6693 4458 1705 6703 4464 1705 6702 4463 1704 6693 4458 1705 6704 4465 1706 6703 4464 1705 6706 4463 1704 6705 4463 1705 6702 4463 1704 6705 4463 1705 6706 4463 1704 6707 4463 1704 6695 4460 1706 6709 4460 1709 6708 4460 1705 6711 4466 1709 6695 4460 1706 6710 4466 1705 6714 4469 1704 6713 4468 1707 6712 4467 1705 6713 4468 1707 6715 4470 1710 6712 4467 1705 6716 4471 1711 6712 4467 1705 6715 4470 1710 6717 4472 1709 6712 4467 1705 6716 4471 1711 6718 4473 1712 6716 4471 1711 6715 4470 1710 6715 4470 1710 6713 4468 1707 6719 4474 1713 6715 4470 1710 6719 4474 1713 6718 4473 1712 6713 4468 1707 6720 4475 1708 6719 4474 1713 6719 4474 1713 6720 4475 1708 6721 4476 1707 6722 4477 1710 6719 4474 1713 6721 4476 1707 6719 4474 1713 6722 4477 1710 6718 4473 1712 6722 4477 1710 6721 4476 1707 6723 4478 1705 6721 4476 1707 6724 4479 1704 6723 4478 1705 6718 4473 1712 6722 4477 1710 6725 4480 1711 6722 4477 1710 6723 4478 1705 6725 4480 1711 6726 4481 1709 6725 4480 1711 6723 4478 1705 6729 4484 1705 6728 4483 1704 6727 4482 1705 6730 4485 1706 6729 4484 1705 6727 4482 1705 6728 4483 1704 6732 4486 1704 6731 4486 1705 6734 4488 1704 6728 4483 1704 6733 4487 1705 6736 4490 1705 6734 4488 1704 6735 4489 1705 6736 4490 1705 6735 4489 1705 6737 4491 1706 6739 4491 1709 6738 4491 1705 6737 4491 1706 6742 4494 1710 6741 4493 1707 6740 4492 1713 6741 4493 1707 6743 4495 1708 6740 4492 1713 6740 4492 1713 6743 4495 1708 6744 4496 1707 6745 4497 1710 6740 4492 1713 6744 4496 1707 6745 4497 1710 6744 4496 1707 6746 4498 1705 6745 4497 1710 6746 4498 1705 6747 4499 1711 6748 4500 1712 6745 4497 1710 6747 4499 1711 6740 4492 1713 6745 4497 1710 6748 4500 1712 6742 4494 1710 6740 4492 1713 6748 4500 1712 6748 4500 1712 6749 4501 1711 6742 4494 1710 6749 4501 1711 6750 4502 1709 6742 4494 1710 6750 4502 1709 6751 4482 1705 6742 4494 1710 6741 4493 1707 6742 4494 1710 6751 4482 1705 6752 4503 1709 6747 4499 1711 6746 4498 1705 6744 4496 1707 6753 4504 1704 6746 4498 1705 6754 4505 1704 6741 4493 1707 6751 4482 1705 6757 4508 1707 6756 4507 1707 6755 4506 1708 6756 4507 1707 6758 4509 1707 6755 4506 1708 6761 4512 1716 6760 4511 1715 6759 4510 1714 6761 4512 1716 6759 4510 1714 6762 4513 1717 6759 4510 1714 6763 4514 1718 6762 4513 1717 6764 4515 1719 6763 4514 1718 6759 4510 1714 6759 4510 1714 6765 4516 1720 6764 4515 1719 6759 4510 1714 6760 4511 1715 6766 4517 1721 6759 4510 1714 6766 4517 1721 6767 4518 1722 6765 4516 1720 6759 4510 1714 6767 4518 1722 6770 4517 1725 6769 4520 1724 6768 4519 1723 6770 4517 1725 6771 4521 1726 6769 4520 1724 6771 4521 1726 6770 4517 1725 6772 4522 1727 6772 4522 1727 6770 4517 1725 6773 4523 1728 6770 4517 1725 6774 4524 1729 6773 4523 1728 6775 4511 1730 6774 4524 1729 6770 4517 1725 6776 4518 1731 6770 4517 1725 6768 4519 1723 6777 4525 1732 6776 4518 1731 6768 4519 1723 6776 4518 1731 6777 4525 1732 6778 4526 1733 6781 4529 1705 6780 4528 1705 6779 4527 1704 6781 4529 1705 6782 4530 1706 6780 4528 1705 6784 4486 1705 6783 4486 1704 6779 4527 1704 6786 4487 1705 6779 4527 1704 6785 4487 1704 6789 4532 1710 6788 4531 1707 6787 4528 1705 6788 4531 1707 6790 4533 1704 6787 4528 1705 6789 4532 1710 6787 4528 1705 6791 4534 1709 6792 4535 1711 6789 4532 1710 6791 4534 1709 6793 4536 1712 6789 4532 1710 6792 4535 1711 6789 4532 1710 6794 4537 1713 6788 4531 1707 6794 4537 1713 6789 4532 1710 6793 4536 1712 6795 4538 1710 6794 4537 1713 6793 4536 1712 6794 4537 1713 6795 4538 1710 6796 4539 1707 6795 4538 1710 6797 4540 1705 6796 4539 1707 6797 4540 1705 6798 4541 1704 6796 4539 1707 6799 4542 1708 6794 4537 1713 6796 4539 1707 6794 4537 1713 6799 4542 1708 6788 4531 1707 6793 4536 1712 6800 4543 1711 6795 4538 1710 6800 4543 1711 6797 4540 1705 6795 4538 1710 6801 4544 1709 6797 4540 1705 6800 4543 1711 6804 4547 1705 6803 4546 1705 6802 4545 1704 6805 4548 1706 6803 4546 1705 6804 4547 1705 6802 4545 1704 6807 4550 1704 6806 4549 1707 6807 4550 1704 6808 4551 1707 6806 4549 1707 6808 4551 1707 6807 4550 1704 6809 4552 1707 6807 4550 1704 6810 4553 1704 6809 4552 1707 6812 4548 1709 6805 4548 1706 6811 4548 1705 6815 4556 1716 6814 4555 1717 6813 4554 1714 6815 4556 1716 6813 4554 1714 6816 4557 1715 6814 4555 1717 6817 4558 1718 6813 4554 1714 6818 4515 1719 6813 4554 1714 6817 4558 1718 6818 4515 1719 6819 4516 1720 6813 4554 1714 6819 4516 1720 6820 4518 1722 6813 4554 1714 6820 4518 1722 6821 4559 1721 6813 4554 1714 6821 4559 1721 6816 4557 1715 6813 4554 1714 6824 4559 1725 6823 4561 1723 6822 4560 1724 6823 4561 1723 6824 4559 1725 6825 4518 1731 6826 4562 1732 6823 4561 1723 6825 4518 1731 6824 4559 1725 6822 4560 1724 6827 4563 1726 6827 4563 1726 6828 4564 1727 6824 4559 1725 6828 4564 1727 6829 4565 1728 6824 4559 1725 6824 4559 1725 6829 4565 1728 6830 4566 1729 6831 4557 1730 6824 4559 1725 6830 4566 1729 6825 4518 1731 6832 4526 1733 6826 4562 1732 6835 4567 1736 6834 4567 1735 6833 4567 1734 6834 4567 1735 6836 4567 1737 6833 4567 1734 6839 4565 1734 6838 4568 1739 6837 4523 1738 6838 4568 1739 6840 4568 1740 6837 4523 1738 6840 4568 1740 6838 4568 1739 6841 4569 1741 6838 4568 1739 6842 4569 1742 6841 4569 1741 6841 4569 1741 6842 4569 1742 6843 4570 1743 6846 4522 1737 6845 4571 1740 6844 4564 1734 6845 4571 1740 6847 4571 1739 6844 4564 1734 6845 4571 1740 6848 4572 1741 6847 4571 1739 6847 4571 1739 6848 4572 1741 6849 4572 1742 6849 4572 1742 6848 4572 1741 6850 4573 1743 6853 4574 1709 6852 4574 1706 6851 4574 1705 6856 4575 1706 6855 4575 1709 6854 4575 1705 6859 4503 1746 6858 4577 1745 6857 4576 1744 6858 4577 1745 6860 4578 1747 6857 4576 1744 6859 4503 1746 6857 4576 1744 6861 4579 1748 6862 4580 1749 6861 4579 1748 6857 4576 1744 6863 4581 1750 6862 4580 1749 6857 4576 1744 6862 4580 1749 6863 4581 1750 6864 4582 1751 6862 4580 1749 6864 4582 1751 6865 4583 1752 6865 4583 1752 6864 4582 1751 6866 4584 1753 6866 4584 1753 6867 4585 1754 6865 4583 1752 6867 4585 1754 6868 4586 1755 6865 4583 1752 6864 4582 1751 6869 4587 1756 6866 4584 1753 6865 4583 1752 6868 4586 1755 6870 4588 1757 6870 4588 1757 6862 4580 1749 6865 4583 1752 6868 4586 1755 6871 4589 1758 6870 4588 1757 6870 4588 1757 6871 4589 1758 6872 4590 1759 6872 4590 1759 6862 4580 1749 6870 4588 1757 6871 4589 1758 6873 4502 1760 6872 4590 1759 6863 4581 1750 6874 4591 1761 6864 4582 1751 6864 4582 1751 6874 4591 1761 6869 4587 1756 6863 4581 1750 6875 4592 1762 6874 4591 1761 6875 4592 1762 6863 4581 1750 6876 4578 1747 6857 4576 1744 6876 4578 1747 6863 4581 1750 6875 4592 1762 6877 4593 1763 6874 4591 1761 6874 4591 1761 6878 4594 1764 6869 4587 1756 6874 4591 1761 6877 4593 1763 6878 4594 1764 6877 4593 1763 6879 4595 1765 6878 4594 1764 6868 4586 1755 6867 4585 1754 6880 4596 1766 6867 4585 1754 6881 4597 1767 6880 4596 1766 6871 4589 1758 6868 4586 1755 6882 4511 1768 6868 4586 1755 6880 4596 1766 6882 4511 1768 6873 4502 1760 6871 4589 1758 6883 4512 1769 6871 4589 1758 6882 4511 1768 6883 4512 1769 6884 4485 1770 6873 4502 1760 6883 4512 1769 6885 4598 1771 6884 4485 1770 6883 4512 1769 6884 4485 1770 6885 4598 1771 6886 4514 1772 6887 4503 1746 6884 4485 1770 6886 4514 1772 6887 4503 1746 6886 4514 1772 6888 4515 1773 6889 4465 1774 6887 4503 1746 6888 4515 1773 6878 4594 1764 6879 4595 1765 6890 4599 1775 6879 4595 1765 6891 4600 1776 6890 4599 1775 6890 4599 1775 6891 4600 1776 6892 4601 1777 6890 4599 1775 6893 4602 1778 6878 4594 1764 6893 4602 1778 6890 4599 1775 6894 4603 1779 6894 4603 1779 6890 4599 1775 6895 4601 1777 6896 4604 1780 6893 4602 1778 6894 4603 1779 6897 4605 1781 6893 4602 1778 6896 4604 1780 6898 4606 1782 6897 4605 1781 6896 4604 1780 6898 4606 1782 6899 4607 1783 6897 4605 1781 6899 4607 1783 6900 4608 1784 6897 4605 1781 6898 4606 1782 6896 4604 1780 6901 4519 1785 6902 4520 1786 6898 4606 1782 6901 4519 1785 6899 4607 1783 6898 4606 1782 6902 4520 1786 6903 4521 1787 6899 4607 1783 6902 4520 1786 6901 4519 1785 6896 4604 1780 6904 4525 1788 6896 4604 1780 6894 4603 1779 6904 4525 1788 6904 4525 1788 6894 4603 1779 6905 4526 1789 6894 4603 1779 6906 4601 1777 6905 4526 1789 6900 4608 1784 6899 4607 1783 6907 4522 1790 6899 4607 1783 6903 4521 1787 6907 4522 1790 6869 4587 1756 6893 4602 1778 6897 4605 1781 6893 4602 1778 6869 4587 1756 6878 4594 1764 6866 4584 1753 6869 4587 1756 6897 4605 1781 6866 4584 1753 6897 4605 1781 6900 4608 1784 6867 4585 1754 6866 4584 1753 6900 4608 1784 6907 4522 1790 6881 4597 1767 6900 4608 1784 6881 4597 1767 6867 4585 1754 6900 4608 1784 6910 4544 1746 6909 4610 1744 6908 4609 1745 6908 4609 1745 6909 4610 1744 6911 4578 1747 6910 4544 1746 6912 4611 1748 6909 4610 1744 6909 4610 1744 6912 4611 1748 6913 4612 1749 6914 4613 1750 6909 4610 1744 6913 4612 1749 6914 4613 1750 6913 4612 1749 6915 4614 1751 6915 4614 1751 6913 4612 1749 6916 4615 1752 6915 4614 1751 6916 4615 1752 6917 4616 1753 6917 4616 1753 6916 4615 1752 6918 4617 1754 6916 4615 1752 6919 4618 1755 6918 4617 1754 6920 4619 1756 6915 4614 1751 6917 4616 1753 6919 4618 1755 6916 4615 1752 6921 4620 1757 6913 4612 1749 6921 4620 1757 6916 4615 1752 6922 4621 1758 6919 4618 1755 6921 4620 1757 6922 4621 1758 6921 4620 1757 6923 4622 1759 6923 4622 1759 6921 4620 1757 6913 4612 1749 6924 4534 1760 6922 4621 1758 6923 4622 1759 6925 4623 1761 6914 4613 1750 6915 4614 1751 6925 4623 1761 6915 4614 1751 6920 4619 1756 6909 4610 1744 6914 4613 1750 6926 4578 1747 6927 4592 1762 6926 4578 1747 6914 4613 1750 6927 4592 1762 6914 4613 1750 6925 4623 1761 6928 4593 1763 6927 4592 1762 6925 4623 1761 6929 4624 1764 6925 4623 1761 6920 4619 1756 6928 4593 1763 6925 4623 1761 6929 4624 1764 6930 4595 1765 6928 4593 1763 6929 4624 1764 6919 4618 1755 6931 4566 1766 6918 4617 1754 6931 4566 1766 6932 4565 1767 6918 4617 1754 6922 4621 1758 6933 4557 1768 6919 4618 1755 6933 4557 1768 6931 4566 1766 6919 4618 1755 6924 4534 1760 6934 4556 1769 6922 4621 1758 6934 4556 1769 6933 4557 1768 6922 4621 1758 6924 4534 1760 6935 4530 1770 6934 4556 1769 6935 4530 1770 6936 4625 1771 6934 4556 1769 6937 4558 1772 6936 4625 1771 6935 4530 1770 6938 4544 1746 6937 4558 1772 6935 4530 1770 6939 4515 1773 6937 4558 1772 6938 4544 1746 6940 4465 1774 6939 4515 1773 6938 4544 1746 6929 4624 1764 6941 4626 1775 6930 4595 1765 6941 4626 1775 6942 4600 1776 6930 4595 1765 6942 4600 1776 6941 4626 1775 6943 4601 1777 6944 4627 1778 6941 4626 1775 6929 4624 1764 6941 4626 1775 6944 4627 1778 6945 4628 1779 6941 4626 1775 6945 4628 1779 6946 4601 1777 6944 4627 1778 6947 4629 1780 6945 4628 1779 6944 4627 1778 6948 4630 1781 6947 4629 1780 6948 4630 1781 6949 4631 1782 6947 4629 1780 6949 4631 1782 6948 4630 1781 6950 4632 1783 6948 4630 1781 6951 4633 1784 6950 4632 1783 6947 4629 1780 6949 4631 1782 6952 4561 1785 6949 4631 1782 6953 4560 1786 6952 4561 1785 6949 4631 1782 6950 4632 1783 6953 4560 1786 6950 4632 1783 6954 4563 1787 6953 4560 1786 6945 4628 1779 6947 4629 1780 6955 4562 1788 6947 4629 1780 6952 4561 1785 6955 4562 1788 6945 4628 1779 6955 4562 1788 6956 4526 1789 6957 4601 1777 6945 4628 1779 6956 4526 1789 6951 4633 1784 6958 4564 1790 6950 4632 1783 6958 4564 1790 6954 4563 1787 6950 4632 1783 6948 4630 1781 6944 4627 1778 6920 4619 1756 6920 4619 1756 6944 4627 1778 6929 4624 1764 6917 4616 1753 6948 4630 1781 6920 4619 1756 6951 4633 1784 6948 4630 1781 6917 4616 1753 6918 4617 1754 6951 4633 1784 6917 4616 1753 6918 4617 1754 6932 4565 1767 6951 4633 1784 6932 4565 1767 6958 4564 1790 6951 4633 1784 6961 4636 1707 6960 4635 1708 6959 4634 1707 6962 4637 1707 6960 4635 1708 6961 4636 1707 6965 4640 1707 6964 4639 1704 6963 4638 1707 6964 4639 1704 6966 4641 1704 6963 4638 1707 6964 4639 1704 6965 4640 1707 6967 4642 1707 6968 4641 1704 6964 4639 1704 6967 4642 1707 6971 4645 1793 6970 4644 1792 6969 4643 1791 6970 4644 1792 6972 4646 1794 6969 4643 1791 6970 4644 1792 6973 4647 1795 6972 4646 1794 6974 4648 1796 6972 4646 1794 6973 4647 1795 6969 4643 1791 6972 4646 1794 6975 4649 1797 6972 4646 1794 6974 4648 1796 6975 4649 1797 6978 4652 1793 6977 4651 1791 6976 4650 1792 6977 4651 1791 6979 4653 1794 6976 4650 1792 6976 4650 1792 6979 4653 1794 6980 4654 1795 6979 4653 1794 6981 4655 1796 6980 4654 1795 6977 4651 1791 6982 4656 1797 6979 4653 1794 6982 4656 1797 6981 4655 1796 6979 4653 1794 6985 4658 1795 6984 4657 1792 6983 4657 1792 6983 4657 1792 6984 4657 1792 6986 4659 1793 6987 4659 1793 6983 4657 1792 6986 4659 1793 6990 4662 1793 6989 4661 1791 6988 4660 1792 6989 4661 1791 6991 4663 1794 6988 4660 1792 6988 4660 1792 6991 4663 1794 6992 4664 1795 6991 4663 1794 6993 4665 1796 6992 4664 1795 6989 4661 1791 6994 4666 1797 6991 4663 1794 6994 4666 1797 6993 4665 1796 6991 4663 1794 6997 4669 1794 6996 4668 1791 6995 4667 1792 6996 4668 1791 6998 4670 1793 6995 4667 1792 6995 4667 1792 6999 4671 1795 6997 4669 1794 7000 4672 1796 6997 4669 1794 6999 4671 1795 7000 4672 1796 7001 4673 1797 6997 4669 1794 7001 4673 1797 6996 4668 1791 6997 4669 1794 7004 4658 1795 7003 4674 1792 7002 4674 1792 7002 4674 1792 7003 4674 1792 7005 4675 1793 7006 4675 1793 7002 4674 1792 7005 4675 1793 7009 4678 1793 7008 4677 1791 7007 4676 1792 7008 4677 1791 7010 4679 1794 7007 4676 1792 7007 4676 1792 7010 4679 1794 7011 4680 1795 7010 4679 1794 7012 4681 1796 7011 4680 1795 7008 4677 1791 7013 4682 1797 7010 4679 1794 7013 4682 1797 7012 4681 1796 7010 4679 1794 7016 4685 1794 7015 4684 1791 7014 4683 1792 7015 4684 1791 7017 4686 1793 7014 4683 1792 7014 4683 1792 7018 4687 1795 7016 4685 1794 7019 4688 1796 7016 4685 1794 7018 4687 1795 7019 4688 1796 7020 4689 1797 7016 4685 1794 7020 4689 1797 7015 4684 1791 7016 4685 1794 7023 4691 1795 7022 4690 1792 7021 4690 1792 7021 4690 1792 7022 4690 1792 7024 4692 1793 7025 4692 1793 7021 4690 1792 7024 4692 1793 7028 4695 1800 7027 4694 1799 7026 4693 1798 7026 4693 1798 7027 4694 1799 7029 4696 1801 7027 4694 1799 7030 4697 1802 7029 4696 1801 7031 4698 1803 7029 4696 1801 7030 4697 1802 7032 4699 1804 7031 4698 1803 7030 4697 1802 7032 4699 1804 7033 4700 1805 7031 4698 1803 7033 4700 1805 7034 4701 1806 7031 4698 1803 7033 4700 1805 7035 4702 1807 7034 4701 1806 7038 4705 1799 7037 4704 1800 7036 4703 1798 7036 4703 1798 7039 4706 1801 7038 4705 1799 7039 4706 1801 7040 4707 1802 7038 4705 1799 7039 4706 1801 7041 4708 1803 7040 4707 1802 7041 4708 1803 7042 4709 1804 7040 4707 1802 7041 4708 1803 7043 4710 1805 7042 4709 1804 7041 4708 1803 7044 4711 1806 7043 4710 1805 7044 4711 1806 7045 4712 1807 7043 4710 1805 7048 4713 1809 7047 4714 1808 7046 4713 1798 7047 4714 1808 7049 4714 1800 7046 4713 1798 7051 4715 1810 7048 4713 1809 7050 4715 1801 7052 4716 1811 7051 4715 1810 7050 4715 1801 7053 4716 1803 7052 4716 1811 7050 4715 1801 7048 4713 1809 7054 4713 1798 7050 4715 1801 7055 4717 1812 7052 4716 1811 7053 4716 1803 7056 4717 1806 7055 4717 1812 7053 4716 1803 7059 4718 1807 7058 4718 1812 7057 4718 1806 7062 4721 1800 7061 4720 1799 7060 4719 1798 7060 4719 1798 7061 4720 1799 7063 4722 1801 7061 4720 1799 7064 4723 1802 7063 4722 1801 7065 4698 1803 7063 4722 1801 7064 4723 1802 7066 4699 1804 7065 4698 1803 7064 4723 1802 7066 4699 1804 7067 4700 1805 7065 4698 1803 7067 4700 1805 7068 4701 1806 7065 4698 1803 7067 4700 1805 7069 4702 1807 7068 4701 1806 7072 4726 1799 7071 4725 1800 7070 4724 1798 7070 4724 1798 7073 4727 1801 7072 4726 1799 7073 4727 1801 7074 4728 1802 7072 4726 1799 7073 4727 1801 7075 4708 1803 7074 4728 1802 7075 4708 1803 7076 4709 1804 7074 4728 1802 7075 4708 1803 7077 4710 1805 7076 4709 1804 7075 4708 1803 7078 4711 1806 7077 4710 1805 7078 4711 1806 7079 4712 1807 7077 4710 1805 7082 4731 1798 7081 4730 1809 7080 4729 1800 7081 4730 1809 7083 4729 1808 7080 4729 1800 7085 4732 1810 7081 4730 1809 7084 4732 1801 7086 4716 1811 7085 4732 1810 7084 4732 1801 7087 4716 1803 7086 4716 1811 7084 4732 1801 7081 4730 1809 7088 4731 1798 7084 4732 1801 7089 4717 1812 7086 4716 1811 7087 4716 1803 7090 4717 1806 7089 4717 1812 7087 4716 1803 7093 4718 1807 7092 4718 1812 7091 4718 1806 7096 4735 1800 7095 4734 1799 7094 4733 1798 7094 4733 1798 7095 4734 1799 7097 4722 1801 7095 4734 1799 7098 4723 1802 7097 4722 1801 7099 4698 1803 7097 4722 1801 7098 4723 1802 7100 4699 1804 7099 4698 1803 7098 4723 1802 7100 4699 1804 7101 4700 1805 7099 4698 1803 7101 4700 1805 7102 4701 1806 7099 4698 1803 7101 4700 1805 7103 4702 1807 7102 4701 1806 7106 4738 1799 7105 4737 1800 7104 4736 1798 7104 4736 1798 7107 4727 1801 7106 4738 1799 7107 4727 1801 7108 4728 1802 7106 4738 1799 7107 4727 1801 7109 4708 1803 7108 4728 1802 7109 4708 1803 7110 4709 1804 7108 4728 1802 7109 4708 1803 7111 4710 1805 7110 4709 1804 7109 4708 1803 7112 4711 1806 7111 4710 1805 7112 4711 1806 7113 4712 1807 7111 4710 1805 7116 4739 1809 7115 4729 1808 7114 4739 1798 7115 4729 1808 7117 4729 1800 7114 4739 1798 7119 4732 1810 7116 4739 1809 7118 4732 1801 7120 4716 1811 7119 4732 1810 7118 4732 1801 7121 4716 1803 7120 4716 1811 7118 4732 1801 7116 4739 1809 7122 4739 1798 7118 4732 1801 7123 4717 1812 7120 4716 1811 7121 4716 1803 7124 4717 1806 7123 4717 1812 7121 4716 1803 7127 4718 1807 7126 4718 1812 7125 4718 1806 7130 4742 1705 7129 4741 1704 7128 4740 1705 7131 4743 1706 7130 4742 1705 7128 4740 1705 7129 4741 1704 7133 4744 1707 7132 4744 1704 7132 4744 1704 7133 4744 1707 7134 4744 1707 7134 4744 1707 7135 4744 1707 7132 4744 1704 7132 4744 1704 7135 4744 1707 7136 4744 1704 7134 4744 1707 7133 4744 1707 7137 4745 1708 7135 4744 1707 7134 4744 1707 7137 4745 1708 7128 4740 1705 7139 4747 1704 7138 4746 1705 7128 4740 1705 7138 4746 1705 7140 4748 1706 7142 4747 1704 7139 4747 1704 7141 4747 1705 7141 4747 1705 7143 4747 1704 7142 4747 1704 7131 4743 1706 7145 4743 1705 7144 4743 1709 7147 4749 1709 7146 4749 1705 7131 4743 1706 7150 4752 1704 7149 4751 1705 7148 4750 1707 7148 4750 1707 7149 4751 1705 7151 4753 1710 7152 4754 1711 7151 4753 1710 7149 4751 1705 7153 4755 1709 7152 4754 1711 7149 4751 1705 7154 4756 1712 7151 4753 1710 7152 4754 1711 7151 4753 1710 7155 4757 1713 7148 4750 1707 7151 4753 1710 7154 4756 1712 7155 4757 1713 7148 4750 1707 7155 4757 1713 7156 4758 1708 7155 4757 1713 7157 4759 1707 7156 4758 1708 7158 4760 1710 7157 4759 1707 7155 4757 1713 7155 4757 1713 7154 4756 1712 7158 4760 1710 7158 4760 1710 7159 4761 1705 7157 4759 1707 7157 4759 1707 7159 4761 1705 7160 4762 1704 7154 4756 1712 7161 4763 1711 7158 4760 1710 7158 4760 1710 7161 4763 1711 7159 4761 1705 7162 4764 1709 7159 4761 1705 7161 4763 1711 7165 4767 1705 7164 4766 1705 7163 4765 1704 7166 4768 1706 7164 4766 1705 7165 4767 1705 7163 4765 1704 7168 4769 1705 7167 4769 1704 7170 4771 1704 7169 4770 1705 7163 4765 1704 7172 4773 1705 7171 4772 1705 7170 4771 1704 7172 4773 1705 7173 4774 1706 7171 4772 1705 7175 4774 1709 7173 4774 1706 7174 4774 1705 7178 4777 1710 7177 4776 1713 7176 4775 1707 7176 4775 1707 7177 4776 1713 7179 4778 1708 7177 4776 1713 7180 4779 1707 7179 4778 1708 7181 4780 1710 7180 4779 1707 7177 4776 1713 7181 4780 1710 7182 4781 1705 7180 4779 1707 7181 4780 1710 7183 4782 1711 7182 4781 1705 7184 4783 1712 7183 4782 1711 7181 4780 1710 7177 4776 1713 7184 4783 1712 7181 4780 1710 7178 4777 1710 7184 4783 1712 7177 4776 1713 7184 4783 1712 7178 4777 1710 7185 4784 1711 7185 4784 1711 7178 4777 1710 7186 4785 1709 7186 4785 1709 7178 4777 1710 7187 4766 1705 7176 4775 1707 7187 4766 1705 7178 4777 1710 7188 4786 1709 7182 4781 1705 7183 4782 1711 7180 4779 1707 7182 4781 1705 7189 4787 1704 7190 4788 1704 7187 4766 1705 7176 4775 1707 7193 4791 1707 7192 4790 1708 7191 4789 1707 7191 4789 1707 7192 4790 1708 7194 4792 1707 7197 4795 1716 7196 4794 1714 7195 4793 1715 7197 4795 1716 7198 4796 1717 7196 4794 1714 7196 4794 1714 7198 4796 1717 7199 4797 1718 7200 4798 1719 7196 4794 1714 7199 4797 1718 7196 4794 1714 7200 4798 1719 7201 4799 1720 7196 4794 1714 7202 4800 1721 7195 4793 1715 7196 4794 1714 7203 4801 1722 7202 4800 1721 7201 4799 1720 7203 4801 1722 7196 4794 1714 7206 4800 1725 7205 4803 1723 7204 4802 1724 7206 4800 1725 7204 4802 1724 7207 4804 1726 7207 4804 1726 7208 4805 1727 7206 4800 1725 7208 4805 1727 7209 4806 1728 7206 4800 1725 7206 4800 1725 7209 4806 1728 7210 4807 1729 7211 4793 1730 7206 4800 1725 7210 4807 1729 7212 4801 1731 7205 4803 1723 7206 4800 1725 7213 4808 1732 7205 4803 1723 7212 4801 1731 7212 4801 1731 7214 4809 1733 7213 4808 1732 7217 4812 1705 7216 4811 1704 7215 4810 1705 7217 4812 1705 7215 4810 1705 7218 4813 1706 7220 4769 1705 7216 4811 1704 7219 4769 1704 7222 4770 1705 7221 4770 1704 7216 4811 1704 7225 4815 1710 7224 4810 1705 7223 4814 1707 7223 4814 1707 7224 4810 1705 7226 4816 1704 7225 4815 1710 7227 4817 1709 7224 4810 1705 7228 4818 1711 7227 4817 1709 7225 4815 1710 7229 4819 1712 7228 4818 1711 7225 4815 1710 7225 4815 1710 7223 4814 1707 7230 4820 1713 7230 4820 1713 7229 4819 1712 7225 4815 1710 7231 4821 1710 7229 4819 1712 7230 4820 1713 7230 4820 1713 7232 4822 1707 7231 4821 1710 7231 4821 1710 7232 4822 1707 7233 4823 1705 7233 4823 1705 7232 4822 1707 7234 4824 1704 7235 4825 1708 7232 4822 1707 7230 4820 1713 7230 4820 1713 7223 4814 1707 7235 4825 1708 7229 4819 1712 7231 4821 1710 7236 4826 1711 7236 4826 1711 7231 4821 1710 7233 4823 1705 7237 4827 1709 7236 4826 1711 7233 4823 1705 7240 4830 1705 7239 4829 1704 7238 4828 1705 7241 4831 1706 7240 4830 1705 7238 4828 1705 7239 4829 1704 7243 4833 1707 7242 4832 1704 7242 4832 1704 7243 4833 1707 7244 4834 1707 7244 4834 1707 7245 4835 1707 7242 4832 1704 7242 4832 1704 7245 4835 1707 7246 4836 1704 7248 4831 1709 7247 4831 1705 7241 4831 1706 7251 4839 1716 7250 4838 1714 7249 4837 1717 7251 4839 1716 7252 4840 1715 7250 4838 1714 7249 4837 1717 7250 4838 1714 7253 4841 1718 7254 4798 1719 7253 4841 1718 7250 4838 1714 7254 4798 1719 7250 4838 1714 7255 4799 1720 7255 4799 1720 7250 4838 1714 7256 4801 1722 7256 4801 1722 7250 4838 1714 7257 4842 1721 7257 4842 1721 7250 4838 1714 7252 4840 1715 7260 4842 1725 7259 4844 1724 7258 4843 1723 7258 4843 1723 7261 4801 1731 7260 4842 1725 7262 4845 1732 7261 4801 1731 7258 4843 1723 7260 4842 1725 7263 4846 1726 7259 4844 1724 7263 4846 1726 7260 4842 1725 7264 4847 1727 7264 4847 1727 7260 4842 1725 7265 4848 1728 7260 4842 1725 7266 4849 1729 7265 4848 1728 7267 4840 1730 7266 4849 1729 7260 4842 1725 7261 4801 1731 7262 4845 1732 7268 4809 1733 7271 4850 1736 7270 4850 1734 7269 4850 1735 7269 4850 1735 7270 4850 1734 7272 4850 1737 7275 4848 1734 7274 4806 1738 7273 4851 1739 7273 4851 1739 7274 4806 1738 7276 4851 1740 7276 4851 1740 7277 4852 1741 7273 4851 1739 7273 4851 1739 7277 4852 1741 7278 4852 1742 7277 4852 1741 7279 4853 1743 7278 4852 1742 7282 4805 1737 7281 4847 1734 7280 4854 1740 7280 4854 1740 7281 4847 1734 7283 4854 1739 7280 4854 1740 7283 4854 1739 7284 4855 1741 7283 4854 1739 7285 4855 1742 7284 4855 1741 7285 4855 1742 7286 4856 1743 7284 4855 1741 7289 4857 1709 7288 4857 1705 7287 4857 1706 7292 4858 1706 7291 4858 1705 7290 4858 1709 7295 4786 1746 7294 4860 1744 7293 4859 1745 7293 4859 1745 7294 4860 1744 7296 4861 1747 7295 4786 1746 7297 4862 1748 7294 4860 1744 7298 4863 1749 7294 4860 1744 7297 4862 1748 7299 4864 1750 7294 4860 1744 7298 4863 1749 7298 4863 1749 7300 4865 1751 7299 4864 1750 7298 4863 1749 7301 4866 1752 7300 4865 1751 7301 4866 1752 7302 4867 1753 7300 4865 1751 7302 4867 1753 7301 4866 1752 7303 4868 1754 7303 4868 1754 7301 4866 1752 7304 4869 1755 7300 4865 1751 7302 4867 1753 7305 4870 1756 7301 4866 1752 7306 4871 1757 7304 4869 1755 7306 4871 1757 7301 4866 1752 7298 4863 1749 7304 4869 1755 7306 4871 1757 7307 4872 1758 7306 4871 1757 7308 4873 1759 7307 4872 1758 7308 4873 1759 7306 4871 1757 7298 4863 1749 7307 4872 1758 7308 4873 1759 7309 4785 1760 7299 4864 1750 7300 4865 1751 7310 4874 1761 7300 4865 1751 7305 4870 1756 7310 4874 1761 7294 4860 1744 7299 4864 1750 7311 4861 1747 7312 4875 1762 7311 4861 1747 7299 4864 1750 7299 4864 1750 7310 4874 1761 7312 4875 1762 7312 4875 1762 7310 4874 1761 7313 4876 1763 7310 4874 1761 7305 4870 1756 7314 4877 1764 7310 4874 1761 7314 4877 1764 7313 4876 1763 7313 4876 1763 7314 4877 1764 7315 4878 1765 7304 4869 1755 7316 4879 1766 7303 4868 1754 7303 4868 1754 7316 4879 1766 7317 4880 1767 7307 4872 1758 7318 4793 1768 7304 4869 1755 7304 4869 1755 7318 4793 1768 7316 4879 1766 7309 4785 1760 7319 4795 1769 7307 4872 1758 7307 4872 1758 7319 4795 1769 7318 4793 1768 7320 4768 1770 7319 4795 1769 7309 4785 1760 7321 4881 1771 7319 4795 1769 7320 4768 1770 7320 4768 1770 7322 4797 1772 7321 4881 1771 7323 4786 1746 7322 4797 1772 7320 4768 1770 7323 4786 1746 7324 4798 1773 7322 4797 1772 7325 4748 1774 7324 4798 1773 7323 4786 1746 7314 4877 1764 7326 4882 1775 7315 4878 1765 7315 4878 1765 7326 4882 1775 7327 4883 1776 7326 4882 1775 7328 4884 1777 7327 4883 1776 7326 4882 1775 7314 4877 1764 7329 4885 1778 7329 4885 1778 7330 4886 1779 7326 4882 1775 7330 4886 1779 7331 4884 1777 7326 4882 1775 7332 4887 1780 7330 4886 1779 7329 4885 1778 7333 4888 1781 7332 4887 1780 7329 4885 1778 7334 4889 1782 7332 4887 1780 7333 4888 1781 7334 4889 1782 7333 4888 1781 7335 4890 1783 7335 4890 1783 7333 4888 1781 7336 4891 1784 7334 4889 1782 7337 4803 1785 7332 4887 1780 7338 4802 1786 7337 4803 1785 7334 4889 1782 7335 4890 1783 7338 4802 1786 7334 4889 1782 7339 4804 1787 7338 4802 1786 7335 4890 1783 7337 4803 1785 7340 4808 1788 7332 4887 1780 7332 4887 1780 7340 4808 1788 7330 4886 1779 7340 4808 1788 7341 4809 1789 7330 4886 1779 7330 4886 1779 7341 4809 1789 7342 4884 1777 7336 4891 1784 7343 4805 1790 7335 4890 1783 7335 4890 1783 7343 4805 1790 7339 4804 1787 7305 4870 1756 7333 4888 1781 7329 4885 1778 7329 4885 1778 7314 4877 1764 7305 4870 1756 7302 4867 1753 7333 4888 1781 7305 4870 1756 7302 4867 1753 7336 4891 1784 7333 4888 1781 7303 4868 1754 7336 4891 1784 7302 4867 1753 7343 4805 1790 7336 4891 1784 7317 4880 1767 7317 4880 1767 7336 4891 1784 7303 4868 1754 7346 4827 1746 7345 4893 1745 7344 4892 1744 7345 4893 1745 7347 4861 1747 7344 4892 1744 7346 4827 1746 7344 4892 1744 7348 4894 1748 7344 4892 1744 7349 4895 1749 7348 4894 1748 7350 4896 1750 7349 4895 1749 7344 4892 1744 7350 4896 1750 7351 4897 1751 7349 4895 1749 7351 4897 1751 7352 4898 1752 7349 4895 1749 7351 4897 1751 7353 4899 1753 7352 4898 1752 7353 4899 1753 7354 4900 1754 7352 4898 1752 7352 4898 1752 7354 4900 1754 7355 4901 1755 7356 4902 1756 7353 4899 1753 7351 4897 1751 7355 4901 1755 7357 4903 1757 7352 4898 1752 7349 4895 1749 7352 4898 1752 7357 4903 1757 7358 4904 1758 7357 4903 1757 7355 4901 1755 7358 4904 1758 7359 4905 1759 7357 4903 1757 7359 4905 1759 7349 4895 1749 7357 4903 1757 7360 4817 1760 7359 4905 1759 7358 4904 1758 7361 4906 1761 7351 4897 1751 7350 4896 1750 7361 4906 1761 7356 4902 1756 7351 4897 1751 7362 4875 1762 7361 4906 1761 7350 4896 1750 7362 4875 1762 7350 4896 1750 7363 4861 1747 7344 4892 1744 7363 4861 1747 7350 4896 1750 7364 4876 1763 7361 4906 1761 7362 4875 1762 7365 4907 1764 7356 4902 1756 7361 4906 1761 7364 4876 1763 7365 4907 1764 7361 4906 1761 7366 4878 1765 7365 4907 1764 7364 4876 1763 7355 4901 1755 7354 4900 1754 7367 4849 1766 7367 4849 1766 7354 4900 1754 7368 4848 1767 7358 4904 1758 7355 4901 1755 7369 4840 1768 7369 4840 1768 7355 4901 1755 7367 4849 1766 7360 4817 1760 7358 4904 1758 7370 4839 1769 7370 4839 1769 7358 4904 1758 7369 4840 1768 7360 4817 1760 7370 4839 1769 7371 4813 1770 7371 4813 1770 7370 4839 1769 7372 4908 1771 7373 4841 1772 7371 4813 1770 7372 4908 1771 7374 4827 1746 7371 4813 1770 7373 4841 1772 7375 4798 1773 7374 4827 1746 7373 4841 1772 7376 4748 1774 7374 4827 1746 7375 4798 1773 7365 4907 1764 7366 4878 1765 7377 4909 1775 7377 4909 1775 7366 4878 1765 7378 4883 1776 7378 4883 1776 7379 4884 1777 7377 4909 1775 7380 4910 1778 7365 4907 1764 7377 4909 1775 7377 4909 1775 7381 4911 1779 7380 4910 1778 7377 4909 1775 7382 4884 1777 7381 4911 1779 7380 4910 1778 7381 4911 1779 7383 4912 1780 7380 4910 1778 7383 4912 1780 7384 4913 1781 7384 4913 1781 7383 4912 1780 7385 4914 1782 7385 4914 1782 7386 4915 1783 7384 4913 1781 7384 4913 1781 7386 4915 1783 7387 4916 1784 7383 4912 1780 7388 4843 1785 7385 4914 1782 7385 4914 1782 7388 4843 1785 7389 4844 1786 7385 4914 1782 7389 4844 1786 7386 4915 1783 7386 4915 1783 7389 4844 1786 7390 4846 1787 7381 4911 1779 7391 4845 1788 7383 4912 1780 7383 4912 1780 7391 4845 1788 7388 4843 1785 7381 4911 1779 7392 4809 1789 7391 4845 1788 7393 4884 1777 7392 4809 1789 7381 4911 1779 7387 4916 1784 7386 4915 1783 7394 4847 1790 7394 4847 1790 7386 4915 1783 7390 4846 1787 7384 4913 1781 7356 4902 1756 7380 4910 1778 7356 4902 1756 7365 4907 1764 7380 4910 1778 7353 4899 1753 7356 4902 1756 7384 4913 1781 7387 4916 1784 7353 4899 1753 7384 4913 1781 7354 4900 1754 7353 4899 1753 7387 4916 1784 7354 4900 1754 7387 4916 1784 7368 4848 1767 7368 4848 1767 7387 4916 1784 7394 4847 1790 7397 4919 1707 7396 4918 1707 7395 4917 1708 7398 4920 1707 7397 4919 1707 7395 4917 1708 7401 4923 1707 7400 4922 1707 7399 4921 1704 7399 4921 1704 7400 4922 1707 7402 4924 1704 7399 4921 1704 7403 4925 1707 7401 4923 1707 7404 4924 1704 7403 4925 1707 7399 4921 1704 7407 4928 1793 7406 4927 1791 7405 4926 1792 7405 4926 1792 7406 4927 1791 7408 4929 1794 7405 4926 1792 7408 4929 1794 7409 4930 1795 7410 4931 1796 7409 4930 1795 7408 4929 1794 7406 4927 1791 7411 4932 1797 7408 4929 1794 7408 4929 1794 7411 4932 1797 7410 4931 1796 7414 4935 1793 7413 4934 1792 7412 4933 1791 7412 4933 1791 7413 4934 1792 7415 4936 1794 7413 4934 1792 7416 4937 1795 7415 4936 1794 7415 4936 1794 7416 4937 1795 7417 4938 1796 7412 4933 1791 7415 4936 1794 7418 4939 1797 7418 4939 1797 7415 4936 1794 7417 4938 1796 7421 4941 1795 7420 4940 1792 7419 4940 1792 7420 4940 1792 7422 4942 1793 7419 4940 1792 7423 4942 1793 7422 4942 1793 7420 4940 1792 7426 4945 1793 7425 4944 1792 7424 4943 1791 7424 4943 1791 7425 4944 1792 7427 4946 1794 7425 4944 1792 7428 4947 1795 7427 4946 1794 7427 4946 1794 7428 4947 1795 7429 4948 1796 7424 4943 1791 7427 4946 1794 7430 4949 1797 7430 4949 1797 7427 4946 1794 7429 4948 1796 7433 4952 1794 7432 4951 1792 7431 4950 1791 7431 4950 1791 7432 4951 1792 7434 4953 1793 7432 4951 1792 7433 4952 1794 7435 4954 1795 7436 4955 1796 7435 4954 1795 7433 4952 1794 7436 4955 1796 7433 4952 1794 7437 4956 1797 7437 4956 1797 7433 4952 1794 7431 4950 1791 7440 4941 1795 7439 4957 1792 7438 4957 1792 7439 4957 1792 7441 4958 1793 7438 4957 1792 7442 4958 1793 7441 4958 1793 7439 4957 1792 7445 4961 1793 7444 4960 1792 7443 4959 1791 7443 4959 1791 7444 4960 1792 7446 4962 1794 7444 4960 1792 7447 4963 1795 7446 4962 1794 7446 4962 1794 7447 4963 1795 7448 4964 1796 7443 4959 1791 7446 4962 1794 7449 4965 1797 7449 4965 1797 7446 4962 1794 7448 4964 1796 7452 4968 1794 7451 4967 1792 7450 4966 1791 7450 4966 1791 7451 4967 1792 7453 4969 1793 7451 4967 1792 7452 4968 1794 7454 4970 1795 7455 4971 1796 7454 4970 1795 7452 4968 1794 7455 4971 1796 7452 4968 1794 7456 4972 1797 7456 4972 1797 7452 4968 1794 7450 4966 1791 7459 4974 1795 7458 4973 1792 7457 4973 1792 7458 4973 1792 7460 4975 1793 7457 4973 1792 7461 4975 1793 7460 4975 1793 7458 4973 1792 7464 4978 1800 7463 4977 1798 7462 4976 1799 7463 4977 1798 7465 4979 1801 7462 4976 1799 7462 4976 1799 7465 4979 1801 7466 4980 1802 7467 4981 1803 7466 4980 1802 7465 4979 1801 7468 4982 1804 7466 4980 1802 7467 4981 1803 7468 4982 1804 7467 4981 1803 7469 4983 1805 7469 4983 1805 7467 4981 1803 7470 4984 1806 7469 4983 1805 7470 4984 1806 7471 4985 1807 7474 4988 1799 7473 4987 1798 7472 4986 1800 7473 4987 1798 7474 4988 1799 7475 4989 1801 7475 4989 1801 7474 4988 1799 7476 4990 1802 7475 4989 1801 7476 4990 1802 7477 4991 1803 7477 4991 1803 7476 4990 1802 7478 4992 1804 7477 4991 1803 7478 4992 1804 7479 4993 1805 7477 4991 1803 7479 4993 1805 7480 4994 1806 7480 4994 1806 7479 4993 1805 7481 4995 1807 7484 4997 1809 7483 4997 1798 7482 4996 1808 7482 4996 1808 7483 4997 1798 7485 4996 1800 7487 4998 1810 7486 4998 1801 7484 4997 1809 7488 4999 1811 7486 4998 1801 7487 4998 1810 7489 4999 1803 7486 4998 1801 7488 4999 1811 7484 4997 1809 7486 4998 1801 7490 4997 1798 7491 5000 1812 7489 4999 1803 7488 4999 1811 7492 5000 1806 7489 4999 1803 7491 5000 1812 7495 5001 1807 7494 5001 1806 7493 5001 1812 7498 5004 1800 7497 5003 1798 7496 5002 1799 7497 5003 1798 7499 5005 1801 7496 5002 1799 7496 5002 1799 7499 5005 1801 7500 5006 1802 7501 4981 1803 7500 5006 1802 7499 5005 1801 7502 4982 1804 7500 5006 1802 7501 4981 1803 7502 4982 1804 7501 4981 1803 7503 4983 1805 7503 4983 1805 7501 4981 1803 7504 4984 1806 7503 4983 1805 7504 4984 1806 7505 4985 1807 7508 5009 1799 7507 5008 1798 7506 5007 1800 7507 5008 1798 7508 5009 1799 7509 5010 1801 7509 5010 1801 7508 5009 1799 7510 5011 1802 7509 5010 1801 7510 5011 1802 7511 4991 1803 7511 4991 1803 7510 5011 1802 7512 4992 1804 7511 4991 1803 7512 4992 1804 7513 4993 1805 7511 4991 1803 7513 4993 1805 7514 4994 1806 7514 4994 1806 7513 4993 1805 7515 4995 1807 7518 5014 1798 7517 5013 1800 7516 5012 1809 7516 5012 1809 7517 5013 1800 7519 5013 1808 7521 5015 1810 7520 5015 1801 7516 5012 1809 7522 4999 1811 7520 5015 1801 7521 5015 1810 7523 4999 1803 7520 5015 1801 7522 4999 1811 7516 5012 1809 7520 5015 1801 7524 5014 1798 7525 5000 1812 7523 4999 1803 7522 4999 1811 7526 5000 1806 7523 4999 1803 7525 5000 1812 7529 5001 1807 7528 5001 1806 7527 5001 1812 7532 5018 1800 7531 5017 1798 7530 5016 1799 7531 5017 1798 7533 5005 1801 7530 5016 1799 7530 5016 1799 7533 5005 1801 7534 5006 1802 7535 4981 1803 7534 5006 1802 7533 5005 1801 7536 4982 1804 7534 5006 1802 7535 4981 1803 7536 4982 1804 7535 4981 1803 7537 4983 1805 7537 4983 1805 7535 4981 1803 7538 4984 1806 7537 4983 1805 7538 4984 1806 7539 4985 1807 7542 5021 1799 7541 5020 1798 7540 5019 1800 7541 5020 1798 7542 5021 1799 7543 5010 1801 7543 5010 1801 7542 5021 1799 7544 5011 1802 7543 5010 1801 7544 5011 1802 7545 4991 1803 7545 4991 1803 7544 5011 1802 7546 4992 1804 7545 4991 1803 7546 4992 1804 7547 4993 1805 7545 4991 1803 7547 4993 1805 7548 4994 1806 7548 4994 1806 7547 4993 1805 7549 4995 1807 7552 5022 1809 7551 5022 1798 7550 5013 1808 7550 5013 1808 7551 5022 1798 7553 5013 1800 7555 5015 1810 7554 5015 1801 7552 5022 1809 7556 4999 1811 7554 5015 1801 7555 5015 1810 7557 4999 1803 7554 5015 1801 7556 4999 1811 7552 5022 1809 7554 5015 1801 7558 5022 1798 7559 5000 1812 7557 4999 1803 7556 4999 1811 7560 5000 1806 7557 4999 1803 7559 5000 1812 7563 5001 1807 7562 5001 1806 7561 5001 1812 7566 5025 1815 7565 5024 1814 7564 5023 1813 7565 5024 1814 7567 5026 1816 7564 5023 1813 7567 5026 1816 7565 5024 1814 7568 5027 1817 7565 5024 1814 7569 5028 1818 7568 5027 1817 7568 5027 1817 7569 5028 1818 7570 5029 1819 7569 5028 1818 7571 5030 1820 7570 5029 1819 7570 5029 1819 7571 5030 1820 7572 5031 1821 7571 5030 1820 7573 5032 1822 7572 5031 1821 7564 5023 1813 7567 5026 1816 7574 5033 1823 7567 5026 1816 7575 5034 1824 7574 5033 1823 7576 5035 1825 7574 5033 1823 7575 5034 1824 7577 5036 1826 7576 5035 1825 7575 5034 1824 7577 5036 1826 7575 5034 1824 7578 5037 1827 7575 5034 1824 7579 5038 1828 7578 5037 1827 7568 5027 1817 7579 5038 1828 7567 5026 1816 7579 5038 1828 7575 5034 1824 7567 5026 1816 7578 5037 1827 7579 5038 1828 7580 5039 1829 7579 5038 1828 7581 5040 1830 7580 5039 1829 7570 5029 1819 7581 5040 1830 7568 5027 1817 7581 5040 1830 7579 5038 1828 7568 5027 1817 7582 5041 1831 7580 5039 1829 7581 5040 1830 7583 5042 1832 7582 5041 1831 7581 5040 1830 7572 5031 1821 7583 5042 1832 7570 5029 1819 7583 5042 1832 7581 5040 1830 7570 5029 1819 7586 5045 1835 7585 5044 1834 7584 5043 1833 7585 5044 1834 7587 5046 1836 7584 5043 1833 7585 5044 1834 7586 5045 1835 7588 5047 1837 7589 5048 1838 7585 5044 1834 7588 5047 1837 7589 5048 1838 7588 5047 1837 7590 5049 1839 7591 5050 1840 7589 5048 1838 7590 5049 1839 7591 5050 1840 7590 5049 1839 7592 5051 1841 7593 5052 1842 7591 5050 1840 7592 5051 1841 7594 5053 1843 7588 5047 1837 7586 5045 1835 7595 5054 1844 7594 5053 1843 7586 5045 1835 7594 5053 1843 7595 5054 1844 7596 5055 1845 7595 5054 1844 7597 5056 1846 7596 5055 1845 7597 5056 1846 7595 5054 1844 7598 5057 1847 7595 5054 1844 7599 5058 1848 7598 5057 1847 7584 5043 1833 7599 5058 1848 7586 5045 1835 7599 5058 1848 7595 5054 1844 7586 5045 1835 7594 5053 1843 7596 5055 1845 7600 5059 1849 7601 5060 1850 7594 5053 1843 7600 5059 1849 7590 5049 1839 7588 5047 1837 7601 5060 1850 7588 5047 1837 7594 5053 1843 7601 5060 1850 7601 5060 1850 7600 5059 1849 7602 5061 1851 7603 5062 1852 7601 5060 1850 7602 5061 1851 7592 5051 1841 7590 5049 1839 7603 5062 1852 7590 5049 1839 7601 5060 1850 7603 5062 1852 7606 5065 1842 7605 5064 1853 7604 5063 1841 7605 5064 1853 7607 5066 1854 7604 5063 1841 7608 5067 1852 7604 5063 1841 7607 5066 1854 7609 5068 1855 7608 5067 1852 7607 5066 1854 7608 5067 1852 7609 5068 1855 7610 5041 1851 7609 5068 1855 7611 5069 1856 7610 5041 1851 7609 5068 1855 7612 5070 1857 7611 5069 1856 7612 5070 1857 7613 5071 1858 7611 5069 1856 7613 5071 1858 7614 5072 1859 7611 5069 1856 7612 5070 1857 7609 5068 1855 7615 5073 1860 7609 5068 1855 7607 5066 1854 7615 5073 1860 7607 5066 1854 7605 5064 1853 7615 5073 1860 7605 5064 1853 7616 5074 1861 7615 5073 1860 7617 5075 1855 7612 5070 1857 7615 5073 1860 7618 5076 1854 7617 5075 1855 7615 5073 1860 7619 5077 1852 7617 5075 1855 7618 5076 1854 7619 5077 1852 7620 5078 1851 7617 5075 1855 7620 5078 1851 7621 5079 1862 7617 5075 1855 7617 5075 1855 7621 5079 1862 7612 5070 1857 7612 5070 1857 7621 5079 1862 7613 5071 1858 7621 5079 1862 7614 5072 1859 7613 5071 1858 7622 5080 1841 7619 5077 1852 7618 5076 1854 7618 5076 1854 7623 5081 1853 7622 5080 1841 7618 5076 1854 7615 5073 1860 7623 5081 1853 7623 5081 1853 7624 5082 1842 7622 5080 1841 7615 5073 1860 7625 5074 1861 7623 5081 1853 7610 5041 1851 7611 5069 1856 7626 5083 1863 7626 5083 1863 7611 5069 1856 7614 5072 1859 7614 5072 1859 7621 5079 1862 7627 5084 1864 7621 5079 1862 7620 5078 1851 7627 5084 1864 7628 5085 1865 7614 5072 1859 7627 5084 1864 7628 5085 1865 7626 5083 1863 7614 5072 1859 7629 5086 1866 7626 5083 1863 7628 5085 1865 7630 5087 1867 7629 5086 1866 7628 5085 1865 7631 5088 1868 7629 5086 1866 7630 5087 1867 7632 5089 1869 7631 5088 1868 7630 5087 1867 7629 5086 1866 7633 5090 1845 7626 5083 1863 7633 5090 1845 7634 5091 1849 7626 5083 1863 7631 5088 1868 7635 5092 1846 7629 5086 1866 7635 5092 1846 7633 5090 1845 7629 5086 1866 7627 5084 1864 7636 5093 1870 7628 5085 1865 7636 5093 1870 7630 5087 1867 7628 5085 1865 7637 5094 1845 7636 5093 1870 7627 5084 1864 7637 5094 1845 7638 5095 1846 7636 5093 1870 7638 5095 1846 7639 5096 1871 7636 5093 1870 7636 5093 1870 7639 5096 1871 7630 5087 1867 7639 5096 1871 7632 5089 1869 7630 5087 1867 7639 5096 1871 7640 5097 1872 7632 5089 1869 7640 5097 1872 7641 5098 1873 7632 5089 1869 7642 5099 1849 7637 5094 1845 7627 5084 1864 7640 5097 1872 7643 5100 1874 7641 5098 1873 7640 5097 1872 7644 5101 1875 7643 5100 1874 7644 5101 1875 7645 5102 1876 7643 5100 1874 7645 5102 1876 7646 5103 1875 7643 5100 1874 7646 5103 1875 7647 5104 1877 7643 5100 1874 7641 5098 1873 7643 5100 1874 7647 5104 1877 7641 5098 1873 7647 5104 1877 7632 5089 1869 7645 5102 1876 7644 5101 1875 7648 5105 1878 7649 5106 1879 7645 5102 1876 7648 5105 1878 7648 5105 1878 7650 5107 1880 7649 5106 1879 7650 5107 1880 7651 5108 1881 7649 5106 1879 7646 5103 1875 7645 5102 1876 7652 5109 1878 7645 5102 1876 7649 5106 1879 7652 5109 1878 7652 5109 1878 7649 5106 1879 7653 5110 1880 7649 5106 1879 7654 5108 1881 7653 5110 1880 7655 5111 1847 7647 5104 1877 7646 5103 1875 7656 5112 1848 7655 5111 1847 7646 5103 1875 7656 5112 1848 7646 5103 1875 7657 5113 1833 7646 5103 1875 7652 5109 1878 7657 5113 1833 7657 5113 1833 7652 5109 1878 7658 5114 1836 7652 5109 1878 7653 5110 1880 7658 5114 1836 7659 5115 1836 7650 5107 1880 7648 5105 1878 7660 5116 1833 7659 5115 1836 7648 5105 1878 7648 5105 1878 7644 5101 1875 7660 5116 1833 7644 5101 1875 7661 5117 1848 7660 5116 1833 7662 5118 1847 7661 5117 1848 7644 5101 1875 7640 5097 1872 7662 5118 1847 7644 5101 1875 7662 5118 1847 7640 5097 1872 7639 5096 1871 7638 5095 1846 7662 5118 1847 7639 5096 1871 7647 5104 1877 7655 5111 1847 7631 5088 1868 7655 5111 1847 7635 5092 1846 7631 5088 1868 7647 5104 1877 7631 5088 1868 7632 5089 1869 7665 5052 1883 7664 5119 1882 7663 5032 1842 7664 5119 1882 7666 5119 1853 7663 5032 1842 7667 5120 1861 7666 5119 1853 7664 5119 1882 7670 5121 1840 7669 5082 1842 7668 5121 1884 7669 5082 1842 7671 5065 1883 7668 5121 1884 7670 5121 1840 7668 5121 1884 7672 5122 1885 7673 5123 1838 7670 5121 1840 7672 5122 1885 7673 5123 1838 7672 5122 1885 7674 5124 1834 7672 5122 1885 7675 5124 1886 7674 5124 1834 7674 5124 1834 7675 5124 1886 7676 5125 1836 7675 5124 1886 7677 5125 1887 7676 5125 1836 7680 5126 1888 7679 5126 1880 7678 5126 1881 7681 5025 1836 7679 5126 1880 7680 5126 1888 7682 5046 1889 7681 5025 1836 7680 5126 1888 7634 5091 1849 7610 5041 1851 7626 5083 1863 7620 5078 1851 7642 5099 1849 7627 5084 1864 7685 5129 1815 7684 5128 1813 7683 5127 1814 7683 5127 1814 7684 5128 1813 7686 5130 1816 7686 5130 1816 7687 5131 1817 7683 5127 1814 7683 5127 1814 7687 5131 1817 7688 5132 1818 7687 5131 1817 7689 5133 1819 7688 5132 1818 7688 5132 1818 7689 5133 1819 7690 5134 1820 7689 5133 1819 7691 5135 1821 7690 5134 1820 7690 5134 1820 7691 5135 1821 7692 5136 1822 7684 5128 1813 7693 5137 1823 7686 5130 1816 7686 5130 1816 7693 5137 1823 7694 5138 1824 7695 5139 1825 7694 5138 1824 7693 5137 1823 7696 5140 1826 7694 5138 1824 7695 5139 1825 7696 5140 1826 7697 5141 1827 7694 5138 1824 7694 5138 1824 7697 5141 1827 7698 5142 1828 7687 5131 1817 7686 5130 1816 7698 5142 1828 7698 5142 1828 7686 5130 1816 7694 5138 1824 7697 5141 1827 7699 5143 1829 7698 5142 1828 7698 5142 1828 7699 5143 1829 7700 5144 1830 7689 5133 1819 7687 5131 1817 7700 5144 1830 7700 5144 1830 7687 5131 1817 7698 5142 1828 7701 5145 1831 7700 5144 1830 7699 5143 1829 7702 5146 1832 7700 5144 1830 7701 5145 1831 7691 5135 1821 7689 5133 1819 7702 5146 1832 7702 5146 1832 7689 5133 1819 7700 5144 1830 7705 5149 1835 7704 5148 1833 7703 5147 1834 7703 5147 1834 7704 5148 1833 7706 5150 1836 7703 5147 1834 7707 5151 1837 7705 5149 1835 7708 5152 1838 7707 5151 1837 7703 5147 1834 7708 5152 1838 7709 5153 1839 7707 5151 1837 7710 5154 1840 7709 5153 1839 7708 5152 1838 7710 5154 1840 7711 5155 1841 7709 5153 1839 7712 5156 1842 7711 5155 1841 7710 5154 1840 7713 5157 1843 7705 5149 1835 7707 5151 1837 7714 5158 1844 7705 5149 1835 7713 5157 1843 7713 5157 1843 7715 5159 1845 7714 5158 1844 7714 5158 1844 7715 5159 1845 7716 5160 1846 7716 5160 1846 7717 5161 1847 7714 5158 1844 7714 5158 1844 7717 5161 1847 7718 5162 1848 7704 5148 1833 7705 5149 1835 7718 5162 1848 7718 5162 1848 7705 5149 1835 7714 5158 1844 7713 5157 1843 7719 5163 1849 7715 5159 1845 7720 5164 1850 7719 5163 1849 7713 5157 1843 7709 5153 1839 7720 5164 1850 7707 5151 1837 7707 5151 1837 7720 5164 1850 7713 5157 1843 7720 5164 1850 7721 5165 1851 7719 5163 1849 7722 5166 1852 7721 5165 1851 7720 5164 1850 7711 5155 1841 7722 5166 1852 7709 5153 1839 7709 5153 1839 7722 5166 1852 7720 5164 1850 7725 5169 1842 7724 5168 1841 7723 5167 1853 7723 5167 1853 7724 5168 1841 7726 5170 1854 7727 5171 1852 7726 5170 1854 7724 5168 1841 7728 5172 1855 7726 5170 1854 7727 5171 1852 7727 5171 1852 7729 5145 1851 7728 5172 1855 7728 5172 1855 7729 5145 1851 7730 5173 1856 7728 5172 1855 7730 5173 1856 7731 5174 1857 7731 5174 1857 7730 5173 1856 7732 5175 1858 7732 5175 1858 7730 5173 1856 7733 5176 1859 7731 5174 1857 7734 5177 1860 7728 5172 1855 7728 5172 1855 7734 5177 1860 7726 5170 1854 7726 5170 1854 7734 5177 1860 7723 5167 1853 7723 5167 1853 7734 5177 1860 7735 5178 1861 7736 5179 1855 7734 5177 1860 7731 5174 1857 7737 5180 1854 7734 5177 1860 7736 5179 1855 7738 5181 1852 7737 5180 1854 7736 5179 1855 7738 5181 1852 7736 5179 1855 7739 5182 1851 7739 5182 1851 7736 5179 1855 7740 5183 1862 7736 5179 1855 7731 5174 1857 7740 5183 1862 7731 5174 1857 7732 5175 1858 7740 5183 1862 7740 5183 1862 7732 5175 1858 7733 5176 1859 7741 5184 1841 7737 5180 1854 7738 5181 1852 7737 5180 1854 7741 5184 1841 7742 5185 1853 7737 5180 1854 7742 5185 1853 7734 5177 1860 7742 5185 1853 7741 5184 1841 7743 5186 1842 7734 5177 1860 7742 5185 1853 7744 5178 1861 7729 5145 1851 7745 5187 1863 7730 5173 1856 7730 5173 1856 7745 5187 1863 7733 5176 1859 7740 5183 1862 7733 5176 1859 7746 5188 1864 7740 5183 1862 7746 5188 1864 7739 5182 1851 7746 5188 1864 7733 5176 1859 7747 5189 1865 7733 5176 1859 7745 5187 1863 7747 5189 1865 7748 5190 1866 7747 5189 1865 7745 5187 1863 7749 5191 1867 7747 5189 1865 7748 5190 1866 7750 5192 1868 7749 5191 1867 7748 5190 1866 7751 5193 1869 7749 5191 1867 7750 5192 1868 7748 5190 1866 7745 5187 1863 7752 5194 1845 7752 5194 1845 7745 5187 1863 7753 5195 1849 7750 5192 1868 7748 5190 1866 7754 5196 1846 7754 5196 1846 7748 5190 1866 7752 5194 1845 7746 5188 1864 7747 5189 1865 7755 5197 1870 7755 5197 1870 7747 5189 1865 7749 5191 1867 7756 5198 1845 7746 5188 1864 7755 5197 1870 7756 5198 1845 7755 5197 1870 7757 5199 1846 7757 5199 1846 7755 5197 1870 7758 5200 1871 7755 5197 1870 7749 5191 1867 7758 5200 1871 7758 5200 1871 7749 5191 1867 7751 5193 1869 7758 5200 1871 7751 5193 1869 7759 5201 1872 7759 5201 1872 7751 5193 1869 7760 5202 1873 7761 5203 1849 7746 5188 1864 7756 5198 1845 7759 5201 1872 7760 5202 1873 7762 5204 1874 7762 5204 1874 7763 5205 1875 7759 5201 1872 7764 5206 1876 7763 5205 1875 7762 5204 1874 7762 5204 1874 7765 5207 1875 7764 5206 1876 7766 5208 1877 7765 5207 1875 7762 5204 1874 7760 5202 1873 7766 5208 1877 7762 5204 1874 7760 5202 1873 7751 5193 1869 7766 5208 1877 7764 5206 1876 7767 5209 1878 7763 5205 1875 7768 5210 1879 7767 5209 1878 7764 5206 1876 7767 5209 1878 7768 5210 1879 7769 5211 1880 7769 5211 1880 7768 5210 1879 7770 5212 1881 7765 5207 1875 7771 5213 1878 7764 5206 1876 7764 5206 1876 7771 5213 1878 7768 5210 1879 7771 5213 1878 7772 5214 1880 7768 5210 1879 7768 5210 1879 7772 5214 1880 7773 5212 1881 7774 5215 1847 7765 5207 1875 7766 5208 1877 7775 5216 1848 7765 5207 1875 7774 5215 1847 7775 5216 1848 7776 5217 1833 7765 5207 1875 7765 5207 1875 7776 5217 1833 7771 5213 1878 7776 5217 1833 7777 5218 1836 7771 5213 1878 7771 5213 1878 7777 5218 1836 7772 5214 1880 7778 5219 1836 7767 5209 1878 7769 5211 1880 7779 5220 1833 7767 5209 1878 7778 5219 1836 7767 5209 1878 7779 5220 1833 7763 5205 1875 7763 5205 1875 7779 5220 1833 7780 5221 1848 7781 5222 1847 7763 5205 1875 7780 5221 1848 7759 5201 1872 7763 5205 1875 7781 5222 1847 7781 5222 1847 7758 5200 1871 7759 5201 1872 7757 5199 1846 7758 5200 1871 7781 5222 1847 7766 5208 1877 7750 5192 1868 7774 5215 1847 7774 5215 1847 7750 5192 1868 7754 5196 1846 7766 5208 1877 7751 5193 1869 7750 5192 1868 7784 5156 1883 7783 5136 1842 7782 5223 1882 7782 5223 1882 7783 5136 1842 7785 5223 1853 7786 5224 1861 7782 5223 1882 7785 5223 1853 7789 5225 1840 7788 5225 1884 7787 5186 1842 7787 5186 1842 7788 5225 1884 7790 5169 1883 7789 5225 1840 7791 5226 1885 7788 5225 1884 7792 5227 1838 7791 5226 1885 7789 5225 1840 7792 5227 1838 7793 5228 1834 7791 5226 1885 7791 5226 1885 7793 5228 1834 7794 5228 1886 7793 5228 1834 7795 5229 1836 7794 5228 1886 7794 5228 1886 7795 5229 1836 7796 5229 1887 7799 5230 1888 7798 5230 1881 7797 5230 1880 7800 5129 1836 7799 5230 1888 7797 5230 1880 7801 5150 1889 7799 5230 1888 7800 5129 1836 7753 5195 1849 7745 5187 1863 7729 5145 1851 7739 5182 1851 7746 5188 1864 7761 5203 1849</p>
                </triangles>
            </mesh>
        </geometry>
    </library_geometries>
    <library_controllers>
        <controller id="ID45">
            <skin source="#ID46">
                <bind_shape_matrix>1 0 0 0 0 1 0 0 0 0 1 0 0 0 0 1</bind_shape_matrix>
                <source id="ID54">
                    <Name_array id="ID55" count="30">joint30 joint31 joint15 joint14 joint34 joint2 joint13 joint7 joint25 joint26 joint23 joint24 joint21 joint22 joint18 joint19 joint27 joint20 joint4 joint5 joint6 joint3 joint10 joint11 joint12 joint9 joint28 joint16 joint29 joint17</Name_array>
                    <technique_common>
                        <accessor count="30" source="#ID55">
                            <param name="JOINT" type="Name"/>
                        </accessor>
                    </technique_common>
                </source>
                <source id="ID56">
                    <float_array id="ID57" count="36">0 1 0.500008 0.6 0.700008 0.4 0.300008 0.463981 0.45098 0.460349 0.445792 0.0756695 0.103243 0.2 0.100008 0.8 0.900008 0.029572 0.00198367 0.0282139 0.0221866 0.00144961 0.0202792 0.485206 0.468971 0.476692 0.472938 0.480034 0.499275 0.480278 0.514794 0.52134 0.0324865 0.0259098 0.017731 0.0191501</float_array>
                    <technique_common>
                        <accessor count="36" source="#ID57">
                            <param name="WEIGHT" type="float"/>
                        </accessor>
                    </technique_common>
                </source>
                <source id="ID58">
                    <float_array id="ID59" count="480">1 0 -0 0 -0 1 4.37114e-008 -0.136103 0 -4.37114e-008 1 0.00542226 0 0 0 1 1 0 -0 0 -0 1 4.37114e-008 -0.145331 0 -4.37114e-008 1 -0.000161933 0 0 0 1 1 0 -0 0 -0 1 4.37114e-008 -0.113561 0 -4.37114e-008 1 0.000874667 0 0 0 1 1 0 -0 0 -0 1 4.37114e-008 -0.0979668 0 -4.37114e-008 1 0.000874667 0 0 0 1 1 0 -0 0 -0 1 4.37114e-008 -0.0909272 0 -4.37114e-008 1 -0.0100568 0 0 0 1 1 0 -0 0 -0 1 4.37114e-008 -0.0979668 0 -4.37114e-008 1 0.000874667 0 0 0 1 1 0 -0 0.0181968 -0 1 4.37114e-008 -0.0920517 0 -4.37114e-008 1 0.00371124 0 0 0 1 1 0 -0 -0.0181968 -0 1 4.37114e-008 -0.0920517 0 -4.37114e-008 1 0.00371126 0 0 0 1 0.5 0.866025 3.78552e-008 -0.0724018 -0.866025 0.5 2.18557e-008 -0.0814363 1.77636e-015 -4.37114e-008 1 0.00489874 0 0 0 1 0.5 0.866025 3.78552e-008 -0.0500857 -0.866025 0.5 2.18557e-008 -0.0814366 2.01434e-015 -4.37114e-008 1 0.00489874 0 0 0 1 1 0 -0 0.00768688 -0 1 4.37114e-008 -0.127494 0 -4.37114e-008 1 0.00489874 0 0 0 1 0.5 0.866025 3.78552e-008 -0.0985714 -0.866025 0.5 2.18557e-008 -0.0814364 1.77636e-015 -4.37114e-008 1 0.00489874 0 0 0 1 0.5 -0.866025 -3.78552e-008 0.072402 0.866025 0.5 2.18557e-008 -0.0814363 -1.98523e-023 -4.37114e-008 1 0.00489874 0 0 0 1 0.5 -0.866025 -3.78552e-008 0.0500858 0.866025 0.5 2.18557e-008 -0.0814363 1.53837e-015 -4.37114e-008 1 0.00489874 0 0 0 1 1 0 -0 -0.00768688 -0 1 4.37114e-008 -0.127494 0 -4.37114e-008 1 0.00489874 0 0 0 1 0.5 -0.866025 -3.78552e-008 0.0985714 0.866025 0.5 2.18557e-008 -0.0814363 3.30872e-024 -4.37114e-008 1 0.00489874 0 0 0 1 0.5 0.866025 3.78552e-008 -0.0985714 -0.866025 0.5 2.18557e-008 -0.0814364 1.77636e-015 -4.37114e-008 1 0.00489874 0 0 0 1 0.5 -0.866025 -3.78552e-008 0.0985714 0.866025 0.5 2.18557e-008 -0.0814363 -1.98523e-023 -4.37114e-008 1 0.00489874 0 0 0 1 0.992546 -0.121869 -5.32708e-009 0.0207743 0.121869 0.992546 4.33856e-008 -0.0482843 8.81558e-016 -4.37114e-008 1 0.00425561 0 0 0 1 0.992546 -0.121869 -5.32708e-009 0.0207743 0.121869 0.992546 4.33856e-008 -0.0100647 8.81558e-016 -4.37114e-008 1 0.00726358 0 0 0 1 0.992546 -0.121869 -5.32708e-009 0.0207743 0.121869 0.992546 4.33856e-008 -0.00149307 8.81558e-016 -4.37114e-008 1 -0.0119887 0 0 0 1 0.992546 -0.121869 -5.32708e-009 0.0207743 0.121869 0.992546 4.33856e-008 -0.0823943 4.40779e-016 -4.37114e-008 1 0.00425561 0 0 0 1 0.992546 0.121869 5.32708e-009 -0.0207743 -0.121869 0.992546 4.33856e-008 -0.0482845 0 -4.37114e-008 1 0.00425561 0 0 0 1 0.992546 0.121869 5.32708e-009 -0.0207743 -0.121869 0.992546 4.33856e-008 -0.0100649 0 -4.37114e-008 1 0.00726355 0 0 0 1 0.992546 0.121869 5.32708e-009 -0.0207743 -0.121869 0.992546 4.33856e-008 -0.00149322 1.65436e-024 -4.37114e-008 1 -0.0119887 0 0 0 1 0.992546 0.121869 5.32708e-009 -0.0207743 -0.121869 0.992546 4.33856e-008 -0.0823944 0 -4.37114e-008 1 0.00425561 0 0 0 1 1 8.6888e-008 3.798e-015 0.00592375 8.6888e-008 -1 -4.37114e-008 0.122721 0 4.37114e-008 -1 -0.0197062 0 0 0 1 1 0 -0 -0.00592376 -0 1 4.37114e-008 -0.122721 0 -4.37114e-008 1 0.0197062 0 0 0 1 1 8.6888e-008 3.798e-015 0.00686541 8.6888e-008 -1 -4.37114e-008 0.122721 0 4.37114e-008 -1 -0.0267044 0 0 0 1 1 0 -0 -0.00686543 -0 1 4.37114e-008 -0.122721 0 -4.37114e-008 1 0.0267044 0 0 0 1</float_array>
                    <technique_common>
                        <accessor count="30" source="#ID59" stride="16">
                            <param name="TRANSFORM" type="float4x4"/>
                        </accessor>
                    </technique_common>
                </source>
                <joints>
                    <input semantic="JOINT" source="#ID54"/>
                    <input semantic="INV_BIND_MATRIX" source="#ID58"/>
                </joints>
                <vertex_weights count="7802">
                    <input offset="0" semantic="JOINT" source="#ID54"/>
                    <input offset="1" semantic="WEIGHT" source="#ID56"/>
                    <vcount>2 2 2 2 2 2 2 1 1 1 1 1 1 1 1 1 1 1 1 1 1 1 1 1 1 1 1 1 1 1 1 1 1 1 1 1 1 1 1 1 1 1 1 1 1 1 1 1 1 1 1 1 1 1 1 1 1 1 1 1 1 1 1 1 1 1 1 1 1 1 1 1 1 1 1 1 1 1 1 1 1 1 1 1 1 1 1 1 1 1 1 1 1 1 1 1 1 1 1 1 1 1 1 1 1 1 1 1 1 1 1 1 1 1 1 1 1 1 1 1 1 1 1 1 1 1 1 1 1 1 1 1 1 1 1 1 1 1 1 1 1 1 1 1 1 1 1 1 1 1 1 1 1 1 1 1 1 1 1 1 1 1 1 1 1 1 1 1 1 1 1 1 1 1 1 1 1 1 1 1 1 1 1 1 1 1 1 1 1 1 1 1 1 1 1 1 1 1 1 1 1 1 1 1 1 1 1 1 1 1 1 1 1 1 1 1 1 1 1 1 1 1 1 1 1 1 1 1 1 1 1 1 1 1 1 1 1 1 1 1 1 1 1 1 1 1 1 1 1 1 1 1 1 1 1 1 1 1 1 1 1 1 1 1 1 1 1 1 1 1 1 1 1 1 1 1 1 1 1 1 1 1 1 1 1 1 1 1 1 1 1 1 1 1 1 1 1 1 1 1 1 1 1 1 1 1 1 1 1 1 1 1 1 1 1 1 1 1 1 1 1 1 1 1 1 1 1 1 1 1 1 1 1 1 1 1 1 1 1 1 1 1 1 1 1 2 2 1 2 1 1 2 1 1 1 1 1 1 1 1 1 1 1 1 1 1 1 1 2 2 2 2 2 2 2 2 2 2 2 2 2 2 2 2 2 2 2 2 2 2 2 2 2 2 2 2 2 1 2 2 2 2 1 2 1 1 1 1 1 1 1 1 1 1 1 1 1 1 1 1 1 1 1 1 1 1 1 1 1 1 1 1 1 1 1 1 1 1 1 1 1 1 1 1 1 1 1 1 1 1 1 1 1 1 1 1 1 1 1 1 1 1 1 1 1 1 1 1 1 1 1 1 1 1 1 1 1 1 1 1 1 1 1 1 1 1 1 1 1 1 1 1 2 2 1 2 1 1 2 1 1 1 1 1 1 1 1 1 1 1 1 1 1 1 1 2 2 2 2 2 2 2 2 2 2 2 2 2 2 2 2 2 2 2 2 2 2 2 2 2 2 2 2 2 1 2 2 2 2 1 2 1 1 1 1 1 1 1 1 1 1 1 1 1 1 1 1 1 1 1 1 1 1 1 1 1 1 1 1 1 1 1 1 1 1 1 1 1 1 1 1 1 1 1 1 1 1 1 1 1 1 1 1 1 1 1 1 1 1 1 1 1 1 1 1 1 1 1 1 1 1 1 1 1 1 1 1 1 1 1 1 1 1 1 1 1 1 1 1 1 1 1 1 1 1 1 1 1 1 1 1 1 1 1 1 1 1 1 1 1 1 1 3 1 1 1 1 1 1 1 1 1 1 1 1 1 1 1 1 1 1 1 1 1 1 1 1 1 1 1 1 1 1 1 1 1 1 1 1 1 1 1 1 1 1 1 1 1 1 1 1 1 1 1 1 1 1 1 1 1 1 1 1 1 1 1 1 1 1 1 1 1 1 1 1 1 1 1 1 1 1 1 1 1 1 1 1 1 1 1 1 1 1 1 1 1 1 1 1 1 1 1 1 1 3 1 1 1 1 1 1 1 1 1 1 1 1 1 1 1 1 1 1 1 3 1 1 1 1 1 1 1 1 1 1 1 1 1 1 1 1 1 1 1 1 1 1 1 1 1 1 1 1 1 1 1 1 1 1 1 1 1 1 1 1 3 1 1 1 1 1 1 1 1 1 1 1 1 1 1 1 1 1 1 1 1 1 1 1 1 1 1 1 1 1 1 1 1 1 1 1 1 1 1 1 1 1 1 1 1 1 1 1 1 1 1 1 1 1 1 1 1 1 1 1 1 1 1 1 1 1 1 1 1 1 1 1 1 1 1 1 1 1 1 1 1 1 1 1 1 1 1 1 1 1 1 1 1 1 1 1 1 1 1 1 1 1 1 1 1 1 1 1 1 1 1 1 1 1 1 1 1 1 1 1 1 1 1 1 1 1 1 1 1 1 1 1 1 1 1 1 1 1 1 1 1 1 1 1 1 1 1 1 1 1 1 1 1 1 1 1 1 1 1 1 1 1 1 1 1 1 1 2 2 2 2 2 2 2 2 2 2 2 2 2 2 2 1 2 1 2 2 2 2 2 2 1 2 2 2 2 1 2 1 2 2 2 2 2 2 2 2 2 2 1 2 1 2 2 2 2 2 2 2 2 2 2 2 2 2 2 2 2 2 2 1 2 2 2 2 2 2 2 2 2 2 2 2 2 2 2 2 2 2 1 2 2 2 1 1 1 1 1 1 1 1 1 1 1 1 1 1 1 1 1 1 1 1 1 1 1 1 1 1 1 1 1 1 1 1 1 1 1 1 1 1 1 1 1 1 1 1 1 1 1 1 1 1 1 1 1 1 1 1 1 1 1 1 1 1 1 1 1 1 1 1 1 1 1 1 1 1 1 1 1 1 1 1 1 1 1 1 1 1 1 1 1 1 1 1 1 1 1 1 1 1 1 1 1 1 1 1 1 1 1 1 1 1 1 1 1 1 1 1 1 1 1 1 1 1 1 1 1 1 1 1 1 1 1 1 1 1 1 1 1 1 1 1 1 1 1 1 1 1 1 1 1 1 1 1 1 1 1 1 1 1 1 1 1 1 1 1 1 1 1 1 1 1 1 1 1 1 1 1 1 1 1 1 1 1 1 1 1 1 1 1 1 1 1 1 1 1 1 1 1 1 1 1 1 1 1 1 1 1 1 1 1 1 1 1 1 1 1 1 1 1 1 1 1 1 1 1 1 1 1 1 1 1 1 1 1 1 1 1 1 1 1 1 1 1 1 1 1 1 1 1 1 1 1 1 1 1 1 1 1 1 1 1 1 1 1 1 1 1 1 1 1 1 1 1 1 1 1 1 1 1 1 1 1 1 1 1 1 1 1 1 1 1 1 1 1 1 1 1 1 1 1 1 1 1 1 1 1 1 1 1 1 1 1 1 1 1 1 1 1 1 1 1 1 1 1 1 1 1 1 1 1 1 1 1 1 1 1 1 1 1 1 1 1 1 1 1 1 1 1 1 1 1 1 1 1 1 1 1 1 1 1 1 1 1 1 1 1 1 1 1 1 1 1 1 1 1 1 1 1 1 1 1 1 1 1 1 1 1 1 1 1 1 1 1 1 1 1 1 1 1 1 1 1 1 1 1 1 1 1 1 1 1 1 1 1 1 1 1 1 1 1 1 1 1 1 1 1 1 1 1 1 1 1 2 1 2 1 2 2 1 2 2 1 2 2 2 1 1 1 1 1 1 1 1 1 1 1 1 1 1 1 1 2 2 2 2 2 2 1 1 1 1 2 1 1 1 1 1 1 1 1 2 1 2 1 1 2 1 1 2 1 1 1 1 1 1 2 2 2 2 2 2 1 1 1 1 1 2 1 2 2 1 2 2 1 1 1 1 1 1 1 1 1 1 1 1 1 1 1 1 2 2 2 2 2 2 2 2 2 2 2 2 2 2 1 1 1 1 1 1 1 1 1 1 1 1 1 1 1 1 1 1 2 2 2 2 2 1 1 1 1 1 1 1 1 1 1 1 1 2 2 2 1 1 1 1 1 2 2 2 2 1 1 1 1 1 1 1 1 1 1 1 2 2 2 1 1 2 1 1 1 1 2 2 2 2 2 2 2 2 2 1 2 2 1 1 2 1 2 1 2 2 1 1 1 1 1 1 1 1 1 1 1 1 1 1 1 1 1 1 1 1 1 1 1 1 1 1 1 1 1 1 1 1 1 1 1 1 1 1 1 1 1 1 1 1 1 1 1 1 1 1 1 1 1 1 1 1 1 1 1 1 1 1 1 1 1 1 1 1 1 1 1 1 1 1 1 1 1 1 1 1 1 1 1 1 1 1 1 1 1 1 1 1 1 1 1 1 1 1 1 1 1 1 1 1 1 1 1 1 1 1 1 1 1 1 1 1 1 1 1 1 1 1 1 1 1 1 1 1 1 1 1 1 1 1 1 1 1 1 1 1 1 1 1 1 1 1 1 1 1 1 1 1 1 1 1 1 1 1 1 1 1 1 1 1 1 1 1 1 1 1 1 1 1 1 1 1 1 1 1 1 1 1 1 1 1 1 1 1 1 1 1 1 1 1 1 1 1 1 1 1 1 1 1 1 1 1 1 1 1 1 1 1 1 1 1 1 1 1 1 1 1 1 1 1 1 1 1 1 1 1 1 1 1 1 1 1 1 1 1 1 1 1 1 1 1 1 1 1 1 1 1 1 1 1 1 1 1 1 1 1 1 1 1 1 1 1 1 1 1 1 1 1 1 1 1 1 1 1 1 1 1 1 1 1 1 1 1 1 1 1 1 1 1 1 1 1 1 1 1 1 1 1 1 1 1 1 1 1 1 1 1 1 1 1 1 1 1 1 1 1 1 1 1 1 1 1 1 1 1 1 1 1 1 1 1 1 1 1 1 1 1 1 1 1 1 1 1 1 1 1 1 1 1 1 1 1 1 1 1 1 1 1 1 1 1 1 1 1 1 1 1 1 1 1 1 1 1 1 1 1 1 1 1 1 1 1 1 1 1 1 1 1 1 1 1 1 1 1 1 1 1 1 1 1 1 1 1 1 1 1 1 1 1 1 1 1 1 1 1 1 1 1 1 1 1 1 1 1 1 1 1 1 1 1 1 1 1 1 1 1 1 1 1 1 1 1 1 1 1 1 1 1 1 1 1 1 1 1 1 1 1 1 1 1 1 1 1 1 1 1 1 1 1 1 1 1 1 1 1 1 1 1 1 1 1 1 1 1 1 1 1 1 1 1 1 1 1 1 1 1 1 1 1 1 1 1 1 1 1 1 1 1 1 1 1 1 1 1 1 1 1 1 1 1 1 1 1 1 1 1 1 1 1 1 1 1 1 1 1 1 1 1 1 1 1 1 1 1 1 1 1 1 1 1 1 1 1 1 1 1 1 1 1 1 1 1 1 1 1 1 1 1 1 1 1 1 1 1 1 1 1 1 1 1 1 1 1 1 1 1 1 1 1 1 1 1 1 1 1 1 1 1 1 1 1 1 1 1 1 1 1 1 1 1 1 1 1 1 1 1 1 1 1 1 1 1 1 1 1 1 1 1 1 1 1 1 1 1 1 1 1 1 1 1 1 1 1 1 1 1 1 1 1 1 1 1 1 1 1 1 1 1 1 1 1 1 1 1 1 1 1 1 1 1 1 1 1 1 1 1 1 1 1 1 1 1 1 1 1 1 1 1 1 1 1 1 1 1 1 1 1 1 1 1 1 1 1 1 1 1 1 1 1 1 1 1 1 1 1 1 1 1 1 1 1 1 1 1 1 1 1 1 1 1 1 1 1 1 1 1 1 1 1 1 1 1 1 1 1 1 1 1 1 1 1 1 1 1 1 1 1 1 1 1 1 1 1 1 1 1 1 1 1 1 1 1 1 1 1 1 1 1 1 1 1 1 1 1 1 1 1 1 1 1 1 1 1 1 1 1 1 1 1 1 1 1 1 1 1 1 1 1 1 1 1 1 1 1 1 1 1 1 1 1 1 1 1 1 1 1 1 1 1 1 1 1 1 1 1 1 1 1 1 1 1 1 1 1 1 1 1 1 1 1 1 1 1 1 1 1 1 1 1 1 2 1 2 1 1 2 1 1 1 2 1 1 1 1 1 1 1 1 1 1 1 1 1 1 1 1 1 2 1 1 1 1 1 1 1 1 1 1 1 1 1 1 1 1 1 1 1 1 1 1 2 2 1 2 1 1 1 2 1 1 1 1 1 1 1 1 1 1 1 1 1 1 1 1 1 1 1 1 1 1 1 1 1 1 1 1 1 1 1 1 1 1 1 1 1 1 1 1 1 1 1 1 1 1 1 1 1 1 1 1 1 1 1 1 1 2 1 1 2 1 1 1 2 1 1 1 2 1 2 1 1 1 1 1 2 2 2 2 2 2 2 1 1 1 1 1 1 2 2 2 1 2 1 1 1 1 1 1 1 2 2 1 1 2 1 1 1 1 1 1 1 1 1 1 1 1 1 1 1 1 1 1 1 1 1 1 1 1 1 1 1 1 1 1 1 1 1 1 1 1 1 2 2 1 2 1 2 1 1 1 2 2 1 2 1 1 1 1 1 2 1 1 1 1 1 1 1 1 1 1 1 1 2 2 1 1 2 2 1 1 2 1 2 2 1 2 1 1 2 2 1 1 1 2 2 2 1 1 1 1 1 1 1 1 1 1 1 1 1 1 1 1 1 1 1 1 1 1 1 1 1 1 1 1 1 1 1 1 1 1 1 1 1 1 1 1 1 1 1 1 1 1 1 1 1 1 1 1 1 1 1 1 1 1 1 1 1 1 1 1 1 1 1 1 1 1 1 1 1 1 1 1 1 1 1 1 1 1 1 1 1 1 1 1 1 1 1 1 1 1 1 1 1 1 1 1 1 1 1 1 1 1 1 1 1 1 1 1 1 1 1 1 1 1 1 1 1 1 1 1 1 1 1 1 1 1 1 1 1 1 1 1 1 1 1 1 1 1 1 1 1 1 1 1 1 1 1 1 1 1 1 1 1 1 1 1 1 1 1 1 1 1 1 1 1 1 1 1 1 1 1 1 1 1 1 1 1 1 1 1 1 1 1 1 1 1 1 1 1 1 1 1 1 1 1 1 1 1 1 1 1 1 1 1 1 1 1 1 1 1 1 1 1 1 1 1 1 1 1 1 1 1 1 1 1 1 1 1 1 1 1 1 1 1 1 1 1 1 1 1 1 1 1 1 1 1 1 1 1 1 1 1 1 1 1 1 1 1 1 1 1 1 1 1 1 1 1 1 1 1 1 1 1 1 1 1 1 1 1 1 1 1 1 1 1 1 1 1 1 1 1 1 1 1 1 1 1 1 1 1 1 1 1 1 1 1 1 1 1 1 1 1 1 1 1 1 1 1 1 1 1 1 1 1 1 1 1 1 1 1 1 1 1 1 1 1 1 1 1 1 1 1 1 1 1 1 1 1 1 1 1 1 1 1 1 1 1 1 1 1 1 1 1 1 1 1 1 1 1 1 1 1 1 1 1 1 1 1 1 1 1 1 1 1 1 1 1 1 1 1 1 1 1 1 1 1 1 1 1 1 1 1 1 1 1 1 1 2 1 1 2 1 2 1 1 1 2 1 1 1 1 1 1 1 1 1 1 1 1 1 1 1 1 1 2 1 1 1 1 1 1 1 1 1 1 1 1 1 1 1 1 1 1 1 1 1 1 2 2 1 2 1 1 1 2 1 1 1 1 1 1 1 1 1 1 1 1 1 1 1 1 1 1 1 1 1 1 1 1 1 1 1 1 1 1 1 1 1 1 1 1 1 1 1 1 1 1 1 1 1 1 1 1 1 1 1 1 1 1 1 1 1 2 1 2 1 1 1 1 2 1 1 1 2 1 2 1 1 1 1 1 2 2 2 2 2 2 2 1 1 1 1 1 1 2 2 2 1 2 1 1 1 1 1 1 1 2 2 1 1 2 1 1 1 1 1 1 1 1 1 1 1 1 1 1 1 1 1 1 1 1 1 1 1 1 1 1 1 1 1 1 1 1 1 1 1 1 2 1 2 1 2 1 2 1 1 1 2 2 1 2 1 1 1 1 1 2 1 1 1 1 1 1 1 1 1 1 1 1 2 1 2 1 2 2 1 1 2 1 2 2 1 2 1 1 2 2 1 1 1 2 2 2 1 1 1 2 3 3 2 2 3 3 3 1 1 3 1 1 1 1 1 1 3 3 2 1 3 3 1 1 1 1 1 1 1 3 3 3 3 2 2 3 3 2 2 2 3 3 2 2 3 3 3 1 1 3 1 1 1 1 1 1 3 3 2 1 3 3 1 1 1 1 1 1 1 3 3 3 3 2 2 3 3 2 2 1 1 1 1 1 1 1 1 1 1 1 1 1 1 1 1 1 1 1 1 1 1 1 1 1 1 1 1 1 1 1 1 1 1 1 1 1 1 1 1 1 1 1 1 1 1 1 1 1 1 1 1 1 1 1 1 1 1 1 1 1 1 1 1 1 1 1 1 1 1 1 1 1 1 1 1 1 1 1 1 1 1 1 1 1 1 1 1 1 1 1 1 1 1 1 1 1 1 1 1 1 1 1 1 1 1 1 1 1 1 1 1 1 1 1 1 1 1 1 1 1 1 1 1 1 1 1 1 1 1 1 1 1 1 1 1 1 1 1 1 1 1 1 1 1 1 1 1 1 1 1 1 1 1 1 1 1 1 1 1 1 1 1 1 1 1 1 1 1 1 1 1 1 1 1 1 1 1 1 1 1 1 1 1 1 1 1 1 1 1 1 1 1 1 1 1 1 1 1 1 1 1 1 1 1 1 1 1 1 1 1 1 1 1 1 1 1 1 1 1 1 1 1 1 1 1 1 1 1 1 1 1 1 1 1 1 1 1 1 1 1 1 1 1 1 1 1 1 1 1 1 1 1 1 1 1 1 1 1 1 1 1 1 1 1 1 1 1 3 2 3 2 2 3 3 3 1 1 3 1 1 1 1 1 1 3 3 2 1 3 1 3 1 1 1 1 1 1 3 3 3 3 2 2 3 3 2 2 3 2 3 2 2 3 3 3 1 1 3 1 1 1 1 1 1 3 3 2 1 3 1 3 1 1 1 1 1 1 3 3 3 3 2 2 3 3 2 2 1 1 1 1 1 1 1 1 1 1 1 1 1 1 1 1 1 1 1 1 1 1 1 1 1 1 1 1 1 1 1 1 1 1 1 1 1 1 1 1 1 1 1 1 1 1 1 1 1 1 1 1 1 1 1 1 1 1 1 1 1 1 1 1 1 1 1 1 1 1 1 1 1 1 1 1 1 1 1 1 1 1 1 1 1 1 1 1 1 1 1 1 1 1 1 1 1 1 1 1 1 1 1 1 1 1 1 1 1 1 1 1 1 1 1 1 1 1 1 1 1 1 1 1 1 1 1 1 1 1 1 1 1 1 1 1 1 1 1 1 1 1 1 1 1 1 1 1 1 1 1 1 1 1 1 1 1 1 1 1 1 1 1 1 1 1 1 1 1 1 1 1 1 1 1 1 1 1 1 1 1 1 1 1 1 1 1 1 1 1 1 1 1 1 1 1 1 1 1 1 1 1 1 1 1 1 1 1 1 1 1 1 1 1 1 1 1 1 1 1 1 1 1 1 1 1 1 1 1 1 1 1 1 1 1 1 1 1 1 1 1 1 1 1 1 1 1 1 1 1 1 1 1 1 1 1 1 1 1 1 1 1 1 1 1 1 1 1 1 1 1 1 1 1 1 1 1 1 1 1 1 1 1 1 1 1 1 1 1 1 1 1 1 1 1 1 1 1 1 1 1 1 1 1 1 1 1 1 1 1 1 1 1 1 1 1 1 1 1 1 1 1 1 1 1 1 1 1 1 1 1 1 1 1 1 1 1 1 1 1 1 1 1 1 1 1 1 1 1 1 1 1 1 1 1 1 1 1 1 1 1 1 1 1 1 1 1 1 1 1 1 1 1 1 1 1 1 1 1 1 1 1 1 1 1 1 1 1 1 1 1 1 1 1 1 1 1 1 1 1 1 1 1 1 1 1 1 1 1 1 1 1 1 1 1 1 1 1 1 1 1 1 1 1 1 1 1 1 1 1 1 1 1 1 1 1 1 1 1 1 1 1 1 1 1 1 1 1 1 1 1 1 1 1 1 1 1 1 1 1 1 1 1 1 1 1 1 1 1 1 1 1 1 1 1 1 1 1 1 1 1 1 1 1 1 1 1 1 1 1 1 1 1 1 1 1 1 1 1 1 1 1 1 1 1 1 1 1 1 1 1 1 1 1 1 1 1 1 1 1 1 1 1 1 1 1 1 1 1 1 1 1 1 1 1 1 1 1 1 1 1 1 1 1 1 1 1 1 1 1 1 1 1 1 1 1 1 1 1 1 1 1 1 1 1 1 1 1 1 1 1 1 1 1 1 1 1 1 1 1 1 1 1 1 1 1 1 1 1 1 1 1 1 1 1 1 1 1 1 1 1 1 1 1 1 1 1 1 1 1 1 1 1 1 1 1 1 1 1 1 1 1 1 1 1 1 1 1 1 1 1 1 1 1 1 1 1 1 1 1 1 1 1 1 1 1 1 1 1 1 1 1 1 1 1 1 1 1 1 1 1 1 1 1 1 1 1 1 1 1 1 1 1 1 1 1 1 1 1 1 1 1 1 1 1 1 1 1 1 1 1 1 1 1 1 1 1 1 1 1 1 1 1 1 2 1 1 1 1 1 1 1 1 1 1 1 1 1 1 1 1 1 1 1 1 1 2 1 1 1 1 1 1 1 1 1 1 1 1 1 1 1 1 1 1 1 1 1 1 1 1 2 2 2 2 2 2 2 2 2 2 1 1 1 1 1 1 1 2 2 2 2 2 1 1 1 1 1 1 1 1 1 1 1 1 1 1 1 1 1 1 1 1 1 1 1 1 1 1 1 1 1 1 1 1 1 1 1 1 1 1 1 1 1 1 1 1 1 1 2 2 2 2 2 2 1 1 1 2 2 2 1 1 2 2 2 2 2 2 2 2 2 2 2 2 2 2 2 2 2 2 2 2 2 2 2 1 1 1 1 1 1 1 1 1 1 1 1 1 1 1 1 1 1 1 1 2 2 2 2 2 2 2 2 2 2 1 1 1 1 1 1 1 2 2 2 2 2 1 1 1 1 1 1 1 1 1 1 1 1 1 1 1 1 1 1 1 1 2 2 2 2 2 2 1 1 1 1 1 2 2 2 2 2 2 2 2 2 2 2 2 2 2 2 2 2 2 2 2 2 2 2 2 2 2 1 1 1 1 1 1 1 1 1 1 1 1 1 1 1 1 1 1 1 1 1 1 1 1 1 1 1 1 1 1 1 1 1 1 1 1 1 1 1 1 1 1 1 1 1 1 1 1 1 1 1 1 2 2 2 2 2 2 2 2 2 2 2 2 2 2 2 2 2 2 2 1 1 1 2 1 2 2 2 2 2 2 1 1 1 1 1 1 1 1 1 1 1 1 2 2 2 2 2 1 1 1 1 1 2 2 2 1 1 1 2 1 1 1 1 2 1 1 1 1 1 1 1 1 1 1 1 1 1 1 1 1 1 1 1 1 1 1 1 1 1 1 1 1 1 1 1 2 2 2 2 2 2 2 2 2 2 2 2 2 2 2 2 2 2 1 1 2 1 1 1 2 2 2 2 1 1 1 1 2 1 2 1 1 1 2 1 1 1 2 1 1 1 1 2 2 2 2 2 2 2 2 1 1 1 1 1 1 1 1 1 1 1 1 1 1 1 1 1 2 1 2 1 2 2 1 1 1 1 1 1 1 1 1 2 1 1 1 2 1 2 2 2 2 2 1 1 1 1 1 1 1 1 1 2 1 2 1 1 1 2 1 1 1 1 1 1 1 1 1 1 1 2 2 2 1 2 2 1 1 1 2 2 1 2 2 2 2 2 2 2 1 1 1 1 1 2 2 1 1 2 1 2 2 1 1 1 1 2 1 1 1 1 1 1 1 1 2 2 2 2 1 1 1 1 1 1 1 1 1 1 1 1 1 1 1 1 1 1 1 1 2 2 2 2 2 2 1 1 1 2 2 2 2 2 2 1 1 1 1 1 1 1 1 1 1 1 1 1 1 1 1 1 1 1 1 1 1 1 1 1 1 1 1 1 1 1 1 1 1 1 1 1 1 1 1 1 1 1 1 1 1 1 1 1 1 1 1 1 1 1 1 1 1 1 1 1 1 1 1 1 1 1 1 1 1 1 1 1 1 1 1 1 1 1 1 1 1 1 1 1 1 1 1 1 1 1 1 1 1 1 1 1 1 1 1 1 1 1 1 1 1 1 1 1 1 1 1 1 1 1 1 1 1 1 1 1 1 1 1 1 1 1 1 1 1 1 1 1 1 1 1 1 1 1 1 1 1 1 1 1 1 1 1 1 1 1 1 1 1 1 1 1 1 1 1 1 1 1 1 1 1 1 1 1 1 1 1 1 1 1 1 1 1 1 1 1 1 1 1 1 1 1 1 1 1 1 1 1 1 1 1 1 1 1 1 1 1 1 1 1 1 1 1 1 1 1 1 1 1 1 1 1 1 1 1 1 1 1 1 1 1 1 1 1 1 1 1 1 1 1 1 1 1 1 1 1 1 1 1 1 1 1 1 1 1 1 1 1 1 1 1 1 1 1 1 1 1 1 1 1 1 1 1 1 1 1 1 1 1 1 1 1 1 1 1 1 1 1 1 1 1 1 1 1 1 1 1 1 1 1 1 1 1 1 1 1 1 1 1 1 1 1 1 1 1 1 1 1 1 1 1 1 1 1 1 1 1 1 1 1 1 1 1 1 1 1 1 1 1 1 1 1 1 1 1 1 1 1 1 1 1 1 1 1 1 1 1 1 1 1 1 1 1 1 1 1 1 1 1 1 1 1 1 1 1 1 1 1 1 1 1 1 1 1 1 1 1 1 1 1 1 1 1 1 1 1 1 1 1 1 1 1 1 1 1 1 1 1 1 1 1 1 1 1 1 1 1 1 1 1 1 1 2 1 1 1 1 1 1 1 1 1 1 1 1 1 1 1 1 1 1 1 1 1 2 1 1 1 1 1 1 1 1 1 1 1 1 1 1 1 1 1 1 1 1 1 1 1 1 2 2 2 2 2 2 2 2 2 2 1 1 1 1 1 1 1 2 2 2 2 2 1 1 1 1 1 1 1 1 1 1 1 1 1 1 1 1 1 1 1 1 1 1 1 1 1 1 1 1 1 1 1 1 1 1 1 1 1 1 1 1 1 1 1 1 1 1 1 1 1 1 1 1 1 1 2 2 2 2 2 2 1 1 1 1 1 2 2 2 2 2 2 2 2 2 2 2 2 2 2 2 2 2 2 2 2 2 2 2 2 2 2 1 1 1 1 1 1 1 1 1 1 1 1 2 2 2 2 2 2 2 2 2 2 1 1 1 1 1 1 1 2 2 2 2 2 1 1 1 1 1 1 1 1 1 1 1 1 1 1 1 1 1 1 1 1 2 2 2 2 2 2 1 1 1 2 2 2 1 1 2 2 2 2 2 2 2 2 2 2 2 2 2 2 2 2 2 2 2 2 2 2 2 1 1 1 1 1 1 1 1 1 1 1 1 1 1 1 1 1 1 1 1 1 1 1 1 1 1 1 1 1 1 1 1 1 1 1 1 1 1 1 1 1 1 1 1 1 1 1 1 1 1 1 1 2 2 2 2 2 2 2 2 2 2 2 2 2 2 2 2 2 2 1 1 1 1 1 1 2 2 2 2 1 1 1 1 2 1 1 1 1 1 1 1 1 1 2 1 1 1 2 1 1 1 2 1 1 1 1 2 2 2 2 2 2 2 2 1 1 1 1 1 1 1 1 1 1 1 1 1 1 1 1 1 1 1 1 1 1 1 1 1 1 1 1 1 1 1 1 1 2 2 2 2 2 2 2 2 2 2 2 2 2 2 2 2 2 2 2 1 1 2 1 1 1 2 2 2 2 2 1 1 1 1 2 1 2 1 1 1 2 1 1 1 2 1 1 1 1 2 2 2 2 2 1 1 1 1 1 1 1 1 1 1 1 1 1 1 1 2 1 1 1 2 1 2 1 2 2 1 1 1 1 1 1 1 1 1 2 1 1 1 2 1 2 2 2 2 2 1 1 1 1 1 1 1 1 1 2 1 2 1 1 1 2 1 1 1 1 1 1 1 1 1 1 1 2 2 2 1 2 2 1 1 1 2 2 1 2 2 2 2 2 2 2 1 1 1 1 2 1 2 1 1 2 1 2 2 1 1 1 1 2 1 1 1 1 1 1 1 1 2 2 2 2 1 1 1 1 1 1 1 1 1 1 1 1 1 1 1 1 1 1 1 1 2 2 2 2 2 2 1 1 1 2 2 2 2 2 2 1 2 1 2 1 1 2 2 2 2 2 2 2 2 2 2 2 2 2 2 2 2 2 2 2 2 2 2 2 2 2 2 2 1 2 2 1 1 1 1 1 2 1 2 1 2 1 2 1 1 2 2 2 2 1 1 2 1 1 1 1 1 1 1 1 1 1 1 1 1 1 1 1 2 1 2 1 2 1 1 2 2 1 1 1 2 2 1 2 2 1 1 1 2 1 1 2 2 2 1 1 1 2 2 2 2 1 1 2 1 2 1 1 2 1 1 1 2 1 1 2 1 1 2 2 2 2 2 2 2 2 2 2 2 2 2 2 2 2 2 2 2 2 2 2 2 2 2 2 2 1 2 2 1 1 1 1 1 1 2 2 1 1 1 2 1 1 2 2 2 2 1 1 2 1 1 1 1 1 1 1 1 1 1 1 1 1 1 1 1 2 1 2 1 2 1 2 1 1 1 2 1 1 1 2 2 1 2 2 1 1 1 2 1 1 2 2 2 1 1 1 2 2 1 1 1 2 2 2 2 1 1 2 1 1 1 2 2 2 2 2 2 2 2 1 1 1 1 2 4 3 4 2 4 4 3 2 4 2 4 3 4 3 4 4 4 4 4 1 1 1 1 1 1 1 1 1 1 1 1 1 1 1 1 1 1 1 1 1 1 1 1 1 1 1 1 1 1 1 1 1 1 1 1 1 1 1 1 1 1 1 1 4 4 4 4 1 1 1 1 1 1 1 1 1 1 1 1 1 1 1 1 1 1 1 1 1 1 1 1 1 1 1 1 1 1 1 1 1 1 1 1 1 1 1 1 1 1 1 1 1 1 1 1 1 1 1 1 1 1 1 1 1 1 1 1 1 1 1 1 1 1 1 1 1 1 1 1 1 1 1 1 1 1 1 1 1 1 1 1 1 1 1 2 1 1 1 2 1 1 1 1 2 1 1 1 2 2 2 1 1 1 1 2 2 1 1 1 1 1 1 1 1 1 1 1 1 1 1 1 1 1 1 1 1 1 1 1 1 1 1 1 1 1 1 1 1 1 1 1 1 1 1 1 1 1 1 1 1 1 1 1 1 1 1 1 1 1 1 1 1 1 1 1 1 1 1 1 1 1 1 1 1 1 1 1 1 1 1 1 1 1 1 1 1 1 1 1 1 1 1 1 1 1 1 1 1 1 1 1 1 1 1 1 1 1 1 1 1 1 1 1 1 1 1 1 1 1 1 1 1 1 1 1 1 1 1 1 1 1 1 1 1 1 1 1 1 1 1 1 1 1 1 1 1 1 1 1 1 1 1 1 1 1 1 1 1 1 1 1 1 1 1 1 1 1 1 1 1 1 1 1 1 1 1 1 1 1 1 1 1 1 1 1 1 1 1 1 1 1 1 1 1 1 1 1 1 1 1 1 1 1 1 1 1 1 1 1 1 1 1 1 1 1 1 1 1 1 1 1 1 1 1 1 1 1 1 1 1 1 1 1 1 1 1 1 1 1 1 1 1 1 1 1 1 1 1 1 1 1 1 1 1 1 1 1 1 1 1 1 1 1 1 1 1 1 1 1 1 1 1 1 1 1 1 1 1 1 1 1 1 1 1 1 1 1 1 1 1 1 1 1 1 1 1 1 1 1 1 1 1 1 1 1 1 1 1 1 1 1 1 1 1 1 1 1 1 1 1 1 1 1 1 1 1 1 1 1 1 1 1 1 1 1 1 1 1 1 1 1 1 1 1 1 1 1 1 1 1 1 1 1 1 1 1 1 1 1 1 1 1 1 1 1 1 1 1 1 1 1 1 1 1 1 1 1 1 1 1 1 1 1 1 1 1 1 1 1 1 1 1 1 1 1 1 1 1 1 1 1 1 1 1 1 1 1 1 1 1 1 1 1 1 1 1 1 1 1 1 1 1 1 1 1 1 1 1 1 1 1 1 1 1 1 1 1 1 1 1 1 1 1 1 1 1 1 1 1 1 1 1 1 1 1 1 1 1 1 1 1 1 1 1 1 1 1 1 1 1 1 1 1 1 1 1 1 1 1 1 1 1 1 1 1 1 1 1 1 1 1 1 1 1 1 1 1 1 1 1 1 1 1 1 1 1 1 1 1 1 1 1 1 1 1 1 1 1 1 1 1 1 1 1 1 1 1 1 1 1 1 1 1 1 1 1 1 1 1 1 1 1 1 1 1 1 1 1 1 1 1 1 1 1 1 1 1 1 1 1 1 1 1 1 1 1 1 1 1 1 1 1 1 1 1 1 1 1 1 1 1 1 1 1 1 1 1 1 1 1 1 1 1 1 1 1 1 1 1 1 1 1 1 1 1 1 1 1 1 1 1 1 1 1 1 1 1 1 1 1 1 1 1 1 1 1 1 1 1 1 1 1 1 1 1 1 1 1 1 1 1 1 1 1 1 1 1 1 1 1 1 1 1 1 1 1 1 1 1 1 1 1 1 1 1 1 1 1 1 1 1 1 1 1 1 1 1 1 1 1 1 1 1 1 1 1 1 1 1 1 1 1 1 1 1 1 1 1 1 1 1 1 1 1 1 1 1 1 1 1 1 1 1 1 1 1 1 1 1 1 1 1 1 1 1 1 1 1 1 1 1 1 1 1 1 1 1 1 1 1 1 1 1 1 1 1 1 1 1 1 1 1 1 1 1 1 1 1 1 1 1 1 1 1 1 1 1 1 1 1 1 1 1 1 1 1 1 1 1 1 1 1 1 1 1 1 1 1 1 1 1 1 1 1 1 1 1 1 1 1 1 1 1 1 1 1 1 1 1 1 1 1 1 1 1 1 1 1 1 1 1 1 1 1 1 1 1 1 1 1 1 1 1 1 1 1 1 1 1 1 1 1 1 1 1 1 1 1 1 1 1 1 1 1 1 1 1 1 1 1 1 1 1 1 1 1 1 1 1 1 1 1 1 1 1 1 1 1 1 1 1 1 1 1 1 1 1 1 1 1 1 1 1 1 1 1 1 1 1 1 1 1 1 1 1 1 1 1 1 1 1 1 1 1 1 1 1 1 1 1 1 1 1 1 1 1 1 1 1 1 1 1 1 1 1 1 1 1 1 1 1 1 1 1 1 1 1 1 1 1 1 1 1 1 1 1 1 1 1 1 1 1 1 1 1 1 1 1 1 1 1 1 1 1 1 1 1 1 1 1 1 1 1 1 1 1 1 1 1 1 1 1 1 1 1 1 1 1 1 1 1 1 1 1 1 1 1 1 1 1 1 1 1 1 1 1 1 1 1 1 1 1 1 1 1 1 1 1 1 1 1 1 1 1 1 1 1 1 1 1 1 1 1 1 1 1 1 1 1 1 1 1 1 1 1 1 1 1 1 1 1 1 1 1 1 1 1 1 1 1 1 1 1 1 1 1 1 1 1 1 1 1 1 1 1 1 1 1 1 1 1 1 1 1 1 1 1 1 1 1 1 1 1 1 1 1 1 1 1 1 1 1 1 1 1 1 1 1 1 1</vcount>
                    <v>0 2 1 2 0 2 1 2 0 2 1 2 0 2 1 2 0 2 1 2 0 2 1 2 0 2 1 2 1 1 1 1 1 1 1 1 1 1 1 1 1 1 1 1 1 1 1 1 1 1 1 1 1 1 1 1 1 1 1 1 1 1 1 1 1 1 1 1 1 1 1 1 1 1 1 1 1 1 1 1 1 1 1 1 1 1 1 1 1 1 1 1 1 1 1 1 1 1 1 1 1 1 1 1 1 1 1 1 1 1 1 1 1 1 1 1 1 1 1 1 1 1 1 1 1 1 1 1 1 1 1 1 1 1 1 1 1 1 1 1 1 1 1 1 1 1 1 1 1 1 1 1 1 1 1 1 1 1 1 1 1 1 1 1 1 1 1 1 1 1 1 1 1 1 1 1 1 1 1 1 1 1 1 1 1 1 1 1 1 1 1 1 1 1 1 1 1 1 1 1 1 1 1 1 1 1 1 1 1 1 1 1 1 1 1 1 1 1 1 1 1 1 1 1 1 1 1 1 1 1 1 1 1 1 1 1 1 1 1 1 1 1 1 1 1 1 1 1 1 1 1 1 1 1 1 1 1 1 1 1 1 1 1 1 1 1 1 1 1 1 1 1 1 1 1 1 1 1 1 1 1 1 1 1 1 1 1 1 1 1 1 1 1 1 1 1 1 1 1 1 1 1 1 1 1 1 1 1 1 1 1 1 1 1 1 1 1 1 1 1 1 1 1 1 1 1 1 1 1 1 1 1 1 1 1 1 1 1 1 1 1 1 1 1 1 1 1 1 1 1 1 1 1 1 1 1 1 1 1 1 1 1 1 1 1 1 1 1 1 1 1 1 1 1 1 1 1 1 1 1 1 1 1 1 1 1 1 1 1 1 1 1 1 1 1 1 1 1 1 1 1 1 1 1 1 1 1 1 1 1 1 1 1 1 1 1 1 1 1 1 1 1 1 1 1 1 1 1 1 1 1 1 1 1 1 1 1 1 1 1 1 1 1 1 1 1 1 1 1 1 1 1 1 1 1 1 1 1 1 1 1 1 1 1 1 1 1 1 1 1 1 1 1 1 1 1 1 1 1 1 1 1 1 1 1 1 1 1 1 1 1 1 1 1 1 1 1 1 1 1 1 1 1 1 1 1 1 1 1 1 1 1 1 1 1 1 1 1 1 1 1 1 1 1 1 1 1 1 1 1 1 1 1 1 1 1 1 1 1 1 1 1 1 1 1 1 1 1 1 1 1 1 1 1 1 1 1 1 1 1 1 1 1 1 1 1 1 1 1 1 1 1 1 1 1 1 1 1 1 1 1 1 1 1 1 1 1 1 1 1 1 1 1 1 1 1 1 1 1 1 1 1 1 1 1 1 1 1 1 1 1 1 1 1 1 1 1 1 1 1 1 1 1 1 1 1 1 1 1 1 1 1 1 1 1 1 1 1 1 1 1 1 1 1 1 1 1 1 1 1 1 1 1 1 1 1 1 1 1 1 1 1 1 1 1 1 1 1 1 1 1 1 1 1 1 1 1 1 1 1 1 1 1 1 1 1 1 1 1 1 1 1 1 1 1 1 1 1 1 1 1 1 1 1 0 2 1 2 0 2 1 2 1 1 0 2 1 2 1 1 1 1 0 2 1 2 1 1 1 1 1 1 1 1 1 1 1 1 1 1 1 1 1 1 1 1 1 1 1 1 1 1 1 1 1 1 1 1 0 2 1 2 0 3 1 5 0 2 1 2 0 3 1 5 0 2 1 2 0 2 2 2 0 2 2 2 0 3 1 5 0 2 2 2 0 2 1 2 0 2 1 2 0 3 1 5 0 4 2 6 0 2 2 2 0 2 2 2 0 2 2 2 0 2 2 2 0 2 2 2 0 3 1 5 0 2 1 2 0 2 2 2 0 2 2 2 0 2 2 2 0 2 2 2 0 5 2 3 0 2 2 2 0 6 2 4 0 6 2 4 0 6 2 4 2 1 0 5 2 3 0 6 2 4 0 5 2 3 0 6 2 4 2 1 0 6 2 4 1 1 1 1 1 1 1 1 1 1 1 1 1 1 1 1 1 1 1 1 1 1 1 1 1 1 1 1 1 1 1 1 1 1 1 1 1 1 1 1 1 1 1 1 1 1 1 1 1 1 1 1 1 1 1 1 1 1 1 1 1 1 1 1 1 1 1 1 1 1 1 1 1 1 1 1 1 1 1 1 1 1 1 1 1 1 1 1 1 1 1 1 1 1 1 1 1 1 1 1 1 1 1 1 1 1 1 1 1 1 1 1 1 1 1 1 1 1 1 1 1 1 1 1 1 1 1 1 1 1 1 1 1 1 1 1 1 1 1 1 1 1 1 1 1 1 1 1 1 1 1 1 1 1 1 1 1 1 1 1 1 1 1 1 1 1 1 1 1 1 1 1 1 1 1 1 0 2 1 2 0 2 1 2 1 1 0 2 1 2 1 1 1 1 0 2 1 2 1 1 1 1 1 1 1 1 1 1 1 1 1 1 1 1 1 1 1 1 1 1 1 1 1 1 1 1 1 1 1 1 0 3 1 5 0 2 1 2 0 2 1 2 0 3 1 5 0 2 1 2 0 2 2 2 0 2 2 2 0 3 1 5 0 2 2 2 0 2 1 2 0 2 1 2 0 4 2 6 0 3 1 5 0 2 2 2 0 2 2 2 0 2 2 2 0 2 2 2 0 2 2 2 0 3 1 5 0 2 1 2 0 2 2 2 0 2 2 2 0 2 2 2 0 2 2 2 0 5 2 3 0 2 2 2 0 6 2 4 0 6 2 4 0 6 2 4 2 1 0 5 2 3 0 5 2 3 0 6 2 4 0 6 2 4 2 1 0 6 2 4 1 1 1 1 1 1 1 1 1 1 1 1 1 1 1 1 1 1 1 1 1 1 1 1 1 1 1 1 1 1 1 1 1 1 1 1 1 1 1 1 1 1 1 1 1 1 1 1 1 1 1 1 1 1 1 1 1 1 1 1 1 1 1 1 1 1 1 1 1 1 1 1 1 1 1 1 1 1 1 1 1 1 1 1 1 1 1 1 1 1 1 1 1 1 1 1 1 1 1 1 1 1 1 1 1 1 1 1 1 1 1 1 1 1 1 1 1 1 1 1 1 1 1 1 1 1 1 1 1 1 1 1 1 1 1 1 1 1 1 1 1 1 1 1 1 1 1 1 1 1 1 1 1 1 1 1 1 1 1 1 1 1 1 1 1 1 1 1 1 1 1 1 1 1 1 1 1 1 1 1 1 1 1 1 1 1 1 1 1 1 1 1 1 1 1 1 1 1 1 1 1 1 1 1 1 1 1 1 1 1 1 1 1 1 1 1 1 1 1 1 1 1 0 7 1 9 2 11 1 1 1 1 1 1 1 1 1 1 1 1 1 1 1 1 1 1 1 1 1 1 1 1 1 1 1 1 1 1 1 1 1 1 1 1 1 1 1 1 1 1 1 1 1 1 1 1 1 1 1 1 1 1 1 1 1 1 1 1 1 1 1 1 1 1 1 1 1 1 1 1 1 1 1 1 1 1 1 1 1 1 1 1 1 1 1 1 1 1 1 1 1 1 1 1 1 1 1 1 1 1 1 1 1 1 1 1 1 1 1 1 1 1 1 1 1 1 1 1 1 1 1 1 1 1 1 1 1 1 1 1 1 1 1 1 1 1 1 1 1 1 1 1 1 1 1 1 1 1 1 1 1 1 1 1 1 1 1 1 1 1 1 1 1 1 1 1 1 1 1 1 1 1 1 1 1 1 1 1 1 1 1 1 1 1 1 1 1 1 1 1 1 1 1 1 1 1 1 1 1 1 0 8 1 10 2 12 1 1 1 1 1 1 1 1 1 1 1 1 1 1 1 1 1 1 1 1 1 1 1 1 1 1 1 1 1 1 1 1 1 1 1 1 1 1 0 7 1 9 2 11 1 1 1 1 1 1 1 1 1 1 1 1 1 1 1 1 1 1 1 1 1 1 1 1 1 1 1 1 1 1 1 1 1 1 1 1 1 1 1 1 1 1 1 1 1 1 1 1 1 1 1 1 1 1 1 1 1 1 1 1 1 1 1 1 1 1 1 1 1 1 1 1 1 1 1 1 1 1 1 1 0 8 1 10 2 12 1 1 1 1 1 1 1 1 1 1 1 1 1 1 1 1 1 1 1 1 1 1 1 1 1 1 1 1 1 1 1 1 1 1 1 1 1 1 1 1 1 1 1 1 1 1 1 1 1 1 1 1 1 1 1 1 1 1 1 1 1 1 1 1 1 1 1 1 1 1 1 1 1 1 1 1 1 1 1 1 1 1 1 1 1 1 1 1 1 1 1 1 1 1 1 1 1 1 1 1 1 1 1 1 1 1 1 1 1 1 1 1 1 1 1 1 1 1 1 1 1 1 1 1 1 1 1 1 1 1 1 1 1 1 1 1 1 1 1 1 1 1 1 1 1 1 1 1 1 1 1 1 3 1 3 1 3 1 3 1 3 1 3 1 3 1 3 1 3 1 3 1 3 1 3 1 3 1 3 1 3 1 3 1 3 1 3 1 3 1 3 1 3 1 3 1 3 1 3 1 3 1 3 1 3 1 3 1 3 1 3 1 3 1 3 1 3 1 3 1 3 1 3 1 3 1 3 1 3 1 3 1 3 1 3 1 3 1 3 1 3 1 3 1 3 1 3 1 3 1 3 1 3 1 3 1 3 1 3 1 3 1 3 1 3 1 3 1 3 1 3 1 3 1 3 1 3 1 3 1 3 1 3 1 3 1 3 1 3 1 3 1 3 1 3 1 3 1 3 1 3 1 3 1 3 1 3 1 3 1 3 1 3 1 3 1 3 1 3 1 3 1 3 1 3 1 3 1 3 1 3 1 2 6 3 4 2 5 3 3 2 6 3 4 2 5 3 3 2 5 3 3 2 6 3 4 2 13 3 15 2 13 3 15 2 13 3 15 2 14 3 16 2 13 3 15 2 14 3 16 2 14 3 16 2 14 3 16 2 13 3 15 3 1 2 14 3 16 3 1 2 13 3 15 2 6 3 4 2 5 3 3 2 6 3 4 2 14 3 16 2 14 3 16 3 1 2 13 3 15 2 13 3 15 2 13 3 15 2 14 3 16 3 1 2 14 3 16 3 1 2 13 3 15 2 13 3 15 2 6 3 4 2 6 3 4 2 5 3 3 2 5 3 3 2 6 3 4 2 6 3 4 2 5 3 3 2 5 3 3 3 1 2 14 3 16 3 1 2 14 3 16 2 14 3 16 2 13 3 15 2 14 3 16 2 14 3 16 2 6 3 4 2 6 3 4 2 6 3 4 2 14 3 16 2 5 3 3 2 5 3 3 2 6 3 4 2 5 3 3 2 6 3 4 2 5 3 3 2 14 3 16 2 13 3 15 2 14 3 16 3 1 2 6 3 4 2 14 3 16 2 6 3 4 2 14 3 16 2 5 3 3 2 5 3 3 2 6 3 4 2 5 3 3 2 6 3 4 2 14 3 16 2 14 3 16 2 5 3 3 2 6 3 4 2 5 3 3 2 14 3 16 2 13 3 15 2 14 3 16 2 14 3 16 3 1 2 14 3 16 2 14 3 16 2 14 3 16 3 1 3 1 3 1 2 1 2 1 2 1 2 1 2 1 2 1 2 1 2 1 2 1 2 1 2 1 2 1 2 1 2 1 2 1 2 1 2 1 2 1 2 1 2 1 2 1 2 1 2 1 2 1 2 1 2 1 2 1 2 1 2 1 2 1 2 1 2 1 2 1 2 1 2 1 2 1 2 1 2 1 2 1 2 1 2 1 2 1 2 1 2 1 2 1 2 1 2 1 2 1 2 1 2 1 2 1 2 1 2 1 2 1 2 1 2 1 2 1 2 1 2 1 2 1 2 1 2 1 2 1 2 1 2 1 2 1 2 1 2 1 2 1 2 1 2 1 2 1 2 1 2 1 2 1 2 1 2 1 2 1 2 1 2 1 2 1 2 1 2 1 2 1 2 1 2 1 2 1 2 1 2 1 2 1 2 1 2 1 2 1 2 1 2 1 2 1 2 1 2 1 2 1 2 1 2 1 2 1 2 1 2 1 2 1 2 1 2 1 2 1 2 1 2 1 2 1 2 1 2 1 2 1 2 1 2 1 2 1 2 1 2 1 2 1 2 1 2 1 2 1 2 1 2 1 2 1 2 1 2 1 2 1 2 1 2 1 2 1 2 1 2 1 2 1 2 1 2 1 2 1 2 1 2 1 2 1 2 1 4 1 4 1 4 1 4 1 4 1 4 1 4 1 4 1 4 1 4 1 4 1 4 1 4 1 4 1 4 1 4 1 4 1 4 1 4 1 4 1 4 1 4 1 4 1 4 1 4 1 4 1 4 1 4 1 4 1 4 1 4 1 4 1 4 1 4 1 4 1 4 1 4 1 4 1 4 1 4 1 4 1 4 1 4 1 4 1 4 1 4 1 4 1 4 1 4 1 4 1 4 1 4 1 4 1 4 1 4 1 4 1 4 1 4 1 4 1 4 1 4 1 4 1 4 1 4 1 4 1 4 1 4 1 4 1 4 1 4 1 4 1 4 1 4 1 4 1 4 1 4 1 4 1 4 1 4 1 4 1 4 1 4 1 4 1 4 1 4 1 4 1 4 1 4 1 4 1 4 1 4 1 4 1 4 1 4 1 4 1 4 1 4 1 4 1 4 1 4 1 4 1 4 1 4 1 4 1 4 1 4 1 4 1 4 1 4 1 4 1 4 1 4 1 4 1 4 1 4 1 4 1 4 1 4 1 4 1 4 1 4 1 4 1 4 1 4 1 4 1 4 1 4 1 4 1 4 1 4 1 4 1 4 1 4 1 4 1 4 1 4 1 4 1 4 1 4 1 4 1 4 1 4 1 4 1 4 1 4 1 4 1 4 1 4 1 4 1 4 1 4 1 4 1 4 1 4 1 4 1 4 1 4 1 4 1 4 1 4 1 4 1 4 1 4 1 4 1 4 1 4 1 4 1 4 1 4 1 4 1 4 1 4 1 4 1 4 1 4 1 4 1 4 1 4 1 4 1 4 1 4 1 4 1 4 1 4 1 4 1 4 1 4 1 4 1 4 1 4 1 4 1 4 1 4 1 4 1 4 1 4 1 4 1 4 1 4 1 4 1 4 1 4 1 4 1 4 1 4 1 4 1 4 1 4 1 4 1 4 1 4 1 4 1 4 1 4 1 4 1 4 1 4 1 4 1 4 1 4 1 4 1 4 1 4 1 4 1 4 1 4 1 4 1 4 1 4 1 4 1 4 1 4 1 4 1 4 1 4 1 4 1 4 1 4 1 4 1 4 1 4 1 4 1 4 1 4 1 2 1 2 1 2 1 2 1 2 1 2 1 2 1 2 1 2 1 2 1 2 1 2 1 2 1 2 1 3 1 3 1 3 1 3 1 3 1 3 1 3 1 3 1 3 1 3 1 3 1 3 1 3 1 3 1 3 1 3 1 3 1 3 1 3 1 3 1 3 1 3 1 3 1 3 1 3 1 3 1 3 1 3 1 2 15 3 13 2 1 2 15 3 13 2 1 2 2 3 2 2 2 3 2 2 1 2 2 3 2 2 15 3 13 2 1 2 2 3 2 2 16 3 14 2 2 3 2 2 1 2 1 2 1 2 1 2 1 2 1 2 1 2 1 2 1 2 1 2 1 2 1 2 1 2 1 2 1 2 1 3 14 5 16 3 14 5 16 3 14 5 16 3 14 5 16 3 14 5 16 3 14 5 16 3 1 3 1 3 1 3 1 3 14 5 16 3 1 3 1 3 1 3 1 3 1 3 1 3 1 3 1 3 14 5 16 3 1 3 14 5 16 3 1 3 1 3 14 5 16 3 1 3 1 3 14 5 16 3 1 3 1 3 1 3 1 3 1 3 1 2 2 3 2 2 2 3 2 2 2 3 2 2 2 3 2 2 2 3 2 2 2 3 2 3 1 3 1 3 1 3 1 3 1 2 2 3 2 3 1 2 2 3 2 2 2 3 2 3 1 2 2 3 2 2 2 3 2 3 1 3 1 2 1 2 1 2 1 2 1 2 1 2 1 2 1 2 1 2 1 2 1 2 1 2 1 2 1 2 1 2 13 3 15 2 13 3 15 2 13 3 15 2 13 3 15 2 13 3 15 2 13 3 15 2 13 3 15 2 13 3 15 2 13 3 15 2 13 3 15 2 13 3 15 2 13 3 15 2 13 3 15 2 13 3 15 3 1 3 1 3 1 3 1 3 1 3 1 3 1 3 1 3 1 3 1 3 1 3 1 3 1 3 1 2 1 2 1 2 1 2 1 2 2 3 2 2 15 3 13 2 2 3 2 2 2 3 2 2 15 3 13 2 1 2 1 2 1 2 1 2 1 2 1 2 1 2 1 2 1 2 1 2 1 2 1 2 2 3 2 2 2 3 2 2 15 3 13 2 1 2 1 2 1 2 1 2 1 3 14 5 16 3 14 5 16 3 14 5 16 3 14 5 16 3 1 3 1 3 1 3 1 3 1 3 1 3 1 3 1 3 1 3 1 3 1 3 14 5 16 3 14 5 16 3 14 5 16 3 1 3 1 3 14 5 16 3 1 3 1 3 1 3 1 2 2 3 2 2 2 3 2 2 2 3 2 2 2 3 2 2 13 3 15 2 13 3 15 2 2 3 2 2 13 3 15 2 13 3 15 3 1 2 2 3 2 2 2 3 2 3 1 3 1 2 2 3 2 3 1 2 2 3 2 3 1 2 2 3 2 2 2 3 2 3 1 3 1 5 1 5 1 5 1 5 1 5 1 5 1 5 1 5 1 5 1 5 1 5 1 5 1 5 1 5 1 5 1 5 1 5 1 5 1 5 1 5 1 5 1 5 1 5 1 5 1 6 1 6 1 6 1 6 1 6 1 6 1 6 1 6 1 6 1 6 1 6 1 6 1 6 1 6 1 6 1 6 1 6 1 6 1 6 1 6 1 6 1 6 1 6 1 6 1 6 1 6 1 6 1 6 1 6 1 6 1 6 1 6 1 6 1 6 1 6 1 6 1 6 1 6 1 6 1 6 1 6 1 6 1 6 1 6 1 6 1 6 1 6 1 6 1 6 1 6 1 6 1 6 1 6 1 6 1 6 1 6 1 6 1 6 1 6 1 6 1 6 1 6 1 6 1 6 1 5 1 5 1 5 1 5 1 5 1 5 1 5 1 5 1 5 1 5 1 5 1 5 1 5 1 5 1 5 1 5 1 5 1 5 1 5 1 5 1 5 1 5 1 5 1 5 1 7 1 7 1 7 1 7 1 7 1 7 1 7 1 7 1 7 1 7 1 7 1 7 1 7 1 7 1 7 1 7 1 7 1 7 1 7 1 7 1 7 1 7 1 7 1 7 1 7 1 7 1 7 1 7 1 7 1 7 1 7 1 7 1 7 1 7 1 7 1 7 1 7 1 7 1 7 1 7 1 7 1 7 1 7 1 7 1 7 1 7 1 7 1 7 1 7 1 7 1 7 1 7 1 7 1 7 1 7 1 7 1 7 1 7 1 7 1 7 1 7 1 7 1 7 1 7 1 1 1 1 1 1 1 1 1 1 1 1 1 1 1 1 1 1 1 1 1 1 1 1 1 1 1 1 1 1 1 1 1 1 1 1 1 1 1 1 1 1 1 1 1 1 1 1 1 1 1 1 1 1 1 1 1 1 1 1 1 1 1 1 1 1 1 1 1 1 1 1 1 1 1 1 1 1 1 1 1 1 1 1 1 1 1 1 1 1 1 1 1 1 1 1 1 1 1 1 1 1 1 1 1 1 1 1 1 1 1 1 1 1 1 1 1 1 1 1 1 5 1 5 1 5 1 5 1 5 1 5 1 5 1 5 1 5 1 5 1 5 1 5 1 5 1 5 1 5 1 5 1 5 1 5 1 5 1 5 1 5 1 5 1 5 1 5 1 5 1 5 1 5 1 5 1 5 1 5 1 5 1 5 1 5 1 5 1 5 1 5 1 5 1 5 1 5 1 5 1 5 1 5 1 5 1 5 1 5 1 5 1 5 1 5 1 5 1 5 1 5 1 5 1 5 1 5 1 5 1 5 1 5 1 5 1 5 1 5 1 5 1 5 1 5 1 5 1 5 1 5 1 5 1 5 1 5 1 5 1 5 1 5 1 5 1 5 1 5 1 5 1 5 1 5 1 5 1 5 1 5 1 5 1 5 1 5 1 5 1 5 1 5 1 5 1 5 1 5 1 5 1 5 1 5 1 5 1 5 1 5 1 5 1 5 1 5 1 5 1 5 1 5 1 5 1 5 1 5 1 5 1 5 1 5 1 5 1 5 1 5 1 5 1 5 1 5 1 5 1 5 1 5 1 5 1 5 1 5 1 5 1 5 1 5 1 5 1 5 1 5 1 5 1 5 1 5 1 5 1 5 1 5 1 5 1 5 1 5 1 5 1 5 1 5 1 5 1 5 1 5 1 5 1 5 1 5 1 5 1 5 1 5 1 5 1 5 1 5 1 5 1 5 1 5 1 5 1 5 1 5 1 5 1 5 1 5 1 5 1 5 1 5 1 5 1 5 1 5 1 5 1 5 1 5 1 5 1 5 1 5 1 5 1 5 1 5 1 5 1 5 1 5 1 5 1 5 1 5 1 5 1 5 1 5 1 5 1 5 1 5 1 5 1 5 1 5 1 5 1 5 1 5 1 5 1 5 1 5 1 5 1 5 1 5 1 5 1 5 1 5 1 5 1 5 1 5 1 5 1 5 1 5 1 5 1 5 1 5 1 5 1 5 1 8 1 8 1 8 1 8 1 8 1 8 1 8 1 8 1 8 1 8 1 8 1 8 1 8 1 8 1 8 1 8 1 8 1 8 1 8 1 8 1 8 1 8 1 8 1 8 1 8 1 8 1 8 1 8 1 8 1 8 1 8 1 8 1 8 1 8 1 8 1 8 1 8 1 8 1 8 1 8 1 8 1 8 1 8 1 8 1 8 1 8 1 8 1 8 1 8 1 8 1 8 1 8 1 8 1 8 1 8 1 8 1 8 1 8 1 8 1 8 1 8 1 8 1 8 1 8 1 8 1 8 1 8 1 8 1 8 1 8 1 8 1 8 1 8 1 8 1 8 1 8 1 8 1 8 1 8 1 8 1 8 1 8 1 8 1 8 1 8 1 8 1 8 1 8 1 8 1 8 1 8 1 8 1 8 1 8 1 8 1 8 1 8 1 8 1 8 1 8 1 8 1 8 1 8 1 8 1 8 1 8 1 8 1 8 1 8 1 8 1 8 1 8 1 8 1 8 1 8 1 8 1 8 1 8 1 8 1 8 1 8 1 8 1 8 1 8 1 8 1 8 1 8 1 8 1 8 1 8 1 8 1 8 1 8 1 8 1 8 1 8 1 8 1 8 1 8 1 8 1 8 1 8 1 8 1 8 1 8 1 8 1 8 1 8 1 8 1 8 1 8 1 8 1 8 1 8 1 8 1 8 1 8 1 8 1 8 1 8 1 8 1 8 1 8 1 8 1 8 1 8 1 8 1 8 1 8 1 8 1 8 1 8 1 8 1 8 1 8 1 8 1 8 1 8 1 8 1 8 1 8 1 8 1 8 1 8 1 8 1 8 1 8 1 8 1 8 1 8 1 8 1 8 1 8 1 8 1 8 1 8 1 8 1 8 1 8 1 8 1 8 1 8 1 8 1 8 1 8 1 8 1 8 1 8 1 8 1 8 1 8 1 8 1 8 1 8 1 8 1 8 1 8 1 8 1 8 1 8 1 8 1 8 1 8 1 8 1 8 1 8 1 8 1 8 1 8 1 8 1 8 1 8 1 8 1 8 1 8 1 8 1 8 1 8 1 8 1 8 1 8 1 8 1 8 1 8 1 8 1 8 1 8 1 8 1 8 1 8 1 8 1 8 1 8 1 8 1 8 1 8 1 8 1 8 1 8 1 8 1 8 1 8 1 8 1 8 1 8 1 8 1 8 1 8 1 8 1 8 1 8 1 8 1 8 1 8 1 8 1 8 1 8 1 8 1 8 1 8 1 8 1 8 1 8 1 8 1 8 1 8 1 8 1 8 1 8 1 8 1 8 1 8 1 8 1 8 1 8 1 8 1 8 1 8 1 8 1 8 1 8 1 8 1 8 1 8 1 8 1 8 1 8 1 8 1 8 1 8 1 8 1 8 1 8 1 8 1 8 1 8 1 8 1 8 1 8 1 8 1 8 1 8 1 8 1 8 1 8 1 8 1 8 1 8 1 8 1 8 1 8 1 8 1 8 1 8 1 8 1 8 1 8 1 8 1 8 1 8 1 8 1 8 1 8 1 8 1 8 1 8 1 8 1 8 1 8 1 8 1 8 1 8 1 8 1 8 1 8 1 8 1 8 1 8 1 8 1 8 1 8 1 8 1 8 1 8 1 8 1 8 1 8 1 8 1 8 1 8 1 8 1 8 1 8 1 8 1 8 1 8 1 8 1 8 1 8 1 8 1 8 1 8 1 8 1 8 1 8 1 8 1 8 1 8 1 8 1 8 1 8 1 8 1 8 1 8 1 8 1 8 1 8 1 8 1 8 1 8 1 8 1 8 1 8 1 8 1 8 1 8 1 8 1 8 1 8 1 8 1 8 1 8 1 8 1 8 1 8 2 9 2 9 1 8 2 9 2 9 1 9 1 8 2 9 2 9 1 9 1 9 1 8 2 9 2 9 1 9 1 9 1 9 1 9 1 9 1 9 1 9 1 9 1 9 1 9 1 9 1 9 1 9 1 9 1 9 1 9 1 8 2 9 2 9 1 9 1 9 1 9 1 9 1 9 1 9 1 9 1 9 1 9 1 9 1 9 1 9 1 9 1 9 1 9 1 9 1 9 1 9 1 9 1 9 1 9 1 8 2 9 2 8 2 9 2 9 1 8 2 9 2 9 1 9 1 9 1 8 2 9 2 9 1 9 1 9 1 9 1 9 1 9 1 9 1 9 1 9 1 9 1 9 1 9 1 9 1 9 1 9 1 9 1 9 1 9 1 9 1 9 1 9 1 9 1 9 1 9 1 9 1 9 1 9 1 9 1 9 1 9 1 9 1 9 1 9 1 9 1 9 1 9 1 9 1 9 1 9 1 9 1 9 1 9 1 9 1 9 1 9 1 9 1 9 1 9 1 9 1 9 1 9 1 9 1 9 1 9 1 9 1 9 1 9 1 10 2 11 2 11 1 11 1 10 2 11 2 11 1 11 1 11 1 10 2 11 2 11 1 11 1 11 1 10 2 11 2 11 1 10 2 11 2 11 1 11 1 11 1 11 1 11 1 10 2 11 2 10 2 11 2 10 2 11 2 10 2 11 2 10 2 11 2 10 2 11 2 10 2 11 2 11 1 11 1 11 1 11 1 11 1 11 1 10 2 11 2 10 2 11 2 10 2 11 2 11 1 10 2 11 2 11 1 11 1 11 1 11 1 11 1 11 1 11 1 8 2 11 2 8 2 11 2 11 1 11 1 8 2 11 2 8 1 8 1 8 1 8 1 8 1 8 1 8 1 8 1 8 1 8 1 8 1 8 1 8 1 8 1 8 1 8 1 8 1 8 1 8 1 8 1 8 1 8 1 8 1 8 1 8 1 8 1 8 1 8 1 8 1 8 1 8 1 8 1 8 1 8 1 8 1 8 1 11 1 8 2 11 2 8 2 11 2 11 1 8 2 11 2 11 1 8 2 11 2 11 1 11 1 11 1 8 2 11 2 8 2 11 2 11 1 8 2 11 2 11 1 11 1 11 1 11 1 11 1 8 2 11 2 11 1 11 1 11 1 11 1 11 1 11 1 11 1 11 1 11 1 11 1 11 1 8 1 8 2 9 2 8 2 9 2 8 1 8 1 8 2 9 2 8 2 9 2 8 1 8 1 8 2 9 2 8 1 8 2 9 2 8 2 9 2 8 1 8 2 9 2 8 1 8 1 8 2 9 2 10 2 11 2 2 1 2 1 2 1 10 2 11 2 10 2 11 2 10 2 11 2 2 1 2 1 2 1 12 1 12 1 12 1 12 1 12 1 12 1 12 1 12 1 12 1 12 1 12 1 12 1 12 1 12 1 12 1 12 1 12 1 12 1 12 1 12 1 12 1 12 1 12 1 12 1 12 1 12 1 12 1 12 1 12 1 12 1 12 1 12 1 12 1 12 1 12 1 12 1 12 1 12 1 12 1 12 1 12 1 12 1 12 1 12 1 12 1 12 1 12 1 12 1 12 1 12 1 12 1 12 1 12 1 12 1 12 1 12 1 12 1 12 1 12 1 12 1 12 1 12 1 12 1 12 1 12 1 12 1 12 1 12 1 12 1 12 1 12 1 12 1 12 1 12 1 12 1 12 1 12 1 12 1 12 1 12 1 12 1 12 1 12 1 12 1 12 1 12 1 12 1 12 1 12 1 12 1 12 1 12 1 12 1 12 1 12 1 12 1 12 1 12 1 12 1 12 1 12 1 12 1 12 1 12 1 12 1 12 1 12 1 12 1 12 1 12 1 12 1 12 1 12 1 12 1 12 1 12 1 12 1 12 1 12 1 12 1 12 1 12 1 12 1 12 1 12 1 12 1 12 1 12 1 12 1 12 1 12 1 12 1 12 1 12 1 12 1 12 1 12 1 12 1 12 1 12 1 12 1 12 1 12 1 12 1 12 1 12 1 12 1 12 1 12 1 12 1 12 1 12 1 12 1 12 1 12 1 12 1 12 1 12 1 12 1 12 1 12 1 12 1 12 1 12 1 12 1 12 1 12 1 12 1 12 1 12 1 12 1 12 1 12 1 12 1 12 1 12 1 12 1 12 1 12 1 12 1 12 1 12 1 12 1 12 1 12 1 12 1 12 1 12 1 12 1 12 1 12 1 12 1 12 1 12 1 12 1 12 1 12 1 12 1 12 1 12 1 12 1 12 1 12 1 12 1 12 1 12 1 12 1 12 1 12 1 12 1 12 1 12 1 12 1 12 1 12 1 12 1 12 1 12 1 12 1 12 1 12 1 12 1 12 1 12 1 12 1 12 1 12 1 12 1 12 1 12 1 12 1 12 1 12 1 12 1 12 1 12 1 12 1 12 1 12 1 12 1 12 1 12 1 12 1 12 1 12 1 12 1 12 1 12 1 12 1 12 1 12 1 12 1 12 1 12 1 12 1 12 1 12 1 12 1 12 1 12 1 12 1 12 1 12 1 12 1 12 1 12 1 12 1 12 1 12 1 12 1 12 1 12 1 12 1 12 1 12 1 12 1 12 1 12 1 12 1 12 1 12 1 12 1 12 1 12 1 12 1 12 1 12 1 12 1 12 1 12 1 12 1 12 1 12 1 12 1 12 1 12 1 12 1 12 1 12 1 12 1 12 1 12 1 12 1 12 1 12 1 12 1 12 1 12 1 12 1 12 1 12 1 12 1 12 1 12 1 12 1 12 1 12 1 12 1 12 1 12 1 12 1 12 1 12 1 12 1 12 1 12 1 12 1 12 1 12 1 12 1 12 1 12 1 12 1 12 1 12 1 12 1 12 1 12 1 12 1 12 1 12 1 12 1 12 1 12 1 12 1 12 1 12 1 12 1 12 1 12 1 12 1 12 1 12 1 12 1 12 1 12 1 12 1 12 1 12 1 12 1 12 1 12 1 12 1 12 1 12 1 12 1 12 1 12 1 12 1 12 1 12 1 12 1 12 1 12 1 12 1 12 1 12 1 12 1 12 1 12 1 12 1 12 1 12 1 12 1 12 1 12 1 12 1 12 1 12 1 12 1 12 1 12 1 12 1 12 1 12 1 12 1 12 1 12 1 12 1 12 1 12 1 12 1 12 1 12 1 12 1 12 1 12 1 12 1 12 2 13 2 13 1 13 1 12 2 13 2 13 1 12 2 13 2 13 1 13 1 13 1 12 2 13 2 13 1 13 1 13 1 13 1 13 1 13 1 13 1 13 1 13 1 13 1 13 1 13 1 13 1 13 1 13 1 13 1 13 1 12 2 13 2 13 1 13 1 13 1 13 1 13 1 13 1 13 1 13 1 13 1 13 1 13 1 13 1 13 1 13 1 13 1 13 1 13 1 13 1 13 1 13 1 13 1 13 1 12 2 13 2 12 2 13 2 13 1 12 2 13 2 13 1 13 1 13 1 12 2 13 2 13 1 13 1 13 1 13 1 13 1 13 1 13 1 13 1 13 1 13 1 13 1 13 1 13 1 13 1 13 1 13 1 13 1 13 1 13 1 13 1 13 1 13 1 13 1 13 1 13 1 13 1 13 1 13 1 13 1 13 1 13 1 13 1 13 1 13 1 13 1 13 1 13 1 13 1 13 1 13 1 13 1 13 1 13 1 13 1 13 1 13 1 13 1 13 1 13 1 13 1 13 1 13 1 13 1 13 1 13 1 13 1 13 1 14 2 15 2 15 1 14 2 15 2 15 1 15 1 15 1 15 1 14 2 15 2 15 1 15 1 15 1 14 2 15 2 15 1 14 2 15 2 15 1 15 1 15 1 15 1 15 1 14 2 15 2 14 2 15 2 14 2 15 2 14 2 15 2 14 2 15 2 14 2 15 2 14 2 15 2 15 1 15 1 15 1 15 1 15 1 15 1 14 2 15 2 14 2 15 2 14 2 15 2 15 1 14 2 15 2 15 1 15 1 15 1 15 1 15 1 15 1 15 1 12 2 15 2 12 2 15 2 15 1 15 1 12 2 15 2 12 1 12 1 12 1 12 1 12 1 12 1 12 1 12 1 12 1 12 1 12 1 12 1 12 1 12 1 12 1 12 1 12 1 12 1 12 1 12 1 12 1 12 1 12 1 12 1 12 1 12 1 12 1 12 1 12 1 12 1 12 1 12 1 12 1 12 1 12 1 12 1 12 2 15 2 15 1 12 2 15 2 15 1 12 2 15 2 15 1 12 2 15 2 15 1 15 1 15 1 12 2 15 2 12 2 15 2 15 1 12 2 15 2 15 1 15 1 15 1 15 1 15 1 12 2 15 2 15 1 15 1 15 1 15 1 15 1 15 1 15 1 15 1 15 1 15 1 15 1 12 1 12 2 13 2 12 1 12 2 13 2 12 1 12 2 13 2 12 2 13 2 12 1 12 1 12 2 13 2 12 1 12 2 13 2 12 2 13 2 12 1 12 2 13 2 12 1 12 1 12 2 13 2 14 2 15 2 2 1 2 1 2 1 14 2 15 2 14 2 15 2 14 2 15 2 2 1 2 1 2 1 11 6 16 4 2 14 11 6 16 3 2 14 11 6 16 3 11 6 16 4 11 6 16 4 2 14 11 6 16 3 2 2 11 13 16 6 2 2 11 13 16 6 2 1 2 1 2 2 11 13 16 6 2 1 2 1 2 1 2 1 2 1 2 1 2 2 11 13 16 6 2 14 11 6 16 3 11 6 16 4 2 1 2 2 11 13 16 6 2 2 11 13 16 6 2 1 2 1 2 1 2 1 2 1 2 1 2 1 2 2 11 13 16 6 2 2 11 13 16 6 2 14 11 6 16 3 2 14 11 6 16 3 11 6 16 4 11 6 16 4 2 14 11 6 16 3 2 14 11 6 16 3 11 6 16 4 11 6 16 4 11 6 16 4 2 14 11 6 16 3 2 14 11 6 16 3 11 6 16 4 11 6 16 4 2 14 11 6 16 3 2 2 11 13 16 6 2 2 11 13 16 6 2 1 2 1 2 2 11 13 16 6 2 1 2 1 2 1 2 1 2 1 2 1 2 2 11 13 16 6 2 14 11 6 16 3 11 6 16 4 2 1 2 2 11 13 16 6 2 2 11 13 16 6 2 1 2 1 2 1 2 1 2 1 2 1 2 1 2 2 11 13 16 6 2 2 11 13 16 6 2 14 11 6 16 3 2 14 11 6 16 3 11 6 16 4 11 6 16 4 2 14 11 6 16 3 2 14 11 6 16 3 11 6 16 4 11 6 16 4 16 1 16 1 16 1 16 1 16 1 16 1 16 1 16 1 16 1 16 1 16 1 16 1 16 1 16 1 16 1 16 1 16 1 16 1 16 1 16 1 16 1 16 1 16 1 16 1 16 1 16 1 16 1 16 1 16 1 16 1 16 1 16 1 16 1 16 1 16 1 16 1 16 1 16 1 16 1 16 1 16 1 16 1 16 1 16 1 16 1 16 1 16 1 16 1 16 1 16 1 16 1 16 1 16 1 16 1 16 1 16 1 16 1 16 1 16 1 16 1 16 1 16 1 16 1 16 1 16 1 16 1 16 1 16 1 16 1 16 1 16 1 16 1 16 1 16 1 16 1 16 1 16 1 16 1 16 1 16 1 16 1 16 1 16 1 16 1 16 1 16 1 16 1 16 1 16 1 16 1 16 1 16 1 16 1 16 1 16 1 16 1 16 1 16 1 16 1 16 1 16 1 16 1 16 1 16 1 16 1 16 1 16 1 16 1 16 1 16 1 16 1 16 1 16 1 16 1 16 1 16 1 16 1 16 1 16 1 16 1 16 1 16 1 16 1 16 1 16 1 16 1 16 1 16 1 16 1 16 1 16 1 16 1 16 1 16 1 16 1 16 1 16 1 16 1 16 1 16 1 16 1 16 1 16 1 16 1 16 1 16 1 16 1 16 1 16 1 16 1 16 1 16 1 16 1 16 1 16 1 16 1 16 1 16 1 16 1 16 1 16 1 16 1 16 1 16 1 16 1 16 1 16 1 16 1 16 1 16 1 16 1 16 1 16 1 16 1 16 1 16 1 16 1 16 1 16 1 16 1 16 1 16 1 16 1 16 1 16 1 16 1 16 1 16 1 16 1 16 1 16 1 16 1 16 1 16 1 16 1 16 1 16 1 16 1 16 1 16 1 16 1 16 1 16 1 16 1 16 1 16 1 16 1 16 1 16 1 16 1 16 1 16 1 16 1 16 1 16 1 16 1 16 1 16 1 16 1 16 1 16 1 16 1 16 1 16 1 16 1 16 1 16 1 16 1 16 1 16 1 16 1 16 1 16 1 16 1 16 1 16 1 16 1 16 1 16 1 16 1 16 1 16 1 16 1 16 1 16 1 16 1 16 1 16 1 16 1 16 1 16 1 16 1 16 1 16 1 16 1 16 1 16 1 16 1 16 1 16 1 16 1 16 1 16 1 16 1 16 1 16 1 16 1 16 1 2 14 15 6 17 3 15 6 17 4 2 14 15 6 17 3 15 6 17 4 15 6 17 4 2 14 15 6 17 3 2 2 15 13 17 6 2 2 15 13 17 6 2 1 2 1 2 2 15 13 17 6 2 1 2 1 2 1 2 1 2 1 2 1 2 2 15 13 17 6 2 14 15 6 17 3 15 6 17 4 2 1 2 2 15 13 17 6 2 1 2 2 15 13 17 6 2 1 2 1 2 1 2 1 2 1 2 1 2 2 15 13 17 6 2 2 15 13 17 6 2 14 15 6 17 3 2 14 15 6 17 3 15 6 17 4 15 6 17 4 2 14 15 6 17 3 2 14 15 6 17 3 15 6 17 4 15 6 17 4 2 14 15 6 17 3 15 6 17 4 2 14 15 6 17 3 15 6 17 4 15 6 17 4 2 14 15 6 17 3 2 2 15 13 17 6 2 2 15 13 17 6 2 1 2 1 2 2 15 13 17 6 2 1 2 1 2 1 2 1 2 1 2 1 2 2 15 13 17 6 2 14 15 6 17 3 15 6 17 4 2 1 2 2 15 13 17 6 2 1 2 2 15 13 17 6 2 1 2 1 2 1 2 1 2 1 2 1 2 2 15 13 17 6 2 2 15 13 17 6 2 14 15 6 17 3 2 14 15 6 17 3 15 6 17 4 15 6 17 4 2 14 15 6 17 3 2 14 15 6 17 3 15 6 17 4 15 6 17 4 17 1 17 1 17 1 17 1 17 1 17 1 17 1 17 1 17 1 17 1 17 1 17 1 17 1 17 1 17 1 17 1 17 1 17 1 17 1 17 1 17 1 17 1 17 1 17 1 17 1 17 1 17 1 17 1 17 1 17 1 17 1 17 1 17 1 17 1 17 1 17 1 17 1 17 1 17 1 17 1 17 1 17 1 17 1 17 1 17 1 17 1 17 1 17 1 17 1 17 1 17 1 17 1 17 1 17 1 17 1 17 1 17 1 17 1 17 1 17 1 17 1 17 1 17 1 17 1 17 1 17 1 17 1 17 1 17 1 17 1 17 1 17 1 17 1 17 1 17 1 17 1 17 1 17 1 17 1 17 1 17 1 17 1 17 1 17 1 17 1 17 1 17 1 17 1 17 1 17 1 17 1 17 1 17 1 17 1 17 1 17 1 17 1 17 1 17 1 17 1 17 1 17 1 17 1 17 1 17 1 17 1 17 1 17 1 17 1 17 1 17 1 17 1 17 1 17 1 17 1 17 1 17 1 17 1 17 1 17 1 17 1 17 1 17 1 17 1 17 1 17 1 17 1 17 1 17 1 17 1 17 1 17 1 17 1 17 1 17 1 17 1 17 1 17 1 17 1 17 1 17 1 17 1 17 1 17 1 17 1 17 1 17 1 17 1 17 1 17 1 17 1 17 1 17 1 17 1 17 1 17 1 17 1 17 1 17 1 17 1 17 1 17 1 17 1 17 1 17 1 17 1 17 1 17 1 17 1 17 1 17 1 17 1 17 1 17 1 17 1 17 1 17 1 17 1 17 1 17 1 17 1 17 1 17 1 17 1 17 1 17 1 17 1 17 1 17 1 17 1 17 1 17 1 17 1 17 1 17 1 17 1 17 1 17 1 17 1 17 1 17 1 17 1 17 1 17 1 17 1 17 1 17 1 17 1 17 1 17 1 17 1 17 1 17 1 17 1 17 1 17 1 17 1 17 1 17 1 17 1 17 1 17 1 17 1 17 1 17 1 17 1 17 1 17 1 17 1 17 1 17 1 17 1 17 1 17 1 17 1 17 1 17 1 17 1 17 1 17 1 17 1 17 1 17 1 17 1 17 1 17 1 17 1 17 1 17 1 17 1 17 1 17 1 17 1 17 1 17 1 17 1 17 1 17 1 17 1 17 1 17 1 17 1 17 1 17 1 17 1 17 1 17 1 17 1 17 1 17 1 17 1 17 1 17 1 17 1 17 1 17 1 17 1 17 1 17 1 17 1 17 1 17 1 17 1 17 1 17 1 17 1 17 1 18 1 18 1 18 1 18 1 18 1 18 1 18 1 18 1 18 1 18 1 18 1 18 1 18 1 18 1 18 1 18 1 18 1 18 1 18 1 18 1 18 1 18 1 18 1 18 1 18 1 18 1 18 1 18 1 18 1 18 1 18 1 18 1 18 1 18 1 18 1 18 1 18 1 18 1 18 1 18 1 18 1 18 1 18 1 18 1 18 1 18 1 18 1 18 1 18 1 18 1 18 1 18 1 18 1 18 1 18 1 18 1 18 1 18 1 18 1 18 1 18 1 18 1 18 1 18 1 18 1 18 1 18 1 18 1 18 1 18 1 18 1 18 1 18 1 18 1 18 1 18 1 18 1 18 1 18 1 18 1 18 1 18 1 18 1 18 1 18 1 18 1 18 1 18 1 18 1 18 1 18 1 18 1 18 1 18 1 18 1 18 1 18 1 18 1 18 1 18 1 18 1 18 1 18 1 18 1 18 1 18 1 18 1 18 1 18 1 18 1 18 1 18 1 18 1 18 1 18 1 18 1 18 1 18 1 18 1 18 1 18 1 18 1 18 1 18 1 18 1 18 1 18 1 18 1 18 1 18 1 18 1 18 1 18 1 18 1 18 1 18 1 18 1 18 1 18 1 18 1 18 1 18 1 18 1 18 1 18 1 18 1 18 1 18 1 18 1 18 1 18 1 18 1 18 1 18 1 18 1 18 1 18 1 18 1 18 1 18 1 18 1 18 1 18 1 18 1 18 1 18 1 18 1 18 1 18 1 18 1 18 1 18 1 18 1 18 1 18 1 18 1 18 1 18 1 18 1 18 1 18 1 18 1 18 1 18 1 18 1 18 1 18 1 18 1 18 1 18 1 18 1 18 1 18 1 18 1 18 1 18 1 18 1 18 1 18 1 18 1 18 1 18 1 18 1 18 1 18 1 18 1 18 1 18 1 18 1 18 1 18 1 18 1 18 1 18 1 18 1 18 1 18 1 18 1 18 1 18 1 18 1 18 1 18 1 18 1 18 1 18 1 18 1 18 1 18 1 18 1 18 1 18 1 18 1 18 1 18 1 18 1 18 1 18 1 18 1 18 1 18 1 18 1 18 1 18 1 18 1 18 1 18 1 18 1 18 1 18 1 18 1 18 1 18 1 18 1 18 1 18 1 18 1 18 1 18 1 18 1 18 1 18 1 18 1 18 1 18 1 18 1 18 1 18 1 18 1 18 1 18 1 18 1 18 1 18 1 18 1 18 1 18 1 18 1 18 1 18 1 18 1 18 1 18 1 18 1 18 1 18 1 18 1 18 1 18 1 18 1 18 1 18 1 18 1 18 1 18 1 18 1 18 1 18 1 18 1 18 1 18 1 18 1 18 1 18 1 18 1 18 1 18 1 18 1 18 1 18 1 18 1 18 1 18 1 18 1 18 1 18 1 18 1 18 1 18 1 18 1 18 1 18 1 18 1 18 1 18 1 18 1 18 1 18 1 18 1 18 1 18 1 18 1 18 1 18 1 18 1 18 1 18 1 18 1 18 1 18 1 18 1 18 1 18 1 18 1 18 1 18 1 18 1 18 1 18 1 18 1 18 1 18 1 18 1 18 1 18 1 18 1 18 1 18 1 18 1 18 1 18 1 18 1 18 1 18 1 18 1 18 1 18 1 18 1 18 1 18 1 18 1 18 1 18 1 18 1 18 1 18 1 18 1 18 1 18 1 18 1 18 1 18 1 18 1 18 1 18 1 18 1 18 1 18 1 18 1 18 1 18 1 18 1 18 1 18 1 18 1 18 1 18 1 18 1 18 1 18 1 18 1 18 1 18 1 18 1 18 1 18 1 18 1 18 1 18 1 18 1 18 1 18 1 18 1 18 1 18 1 18 1 18 1 18 2 19 2 18 1 18 1 18 1 18 1 18 1 18 1 18 1 18 1 18 1 18 1 18 1 18 1 18 1 18 1 18 1 18 1 18 1 18 1 18 1 18 1 18 1 18 2 19 2 18 1 18 1 18 1 18 1 18 1 18 1 18 1 18 1 18 1 18 1 18 1 18 1 18 1 18 1 18 1 18 1 18 1 18 1 18 1 18 1 18 1 18 1 18 1 18 1 18 2 19 2 18 2 19 2 18 13 19 15 18 13 19 15 18 13 19 15 18 13 19 15 18 13 19 15 18 13 19 15 18 13 19 15 18 13 19 15 18 1 18 1 18 1 18 1 18 1 18 1 18 1 18 2 19 2 18 2 19 2 18 13 19 15 18 13 19 15 18 13 19 15 18 1 18 1 18 1 18 1 18 1 18 1 18 1 18 1 18 1 18 1 18 1 18 1 18 1 18 1 18 1 18 1 18 1 18 1 18 1 18 1 18 1 18 1 18 1 18 1 18 1 18 1 18 1 18 1 18 1 18 1 18 1 18 1 18 1 18 1 18 1 18 1 18 1 18 1 18 1 18 1 18 1 18 1 18 1 18 1 18 1 18 1 18 2 19 2 18 2 19 2 18 2 19 2 18 13 19 15 18 13 19 15 18 13 19 15 18 1 18 1 18 1 18 2 19 2 18 2 19 2 18 13 19 15 18 1 18 1 18 13 19 15 18 2 19 2 18 13 19 15 18 13 19 15 18 13 19 15 18 13 19 15 18 13 19 15 18 13 19 15 18 13 19 15 18 13 19 15 18 13 19 15 18 13 19 15 18 13 19 15 18 13 19 15 18 13 19 15 18 13 19 15 18 13 19 15 18 13 19 15 18 13 19 15 18 13 19 15 18 13 19 15 18 13 19 15 18 13 19 15 18 1 18 1 18 1 18 1 18 1 18 1 18 1 18 1 18 1 18 1 18 1 18 1 18 1 18 1 18 1 18 1 18 1 18 1 18 1 18 1 18 2 19 2 18 2 19 2 18 13 19 15 18 13 19 15 18 13 19 15 18 13 19 15 18 13 19 15 18 13 19 15 18 13 19 15 18 13 19 15 18 1 18 1 18 1 18 1 18 1 18 1 18 1 18 2 19 2 18 2 19 2 18 13 19 15 18 13 19 15 18 13 19 15 18 1 18 1 18 1 18 1 18 1 18 1 18 1 18 1 18 1 18 1 18 1 18 1 18 1 18 1 18 1 18 1 18 1 18 1 18 1 18 1 18 2 19 2 18 2 19 2 18 2 19 2 18 13 19 15 18 13 19 15 18 13 19 15 18 1 18 1 18 1 18 1 18 1 18 2 19 2 18 2 19 2 18 13 19 15 18 13 19 15 18 2 19 2 18 13 19 15 18 13 19 15 18 13 19 15 18 13 19 15 18 13 19 15 18 13 19 15 18 13 19 15 18 13 19 15 18 13 19 15 18 13 19 15 18 13 19 15 18 13 19 15 18 13 19 15 18 13 19 15 18 13 19 15 18 13 19 15 18 13 19 15 18 13 19 15 18 13 19 15 18 13 19 15 18 13 19 15 20 1 20 1 20 1 20 1 20 1 20 1 20 1 20 1 20 1 20 1 20 1 20 1 20 1 20 1 20 1 20 1 20 1 20 1 20 1 20 1 20 1 20 1 20 1 20 1 20 1 20 1 20 1 20 1 20 1 20 1 20 1 20 1 20 1 20 1 20 1 20 1 20 1 20 1 20 1 20 1 20 1 20 1 20 1 20 1 20 1 20 1 20 1 20 1 20 1 20 1 20 1 20 1 18 2 19 2 18 5 19 3 18 2 19 2 18 5 19 3 18 2 19 2 18 5 19 3 18 2 19 2 18 5 19 3 18 2 19 2 18 5 19 3 18 13 19 15 18 13 19 15 18 13 19 15 18 13 19 15 18 13 19 15 18 13 19 15 19 6 20 4 19 6 20 4 18 13 19 15 20 1 20 1 20 1 19 6 20 4 20 1 19 6 20 4 18 13 19 15 18 13 19 15 18 13 19 15 18 13 19 15 18 13 19 15 20 1 20 1 20 1 20 1 20 1 20 1 20 1 20 1 20 1 20 1 20 1 20 1 18 13 19 15 18 13 19 15 18 13 19 15 18 13 19 15 18 13 19 15 20 1 20 1 20 1 20 1 20 1 18 13 19 15 19 6 20 4 19 6 20 4 20 1 20 1 20 1 19 6 20 4 20 1 20 1 20 1 20 1 19 6 20 4 20 1 20 1 20 1 20 1 20 1 20 1 20 1 20 1 20 1 20 1 20 1 20 1 20 1 20 1 20 1 20 1 20 1 20 1 20 1 20 1 20 1 20 1 20 1 20 1 20 1 20 1 20 1 20 1 20 1 20 1 20 1 18 2 19 2 18 5 19 3 18 5 19 3 18 2 19 2 18 2 19 2 18 5 19 3 18 2 19 2 18 5 19 3 18 2 19 2 18 5 19 3 18 13 19 15 18 13 19 15 18 13 19 15 18 13 19 15 18 13 19 15 18 13 19 15 19 6 20 4 19 6 20 4 20 1 20 1 19 6 20 4 20 1 20 1 20 1 18 13 19 15 18 13 19 15 18 13 19 15 18 13 19 15 20 1 20 1 20 1 20 1 19 6 20 4 20 1 19 6 20 4 20 1 20 1 20 1 19 6 20 4 20 1 20 1 20 1 19 6 20 4 20 1 20 1 20 1 20 1 18 13 19 15 18 13 19 15 18 13 19 15 18 13 19 15 18 13 19 15 18 13 19 15 18 13 19 15 18 13 19 15 20 1 20 1 20 1 20 1 20 1 20 1 20 1 20 1 20 1 20 1 20 1 20 1 20 1 20 1 5 1 5 1 5 1 5 4 21 6 5 1 5 2 21 2 5 1 5 2 21 2 5 2 21 2 5 1 21 1 21 1 21 1 21 1 21 1 21 1 21 1 21 1 18 6 21 4 21 1 21 1 21 1 18 2 21 2 21 1 18 2 21 2 18 6 21 4 18 2 21 2 18 2 21 2 18 6 21 4 21 1 21 1 21 1 21 1 21 1 18 1 18 1 18 1 18 1 18 3 21 5 18 1 18 3 21 5 21 1 21 1 21 1 18 2 21 2 21 1 21 1 21 1 21 1 21 1 21 1 21 1 21 1 21 1 21 1 21 1 5 2 21 2 5 2 21 2 5 2 21 2 5 1 5 2 21 2 5 2 21 2 5 1 5 1 5 1 5 2 21 2 5 2 21 2 5 1 5 2 21 2 5 2 21 2 5 2 21 2 5 2 21 2 5 2 21 2 5 2 21 2 5 2 21 2 5 1 5 1 5 1 5 1 5 1 5 2 21 2 5 3 21 5 5 1 5 1 5 15 21 13 21 1 5 14 21 16 5 15 21 13 5 1 21 1 21 1 21 1 5 14 21 16 21 1 21 1 21 1 21 1 21 1 21 1 21 1 21 1 18 6 21 4 18 2 21 2 18 2 21 2 18 6 21 4 18 1 18 1 18 1 18 1 18 1 18 1 18 1 18 1 18 1 18 1 18 1 18 1 18 1 18 1 18 1 18 1 18 1 18 1 18 1 18 1 18 2 19 2 18 2 19 2 18 2 19 2 18 2 19 2 18 2 19 2 18 2 19 2 18 1 18 1 18 1 18 2 19 2 18 2 19 2 18 2 19 2 18 6 21 4 5 2 21 2 5 2 21 2 22 1 22 1 22 1 22 1 22 1 22 1 22 1 22 1 22 1 22 1 22 1 22 1 22 1 22 1 22 1 22 1 22 1 22 1 22 1 22 1 22 1 22 1 22 1 22 1 22 1 22 1 22 1 22 1 22 1 22 1 22 1 22 1 22 1 22 1 22 1 22 1 22 1 22 1 22 1 22 1 22 1 22 1 22 1 22 1 22 1 22 1 22 1 22 1 22 1 22 1 22 1 22 1 22 1 22 1 22 1 22 1 22 1 22 1 22 1 22 1 22 1 22 1 22 1 22 1 22 1 22 1 22 1 22 1 22 1 22 1 22 1 22 1 22 1 22 1 22 1 22 1 22 1 22 1 22 1 22 1 22 1 22 1 22 1 22 1 22 1 22 1 22 1 22 1 22 1 22 1 22 1 22 1 22 1 22 1 22 1 22 1 22 1 22 1 22 1 22 1 22 1 22 1 22 1 22 1 22 1 22 1 22 1 22 1 22 1 22 1 22 1 22 1 22 1 22 1 22 1 22 1 22 1 22 1 22 1 22 1 22 1 22 1 22 1 22 1 22 1 22 1 22 1 22 1 22 1 22 1 22 1 22 1 22 1 22 1 22 1 22 1 22 1 22 1 22 1 22 1 22 1 22 1 22 1 22 1 22 1 22 1 22 1 22 1 22 1 22 1 22 1 22 1 22 1 22 1 22 1 22 1 22 1 22 1 22 1 22 1 22 1 22 1 22 1 22 1 22 1 22 1 22 1 22 1 22 1 22 1 22 1 22 1 22 1 22 1 22 1 22 1 22 1 22 1 22 1 22 1 22 1 22 1 22 1 22 1 22 1 22 1 22 1 22 1 22 1 22 1 22 1 22 1 22 1 22 1 22 1 22 1 22 1 22 1 22 1 22 1 22 1 22 1 22 1 22 1 22 1 22 1 22 1 22 1 22 1 22 1 22 1 22 1 22 1 22 1 22 1 22 1 22 1 22 1 22 1 22 1 22 1 22 1 22 1 22 1 22 1 22 1 22 1 22 1 22 1 22 1 22 1 22 1 22 1 22 1 22 1 22 1 22 1 22 1 22 1 22 1 22 1 22 1 22 1 22 1 22 1 22 1 22 1 22 1 22 1 22 1 22 1 22 1 22 1 22 1 22 1 22 1 22 1 22 1 22 1 22 1 22 1 22 1 22 1 22 1 22 1 22 1 22 1 22 1 22 1 22 1 22 1 22 1 22 1 22 1 22 1 22 1 22 1 22 1 22 1 22 1 22 1 22 1 22 1 22 1 22 1 22 1 22 1 22 1 22 1 22 1 22 1 22 1 22 1 22 1 22 1 22 1 22 1 22 1 22 1 22 1 22 1 22 1 22 1 22 1 22 1 22 1 22 1 22 1 22 1 22 1 22 1 22 1 22 1 22 1 22 1 22 1 22 1 22 1 22 1 22 1 22 1 22 1 22 1 22 1 22 1 22 1 22 1 22 1 22 1 22 1 22 1 22 1 22 1 22 1 22 1 22 1 22 1 22 1 22 1 22 1 22 1 22 1 22 1 22 1 22 1 22 1 22 1 22 1 22 1 22 1 22 1 22 1 22 1 22 1 22 1 22 1 22 1 22 1 22 1 22 1 22 1 22 1 22 1 22 1 22 1 22 1 22 1 22 1 22 1 22 1 22 1 22 1 22 1 22 1 22 1 22 1 22 1 22 1 22 1 22 1 22 1 22 1 22 1 22 1 22 1 22 1 22 1 22 1 22 1 22 1 22 1 22 1 22 1 22 1 22 1 22 1 22 1 22 1 22 1 22 1 22 1 22 1 22 1 22 1 22 1 22 1 22 1 22 1 22 1 22 1 22 1 22 1 22 1 22 1 22 1 22 1 22 1 22 2 23 2 22 1 22 1 22 1 22 1 22 1 22 1 22 1 22 1 22 1 22 1 22 1 22 1 22 1 22 1 22 1 22 1 22 1 22 1 22 1 22 1 22 1 22 2 23 2 22 1 22 1 22 1 22 1 22 1 22 1 22 1 22 1 22 1 22 1 22 1 22 1 22 1 22 1 22 1 22 1 22 1 22 1 22 1 22 1 22 1 22 1 22 1 22 1 22 2 23 2 22 2 23 2 22 13 23 15 22 13 23 15 22 13 23 15 22 13 23 15 22 13 23 15 22 13 23 15 22 13 23 15 22 13 23 15 22 1 22 1 22 1 22 1 22 1 22 1 22 1 22 2 23 2 22 2 23 2 22 13 23 15 22 13 23 15 22 13 23 15 22 1 22 1 22 1 22 1 22 1 22 1 22 1 22 1 22 1 22 1 22 1 22 1 22 1 22 1 22 1 22 1 22 1 22 1 22 1 22 1 22 1 22 1 22 1 22 1 22 1 22 1 22 1 22 1 22 1 22 1 22 1 22 1 22 1 22 1 22 1 22 1 22 1 22 1 22 1 22 1 22 1 22 1 22 1 22 1 22 1 22 1 22 1 22 1 22 1 22 1 22 1 22 1 22 1 22 1 22 2 23 2 22 2 23 2 22 2 23 2 22 13 23 15 22 13 23 15 22 13 23 15 22 1 22 1 22 1 22 1 22 1 22 2 23 2 22 2 23 2 22 13 23 15 22 13 23 15 22 2 23 2 22 13 23 15 22 13 23 15 22 13 23 15 22 13 23 15 22 13 23 15 22 13 23 15 22 13 23 15 22 13 23 15 22 13 23 15 22 13 23 15 22 13 23 15 22 13 23 15 22 13 23 15 22 13 23 15 22 13 23 15 22 13 23 15 22 13 23 15 22 13 23 15 22 13 23 15 22 13 23 15 22 13 23 15 22 1 22 1 22 1 22 1 22 1 22 1 22 1 22 1 22 1 22 1 22 1 22 1 22 2 23 2 22 2 23 2 22 13 23 15 22 13 23 15 22 13 23 15 22 13 23 15 22 13 23 15 22 13 23 15 22 13 23 15 22 13 23 15 22 1 22 1 22 1 22 1 22 1 22 1 22 1 22 2 23 2 22 2 23 2 22 13 23 15 22 13 23 15 22 13 23 15 22 1 22 1 22 1 22 1 22 1 22 1 22 1 22 1 22 1 22 1 22 1 22 1 22 1 22 1 22 1 22 1 22 1 22 1 22 1 22 1 22 2 23 2 22 2 23 2 22 2 23 2 22 13 23 15 22 13 23 15 22 13 23 15 22 1 22 1 22 1 22 2 23 2 22 2 23 2 22 13 23 15 22 1 22 1 22 13 23 15 22 2 23 2 22 13 23 15 22 13 23 15 22 13 23 15 22 13 23 15 22 13 23 15 22 13 23 15 22 13 23 15 22 13 23 15 22 13 23 15 22 13 23 15 22 13 23 15 22 13 23 15 22 13 23 15 22 13 23 15 22 13 23 15 22 13 23 15 22 13 23 15 22 13 23 15 22 13 23 15 22 13 23 15 22 13 23 15 24 1 24 1 24 1 24 1 24 1 24 1 24 1 24 1 24 1 24 1 24 1 24 1 24 1 24 1 24 1 24 1 24 1 24 1 24 1 24 1 24 1 24 1 24 1 24 1 24 1 24 1 24 1 24 1 24 1 24 1 24 1 24 1 24 1 24 1 24 1 24 1 24 1 24 1 24 1 24 1 24 1 24 1 24 1 24 1 24 1 24 1 24 1 24 1 24 1 24 1 24 1 24 1 22 2 23 2 22 5 23 3 22 5 23 3 22 2 23 2 22 2 23 2 22 5 23 3 22 2 23 2 22 5 23 3 22 2 23 2 22 5 23 3 22 13 23 15 22 13 23 15 22 13 23 15 22 13 23 15 22 13 23 15 22 13 23 15 23 6 24 4 23 6 24 4 24 1 24 1 24 1 24 1 24 1 24 1 22 13 23 15 22 13 23 15 22 13 23 15 22 13 23 15 24 1 24 1 24 1 24 1 23 6 24 4 24 1 24 1 24 1 24 1 24 1 24 1 24 1 24 1 24 1 23 6 24 4 24 1 24 1 24 1 23 6 24 4 24 1 24 1 24 1 23 6 24 4 24 1 24 1 24 1 24 1 22 13 23 15 22 13 23 15 22 13 23 15 22 13 23 15 22 13 23 15 22 13 23 15 22 13 23 15 22 13 23 15 24 1 24 1 24 1 24 1 24 1 24 1 24 1 24 1 24 1 24 1 24 1 24 1 24 1 24 1 24 1 24 1 24 1 24 1 24 1 24 1 24 1 24 1 24 1 24 1 24 1 24 1 24 1 24 1 24 1 24 1 24 1 24 1 24 1 22 2 23 2 22 5 23 3 22 2 23 2 22 5 23 3 22 2 23 2 22 5 23 3 22 2 23 2 22 5 23 3 22 2 23 2 22 5 23 3 22 13 23 15 22 13 23 15 22 13 23 15 22 13 23 15 22 13 23 15 22 13 23 15 23 6 24 4 23 6 24 4 22 13 23 15 24 1 24 1 23 6 24 4 24 1 24 1 24 1 22 13 23 15 22 13 23 15 22 13 23 15 22 13 23 15 22 13 23 15 24 1 24 1 24 1 24 1 23 6 24 4 24 1 23 6 24 4 24 1 24 1 24 1 23 6 24 4 24 1 24 1 24 1 23 6 24 4 24 1 24 1 24 1 24 1 22 13 23 15 22 13 23 15 22 13 23 15 22 13 23 15 22 13 23 15 24 1 24 1 24 1 24 1 24 1 24 1 24 1 24 1 24 1 24 1 24 1 24 1 24 1 24 1 24 1 22 13 23 15 5 1 5 1 5 1 5 4 25 6 5 1 5 2 25 2 5 1 5 2 25 2 5 2 25 2 5 1 25 1 25 1 25 1 25 1 25 1 25 1 25 1 25 1 22 6 25 4 25 1 25 1 25 1 22 2 25 2 25 1 22 2 25 2 22 6 25 4 22 2 25 2 22 2 25 2 22 6 25 4 25 1 25 1 25 1 25 1 25 1 22 1 22 1 22 1 22 1 22 3 25 5 22 1 22 3 25 5 25 1 25 1 25 1 22 2 25 2 25 1 25 1 25 1 25 1 25 1 25 1 25 1 25 1 25 1 25 1 25 1 5 2 25 2 5 2 25 2 5 2 25 2 5 1 5 2 25 2 5 2 25 2 5 1 5 1 5 1 5 2 25 2 5 2 25 2 5 1 5 2 25 2 5 2 25 2 5 2 25 2 5 2 25 2 5 2 25 2 5 2 25 2 5 2 25 2 5 1 5 1 5 1 5 1 5 2 25 2 5 1 5 3 25 5 5 1 5 1 5 15 25 13 25 1 5 14 25 16 5 15 25 13 5 1 25 1 25 1 25 1 5 14 25 16 25 1 25 1 25 1 25 1 25 1 25 1 25 1 25 1 22 6 25 4 22 2 25 2 22 2 25 2 22 6 25 4 22 1 22 1 22 1 22 1 22 1 22 1 22 1 22 1 22 1 22 1 22 1 22 1 22 1 22 1 22 1 22 1 22 1 22 1 22 1 22 1 22 2 23 2 22 2 23 2 22 2 23 2 22 2 23 2 22 2 23 2 22 2 23 2 22 1 22 1 22 1 22 2 23 2 22 2 23 2 22 2 23 2 22 6 25 4 5 2 25 2 5 2 25 2 2 1 0 6 2 4 2 1 0 6 2 4 2 1 2 1 2 2 10 2 0 6 2 4 2 2 10 2 2 2 10 2 2 2 10 2 0 5 2 3 0 6 2 4 2 2 10 2 2 2 10 2 2 2 10 2 2 2 10 2 10 2 11 2 2 2 10 2 2 2 10 2 2 2 10 2 2 2 10 2 2 2 10 2 10 2 11 2 2 2 10 2 0 4 2 6 0 6 2 4 0 6 2 4 0 4 2 6 0 6 2 4 0 4 2 6 0 5 2 3 0 4 2 6 2 1 0 4 2 6 0 6 2 4 1 1 1 1 1 1 1 1 1 1 0 6 2 4 2 1 0 2 2 2 5 1 2 13 3 15 5 1 2 6 3 4 3 1 5 1 2 2 3 2 2 2 3 2 2 6 3 4 2 2 3 2 2 1 2 1 2 2 3 2 3 1 2 1 2 1 2 1 5 1 2 1 2 1 2 1 2 1 2 1 2 1 2 1 2 1 2 1 2 1 2 1 2 2 10 2 2 1 2 2 10 2 2 1 0 6 2 4 2 1 2 1 0 2 2 2 2 2 10 2 2 1 2 1 2 1 2 2 3 2 2 2 3 2 2 1 2 4 3 6 2 4 3 6 2 1 2 1 2 1 2 15 3 13 2 1 2 1 2 2 10 2 2 4 3 6 2 5 3 3 3 1 3 1 5 1 10 2 11 2 2 2 10 2 10 2 11 2 2 2 10 2 2 1 2 1 2 2 10 2 2 1 10 2 11 2 3 1 3 1 2 5 3 3 5 1 3 1 5 1 0 6 2 4 2 1 2 1 0 6 2 4 2 1 2 1 2 2 14 2 0 6 2 4 2 2 14 2 2 2 14 2 2 2 14 2 0 5 2 3 0 6 2 4 2 2 14 2 2 2 14 2 2 2 14 2 2 2 14 2 14 2 15 2 14 2 15 2 2 2 14 2 2 2 14 2 2 2 14 2 2 2 14 2 2 2 14 2 2 2 14 2 0 6 2 4 0 4 2 6 0 6 2 4 0 4 2 6 0 6 2 4 0 4 2 6 0 5 2 3 0 4 2 6 2 1 0 4 2 6 0 6 2 4 1 1 1 1 1 1 1 1 1 1 2 1 0 6 2 4 0 2 2 2 3 1 5 1 5 1 2 6 3 4 3 1 5 1 2 2 3 2 2 2 3 2 2 6 3 4 2 2 3 2 2 1 2 1 2 2 3 2 3 1 2 1 2 1 2 1 5 1 2 1 2 1 2 1 2 1 2 1 2 1 2 1 2 1 2 1 2 1 2 1 2 2 14 2 2 1 2 2 14 2 2 1 0 6 2 4 2 1 0 2 2 2 2 1 2 1 2 1 2 2 14 2 2 1 2 1 2 1 2 2 3 2 2 2 3 2 2 1 2 4 3 6 2 4 3 6 2 1 2 1 2 1 2 15 3 13 2 1 2 1 2 2 14 2 2 4 3 6 2 5 3 3 3 1 3 1 5 1 2 2 14 2 14 2 15 2 2 1 2 1 2 1 14 2 15 2 2 2 14 2 2 2 14 2 14 2 15 2 3 1 3 1 2 5 3 3 5 1 3 1 5 1 0 5 2 3 0 2 2 2 0 5 2 3 0 2 2 2 0 2 2 2 0 5 2 3 0 5 2 3 0 2 2 2 1 1 1 1 2 1 2 1 4 23 5 30 3 17 4 24 5 24 6 32 3 18 4 25 5 31 3 19 4 26 5 26 6 33 4 2 5 2 3 20 4 27 5 27 6 34 3 17 4 24 5 24 6 32 3 18 4 25 5 31 4 2 5 2 3 20 4 27 5 27 6 34 4 2 5 2 3 20 4 27 5 27 6 34 3 21 4 28 5 28 3 22 4 29 5 29 6 35 3 18 4 25 5 31 3 17 4 24 5 24 6 32 3 17 4 24 5 24 6 32 3 20 4 27 5 27 6 34 3 17 4 24 5 24 6 32 3 19 4 26 5 26 6 33 26 1 26 1 26 1 26 1 26 1 26 1 26 1 26 1 26 1 26 1 26 1 26 1 26 1 26 1 26 1 26 1 26 1 26 1 26 1 26 1 26 1 26 1 26 1 26 1 26 1 26 1 26 1 26 1 26 1 26 1 26 1 26 1 26 1 2 1 26 1 2 1 2 1 26 1 26 1 2 1 26 1 2 1 2 1 26 1 3 20 4 27 5 27 6 34 3 22 4 29 5 29 6 35 3 17 4 24 5 24 6 32 3 20 4 27 5 27 6 34 4 1 4 1 4 1 4 1 4 1 4 1 4 1 4 1 4 1 4 1 4 1 4 1 4 1 4 1 4 1 4 1 4 1 4 1 4 1 4 1 27 1 27 1 27 1 27 1 27 1 27 1 27 1 27 1 27 1 27 1 27 1 27 1 27 1 27 1 27 1 27 1 27 1 27 1 27 1 27 1 27 1 27 1 27 1 27 1 27 1 27 1 27 1 27 1 27 1 27 1 27 1 27 1 2 1 27 1 27 1 2 1 2 1 27 1 2 1 27 1 27 1 2 1 2 1 27 1 4 1 4 1 4 1 4 1 16 1 16 1 16 1 16 1 16 1 16 1 16 1 16 1 16 1 16 1 16 1 16 1 16 1 16 1 16 1 16 1 16 1 16 1 16 1 3 14 5 16 3 1 3 1 3 1 3 14 5 16 3 1 3 1 3 1 3 1 2 2 3 2 3 1 3 1 3 1 2 2 3 2 2 13 3 15 2 13 3 15 2 1 2 1 2 1 2 1 2 2 3 2 2 2 3 2 2 1 2 1 2 1 2 1 9 1 9 1 9 1 9 1 9 1 9 1 9 1 9 1 9 1 9 1 9 1 9 1 9 1 9 1 9 1 9 1 9 1 9 1 9 1 9 1 9 1 9 1 9 1 9 1 9 1 9 1 9 1 9 1 9 1 9 1 9 1 9 1 9 1 9 1 9 1 9 1 9 1 9 1 9 1 9 1 9 1 9 1 9 1 9 1 9 1 9 1 9 1 9 1 9 1 9 1 9 1 9 1 9 1 9 1 9 1 9 1 9 1 9 1 9 1 9 1 9 1 9 1 9 1 9 1 9 1 9 1 9 1 9 1 9 1 9 1 9 1 9 1 9 1 9 1 9 1 9 1 9 1 9 1 9 1 9 1 9 1 9 1 9 1 9 1 9 1 9 1 9 1 9 1 9 1 9 1 9 1 9 1 9 1 9 1 9 1 9 1 9 1 9 1 9 1 9 1 9 1 9 1 9 1 9 1 9 1 9 1 9 1 9 1 9 1 9 1 9 1 9 1 9 1 9 1 9 1 9 1 9 1 9 1 9 1 9 1 9 1 9 1 9 1 9 1 9 1 9 1 9 1 9 1 9 1 9 1 9 1 9 1 9 1 9 1 9 1 9 1 9 1 9 1 9 1 9 1 9 1 9 1 9 1 9 1 9 1 9 1 9 1 9 1 9 1 9 1 9 1 9 1 9 1 9 1 9 1 9 1 9 1 9 1 9 1 9 1 9 1 9 1 9 1 9 1 9 1 9 1 9 1 9 1 9 1 9 1 9 1 9 1 9 1 9 1 9 1 9 1 9 1 9 1 9 1 9 1 9 1 9 1 9 1 9 1 9 1 9 1 9 1 9 1 9 1 9 1 9 1 9 1 9 1 9 1 9 1 9 1 9 1 9 1 9 1 9 1 9 1 9 1 9 1 9 1 9 1 9 1 9 1 9 1 9 1 9 1 9 1 9 1 9 1 9 1 9 1 9 1 9 1 9 1 9 1 9 1 9 1 9 1 9 1 9 1 9 1 9 1 9 1 9 1 9 1 9 1 9 1 9 1 9 1 9 1 9 1 9 1 9 1 9 1 9 1 9 1 9 1 9 1 9 1 9 1 9 1 9 1 9 1 9 1 9 1 9 1 9 1 9 1 9 1 9 1 9 1 9 1 9 1 9 1 9 1 9 1 9 1 9 1 9 1 9 1 9 1 9 1 9 1 9 1 9 1 9 1 9 1 9 1 9 1 9 1 9 1 9 1 9 1 9 1 9 1 9 1 9 1 9 1 9 1 9 1 9 1 9 1 9 1 9 1 9 1 9 1 9 1 9 1 9 1 9 1 9 1 9 1 9 1 9 1 9 1 9 1 9 1 9 1 9 1 9 1 9 1 9 1 9 1 9 1 9 1 9 1 9 1 9 1 9 1 9 1 9 1 9 1 9 1 9 1 9 1 9 1 9 1 9 1 9 1 9 1 9 1 9 1 9 1 9 1 9 1 9 1 9 1 9 1 9 1 9 1 9 1 9 1 9 1 9 1 9 1 9 1 9 1 9 1 9 1 9 1 9 1 9 1 9 1 9 1 9 1 9 1 9 1 9 1 9 1 9 1 9 1 9 1 9 1 9 1 9 1 9 1 9 1 9 1 9 1 9 1 9 1 9 1 9 1 9 1 9 1 9 1 9 1 9 1 9 1 9 1 9 1 9 1 9 1 9 1 9 1 9 1 9 1 9 1 9 1 9 1 9 1 9 1 9 1 9 1 9 1 9 1 9 1 9 1 9 1 9 1 9 1 9 1 9 1 9 1 9 1 9 1 9 1 9 1 9 1 9 1 9 1 9 1 9 1 9 1 9 1 9 1 9 1 9 1 9 1 9 1 9 1 9 1 9 1 9 1 9 1 9 1 9 1 9 1 9 1 9 1 9 1 9 1 9 1 9 1 9 1 9 1 9 1 9 1 9 1 9 1 9 1 9 1 13 1 13 1 13 1 13 1 13 1 13 1 13 1 13 1 13 1 13 1 13 1 13 1 13 1 13 1 13 1 13 1 13 1 13 1 13 1 13 1 13 1 13 1 13 1 13 1 13 1 13 1 13 1 13 1 13 1 13 1 13 1 13 1 13 1 13 1 13 1 13 1 13 1 13 1 13 1 13 1 13 1 13 1 13 1 13 1 13 1 13 1 13 1 13 1 13 1 13 1 13 1 13 1 13 1 13 1 13 1 13 1 13 1 13 1 13 1 13 1 13 1 13 1 13 1 13 1 13 1 13 1 13 1 13 1 13 1 13 1 13 1 13 1 13 1 13 1 13 1 13 1 13 1 13 1 13 1 13 1 13 1 13 1 13 1 13 1 13 1 13 1 13 1 13 1 13 1 13 1 13 1 13 1 13 1 13 1 13 1 13 1 13 1 13 1 13 1 13 1 13 1 13 1 13 1 13 1 13 1 13 1 13 1 13 1 13 1 13 1 13 1 13 1 13 1 13 1 13 1 13 1 13 1 13 1 13 1 13 1 13 1 13 1 13 1 13 1 13 1 13 1 13 1 13 1 13 1 13 1 13 1 13 1 13 1 13 1 13 1 13 1 13 1 13 1 13 1 13 1 13 1 13 1 13 1 13 1 13 1 13 1 13 1 13 1 13 1 13 1 13 1 13 1 13 1 13 1 13 1 13 1 13 1 13 1 13 1 13 1 13 1 13 1 13 1 13 1 13 1 13 1 13 1 13 1 13 1 13 1 13 1 13 1 13 1 13 1 13 1 13 1 13 1 13 1 13 1 13 1 13 1 13 1 13 1 13 1 13 1 13 1 13 1 13 1 13 1 13 1 13 1 13 1 13 1 13 1 13 1 13 1 13 1 13 1 13 1 13 1 13 1 13 1 13 1 13 1 13 1 13 1 13 1 13 1 13 1 13 1 13 1 13 1 13 1 13 1 13 1 13 1 13 1 13 1 13 1 13 1 13 1 13 1 13 1 13 1 13 1 13 1 13 1 13 1 13 1 13 1 13 1 13 1 13 1 13 1 13 1 13 1 13 1 13 1 13 1 13 1 13 1 13 1 13 1 13 1 13 1 13 1 13 1 13 1 13 1 13 1 13 1 13 1 13 1 13 1 13 1 13 1 13 1 13 1 13 1 13 1 13 1 13 1 13 1 13 1 13 1 13 1 13 1 13 1 13 1 13 1 13 1 13 1 13 1 13 1 13 1 13 1 13 1 13 1 13 1 13 1 13 1 13 1 13 1 13 1 13 1 13 1 13 1 13 1 13 1 13 1 13 1 13 1 13 1 13 1 13 1 13 1 13 1 13 1 13 1 13 1 13 1 13 1 13 1 13 1 13 1 13 1 13 1 13 1 13 1 13 1 13 1 13 1 13 1 13 1 13 1 13 1 13 1 13 1 13 1 13 1 13 1 13 1 13 1 13 1 13 1 13 1 13 1 13 1 13 1 13 1 13 1 13 1 13 1 13 1 13 1 13 1 13 1 13 1 13 1 13 1 13 1 13 1 13 1 13 1 13 1 13 1 13 1 13 1 13 1 13 1 13 1 13 1 13 1 13 1 13 1 13 1 13 1 13 1 13 1 13 1 13 1 13 1 13 1 13 1 13 1 13 1 13 1 13 1 13 1 13 1 13 1 13 1 13 1 13 1 13 1 13 1 13 1 13 1 13 1 13 1 13 1 13 1 13 1 13 1 13 1 13 1 13 1 13 1 13 1 13 1 13 1 13 1 13 1 13 1 13 1 13 1 13 1 13 1 13 1 13 1 13 1 13 1 13 1 13 1 13 1 13 1 13 1 13 1 13 1 13 1 13 1 13 1 13 1 13 1 13 1 13 1 13 1 13 1 13 1 13 1 13 1 13 1 13 1 13 1 13 1 13 1 13 1 13 1 13 1 13 1 13 1 13 1 13 1 13 1 13 1 13 1 28 1 28 1 28 1 28 1 28 1 28 1 28 1 28 1 28 1 28 1 28 1 28 1 28 1 28 1 28 1 28 1 28 1 28 1 28 1 28 1 28 1 28 1 28 1 28 1 28 1 28 1 28 1 28 1 28 1 28 1 28 1 28 1 28 1 28 1 28 1 28 1 28 1 28 1 28 1 28 1 28 1 28 1 28 1 28 1 28 1 28 1 28 1 28 1 28 1 28 1 28 1 28 1 28 1 28 1 28 1 28 1 28 1 28 1 28 1 28 1 28 1 28 1 28 1 28 1 28 1 28 1 28 1 28 1 28 1 28 1 28 1 28 1 28 1 28 1 28 1 28 1 28 1 28 1 28 1 28 1 28 1 28 1 28 1 28 1 28 1 28 1 28 1 28 1 28 1 28 1 28 1 28 1 28 1 28 1 28 1 28 1 28 1 28 1 28 1 28 1 28 1 28 1 28 1 28 1 28 1 28 1 28 1 28 1 28 1 28 1 28 1 28 1 28 1 28 1 28 1 28 1 28 1 28 1 28 1 29 1 29 1 29 1 29 1 29 1 29 1 29 1 29 1 29 1 29 1 29 1 29 1 29 1 29 1 29 1 29 1 29 1 29 1 29 1 29 1 29 1 29 1 29 1 29 1 29 1 29 1 29 1 29 1 29 1 29 1 29 1 29 1 29 1 29 1 29 1 29 1 29 1 29 1 29 1 29 1 29 1 29 1 29 1 29 1 29 1 29 1 29 1 29 1 29 1 29 1 29 1 29 1 29 1 29 1 29 1 29 1 29 1 29 1 29 1 29 1 29 1 29 1 29 1 29 1 29 1 29 1 29 1 29 1 29 1 29 1 29 1 29 1 29 1 29 1 29 1 29 1 29 1 29 1 29 1 29 1 29 1 29 1 29 1 29 1 29 1 29 1 29 1 29 1 29 1 29 1 29 1 29 1 29 1 29 1 29 1 29 1 29 1 29 1 29 1 29 1 29 1 29 1 29 1 29 1 29 1 29 1 29 1 29 1 29 1 29 1 29 1 29 1 29 1 29 1 29 1 29 1 29 1 29 1 29 1</v>
                </vertex_weights>
            </skin>
        </controller>
    </library_controllers>
    <library_visual_scenes>
        <visual_scene id="ID6">
            <node id="ID7" name="chr027">
                <translate sid="translate">0 0 -0</translate>
                <rotate sid="rotateY">0 1 0 -0</rotate>
                <rotate sid="rotateX">1 0 0 0</rotate>
                <rotate sid="rotateZ">0 0 1 -0</rotate>
                <scale sid="scale">1 1 1</scale>
                <node id="ID8" name="GRP_mesh">
                    <translate sid="translate">0 0 -0</translate>
                    <rotate sid="rotateY">0 1 0 -0</rotate>
                    <rotate sid="rotateX">1 0 0 2.50448e-006</rotate>
                    <rotate sid="rotateZ">0 0 1 -0</rotate>
                    <scale sid="scale">1 1 1</scale>
                    <node id="ID9" name="chr027">
                        <translate sid="translate">0 0 -0</translate>
                        <rotate sid="rotateY">0 1 0 -0</rotate>
                        <rotate sid="rotateX">1 0 0 7.58303e-022</rotate>
                        <rotate sid="rotateZ">0 0 1 -0</rotate>
                        <scale sid="scale">1 1 1</scale>
                        <instance_controller url="#ID45">
                            <skeleton>#ID6</skeleton>
                            <bind_material>
                                <technique_common>
                                    <instance_material symbol="Material1" target="#ID1">
                                        <bind_vertex_input semantic="UVSET0" input_semantic="TEXCOORD" input_set="0"/>
                                    </instance_material>
                                </technique_common>
                            </bind_material>
                        </instance_controller>
                    </node>
                </node>
                <node id="ID10" name="GRP_joint">
                    <translate sid="translate">0 0 -0</translate>
                    <rotate sid="rotateY">0 1 0 -0</rotate>
                    <rotate sid="rotateX">1 0 0 2.50448e-006</rotate>
                    <rotate sid="rotateZ">0 0 1 -0</rotate>
                    <scale sid="scale">1 1 1</scale>
                    <node id="ID11" name="J_root" sid="joint1" type="JOINT">
                        <translate sid="translate">0 0 -0</translate>
                        <rotate sid="rotateY">0 1 0 -0</rotate>
                        <rotate sid="rotateX">1 0 0 0</rotate>
                        <rotate sid="rotateZ">0 0 1 -0</rotate>
                        <scale sid="scale">1 1 1</scale>
                        <node id="ID12" name="J_center" sid="joint2" type="JOINT">
                            <translate sid="translate">0 0.0979668 -0.000874667</translate>
                            <rotate sid="rotateY">0 1 0 -0</rotate>
                            <rotate sid="rotateX">1 0 0 3.79152e-022</rotate>
                            <rotate sid="rotateZ">0 0 1 -0</rotate>
                            <scale sid="scale">1 1 1</scale>
                            <node id="ID13" name="J_leg_r" sid="joint3" type="JOINT">
                                <translate sid="translate">-0.0105781 -0.0136549 -0.00338094</translate>
                                <rotate sid="rotateY">0 1 0 2.52548e-014</rotate>
                                <rotate sid="rotateX">1 0 0 0</rotate>
                                <rotate sid="rotateZ">0 0 1 -7</rotate>
                                <scale sid="scale">1 1 1</scale>
                                <node id="ID14" name="J_knee_r" sid="joint4" type="JOINT">
                                    <translate sid="translate">1.40268e-008 -0.0341099 -4.38338e-010</translate>
                                    <rotate sid="rotateY">0 1 0 2.54444e-014</rotate>
                                    <rotate sid="rotateX">1 0 0 0</rotate>
                                    <rotate sid="rotateZ">0 0 1 -0</rotate>
                                    <scale sid="scale">1 1 1</scale>
                                    <node id="ID15" name="J_foot_r" sid="joint5" type="JOINT">
                                        <translate sid="translate">-2.98069e-008 -0.0382196 -0.00300797</translate>
                                        <rotate sid="rotateY">0 1 0 9.47879e-023</rotate>
                                        <rotate sid="rotateX">1 0 0 0</rotate>
                                        <rotate sid="rotateZ">0 0 1 -0</rotate>
                                        <scale sid="scale">1 1 1</scale>
                                        <node id="ID16" name="J_toe_r" sid="joint6" type="JOINT">
                                            <translate sid="translate">5.26006e-009 -0.00857164 0.0192523</translate>
                                            <rotate sid="rotateY">0 1 0 -0</rotate>
                                            <rotate sid="rotateX">1 0 0 0</rotate>
                                            <rotate sid="rotateZ">0 0 1 -0</rotate>
                                            <scale sid="scale">1 1 1</scale>
                                        </node>
                                    </node>
                                </node>
                            </node>
                            <node id="ID17" name="J_yoroi_l" sid="joint7" type="JOINT">
                                <translate sid="translate">0.0181968 -0.00591508 -0.0028366</translate>
                                <rotate sid="rotateY">0 1 0 -0</rotate>
                                <rotate sid="rotateX">1 0 0 3.79152e-022</rotate>
                                <rotate sid="rotateZ">0 0 1 -0</rotate>
                                <scale sid="scale">1 1 1</scale>
                            </node>
                            <node id="ID18" name="CharacterCenterTarget" sid="joint8" type="JOINT">
                                <translate sid="translate">0 -0.00969927 -1.89245e-010</translate>
                                <rotate sid="rotateY">0 1 0 -0</rotate>
                                <rotate sid="rotateX">1 0 0 -2.50448e-006</rotate>
                                <rotate sid="rotateZ">0 0 1 -0</rotate>
                                <scale sid="scale">3.62858 3.62858 3.62858</scale>
                            </node>
                            <node id="ID19" name="J_leg_l" sid="joint9" type="JOINT">
                                <translate sid="translate">0.0105781 -0.0136548 -0.00338094</translate>
                                <rotate sid="rotateY">0 1 0 -0</rotate>
                                <rotate sid="rotateX">1 0 0 0</rotate>
                                <rotate sid="rotateZ">0 0 1 -353</rotate>
                                <scale sid="scale">1 1 1</scale>
                                <node id="ID20" name="J_knee_l" sid="joint10" type="JOINT">
                                    <translate sid="translate">1.75335e-009 -0.0341099 -4.38338e-010</translate>
                                    <rotate sid="rotateY">0 1 0 -0</rotate>
                                    <rotate sid="rotateX">1 0 0 0</rotate>
                                    <rotate sid="rotateZ">0 0 1 -0</rotate>
                                    <scale sid="scale">1 1 1</scale>
                                    <node id="ID21" name="J_foot_l" sid="joint11" type="JOINT">
                                        <translate sid="translate">-1.75335e-009 -0.0382196 -0.00300794</translate>
                                        <rotate sid="rotateY">0 1 0 -0</rotate>
                                        <rotate sid="rotateX">1 0 0 0</rotate>
                                        <rotate sid="rotateZ">0 0 1 -0</rotate>
                                        <scale sid="scale">1 1 1</scale>
                                        <node id="ID22" name="J_toe_l" sid="joint12" type="JOINT">
                                            <translate sid="translate">-1.75335e-009 -0.00857164 0.0192522</translate>
                                            <rotate sid="rotateY">0 1 0 9.47879e-023</rotate>
                                            <rotate sid="rotateX">1 0 0 0</rotate>
                                            <rotate sid="rotateZ">0 0 1 -0</rotate>
                                            <scale sid="scale">1 1 1</scale>
                                        </node>
                                    </node>
                                </node>
                            </node>
                            <node id="ID23" name="J_yoroi_r" sid="joint13" type="JOINT">
                                <translate sid="translate">-0.0181968 -0.00591513 -0.00283657</translate>
                                <rotate sid="rotateY">0 1 0 -0</rotate>
                                <rotate sid="rotateX">1 0 0 3.79152e-022</rotate>
                                <rotate sid="rotateZ">0 0 1 -0</rotate>
                                <scale sid="scale">1 1 1</scale>
                            </node>
                            <node id="ID24" name="J_spine01" sid="joint14" type="JOINT">
                                <translate sid="translate">0 0 -0</translate>
                                <rotate sid="rotateY">0 1 0 -0</rotate>
                                <rotate sid="rotateX">1 0 0 3.79152e-022</rotate>
                                <rotate sid="rotateZ">0 0 1 -0</rotate>
                                <scale sid="scale">1 1 1</scale>
                                <node id="ID25" name="J_spine02" sid="joint15" type="JOINT">
                                    <translate sid="translate">0 0.0155943 -5.47924e-011</translate>
                                    <rotate sid="rotateY">0 1 0 -0</rotate>
                                    <rotate sid="rotateX">1 0 0 3.79152e-022</rotate>
                                    <rotate sid="rotateZ">0 0 1 -0</rotate>
                                    <scale sid="scale">1 1 1</scale>
                                    <node id="ID26" name="J_shield01_l" sid="joint16" type="JOINT">
                                        <translate sid="translate">0.00592376 0.0091598 -0.0188315</translate>
                                        <rotate sid="rotateY">0 1 0 -0</rotate>
                                        <rotate sid="rotateX">1 0 0 3.79152e-022</rotate>
                                        <rotate sid="rotateZ">0 0 1 -0</rotate>
                                        <scale sid="scale">1 1 1</scale>
                                        <node id="ID27" name="J_shield02_l" sid="joint17" type="JOINT">
                                            <translate sid="translate">0.000941672 0 -0.00699818</translate>
                                            <rotate sid="rotateY">0 1 0 -0</rotate>
                                            <rotate sid="rotateX">1 0 0 3.79152e-022</rotate>
                                            <rotate sid="rotateZ">0 0 1 -0</rotate>
                                            <scale sid="scale">1 1 1</scale>
                                        </node>
                                    </node>
                                    <node id="ID28" name="J_collar_l" sid="joint18" type="JOINT">
                                        <translate sid="translate">0.00768688 0.0139325 -0.00402407</translate>
                                        <rotate sid="rotateY">0 1 0 -0</rotate>
                                        <rotate sid="rotateX">1 0 0 3.79152e-022</rotate>
                                        <rotate sid="rotateZ">0 0 1 -0</rotate>
                                        <scale sid="scale">1 1 1</scale>
                                        <node id="ID29" name="J_arm_l" sid="joint19" type="JOINT">
                                            <translate sid="translate">0.0135534 -0.00141007 -0</translate>
                                            <rotate sid="rotateY">0 1 0 360</rotate>
                                            <rotate sid="rotateX">1 0 0 5.08889e-014</rotate>
                                            <rotate sid="rotateZ">0 0 1 -60</rotate>
                                            <scale sid="scale">1 1 1</scale>
                                            <node id="ID30" name="J_armor_l" sid="joint20" type="JOINT">
                                                <translate sid="translate">0 0 -0</translate>
                                                <rotate sid="rotateY">0 1 0 -0</rotate>
                                                <rotate sid="rotateX">1 0 0 1.32703e-021</rotate>
                                                <rotate sid="rotateZ">0 0 1 -1.20742e-006</rotate>
                                                <scale sid="scale">1 1 1</scale>
                                            </node>
                                            <node id="ID31" name="J_elbow_l" sid="joint21" type="JOINT">
                                                <translate sid="translate">0.0261694 1.40268e-008 4.38338e-010</translate>
                                                <rotate sid="rotateY">0 1 0 -0</rotate>
                                                <rotate sid="rotateX">1 0 0 1.32703e-021</rotate>
                                                <rotate sid="rotateZ">0 0 1 -1.20742e-006</rotate>
                                                <scale sid="scale">1 1 1</scale>
                                                <node id="ID32" name="J_weapon_l" sid="joint22" type="JOINT">
                                                    <translate sid="translate">0.0223162 1.12799e-017 -0</translate>
                                                    <rotate sid="rotateY">0 1 0 -0</rotate>
                                                    <rotate sid="rotateX">1 0 0 -1.01778e-013</rotate>
                                                    <rotate sid="rotateZ">0 0 1 -0</rotate>
                                                    <scale sid="scale">1 1 1</scale>
                                                </node>
                                            </node>
                                        </node>
                                    </node>
                                    <node id="ID33" name="J_collar_r" sid="joint23" type="JOINT">
                                        <translate sid="translate">-0.00768688 0.0139326 -0.00402407</translate>
                                        <rotate sid="rotateY">0 1 0 -0</rotate>
                                        <rotate sid="rotateX">1 0 0 3.79152e-022</rotate>
                                        <rotate sid="rotateZ">0 0 1 -0</rotate>
                                        <scale sid="scale">1 1 1</scale>
                                        <node id="ID34" name="J_arm_r" sid="joint24" type="JOINT">
                                            <translate sid="translate">-0.0135534 -0.00141013 -0</translate>
                                            <rotate sid="rotateY">0 1 0 1.01778e-013</rotate>
                                            <rotate sid="rotateX">1 0 0 5.08889e-014</rotate>
                                            <rotate sid="rotateZ">0 0 1 -300</rotate>
                                            <scale sid="scale">1 1 1</scale>
                                            <node id="ID35" name="J_elbow_r" sid="joint25" type="JOINT">
                                                <translate sid="translate">-0.0261696 -2.80535e-008 8.76676e-010</translate>
                                                <rotate sid="rotateY">0 1 0 1.51661e-021</rotate>
                                                <rotate sid="rotateX">1 0 0 1.32703e-021</rotate>
                                                <rotate sid="rotateZ">0 0 1 -0</rotate>
                                                <scale sid="scale">1 1 1</scale>
                                                <node id="ID36" name="J_weapon_r" sid="joint26" type="JOINT">
                                                    <translate sid="translate">-0.0223161 2.38456e-007 4.38338e-010</translate>
                                                    <rotate sid="rotateY">0 1 0 2.03555e-013</rotate>
                                                    <rotate sid="rotateX">1 0 0 -1.01778e-013</rotate>
                                                    <rotate sid="rotateZ">0 0 1 -0</rotate>
                                                    <scale sid="scale">1 1 1</scale>
                                                </node>
                                            </node>
                                            <node id="ID37" name="J_armor_r" sid="joint27" type="JOINT">
                                                <translate sid="translate">0 0 -0</translate>
                                                <rotate sid="rotateY">0 1 0 1.51661e-021</rotate>
                                                <rotate sid="rotateX">1 0 0 1.32703e-021</rotate>
                                                <rotate sid="rotateZ">0 0 1 -0</rotate>
                                                <scale sid="scale">1 1 1</scale>
                                            </node>
                                        </node>
                                    </node>
                                    <node id="ID38" name="J_shield01_r" sid="joint28" type="JOINT">
                                        <translate sid="translate">-0.00592376 0.00915975 -0.0188315</translate>
                                        <rotate sid="rotateY">0 1 0 180</rotate>
                                        <rotate sid="rotateX">1 0 0 7.01671e-015</rotate>
                                        <rotate sid="rotateZ">0 0 1 -180</rotate>
                                        <scale sid="scale">1 1 1</scale>
                                        <node id="ID39" name="J_shield02_r" sid="joint29" type="JOINT">
                                            <translate sid="translate">-0.000941654 0 0.00699818</translate>
                                            <rotate sid="rotateY">0 1 0 -0</rotate>
                                            <rotate sid="rotateX">1 0 0 0</rotate>
                                            <rotate sid="rotateZ">0 0 1 -0</rotate>
                                            <scale sid="scale">1 1 1</scale>
                                        </node>
                                    </node>
                                    <node id="ID40" name="J_neck" sid="joint30" type="JOINT">
                                        <translate sid="translate">0 0.0225417 -0.00454759</translate>
                                        <rotate sid="rotateY">0 1 0 -0</rotate>
                                        <rotate sid="rotateX">1 0 0 3.79152e-022</rotate>
                                        <rotate sid="rotateZ">0 0 1 -0</rotate>
                                        <scale sid="scale">1 1 1</scale>
                                        <node id="ID41" name="J_head" sid="joint31" type="JOINT">
                                            <translate sid="translate">0 0.00922792 0.00558419</translate>
                                            <rotate sid="rotateY">0 1 0 -0</rotate>
                                            <rotate sid="rotateX">1 0 0 3.79152e-022</rotate>
                                            <rotate sid="rotateZ">0 0 1 -0</rotate>
                                            <scale sid="scale">1 1 1</scale>
                                            <node id="ID42" name="HUDTarget" sid="joint32" type="JOINT">
                                                <translate sid="translate">0 0.0123051 2.2031e-020</translate>
                                                <rotate sid="rotateY">0 1 0 -0</rotate>
                                                <rotate sid="rotateX">1 0 0 -2.50448e-006</rotate>
                                                <rotate sid="rotateZ">0 0 1 -0</rotate>
                                                <scale sid="scale">3.62858 3.62858 3.62858</scale>
                                            </node>
                                            <node id="ID43" name="CharacterFaceCenterTarget" sid="joint33" type="JOINT">
                                                <translate sid="translate">0 0.00188198 -0</translate>
                                                <rotate sid="rotateY">0 1 0 -0</rotate>
                                                <rotate sid="rotateX">1 0 0 -2.50448e-006</rotate>
                                                <rotate sid="rotateZ">0 0 1 -0</rotate>
                                                <scale sid="scale">3.62858 3.62858 3.62858</scale>
                                            </node>
                                        </node>
                                    </node>
                                </node>
                            </node>
                            <node id="ID44" name="J_yoroi_f" sid="joint34" type="JOINT">
                                <translate sid="translate">0 -0.00703958 0.0109315</translate>
                                <rotate sid="rotateY">0 1 0 -0</rotate>
                                <rotate sid="rotateX">1 0 0 3.79152e-022</rotate>
                                <rotate sid="rotateZ">0 0 1 -0</rotate>
                                <scale sid="scale">1 1 1</scale>
                            </node>
                        </node>
                    </node>
                </node>
            </node>
        </visual_scene>
    </library_visual_scenes>
    <scene>
        <instance_visual_scene url="#ID6"/>
    </scene>
</COLLADA>
