<?xml version="1.0"?>
<COLLADA xmlns="http://www.collada.org/2005/11/COLLADASchema" version="1.4.1">
    <asset>
        <contributor>
            <authoring_tool>CINEMA4D 17.048 COLLADA Exporter</authoring_tool>
        </contributor>
        <created>2016-06-30T16:44:12Z</created>
        <modified>2016-06-30T16:44:12Z</modified>
        <unit meter="0.0254" name="inch"/>
        <up_axis>Y_UP</up_axis>
    </asset>
    <library_images>
        <image id="ID3">
            <init_from>Texture2D/chr302a01.png</init_from>
        </image>
    </library_images>
    <library_effects>
        <effect id="ID2">
            <profile_COMMON>
                <newparam sid="ID4">
                    <surface type="2D">
                        <init_from>ID3</init_from>
                    </surface>
                </newparam>
                <newparam sid="ID5">
                    <sampler2D>
                        <source>ID4</source>
                    </sampler2D>
                </newparam>
                <technique sid="COMMON">
                    <blinn>
                        <diffuse>
                            <texture texture="ID5" texcoord="UVSET0"/>
                        </diffuse>
                    </blinn>
                </technique>
            </profile_COMMON>
        </effect>
    </library_effects>
    <library_materials>
        <material id="ID1" name="chr302a01">
            <instance_effect url="#ID2"/>
        </material>
    </library_materials>
    <library_geometries>
        <geometry id="ID59">
            <mesh>
                <source id="ID60">
                    <float_array id="ID61" count="21666">0.295803 13.904 6.70267 0.282244 13.5334 6.59719 6.35652e-017 13.8968 6.72175 1.41584e-017 13.5251 6.6154 1.06414e-016 14.5044 6.80212 0.306211 14.5202 6.7684 -1.06602e-017 15.127 6.64658 0.313559 15.1179 6.62365 0 13.2781 6.50575 0.269754 13.2898 6.46012 0.313347 15.3114 6.39751 0.597658 13.3204 6.39509 0.258668 13.2046 6.39523 0.589542 13.3088 6.35529 0.964622 13.4405 6.11872 0.959661 13.4222 6.09443 0.255003 13.1862 6.35698 0.60655 13.5585 6.50832 0.972 13.6448 6.18927 0.62918 13.9241 6.61425 0.988668 14.014 6.28301 0.642169 14.5431 6.70964 0.989148 14.6512 6.38281 1.2254 13.5807 5.63625 1.22154 13.5553 5.62858 1.45348 13.7887 4.81749 1.47674 13.8129 4.81988 1.5285 13.4726 4.48003 1.50601 13.4442 4.47793 1.49168 14.0067 4.88604 1.63666 14.1774 4.31576 1.47991 14.3805 5.004 1.62036 14.5663 4.41687 1.72186 14.2851 3.94006 1.69235 14.681 4.04006 1.44749 14.7851 5.13306 1.56076 14.9905 4.5174 1.63248 15.1042 4.17048 1.78935 14.6581 3.24968 1.24238 14.1472 5.80091 1.79209 14.4922 3.20254 1.79212 14.2835 3.13522 1.81858 14.6215 2.76214 1.79054 15.0148 2.77941 1.71637 14.0684 3.88254 1.83834 14.1841 2.74561 1.80828 13.9424 2.72968 1.80718 13.9257 2.5988 1.77738 14.9615 2.61947 1.80545 14.1552 2.60249 1.79075 14.1512 2.58666 1.77902 14.6629 2.60703 1.76395 14.6684 2.58691 1.76074 14.9475 2.59289 1.79857 13.9123 2.58894 1.80047 13.9294 2.7384 1.79242 14.2609 3.12761 1.70388 14.0506 3.87781 1.62666 13.9629 4.25644 1.63944 13.9427 4.25063 1.5285 13.4726 4.48003 1.50601 13.4442 4.47793 1.75073 15.1913 2.59322 1.76844 15.1941 2.62131 1.76123 15.38 2.61863 1.74303 15.3861 2.58933 1.75792 15.6684 2.56206 1.75502 15.6559 2.54287 1.76273 15.8143 2.37877 1.70116 15.8696 2.88774 1.6825 16.0938 2.32088 1.79858 15.8132 2.08123 1.42011 16.393 2.84068 1.38915 16.1267 3.70574 0.717488 16.4025 3.79682 0.742206 16.7603 2.83424 1.64493 15.6277 3.55612 1.41561 16.4722 2.24867 0.764816 16.8382 2.04627 1.60939 15.4269 4.09334 1.30801 15.7981 4.68024 0.664899 16.0485 4.73323 1.1999 15.5395 5.3491 0.60491 15.784 5.41394 1.44804 16.2647 1.6075 1.7165 16.001 1.87985 1.77792 15.6893 1.55101 0.784264 16.5873 1.37284 0.804095 16.1797 1.00323 1.44089 15.9007 1.23326 1.09817 15.3227 5.89246 1.41136 15.039 5.2076 1.20473 14.8067 5.91563 0.550961 15.5678 5.87851 0.808152 15.8432 0.731381 1.4213 15.4538 1.01572 1.84414 15.302 1.39473 1.91149 14.6516 1.18701 1.86639 15.1868 1.66674 1.92017 14.5849 1.45776 1.83028 15.599 1.816 -7.49278e-017 16.0286 0.701466 0.505447 15.412 6.14998 1.82443 15.5894 1.84436 1.79463 15.7881 2.0916 1.85907 15.1768 1.69003 1.90458 14.5577 1.46828 1.89966 14.6336 1.18072 -1.2715e-017 16.2919 0.91436 -5.9034e-017 16.6802 1.33524 -2.59749e-016 16.9222 2.01639 -2.4431e-016 16.8156 2.82708 1.95266e-016 16.455 3.80807 1.55532e-016 16.099 4.74521 0.275961 15.8139 5.41939 0.283578 15.629 5.87746 0.380022 15.4788 6.11859 0.445673 15.2992 6.38739 0.629116 15.1323 6.51259 0.96107 15.2083 6.24511 1.23521 13.7821 5.70893 1.52696 15.2552 4.56843 1.63357 15.2794 4.02133 1.67166 15.4887 3.51806 1.73448 15.6369 3.00482 1.76199 15.4379 2.81079 1.7741 15.1969 2.7807 0.589542 13.3088 6.35529 0.959661 13.4222 6.09443 0.466342 13.357 6.1605 0.790911 13.4629 5.97642 0.255003 13.1862 6.35698 1.22154 13.5553 5.62858 1.06242 13.5929 5.51994 1.49508e-016 13.3595 6.20653 4.36619e-016 12.9959 6.28076 -0.255003 13.1862 6.35698 -0.466342 13.357 6.1605 -0.589542 13.3088 6.35529 -0.959661 13.4222 6.09443 -0.790911 13.4629 5.97642 -1.22154 13.5553 5.62858 -1.06242 13.5929 5.51994 1.80047 13.9294 2.7384 1.71802 13.9241 2.73828 1.79242 14.2609 3.12761 1.60602 14.2609 3.12761 1.72542 13.905 2.58298 1.79857 13.9123 2.58894 1.70388 14.0506 3.87781 1.54422 14.0527 3.84518 1.63944 13.9427 4.25063 1.47545 13.9325 4.23259 1.50601 13.4442 4.47793 1.38185 13.4243 4.45349 1.32566 13.7713 4.79922 1.45348 13.7887 4.81749 1.22154 13.5553 5.62858 1.45348 13.7887 4.81749 1.06242 13.5929 5.51994 1.32566 13.7713 4.79922 1.69235 14.681 4.04006 1.60861 14.7404 3.92581 1.78935 14.6581 3.24968 1.71056 14.7079 3.26249 1.70473 15.0256 2.89462 1.79054 15.0148 2.77941 1.56747 15.0748 4.0227 1.63248 15.1042 4.17048 1.63357 15.2794 4.02133 1.5694 15.1889 3.94224 1.68669 15.1541 2.9 1.7741 15.1969 2.7807 1.6607 15.3726 2.93158 1.76199 15.4379 2.81079 1.6372 15.5173 3.0705 1.73448 15.6369 3.00482 1.67166 15.4887 3.51806 1.59871 15.3762 3.50901 1.85907 15.1768 1.69003 1.71907 15.1564 1.73093 1.82443 15.5894 1.84436 1.90458 14.5577 1.46828 1.75961 14.5172 1.48877 1.71907 15.1564 1.73093 1.68506 15.5777 1.8734 1.82443 15.5894 1.84436 1.79463 15.7881 2.0916 1.65407 15.7676 2.09743 1.7608 15.7885 2.36618 1.62842 15.7786 2.34725 1.60067 15.6612 2.52389 1.75502 15.6559 2.54287 1.59468 15.3915 2.57437 1.74303 15.3861 2.58933 1.59851 15.1943 2.5815 1.75073 15.1913 2.59322 1.60558 14.9475 2.58523 1.76074 14.9475 2.59289 1.76395 14.6684 2.58691 1.62063 14.6597 2.61644 1.79075 14.1512 2.58666 1.66749 14.144 2.59384 1.72542 13.905 2.58298 1.79857 13.9123 2.58894 1.79363 14.6072 1.17773 1.90458 14.5577 1.46828 1.89966 14.6336 1.18072 1.75961 14.5172 1.48877 1.38185 13.4243 4.45349 1.47545 13.9325 4.23259 1.32566 13.7713 4.79922 1.79242 14.2609 3.12761 1.60602 14.2609 3.12761 1.70388 14.0506 3.87781 1.54422 14.0527 3.84518 1.5644e-016 15.8352 5.41712 2.98689e-016 15.7085 5.75016 0.466342 13.357 6.1605 0.790911 13.4629 5.97642 0.468769 14.0856 6.1602 0.783916 14.1367 5.98755 1.49508e-016 13.3595 6.20653 0 14.0671 6.21733 1.06242 13.5929 5.51994 1.02842 14.264 5.51994 1.32566 13.7713 4.79922 1.29959 14.4304 4.94348 1.47545 13.9325 4.23259 1.41814 14.6814 4.03409 1.54422 14.0527 3.84518 1.60602 14.2609 3.12761 1.55008 14.9593 3.11364 1.62063 14.6597 2.61644 1.66749 14.144 2.59384 1.55008 14.9593 3.11364 1.62063 14.6597 2.61644 1.60558 14.9475 2.58523 1.71802 13.9241 2.73828 1.66749 14.144 2.59384 1.60602 14.2609 3.12761 1.72542 13.905 2.58298 1.89966 14.6336 1.18072 1.4213 15.4538 1.01572 1.79363 14.6072 1.17773 1.7608 15.7885 2.36618 1.79463 15.7881 2.0916 1.59683e-016 13.0025 6.31699 4.36619e-016 12.9959 6.28076 1.59683e-016 13.0025 6.31699 0.255003 13.1862 6.35698 -0.295803 13.904 6.70267 6.35652e-017 13.8968 6.72175 -0.282244 13.5334 6.59719 1.41584e-017 13.5251 6.6154 1.06414e-016 14.5044 6.80212 -0.306211 14.5202 6.7684 -1.06602e-017 15.127 6.64658 -0.313559 15.1179 6.62365 0 13.2781 6.50575 -0.269754 13.2898 6.46012 -0.313347 15.3114 6.39751 -0.597658 13.3204 6.39509 -0.258668 13.2046 6.39523 -0.589542 13.3088 6.35529 -0.964622 13.4405 6.11872 -0.959661 13.4222 6.09443 -0.255003 13.1862 6.35698 -0.60655 13.5585 6.50832 -0.972 13.6448 6.18927 -0.62918 13.9241 6.61425 -0.988668 14.014 6.28301 -0.642169 14.5431 6.70964 -0.989148 14.6512 6.38281 -1.2254 13.5807 5.63625 -1.22154 13.5553 5.62858 -1.45348 13.7887 4.81749 -1.47674 13.8129 4.81988 -1.5285 13.4726 4.48003 -1.50601 13.4442 4.47793 -1.49168 14.0067 4.88604 -1.63666 14.1774 4.31576 -1.47991 14.3805 5.004 -1.62036 14.5663 4.41687 -1.72186 14.2851 3.94006 -1.69235 14.681 4.04006 -1.44749 14.7851 5.13306 -1.56076 14.9905 4.5174 -1.63248 15.1042 4.17048 -1.78935 14.6581 3.24968 -1.24238 14.1472 5.80091 -1.79209 14.4922 3.20254 -1.79212 14.2835 3.13522 -1.81858 14.6215 2.76214 -1.79054 15.0148 2.77941 -1.71637 14.0684 3.88254 -1.83834 14.1841 2.74561 -1.80828 13.9424 2.72968 -1.80718 13.9257 2.5988 -1.77738 14.9615 2.61947 -1.80545 14.1552 2.60249 -1.79075 14.1512 2.58666 -1.77902 14.6629 2.60703 -1.76395 14.6684 2.58691 -1.76074 14.9475 2.59289 -1.79857 13.9123 2.58894 -1.80047 13.9294 2.7384 -1.79242 14.2609 3.12761 -1.70388 14.0506 3.87781 -1.62666 13.9629 4.25644 -1.63944 13.9427 4.25063 -1.5285 13.4726 4.48003 -1.50601 13.4442 4.47793 -1.75073 15.1913 2.59322 -1.76844 15.1941 2.62131 -1.76123 15.38 2.61863 -1.74303 15.3861 2.58933 -1.75792 15.6684 2.56206 -1.75502 15.6559 2.54287 -1.76273 15.8143 2.37877 -1.70116 15.8696 2.88774 -1.6825 16.0938 2.32088 -1.79858 15.8132 2.08123 -1.42011 16.393 2.84068 -1.38915 16.1267 3.70574 -0.717488 16.4025 3.79682 -0.742206 16.7603 2.83424 -1.64493 15.6277 3.55612 -1.41561 16.4722 2.24867 -0.764816 16.8382 2.04627 -1.60939 15.4269 4.09334 -1.30801 15.7981 4.68024 -0.664899 16.0485 4.73323 -1.1999 15.5395 5.3491 -0.60491 15.784 5.41394 -1.44804 16.2647 1.6075 -1.7165 16.001 1.87985 -1.77792 15.6893 1.55101 -0.784264 16.5873 1.37284 -0.804095 16.1797 1.00323 -1.44089 15.9007 1.23326 -1.09817 15.3227 5.89246 -1.41136 15.039 5.2076 -1.20473 14.8067 5.91563 -0.550961 15.5678 5.87851 -0.808152 15.8432 0.731381 -1.4213 15.4538 1.01572 -1.84414 15.302 1.39473 -1.91149 14.6516 1.18701 -1.86639 15.1868 1.66674 -1.92017 14.5849 1.45776 -1.83028 15.599 1.816 -7.49278e-017 16.0286 0.701466 -1.2715e-017 16.2919 0.91436 -5.9034e-017 16.6802 1.33524 -2.59749e-016 16.9222 2.01639 -2.4431e-016 16.8156 2.82708 1.95266e-016 16.455 3.80807 1.55532e-016 16.099 4.74521 -0.275961 15.8139 5.41939 -0.283578 15.629 5.87746 -0.380022 15.4788 6.11859 -0.505447 15.412 6.14998 -0.445673 15.2992 6.38739 -0.96107 15.2083 6.24511 -0.629116 15.1323 6.51259 -1.23521 13.7821 5.70893 -1.52696 15.2552 4.56843 -1.63357 15.2794 4.02133 -1.67166 15.4887 3.51806 -1.73448 15.6369 3.00482 -1.76199 15.4379 2.81079 -1.7741 15.1969 2.7807 -1.80047 13.9294 2.7384 -1.79242 14.2609 3.12761 -1.71802 13.9241 2.73828 -1.60602 14.2609 3.12761 -1.72542 13.905 2.58298 -1.79857 13.9123 2.58894 -1.79075 14.1512 2.58666 -1.66749 14.144 2.59384 -1.62063 14.6597 2.61644 -1.76395 14.6684 2.58691 -1.60558 14.9475 2.58523 -1.76074 14.9475 2.59289 -1.75073 15.1913 2.59322 -1.59851 15.1943 2.5815 -1.74303 15.3861 2.58933 -1.59468 15.3915 2.57437 -1.75502 15.6559 2.54287 -1.60067 15.6612 2.52389 -1.7608 15.7885 2.36618 -1.62842 15.7786 2.34725 -1.65407 15.7676 2.09743 -1.79463 15.7881 2.0916 -1.68506 15.5777 1.8734 -1.82443 15.5894 1.84436 -1.71907 15.1564 1.73093 -1.70388 14.0506 3.87781 -1.63944 13.9427 4.25063 -1.54422 14.0527 3.84518 -1.47545 13.9325 4.23259 -1.50601 13.4442 4.47793 -1.38185 13.4243 4.45349 -1.32566 13.7713 4.79922 -1.45348 13.7887 4.81749 -1.32566 13.7713 4.79922 -1.45348 13.7887 4.81749 -1.06242 13.5929 5.51994 -1.22154 13.5553 5.62858 -1.69235 14.681 4.04006 -1.78935 14.6581 3.24968 -1.60861 14.7404 3.92581 -1.71056 14.7079 3.26249 -1.70473 15.0256 2.89462 -1.79054 15.0148 2.77941 -1.56747 15.0748 4.0227 -1.63248 15.1042 4.17048 -1.63357 15.2794 4.02133 -1.5694 15.1889 3.94224 -1.68669 15.1541 2.9 -1.7741 15.1969 2.7807 -1.6607 15.3726 2.93158 -1.76199 15.4379 2.81079 -1.6372 15.5173 3.0705 -1.73448 15.6369 3.00482 -1.67166 15.4887 3.51806 -1.59871 15.3762 3.50901 -1.71907 15.1564 1.73093 -1.85907 15.1768 1.69003 -1.82443 15.5894 1.84436 -1.90458 14.5577 1.46828 -1.75961 14.5172 1.48877 -1.79363 14.6072 1.17773 -1.89966 14.6336 1.18072 -1.90458 14.5577 1.46828 -1.75961 14.5172 1.48877 -1.38185 13.4243 4.45349 -1.32566 13.7713 4.79922 -1.47545 13.9325 4.23259 -1.79242 14.2609 3.12761 -1.70388 14.0506 3.87781 -1.60602 14.2609 3.12761 -1.54422 14.0527 3.84518 1.5644e-016 15.8352 5.41712 2.98689e-016 15.7085 5.75016 -0.466342 13.357 6.1605 -0.468769 14.0856 6.1602 -0.790911 13.4629 5.97642 -0.783916 14.1367 5.98755 1.49508e-016 13.3595 6.20653 0 14.0671 6.21733 -1.06242 13.5929 5.51994 -1.02842 14.264 5.51994 -1.32566 13.7713 4.79922 -1.29959 14.4304 4.94348 -1.47545 13.9325 4.23259 -1.41814 14.6814 4.03409 -1.54422 14.0527 3.84518 -1.60602 14.2609 3.12761 -1.55008 14.9593 3.11364 -1.62063 14.6597 2.61644 -1.66749 14.144 2.59384 -1.55008 14.9593 3.11364 -1.60558 14.9475 2.58523 -1.62063 14.6597 2.61644 -1.71802 13.9241 2.73828 -1.60602 14.2609 3.12761 -1.66749 14.144 2.59384 -1.72542 13.905 2.58298 -1.89966 14.6336 1.18072 -1.79363 14.6072 1.17773 -1.4213 15.4538 1.01572 -1.7608 15.7885 2.36618 -1.79463 15.7881 2.0916 -1.79463 15.7881 2.0916 -1.82443 15.5894 1.84436 -1.85907 15.1768 1.69003 -1.90458 14.5577 1.46828 -1.89966 14.6336 1.18072 1.59683e-016 13.0025 6.31699 4.36619e-016 12.9959 6.28076 -0.255003 13.1862 6.35698 1.59683e-016 13.0025 6.31699 0.380022 15.4788 6.11859 0.31809 16.4916 6.55726 0.283578 15.629 5.87746 0.204805 16.6039 6.33066 0.252484 16.3291 6.78707 0.132933 17.6692 6.93253 0.190088 17.6899 6.78069 -3.34921e-016 18.799 6.79807 0.138533 17.7202 6.62274 0.313347 15.3114 6.39751 -1.06602e-017 15.127 6.64658 1.01325e-016 17.7268 6.55501 2.98689e-016 15.7085 5.75016 4.08222e-016 16.643 6.22339 3.71455e-017 17.6538 6.99456 4.52785e-017 16.2318 6.92153 -3.34921e-016 18.799 6.79807 -0.190088 17.6899 6.78069 -0.138533 17.7202 6.62274 -0.132933 17.6692 6.93253 -0.31809 16.4916 6.55726 -0.252484 16.3291 6.78707 -0.380022 15.4788 6.11859 -0.283578 15.629 5.87746 -0.204805 16.6039 6.33066 -0.313347 15.3114 6.39751 -1.06602e-017 15.127 6.64658 1.01325e-016 17.7268 6.55501 2.98689e-016 15.7085 5.75016 4.08222e-016 16.643 6.22339 3.71455e-017 17.6538 6.99456 4.52785e-017 16.2318 6.92153 1.0254 13.2444 3.45375 1.02206 13.3594 3.231 1.08117 13.4156 3.50196 1.07062 13.5133 3.32819 1.21563 13.2939 3.31515 1.23251 13.4395 3.38801 1.13118 13.5665 3.52412 1.22048 13.5848 3.449 1.1853 13.7729 3.51255 1.07062 13.5133 3.32819 1.12152 13.6301 3.41292 1.12152 13.6301 3.41292 1.1853 13.7729 3.51255 1.20919 13.3941 3.09631 1.21563 13.2939 3.31515 1.22529 13.5313 3.22465 1.23251 13.4395 3.38801 1.02206 13.3594 3.231 1.07062 13.5133 3.32819 1.22368 13.6421 3.34286 1.07062 13.5133 3.32819 1.12152 13.6301 3.41292 1.22048 13.5848 3.449 1.1853 13.7729 3.51255 1.1853 13.7729 3.51255 1.12152 13.6301 3.41292 1.28698 13.8904 3.75488 1.13468 13.8441 3.92418 1.27347 13.7064 3.72964 1.14182 13.6708 3.86583 1.34868 13.8016 3.97757 1.31987 13.6347 3.90988 1.24917 13.5465 3.73126 1.27077 13.5021 3.84462 1.18568 13.344 3.76245 1.14182 13.6708 3.86583 1.16201 13.5238 3.81729 1.18568 13.344 3.76245 1.19424 13.7553 4.14688 1.34868 13.8016 3.97757 1.19738 13.5994 4.03991 1.31987 13.6347 3.90988 1.13468 13.8441 3.92418 1.14182 13.6708 3.86583 1.19773 13.4766 3.93408 1.14182 13.6708 3.86583 1.16201 13.5238 3.81729 1.18568 13.344 3.76245 1.27077 13.5021 3.84462 1.18568 13.344 3.76245 1.19501 13.6573 4.37825 1.01534 13.6242 4.54678 1.16926 13.4725 4.36376 1.01556 13.4477 4.49874 1.22533 13.5777 4.61836 1.1901 13.4084 4.55795 1.13065 13.3135 4.37477 1.13665 13.274 4.49644 1.04698 13.1145 4.41699 1.01556 13.4477 4.49874 1.03014 13.2977 4.45986 1.04698 13.1145 4.41699 1.04316 13.5446 4.78689 1.22533 13.5777 4.61836 1.04723 13.3833 4.6872 1.1901 13.4084 4.55795 1.01534 13.6242 4.54678 1.01556 13.4477 4.49874 1.0504 13.2552 4.5862 1.01556 13.4477 4.49874 1.03014 13.2977 4.45986 1.04698 13.1145 4.41699 1.13665 13.274 4.49644 1.04698 13.1145 4.41699 0.937897 12.893 4.09732 0.905624 13.0027 3.91564 0.972049 13.0778 4.17063 0.939814 13.1689 4.02963 1.08209 12.9601 3.98447 1.08416 13.122 4.0715 1.00247 13.2178 4.20091 1.07691 13.248 4.13596 1.03026 13.4091 4.20659 0.979839 13.2768 4.1108 0.979839 13.2768 4.1108 1.03026 13.4091 4.20659 1.04914 13.0622 3.80372 1.08209 12.9601 3.98447 1.07112 13.208 3.93885 1.08416 13.122 4.0715 0.905624 13.0027 3.91564 0.939814 13.1689 4.02963 1.06693 13.303 4.04941 0.979839 13.2768 4.1108 1.03026 13.4091 4.20659 1.07691 13.248 4.13596 1.03026 13.4091 4.20659 0.752315 12.6869 4.56096 0.754539 12.7935 4.37668 0.796818 12.8326 4.63514 0.792992 12.9381 4.49548 0.932593 12.7338 4.45617 0.941179 12.8715 4.54941 0.839444 12.9669 4.67791 0.925667 12.9944 4.62105 0.888526 13.1546 4.699 0.792992 12.9381 4.49548 0.835082 13.0353 4.58854 0.835082 13.0353 4.58854 0.888526 13.1546 4.699 0.934504 12.8309 4.27378 0.932593 12.7338 4.45617 0.940739 12.9708 4.41836 0.941179 12.8715 4.54941 0.754539 12.7935 4.37668 0.792992 12.9381 4.49548 0.933308 13.0572 4.53622 0.792992 12.9381 4.49548 0.835082 13.0353 4.58854 0.925667 12.9944 4.62105 0.888526 13.1546 4.699 0.888526 13.1546 4.699 0.835082 13.0353 4.58854 0.981814 13.4857 4.94283 0.818828 13.4491 5.12249 0.966735 13.299 4.93786 0.827598 13.2708 5.08234 1.03679 13.4215 5.17734 1.00889 13.2472 5.12767 0.940686 13.1386 4.95763 0.960272 13.1063 5.07705 0.875867 12.9368 5.01277 0.827598 13.2708 5.08234 0.84959 13.1204 5.04897 0.875867 12.9368 5.01277 0.873531 13.3848 5.357 1.03679 13.4215 5.17734 0.880541 13.2191 5.26568 1.00889 13.2472 5.12767 0.818828 13.4491 5.12249 0.827598 13.2708 5.08234 0.884065 13.0863 5.17192 0.827598 13.2708 5.08234 0.84959 13.1204 5.04897 0.875867 12.9368 5.01277 0.960272 13.1063 5.07705 0.875867 12.9368 5.01277 0.556811 12.4285 4.99859 0.554203 12.5509 4.83745 0.600659 12.5733 5.0743 0.59315 12.6746 4.9411 0.732133 12.4703 4.90181 0.741166 12.608 4.99507 0.642378 12.7061 5.11933 0.726263 12.731 5.06662 0.689841 12.8911 5.14459 0.635801 12.7718 5.03407 0.635801 12.7718 5.03407 0.689841 12.8911 5.14459 0.729526 12.5928 4.74066 0.732133 12.4703 4.90181 0.737372 12.7033 4.87015 0.741166 12.608 4.99507 0.554203 12.5509 4.83745 0.59315 12.6746 4.9411 0.731692 12.7911 4.98589 0.635801 12.7718 5.03407 0.726263 12.731 5.06662 0.689841 12.8911 5.14459 0.689841 12.8911 5.14459 0.635801 12.7718 5.03407 0.826534 13.3885 5.54414 0.610228 13.381 5.63447 0.784661 13.2093 5.51192 0.603712 13.206 5.5817 0.7825 13.3102 5.76384 0.746911 13.1464 5.68896 0.728395 13.0573 5.50039 0.698433 13.0194 5.6092 0.618202 12.8717 5.50031 0.603712 13.206 5.5817 0.61117 13.0554 5.54332 0.61117 13.0554 5.54332 0.618202 12.8717 5.50031 0.565768 13.3026 5.85418 0.7825 13.3102 5.76384 0.577896 13.1413 5.75732 0.746911 13.1464 5.68896 0.610228 13.381 5.63447 0.603712 13.206 5.5817 0.593054 13.0128 5.6608 0.603712 13.206 5.5817 0.61117 13.0554 5.54332 0.698433 13.0194 5.6092 0.618202 12.8717 5.50031 0.618202 12.8717 5.50031 0.61117 13.0554 5.54332 0.4468 13.2969 5.89001 0.248088 13.3511 5.81024 0.402156 13.1344 5.81054 0.240263 13.1823 5.74019 0.265437 13.2421 6.00818 0.254755 13.091 5.90445 0.341098 13.0026 5.74093 0.246749 12.9762 5.79833 0.231079 12.8534 5.63872 0.237771 13.0339 5.69383 0.237771 13.0339 5.69383 0.231079 12.8534 5.63872 0.0667251 13.2964 5.92841 0.265437 13.2421 6.00818 0.101314 13.134 5.84092 0.254755 13.091 5.90445 0.248088 13.3511 5.81024 0.240263 13.1823 5.74019 0.14444 13.0024 5.76078 0.237771 13.0339 5.69383 0.246749 12.9762 5.79833 0.231079 12.8534 5.63872 0.231079 12.8534 5.63872 0.237771 13.0339 5.69383 0.0462325 12.3664 5.08686 0.204279 12.4624 4.98357 0.0901394 12.4826 5.20232 0.217076 12.5645 5.11384 0.251632 12.3168 5.12086 0.256392 12.4438 5.22851 0.147609 12.5864 5.2898 0.252243 12.5664 5.30202 0.244995 12.7323 5.37593 0.217076 12.5645 5.11384 0.227993 12.6404 5.23233 0.227993 12.6404 5.23233 0.244995 12.7323 5.37593 0.409678 12.4128 5.01756 0.251632 12.3168 5.12086 0.377819 12.5193 5.14747 0.256392 12.4438 5.22851 0.204279 12.4624 4.98357 0.217076 12.5645 5.11384 0.335663 12.6104 5.25396 0.217076 12.5645 5.11384 0.227993 12.6404 5.23233 0.252243 12.5664 5.30202 0.244995 12.7323 5.37593 0.244995 12.7323 5.37593 0.227993 12.6404 5.23233 -0.217076 12.5645 5.11384 -0.204279 12.4624 4.98356 -0.0901396 12.4826 5.20232 -0.0462323 12.3664 5.08686 -0.251632 12.3168 5.12086 -0.256393 12.4438 5.22851 -0.147609 12.5864 5.2898 -0.252243 12.5664 5.30202 -0.244995 12.7323 5.37593 -0.227993 12.6404 5.23233 -0.217076 12.5645 5.11384 -0.227993 12.6404 5.23233 -0.244995 12.7323 5.37593 -0.256393 12.4438 5.22851 -0.251632 12.3168 5.12086 -0.377819 12.5193 5.14747 -0.409678 12.4128 5.01756 -0.204279 12.4624 4.98356 -0.217076 12.5645 5.11384 -0.335663 12.6104 5.25396 -0.217076 12.5645 5.11384 -0.227993 12.6404 5.23233 -0.252243 12.5664 5.30202 -0.244995 12.7323 5.37593 -0.227993 12.6404 5.23233 -0.244995 12.7323 5.37593 -0.603716 13.206 5.5817 -0.610229 13.381 5.63447 -0.784661 13.2093 5.51192 -0.826528 13.3885 5.54414 -0.782501 13.3102 5.76385 -0.746912 13.1464 5.68896 -0.728396 13.0573 5.50039 -0.698433 13.0194 5.6092 -0.618201 12.8717 5.50031 -0.61117 13.0554 5.54332 -0.603716 13.206 5.5817 -0.61117 13.0554 5.54332 -0.618201 12.8717 5.50031 -0.746912 13.1464 5.68896 -0.782501 13.3102 5.76385 -0.577897 13.1413 5.75733 -0.565768 13.3026 5.85418 -0.610229 13.381 5.63447 -0.603716 13.206 5.5817 -0.593053 13.0128 5.6608 -0.603716 13.206 5.5817 -0.61117 13.0554 5.54332 -0.698433 13.0194 5.6092 -0.618201 12.8717 5.50031 -0.61117 13.0554 5.54332 -0.618201 12.8717 5.50031 -0.240263 13.1823 5.74019 -0.248088 13.3511 5.81024 -0.402156 13.1344 5.81054 -0.4468 13.2969 5.89001 -0.265437 13.2421 6.00818 -0.254756 13.091 5.90445 -0.341098 13.0026 5.74093 -0.246749 12.9762 5.79833 -0.231079 12.8534 5.63872 -0.237771 13.0339 5.69383 -0.237771 13.0339 5.69383 -0.231079 12.8534 5.63872 -0.254756 13.091 5.90445 -0.265437 13.2421 6.00818 -0.101314 13.134 5.84092 -0.0667251 13.2964 5.92841 -0.248088 13.3511 5.81024 -0.240263 13.1823 5.74019 -0.144439 13.0024 5.76078 -0.237771 13.0339 5.69383 -0.246749 12.9762 5.79833 -0.231079 12.8534 5.63872 -0.237771 13.0339 5.69383 -0.231079 12.8534 5.63872 -0.59315 12.6746 4.9411 -0.554203 12.5509 4.83745 -0.600659 12.5733 5.0743 -0.55681 12.4285 4.99859 -0.732134 12.4703 4.9018 -0.741167 12.608 4.99507 -0.642378 12.7061 5.11933 -0.726263 12.731 5.06662 -0.689845 12.8911 5.14459 -0.635801 12.7718 5.03407 -0.635801 12.7718 5.03407 -0.689845 12.8911 5.14459 -0.741167 12.608 4.99507 -0.732134 12.4703 4.9018 -0.737372 12.7033 4.87015 -0.729526 12.5928 4.74066 -0.554203 12.5509 4.83745 -0.59315 12.6746 4.9411 -0.731693 12.7911 4.98589 -0.635801 12.7718 5.03407 -0.726263 12.731 5.06662 -0.689845 12.8911 5.14459 -0.635801 12.7718 5.03407 -0.689845 12.8911 5.14459 -0.827598 13.2708 5.08234 -0.818828 13.4491 5.12249 -0.966736 13.299 4.93785 -0.981815 13.4857 4.94283 -1.03679 13.4215 5.17734 -1.00889 13.2472 5.12766 -0.940686 13.1386 4.95763 -0.960272 13.1063 5.07705 -0.875868 12.9368 5.01277 -0.827598 13.2708 5.08234 -0.849588 13.1204 5.04897 -0.875868 12.9368 5.01277 -1.00889 13.2472 5.12766 -1.03679 13.4215 5.17734 -0.880541 13.2191 5.26568 -0.873531 13.3848 5.357 -0.818828 13.4491 5.12249 -0.827598 13.2708 5.08234 -0.884065 13.0863 5.17192 -0.827598 13.2708 5.08234 -0.849588 13.1204 5.04897 -0.875868 12.9368 5.01277 -0.960272 13.1063 5.07705 -0.875868 12.9368 5.01277 -0.792991 12.9381 4.49548 -0.754538 12.7935 4.37667 -0.796817 12.8326 4.63513 -0.752318 12.6869 4.56096 -0.932593 12.7338 4.45617 -0.941171 12.8715 4.54941 -0.839443 12.9669 4.67791 -0.925666 12.9944 4.62105 -0.888525 13.1546 4.699 -0.835082 13.0353 4.58854 -0.792991 12.9381 4.49548 -0.835082 13.0353 4.58854 -0.888525 13.1546 4.699 -0.941171 12.8715 4.54941 -0.932593 12.7338 4.45617 -0.940739 12.9707 4.41836 -0.934503 12.8309 4.27378 -0.754538 12.7935 4.37667 -0.792991 12.9381 4.49548 -0.933308 13.0572 4.53622 -0.792991 12.9381 4.49548 -0.835082 13.0353 4.58854 -0.925666 12.9944 4.62105 -0.888525 13.1546 4.699 -0.835082 13.0353 4.58854 -0.888525 13.1546 4.699 -1.01556 13.4477 4.49874 -1.01534 13.6242 4.54678 -1.16926 13.4725 4.36376 -1.19501 13.6573 4.37825 -1.22533 13.5777 4.61836 -1.1901 13.4084 4.55794 -1.13065 13.3135 4.37478 -1.13665 13.274 4.49644 -1.04698 13.1145 4.41699 -1.01556 13.4477 4.49874 -1.03014 13.2977 4.45986 -1.04698 13.1145 4.41699 -1.1901 13.4084 4.55794 -1.22533 13.5777 4.61836 -1.04723 13.3833 4.6872 -1.04316 13.5446 4.78689 -1.01534 13.6242 4.54678 -1.01556 13.4477 4.49874 -1.0504 13.2552 4.5862 -1.01556 13.4477 4.49874 -1.03014 13.2977 4.45986 -1.04698 13.1145 4.41699 -1.13665 13.274 4.49644 -1.04698 13.1145 4.41699 -0.939813 13.1689 4.02963 -0.905624 13.0027 3.91564 -0.97205 13.0778 4.17063 -0.937896 12.893 4.09732 -1.08209 12.9601 3.98447 -1.08415 13.122 4.0715 -1.00247 13.2178 4.20091 -1.07691 13.248 4.13596 -1.03026 13.4091 4.2066 -0.979839 13.2768 4.1108 -0.979839 13.2768 4.1108 -1.03026 13.4091 4.2066 -1.08415 13.122 4.0715 -1.08209 12.9601 3.98447 -1.07112 13.208 3.93886 -1.04914 13.0622 3.80372 -0.905624 13.0027 3.91564 -0.939813 13.1689 4.02963 -1.06692 13.303 4.04941 -0.979839 13.2768 4.1108 -1.03026 13.4091 4.2066 -1.07691 13.248 4.13596 -1.03026 13.4091 4.2066 -1.14182 13.6708 3.86583 -1.13468 13.8441 3.92418 -1.27347 13.7064 3.72964 -1.28698 13.8904 3.75488 -1.34868 13.8016 3.97757 -1.31988 13.6347 3.90988 -1.24917 13.5465 3.73126 -1.27077 13.5021 3.84462 -1.18568 13.344 3.76245 -1.14182 13.6708 3.86583 -1.16201 13.5238 3.81729 -1.18568 13.344 3.76245 -1.31988 13.6347 3.90988 -1.34868 13.8016 3.97757 -1.19738 13.5994 4.03992 -1.19424 13.7553 4.14688 -1.13468 13.8441 3.92418 -1.14182 13.6708 3.86583 -1.19773 13.4766 3.93408 -1.14182 13.6708 3.86583 -1.16201 13.5238 3.81729 -1.18568 13.344 3.76245 -1.27077 13.5021 3.84462 -1.18568 13.344 3.76245 -1.07063 13.5133 3.32819 -1.02206 13.3594 3.231 -1.08117 13.4156 3.50196 -1.0254 13.2444 3.45375 -1.21563 13.2939 3.31515 -1.23251 13.4395 3.38801 -1.13118 13.5665 3.52412 -1.22048 13.5848 3.449 -1.1853 13.7729 3.51255 -1.12152 13.6301 3.41292 -1.07063 13.5133 3.32819 -1.12152 13.6301 3.41292 -1.1853 13.7729 3.51255 -1.23251 13.4395 3.38801 -1.21563 13.2939 3.31515 -1.22529 13.5313 3.22465 -1.20919 13.3941 3.09631 -1.02206 13.3594 3.231 -1.07063 13.5133 3.32819 -1.22368 13.6421 3.34286 -1.07063 13.5133 3.32819 -1.12152 13.6301 3.41292 -1.22048 13.5848 3.449 -1.1853 13.7729 3.51255 -1.12152 13.6301 3.41292 -1.1853 13.7729 3.51255 -1.58687 14.0627 2.04923 -1.50238 13.9638 2.3547 -1.59617 14.2776 2.14354 -1.51604 14.2001 2.44001 -1.563 13.8107 2.00356 -1.4738 13.7112 2.28255 -1.4229 13.8641 2.67763 -1.42503 14.0964 2.80359 -1.37593 13.5921 2.61568 -1.33596 13.6771 2.92406 -1.36021 13.8445 2.97868 -1.36394 13.9996 3.14327 -1.30637 13.4658 2.95771 -1.34909 13.6678 2.94457 -1.31769 13.4564 2.97823 -1.32946 13.4658 2.95771 -1.36295 13.6771 2.92406 -1.41456 13.5921 2.61568 -1.46139 13.8641 2.67763 -1.38774 13.8445 2.97868 -1.51214 13.7112 2.28255 -1.54063 13.9638 2.3547 -1.60144 13.8107 2.00356 -1.6252 14.0627 2.04923 -1.63453 14.2776 2.14354 -1.5543 14.2001 2.44001 -1.4637 14.0964 2.80359 -1.38431 13.9996 3.14327 -1.37361 13.8352 2.9992 -1.3738 13.9903 3.16379 1.51604 14.2001 2.44001 1.50238 13.9638 2.3547 1.59617 14.2776 2.14354 1.58687 14.0627 2.04923 1.563 13.8107 2.00356 1.4738 13.7112 2.28255 1.42291 13.8641 2.67763 1.42503 14.0964 2.80359 1.37593 13.5921 2.61568 1.33596 13.6771 2.92406 1.36021 13.8445 2.97868 1.36394 13.9996 3.14327 1.30637 13.4658 2.95771 1.34909 13.6678 2.94457 1.31769 13.4564 2.97823 1.32946 13.4658 2.95771 1.36295 13.6771 2.92406 1.41456 13.5921 2.61568 1.46139 13.8641 2.67763 1.38774 13.8445 2.97868 1.51214 13.7112 2.28255 1.54063 13.9638 2.3547 1.60144 13.8107 2.00356 1.6252 14.0627 2.04923 1.63453 14.2776 2.14354 1.5543 14.2001 2.44001 1.4637 14.0964 2.80359 1.38431 13.9996 3.14327 1.37361 13.8352 2.9992 1.3738 13.9903 3.16379 10.5385 11.7621 1.09957e-005 10.407 11.7621 1.0984e-005 10.5385 12.7131 1.09957e-005 10.407 12.7131 1.0984e-005 10.0127 11.7621 8.73769e-007 9.88131 11.7621 2.99578e-006 10.0127 12.7131 8.73769e-007 9.88131 12.7131 2.99578e-006 10.2756 12.7131 -4.99345e-006 10.2756 11.7621 -4.99345e-006 10.1442 12.7131 2.87096e-006 10.1442 11.7621 2.87047e-006 9.74988 12.7131 -4.99297e-006 9.74988 11.7621 -4.99297e-006 9.61845 12.7131 1.09845e-005 9.61845 11.7621 1.09845e-005 10.407 12.7131 1.0984e-005 10.407 11.7621 1.0984e-005 10.2756 12.7131 -4.99345e-006 10.2756 11.7621 -4.99345e-006 9.88131 12.7131 2.99578e-006 9.88131 11.7621 2.99578e-006 9.74988 12.7131 -4.99297e-006 9.74988 11.7621 -4.99297e-006 10.1442 12.7131 2.87096e-006 10.1442 11.7621 2.87047e-006 10.0127 12.7131 8.73769e-007 10.0127 11.7621 8.73769e-007 9.61845 12.7131 1.09845e-005 9.61845 11.7621 1.09845e-005 9.48702 12.7131 1.09845e-005 9.48702 11.7621 1.09845e-005 10.5385 11.7621 9.99715e-006 10.5385 12.7131 9.99715e-006 10.407 11.7621 9.98544e-006 10.407 12.7131 9.98544e-006 10.0127 11.7621 1.16393e-016 10.0127 12.7131 1.16393e-016 9.88131 11.7621 1.99719e-006 9.88131 12.7131 1.99719e-006 10.2756 12.7131 -5.99205e-006 10.1442 12.7131 1.99719e-006 10.2756 11.7621 -5.99205e-006 10.1442 11.7621 1.9967e-006 9.74988 12.7131 -5.99156e-006 9.61845 12.7131 9.98593e-006 9.74988 11.7621 -5.99156e-006 9.61845 11.7621 9.98593e-006 10.407 12.7131 9.98544e-006 10.2756 12.7131 -5.99205e-006 10.407 11.7621 9.98544e-006 10.2756 11.7621 -5.99205e-006 9.88131 12.7131 1.99719e-006 9.74988 12.7131 -5.99156e-006 9.88131 11.7621 1.99719e-006 9.74988 11.7621 -5.99156e-006 10.1442 12.7131 1.99719e-006 10.0127 12.7131 1.16393e-016 10.1442 11.7621 1.9967e-006 10.0127 11.7621 1.16393e-016 9.61845 12.7131 9.98593e-006 9.48702 12.7131 9.98593e-006 9.61845 11.7621 9.98593e-006 9.48702 11.7621 9.98593e-006 14.2251 12.7611 0.0548938 14.2251 12.7967 0.0548938 13.5441 12.6869 0.0539656 14.2251 12.7967 0.0548938 13.5441 12.8886 0.0538156 12.9803 12.9292 0.0529231 12.9803 12.646 0.0531973 12.4152 12.949 0.0520286 12.4152 12.6259 0.0524273 11.8849 12.9614 0.051189 11.8849 12.6132 0.0517045 10.6068 12.9669 0.0491657 10.6068 12.607 0.0499628 10.6068 12.6373 0.487622 11.8826 12.6427 0.404954 10.6068 12.607 0.0499628 11.8849 12.6132 0.0517045 11.8802 12.7673 0.775273 10.6068 12.7668 0.945002 12.4188 12.6535 0.36266 12.4152 12.6259 0.0524273 12.9761 12.6701 0.295658 12.9803 12.646 0.0531973 12.9716 12.7676 0.539283 12.4225 12.7676 0.681158 13.5441 12.7672 0.364319 13.5441 12.7044 0.211906 13.5441 12.6869 0.0539656 14.2251 12.7611 0.0548938 10.6068 12.8216 0.945117 11.8805 12.8213 0.773372 10.6068 12.7668 0.945002 11.8802 12.7673 0.775273 12.4221 12.8194 0.682897 12.4225 12.7676 0.681158 12.9721 12.8159 0.539001 12.9716 12.7676 0.539283 13.5441 12.8112 0.364319 13.5441 12.7672 0.364319 12.9761 12.9066 0.294367 13.5441 12.8723 0.211204 12.9803 12.9292 0.0529231 13.5441 12.8886 0.0538156 12.4152 12.949 0.0520286 12.4188 12.9231 0.361041 11.8849 12.9614 0.051189 11.8826 12.9336 0.403013 10.6068 12.9669 0.0491657 10.6068 12.9378 0.485136 14.2251 12.7611 0.0548938 14.2251 12.7967 0.0548938 14.2251 12.7611 0.0548938 13.5441 12.8112 0.364319 14.2251 12.7967 0.0548938 14.2251 12.2341 0.0548938 14.2251 12.2697 0.0548938 13.5441 12.1599 0.0539656 14.2251 12.2697 0.0548938 13.5441 12.3616 0.0538156 12.9803 12.4022 0.0529231 12.9803 12.119 0.0531973 12.4152 12.422 0.0520286 12.4152 12.0989 0.0524273 11.8849 12.4344 0.051189 11.8849 12.0862 0.0517045 10.6068 12.4399 0.0491657 10.6068 12.08 0.0499628 10.6068 12.1103 0.487622 11.8826 12.1157 0.404954 10.6068 12.08 0.0499628 11.8849 12.0862 0.0517045 11.8802 12.2403 0.775273 10.6068 12.2397 0.945002 12.4188 12.1265 0.36266 12.4152 12.0989 0.0524273 12.9761 12.1431 0.295658 12.9803 12.119 0.0531973 12.9716 12.2405 0.539283 12.4225 12.2406 0.681158 13.5441 12.2402 0.364319 13.5441 12.1773 0.211906 13.5441 12.1599 0.0539656 14.2251 12.2341 0.0548938 10.6068 12.2946 0.945117 11.8805 12.2943 0.773372 10.6068 12.2397 0.945002 11.8802 12.2403 0.775273 12.4221 12.2924 0.682897 12.4225 12.2406 0.681158 12.9721 12.2889 0.539001 12.9716 12.2405 0.539283 13.5441 12.2842 0.364319 13.5441 12.2402 0.364319 12.9761 12.3796 0.294367 13.5441 12.3453 0.211204 12.9803 12.4022 0.0529231 13.5441 12.3616 0.0538156 12.4152 12.422 0.0520286 12.4188 12.396 0.361041 11.8849 12.4344 0.051189 11.8826 12.4066 0.403013 10.6068 12.4399 0.0491657 10.6068 12.4108 0.485136 14.2251 12.2341 0.0548938 14.2251 12.2697 0.0548938 14.2251 12.2341 0.0548938 13.5441 12.2842 0.364319 14.2251 12.2697 0.0548938 14.2251 11.7281 0.0548938 14.2251 11.7637 0.0548938 13.5441 11.6538 0.0539656 14.2251 11.7637 0.0548938 13.5441 11.8556 0.0538156 12.9803 11.8962 0.0529231 12.9803 11.6129 0.0531973 12.4152 11.916 0.0520286 12.4152 11.5928 0.0524273 11.8849 11.9284 0.051189 11.8849 11.5801 0.0517045 10.6068 11.9339 0.0491657 10.6068 11.574 0.0499628 10.6068 11.6043 0.487622 11.8826 11.6097 0.404954 10.6068 11.574 0.0499628 11.8849 11.5801 0.0517045 11.8802 11.7343 0.775273 10.6068 11.7337 0.945002 12.4188 11.6205 0.36266 12.4152 11.5928 0.0524273 12.9761 11.6371 0.295658 12.9803 11.6129 0.0531973 12.9716 11.7345 0.539283 12.4225 11.7346 0.681158 13.5441 11.7341 0.364319 13.5441 11.6713 0.211906 13.5441 11.6538 0.0539656 14.2251 11.7281 0.0548938 10.6068 11.7886 0.945117 11.8805 11.7883 0.773372 10.6068 11.7337 0.945002 11.8802 11.7343 0.775273 12.4221 11.7863 0.682897 12.4225 11.7346 0.681158 12.9721 11.7829 0.539001 12.9716 11.7345 0.539283 13.5441 11.7781 0.364319 13.5441 11.7341 0.364319 12.9761 11.8736 0.294367 13.5441 11.8392 0.211204 12.9803 11.8962 0.0529231 13.5441 11.8556 0.0538156 12.4152 11.916 0.0520286 12.4188 11.89 0.361041 11.8849 11.9284 0.051189 11.8826 11.9005 0.403013 10.6068 11.9339 0.0491657 10.6068 11.9048 0.485136 14.2251 11.7281 0.0548938 14.2251 11.7637 0.0548938 14.2251 11.7281 0.0548938 13.5441 11.7781 0.364319 14.2251 11.7637 0.0548938 9.71167 13.3077 0.403091 9.82622 13.359 0.402004 9.71097 13.2654 1.0096 9.82548 13.3147 1.02922 9.82531 12.7827 1.31857 9.7108 12.7582 1.29209 10.5568 13.2683 1.00223 10.5574 13.3106 0.403097 10.8409 13.2095 0.949566 10.8465 13.2486 0.404891 10.5568 13.2683 1.00223 10.5566 12.7599 1.2611 10.8409 13.2095 0.949566 10.8407 12.7308 1.1714 11.1231 13.0297 0.848628 11.1231 13.0297 0.848628 11.1338 13.0635 0.409947 10.8405 12.259 1.23978 10.5565 12.2588 1.34873 11.1229 12.6504 0.963754 11.1227 12.258 0.999581 11.1229 11.864 0.960294 10.8407 11.7827 1.21437 11.1231 11.4812 0.850294 10.5566 11.7507 1.31466 10.8408 11.2999 0.959514 10.5568 11.2352 1.01629 9.82531 11.7375 1.36041 9.82548 11.2015 1.03261 9.71097 11.2507 1.01283 9.7108 11.7617 1.33272 9.82514 12.2584 1.41311 9.71064 12.2583 1.38525 9.7108 11.7617 1.33272 11.1338 13.0635 0.409947 11.1337 12.6623 0.410197 11.1231 13.0297 0.848628 11.1229 12.6504 0.963754 11.1336 12.2576 0.41004 11.1227 12.258 0.999581 11.144 12.6852 -0.0685288 11.144 12.2571 -0.106418 11.144 13.0313 0.0359227 9.71166 11.2071 0.403368 9.71097 11.2507 1.01283 9.82621 11.1558 0.402295 9.82548 11.2015 1.03261 10.5568 11.2352 1.01629 10.5574 11.1871 0.403012 10.8408 11.2999 0.959514 10.8465 11.2521 0.40478 11.1231 11.4812 0.850294 11.1338 11.449 0.410096 9.71233 11.2494 -0.236949 9.82692 11.2002 -0.2804 9.82707 11.7357 -0.598855 9.71249 11.7601 -0.556153 10.558 11.748 -0.514702 9.82721 12.2561 -0.642477 9.71265 12.2565 -0.612092 10.558 12.2547 -0.559929 10.558 11.2266 -0.248388 10.8519 11.2868 -0.175276 11.144 11.4829 0.0377267 10.558 12.7682 -0.47972 10.8519 12.2563 -0.433271 10.8519 12.7336 -0.369609 10.8519 13.2068 -0.163223 10.558 13.267 -0.23301 9.82692 13.3133 -0.283788 11.144 12.2571 -0.106418 11.144 12.6852 -0.0685288 11.144 13.0313 0.0359227 9.82707 12.7808 -0.560441 10.8519 11.7785 -0.410154 10.558 11.748 -0.514702 10.8519 11.2868 -0.175276 10.558 11.2266 -0.248388 9.82692 11.2002 -0.2804 11.144 11.4829 0.0377267 11.144 11.8317 -0.0866448 9.82707 11.7357 -0.598855 9.82692 13.3133 -0.283788 9.71234 13.2641 -0.240179 9.82707 12.7808 -0.560441 9.71249 12.7566 -0.519288 10.558 12.7682 -0.47972 9.82721 12.2561 -0.642477 10.558 12.2547 -0.559929 9.71265 12.2565 -0.612092 10.558 13.267 -0.23301 10.8519 13.2068 -0.163223 11.144 13.0313 0.0359227 9.71167 13.3077 0.403091 9.71097 13.2654 1.0096 9.71167 12.7787 0.402707 9.7108 12.7582 1.29209 9.71234 13.2641 -0.240179 9.71249 12.7566 -0.519288 9.71167 12.2574 0.402548 9.7108 12.7582 1.29209 9.71064 12.2583 1.38525 9.71167 12.2574 0.402548 9.71265 12.2565 -0.612092 9.7108 11.7617 1.33272 9.71097 11.2507 1.01283 9.71167 11.7397 0.402796 9.71166 11.2071 0.403368 9.71167 12.2574 0.402548 9.71064 12.2583 1.38525 9.71249 11.7601 -0.556153 9.71233 11.2494 -0.236949 9.71265 12.2565 -0.612092 9.71167 12.2574 0.402548 11.1338 11.449 0.410096 11.1231 11.4812 0.850294 11.1337 11.8533 0.409259 11.1229 11.864 0.960294 11.1336 12.2576 0.41004 11.1227 12.258 0.999581 11.144 11.4829 0.0377267 11.144 11.8317 -0.0866448 11.144 12.2571 -0.106418 8.20653 13.6505 0.384164 8.88647 13.7587 0.393522 8.20764 13.6113 0.71496 8.88861 13.7184 0.756998 7.77237 13.4323 0.622309 7.79566 13.2272 0.858145 7.77231 13.4723 0.38432 8.23285 13.2559 1.01511 8.90952 13.2955 1.06719 7.55701 13.2247 0.542993 7.55343 13.2388 0.38398 8.88432 13.7196 0.0261922 8.2054 13.6103 0.0498623 8.22603 13.2547 -0.265524 8.91119 13.2939 -0.300107 7.79611 13.2276 -0.112263 7.77225 13.433 0.143808 7.55527 13.2264 0.223282 9.70983 13.3312 -0.281974 9.43832 13.7436 0.00848072 8.88432 13.7196 0.0261922 9.43758 13.7837 0.391223 9.57767 13.5977 0.38518 9.43685 13.7444 0.76995 9.5747 13.5558 0.776942 8.88861 13.7184 0.756998 8.90952 13.2955 1.06719 9.70837 13.3327 1.05115 8.88647 13.7587 0.393522 9.70837 13.3327 1.05115 9.70841 13.3434 0.91626 9.58066 13.5604 -0.010733 9.70983 13.3312 -0.281974 9.70977 13.3422 -0.160649 9.50833 13.5634 0.385284 9.6174 13.3959 0.380445 9.50537 13.5214 0.765255 9.61672 13.3592 0.878538 9.51133 13.526 0.00128581 9.61809 13.3581 -0.122927 9.5747 13.5558 0.776942 9.57767 13.5977 0.38518 9.50537 13.5214 0.765255 9.50833 13.5634 0.385284 9.51133 13.526 0.00128581 9.58066 13.5604 -0.010733 9.70841 13.3434 0.91626 9.5747 13.5558 0.776942 9.61672 13.3592 0.878538 9.50537 13.5214 0.765255 9.70841 13.3434 0.91626 9.61672 13.3592 0.878538 9.70911 13.3866 0.377084 9.6174 13.3959 0.380445 9.61809 13.3581 -0.122927 9.70977 13.3422 -0.160649 9.70977 13.3422 -0.160649 9.61809 13.3581 -0.122927 9.58066 13.5604 -0.010733 9.51133 13.526 0.00128581 5.47789 12.9609 0.238478 5.22653 13.0046 0.383601 5.37166 12.9609 0.132241 5.22653 12.9609 0.0933554 5.08141 12.9609 0.132241 4.97517 12.9609 0.238478 4.93629 12.9609 0.383601 4.97517 12.9609 0.528724 5.08141 12.9609 0.634962 5.22653 12.9609 0.673848 5.37166 12.9609 0.634962 5.47789 12.9609 0.528724 5.51678 12.9609 0.383601 5.46009 12.8745 -0.0209391 5.63107 12.8745 0.15004 5.22653 12.8745 -0.0835218 4.99297 12.8745 -0.0209391 4.82199 12.8745 0.15004 4.75941 12.8745 0.383601 4.82199 12.8745 0.617163 4.99297 12.8745 0.788142 5.22653 12.8745 0.850725 5.46009 12.8745 0.788142 5.63107 12.8745 0.617163 5.69365 12.8745 0.383601 4.48595 12.7067 0.387896 4.55764 12.7074 0.00156172 4.48595 12.8353 0.387738 4.55764 12.8349 0.00141774 4.81873 12.7073 -0.264214 4.81929 12.8347 -0.264676 5.04055 12.7073 -0.32355 4.55764 12.2448 0.00210413 4.48595 12.2448 0.388427 4.81665 12.2448 -0.262475 5.04162 12.2448 -0.323623 4.55723 12.7061 0.756403 4.55723 12.2448 0.756924 4.84403 12.7062 1.05332 4.55723 12.8358 0.756232 4.84403 12.836 1.05315 5.20675 12.8363 1.13454 5.20675 12.7063 1.1347 4.84403 12.2448 1.05383 5.20675 12.2448 1.13521 5.52003 12.8361 1.06119 5.52101 12.7067 1.06099 5.72163 12.7071 0.940852 5.71544 12.8364 0.928407 5.52412 12.2448 1.05958 5.72163 12.7071 0.940852 5.72843 12.2448 0.937334 5.85744 12.8366 0.889883 5.85744 12.7061 0.905629 4.55764 12.8349 0.00141774 4.82199 12.8745 0.15004 4.48595 12.8353 0.387738 4.75941 12.8745 0.383601 4.81929 12.8347 -0.264676 4.99297 12.8745 -0.0209391 5.20549 12.8344 -0.375092 5.22653 12.8745 -0.0835218 4.82199 12.8745 0.617163 4.55723 12.8358 0.756232 4.84403 12.836 1.05315 4.99297 12.8745 0.788142 5.20675 12.8363 1.13454 5.22653 12.8745 0.850725 5.46009 12.8745 0.788142 5.46009 12.8745 -0.0209391 5.56494 12.8362 -0.289808 5.52003 12.8361 1.06119 5.71544 12.8364 0.928407 5.63107 12.8745 0.617163 5.85884 12.8352 -0.128797 5.63107 12.8745 0.15004 5.85814 12.8722 0.380543 5.69365 12.8745 0.383601 5.85744 12.8366 0.889883 5.56494 12.8362 -0.289808 5.20549 12.8344 -0.375092 5.57028 12.7063 -0.308303 5.20549 12.7047 -0.382257 5.85884 12.7078 -0.160815 5.85884 12.8352 -0.128797 5.20549 12.2448 -0.387463 5.56838 12.2448 -0.308026 5.20549 12.7047 -0.382257 5.57028 12.7063 -0.308303 5.04162 12.2448 -0.323623 5.04055 12.7073 -0.32355 5.85884 12.2448 -0.164141 5.85884 12.7078 -0.160815 5.72163 12.7071 0.940852 5.85744 12.7061 0.905629 5.72843 12.2448 0.937334 5.85744 12.2448 0.906176 5.85814 12.8722 0.380543 5.85884 12.8352 -0.128797 6.15075 13.0441 -0.249423 6.14983 13.0851 0.384481 6.14889 13.0459 1.01639 6.60848 13.1609 0.378573 6.60753 13.118 1.05887 5.85744 12.8366 0.889883 6.60941 13.1162 -0.297104 7.26002 13.2186 0.373636 7.25906 13.173 1.08423 8.22657 13.2556 1.08015 8.22748 13.3055 0.374851 8.90952 13.2955 1.06719 8.91037 13.3475 0.37585 9.70837 13.3327 1.05115 9.70911 13.3866 0.377084 9.70983 13.3312 -0.281974 8.91119 13.2939 -0.300107 8.22838 13.2538 -0.3224 7.26096 13.1712 -0.326684 9.70999 12.8551 -0.554889 8.91135 12.835 -0.568277 9.71017 12.2448 -0.678687 8.91153 12.2448 -0.686551 8.91119 13.2939 -0.300107 9.70983 13.3312 -0.281974 8.22853 12.8134 -0.571005 8.22869 12.2448 -0.675416 8.22838 13.2538 -0.3224 7.26105 12.7778 -0.556232 7.26116 12.2448 -0.641501 7.26096 13.1712 -0.326684 8.91135 11.6546 -0.568277 9.70999 11.6345 -0.554889 8.91119 11.1957 -0.300107 9.70983 11.1584 -0.281974 8.22853 11.6762 -0.571005 8.22838 11.2358 -0.3224 7.26105 11.7118 -0.556232 7.26096 11.3138 -0.326684 6.60941 13.1162 -0.297104 6.60946 12.7537 -0.522942 6.15075 13.0441 -0.249423 6.15077 12.7234 -0.431284 6.60952 12.2448 -0.594039 6.1508 12.2448 -0.489451 5.85884 12.8352 -0.128797 5.85884 12.7078 -0.160815 5.85884 12.2448 -0.164141 6.15077 11.7662 -0.431284 6.60946 11.7359 -0.522942 6.15075 11.4455 -0.249423 6.60941 11.3688 -0.297104 5.85884 11.6544 -0.128797 5.85884 11.7818 -0.160815 9.70837 13.3327 1.05115 9.70823 12.8922 1.30806 8.90952 13.2955 1.06719 8.90938 12.8704 1.31961 9.70803 12.2448 1.45185 8.90919 12.2448 1.45691 8.22657 13.2556 1.08015 8.22644 12.8456 1.32179 8.22626 12.2448 1.4507 7.25906 13.173 1.08423 7.25899 12.7998 1.30403 7.25887 12.2448 1.4169 6.60749 12.7673 1.26875 6.60742 12.2448 1.36237 6.14887 12.7307 1.20172 6.14889 13.0459 1.01639 6.60753 13.118 1.05887 5.85744 12.8366 0.889883 5.85744 12.7061 0.905629 6.14885 12.2448 1.26269 5.85744 12.2448 0.906176 9.70999 12.8551 -0.554889 9.71017 12.2448 -0.678687 9.64777 12.8141 -0.494111 9.64795 12.2448 -0.60671 9.64761 13.2548 -0.230818 9.70983 13.3312 -0.281974 9.70911 13.3866 0.377084 9.64696 13.3044 0.365976 9.6463 13.2525 0.976355 9.70837 13.3327 1.05115 9.70823 12.8922 1.30806 9.64617 12.8449 1.22167 9.70803 12.2448 1.45185 9.64599 12.2448 1.34875 9.64617 12.8449 1.22167 9.6463 13.2525 0.976355 9.64698 12.8584 0.354123 9.64696 13.3044 0.365976 9.64698 12.2448 0.360018 9.64599 12.2448 1.34875 9.64777 12.8141 -0.494111 9.64795 12.2448 -0.60671 9.64761 13.2548 -0.230818 9.64617 11.6447 1.22167 9.64698 11.6312 0.354123 9.6463 11.2371 0.976355 9.64696 11.1852 0.365976 9.64777 11.6755 -0.494111 9.64761 11.2347 -0.230818 8.88861 10.7712 0.756998 8.88647 10.7309 0.393522 8.20764 10.8783 0.71496 8.20653 10.8391 0.384164 7.77237 11.0573 0.622309 7.79566 11.2624 0.858145 7.77231 11.0173 0.38432 8.23285 11.2337 1.01511 8.90952 11.1941 1.06719 7.55701 11.2649 0.542993 7.55343 11.2508 0.38398 8.88432 10.77 0.0261922 8.2054 10.8793 0.0498623 8.22603 11.2349 -0.265524 8.91119 11.1957 -0.300107 7.79611 11.262 -0.112263 7.77225 11.0566 0.143808 7.55527 11.2632 0.223282 8.88432 10.77 0.0261922 9.43832 10.746 0.00848072 9.70983 11.1584 -0.281974 9.43758 10.7059 0.391223 9.57767 10.8919 0.38518 9.43685 10.7452 0.76995 9.5747 10.9338 0.776942 8.88861 10.7712 0.756998 8.90952 11.1941 1.06719 9.70837 11.157 1.05115 8.88647 10.7309 0.393522 9.70837 11.157 1.05115 9.70841 11.1462 0.91626 9.58066 10.9292 -0.010733 9.70983 11.1584 -0.281974 9.70977 11.1474 -0.160649 9.50833 10.9263 0.385284 9.50537 10.9682 0.765255 9.6174 11.0937 0.380445 9.61672 11.1304 0.878538 9.51133 10.9636 0.00128581 9.61809 11.1315 -0.122927 9.50833 10.9263 0.385284 9.57767 10.8919 0.38518 9.50537 10.9682 0.765255 9.5747 10.9338 0.776942 9.51133 10.9636 0.00128581 9.58066 10.9292 -0.010733 9.50537 10.9682 0.765255 9.5747 10.9338 0.776942 9.61672 11.1304 0.878538 9.70841 11.1462 0.91626 9.70841 11.1462 0.91626 9.70911 11.103 0.377084 9.61672 11.1304 0.878538 9.6174 11.0937 0.380445 9.61809 11.1315 -0.122927 9.70977 11.1474 -0.160649 9.70977 11.1474 -0.160649 9.58066 10.9292 -0.010733 9.61809 11.1315 -0.122927 9.51133 10.9636 0.00128581 5.47789 11.5287 0.238478 5.37166 11.5287 0.132241 5.22653 11.485 0.383601 5.22653 11.5287 0.0933554 5.08141 11.5287 0.132241 4.97517 11.5287 0.238478 4.93629 11.5287 0.383601 4.97517 11.5287 0.528724 5.08141 11.5287 0.634962 5.22653 11.5287 0.673848 5.37166 11.5287 0.634962 5.47789 11.5287 0.528724 5.51678 11.5287 0.383601 5.46009 11.6151 -0.0209391 5.63107 11.6151 0.15004 5.22653 11.6151 -0.0835218 4.99297 11.6151 -0.0209391 4.82199 11.6151 0.15004 4.75941 11.6151 0.383601 4.82199 11.6151 0.617163 4.99297 11.6151 0.788142 5.22653 11.6151 0.850725 5.46009 11.6151 0.788142 5.63107 11.6151 0.617163 5.69365 11.6151 0.383601 4.55764 11.6547 0.00141774 4.55764 11.7822 0.00156172 4.48595 11.6543 0.387738 4.48595 11.7829 0.387896 4.81873 11.7823 -0.264214 4.81929 11.6549 -0.264676 5.04055 11.7823 -0.32355 4.55764 12.2448 0.00210413 4.48595 12.2448 0.388427 4.81665 12.2448 -0.262475 5.04162 12.2448 -0.323623 4.55723 11.7835 0.756403 4.55723 12.2448 0.756924 4.84403 11.7834 1.05332 4.55723 11.6538 0.756232 4.84403 11.6536 1.05315 5.20675 11.6533 1.13454 5.20675 11.7833 1.1347 4.84403 12.2448 1.05383 5.20675 12.2448 1.13521 5.52003 11.6535 1.06119 5.52101 11.7829 1.06099 5.72163 11.7825 0.940852 5.71544 11.6532 0.928407 5.52412 12.2448 1.05958 5.72163 11.7825 0.940852 5.72843 12.2448 0.937334 5.85744 11.653 0.889883 5.85744 11.7835 0.905629 4.55764 11.6547 0.00141774 4.48595 11.6543 0.387738 4.82199 11.6151 0.15004 4.75941 11.6151 0.383601 4.81929 11.6549 -0.264676 4.99297 11.6151 -0.0209391 5.20549 11.6552 -0.375092 5.22653 11.6151 -0.0835218 4.82199 11.6151 0.617163 4.55723 11.6538 0.756232 4.84403 11.6536 1.05315 4.99297 11.6151 0.788142 5.20675 11.6533 1.13454 5.22653 11.6151 0.850725 5.46009 11.6151 0.788142 5.46009 11.6151 -0.0209391 5.56494 11.6534 -0.289808 5.52003 11.6535 1.06119 5.71544 11.6532 0.928407 5.63107 11.6151 0.617163 5.85884 11.6544 -0.128797 5.63107 11.6151 0.15004 5.85814 11.6174 0.380543 5.69365 11.6151 0.383601 5.85744 11.653 0.889883 5.20549 11.7849 -0.382257 5.20549 11.6552 -0.375092 5.57028 11.7833 -0.308303 5.56494 11.6534 -0.289808 5.85884 11.7818 -0.160815 5.85884 11.6544 -0.128797 5.57028 11.7833 -0.308303 5.56838 12.2448 -0.308026 5.20549 11.7849 -0.382257 5.20549 12.2448 -0.387463 5.04162 12.2448 -0.323623 5.04055 11.7823 -0.32355 5.85884 12.2448 -0.164141 5.85884 11.7818 -0.160815 5.72163 11.7825 0.940852 5.72843 12.2448 0.937334 5.85744 11.7835 0.905629 5.85744 12.2448 0.906176 5.85814 11.6174 0.380543 6.15075 11.4455 -0.249423 5.85884 11.6544 -0.128797 6.14983 11.4045 0.390322 6.60848 11.3241 0.390277 6.14889 11.4437 1.01639 6.60753 11.3669 1.05887 5.85744 11.653 0.889883 6.60941 11.3688 -0.297104 7.26002 11.2663 0.391051 7.26096 11.3138 -0.326684 8.22838 11.2358 -0.3224 8.22748 11.1841 0.392267 8.91119 11.1957 -0.300107 8.91037 11.1421 0.37585 9.70983 11.1584 -0.281974 9.70911 11.103 0.377084 9.70837 11.157 1.05115 8.90952 11.1941 1.06719 8.22657 11.234 1.08015 7.25906 11.3119 1.08423 8.90938 11.6192 1.31961 9.70823 11.5974 1.30806 8.90952 11.1941 1.06719 9.70837 11.157 1.05115 9.70803 12.2448 1.45185 8.90919 12.2448 1.45691 8.22657 11.234 1.08015 8.22644 11.644 1.32179 8.22626 12.2448 1.4507 7.25906 11.3119 1.08423 7.25899 11.6898 1.30403 7.25887 12.2448 1.4169 6.60753 11.3669 1.05887 6.60749 11.7223 1.26875 6.14889 11.4437 1.01639 6.14887 11.7589 1.20172 5.85744 11.653 0.889883 5.85744 11.7835 0.905629 6.60742 12.2448 1.36237 6.14885 12.2448 1.26269 5.85744 12.2448 0.906176 9.70999 11.6345 -0.554889 9.64777 11.6755 -0.494111 9.71017 12.2448 -0.678687 9.64795 12.2448 -0.60671 9.64761 11.2347 -0.230818 9.70983 11.1584 -0.281974 9.70911 11.103 0.377084 9.64696 11.1852 0.365976 9.6463 11.2371 0.976355 9.70837 11.157 1.05115 9.70823 11.5974 1.30806 9.64617 11.6447 1.22167 9.70803 12.2448 1.45185 9.64599 12.2448 1.34875 3.10087 12.1699 -0.415931 3.27638 12.1699 -0.577545 3.1007 12.3084 -0.415931 3.27638 12.3084 -0.577545 3.40981 12.1699 -0.665368 3.40981 12.3084 -0.665368 3.72791 12.1699 -0.735749 3.72791 12.3084 -0.735749 4.06215 12.1699 -0.696868 4.06215 12.3084 -0.696868 4.34182 12.1699 -0.535987 4.34182 12.3084 -0.535987 4.47516 12.1699 -0.297196 4.47516 12.3084 -0.297196 4.54335 12.1699 -0.0429991 4.54335 12.3084 -0.0429991 3.19701 12.3776 -0.335813 3.1007 12.3084 -0.415931 3.34221 12.3776 -0.470799 3.27638 12.3084 -0.577545 3.30013 12.3084 -0.276384 3.40866 12.3084 -0.381375 3.45611 12.3776 -0.541463 3.40981 12.3084 -0.665368 3.72929 12.3776 -0.609589 3.72919 12.3084 -0.489037 3.49899 12.3084 -0.43271 3.72791 12.3084 -0.735749 3.97494 12.3084 -0.462016 4.01829 12.3776 -0.579462 4.06215 12.3084 -0.696868 4.16144 12.3084 -0.350362 4.25214 12.3776 -0.445501 4.36739 12.3776 -0.245035 4.2603 12.3084 -0.189817 4.47516 12.3084 -0.297196 4.34182 12.3084 -0.535987 4.54335 12.3084 -0.0429991 4.4255 12.3776 -0.0207846 4.30765 12.3084 0.00142995 3.30013 12.3084 -0.276384 3.40866 12.3084 -0.381375 3.30013 12.1699 -0.276384 3.40866 12.1699 -0.381375 3.49899 12.3084 -0.43271 3.49899 12.1699 -0.43271 3.72919 12.3084 -0.489037 3.72919 12.1699 -0.489037 3.97494 12.3084 -0.462016 3.97494 12.1699 -0.462016 4.16144 12.3084 -0.350362 4.16144 12.1699 -0.350362 4.2603 12.3084 -0.189817 4.2603 12.1699 -0.189817 4.30765 12.3084 0.00142995 4.30765 12.1699 0.00142995 3.1971 12.1007 -0.335813 3.30013 12.1699 -0.276384 3.34221 12.1007 -0.470799 3.40866 12.1699 -0.381375 3.10087 12.1699 -0.415931 3.27638 12.1699 -0.577545 3.45611 12.1007 -0.541463 3.40981 12.1699 -0.665368 3.72929 12.1007 -0.609589 3.72791 12.1699 -0.735749 3.72919 12.1699 -0.489037 3.49899 12.1699 -0.43271 4.01829 12.1007 -0.579462 4.06215 12.1699 -0.696868 3.97494 12.1699 -0.462016 4.25214 12.1007 -0.445501 4.34182 12.1699 -0.535987 4.47516 12.1699 -0.297196 4.36739 12.1007 -0.245035 4.16144 12.1699 -0.350362 4.2603 12.1699 -0.189817 4.54335 12.1699 -0.0429991 4.4255 12.1007 -0.0207846 4.30765 12.1699 0.00142995 3.39097 11.9941 1.00526 5.30848 11.9597 0.779198 3.39128 11.9764 0.976415 5.30848 11.939 0.761074 3.39189 11.9755 -0.184023 5.30848 11.9381 0.0334322 5.30848 11.9587 0.0151915 3.39189 11.9932 -0.210544 3.39189 11.9932 -0.210544 5.30848 11.9587 0.0151915 3.39183 12.5027 -0.211681 5.30844 12.5409 0.0143984 3.38123 12.5036 1.00412 3.38098 12.5281 0.977649 5.30844 12.5419 0.778405 5.30844 12.5703 0.761771 5.30844 12.5694 0.0303185 3.39183 12.5271 -0.186347 5.30844 12.5409 0.0143984 3.39183 12.5027 -0.211681 3.39097 11.9941 1.00526 3.38123 12.5036 1.00412 5.30848 11.9597 0.779198 5.30844 12.5419 0.778405 3.38274 12.5844 0.874291 4.72555 12.6131 0.708863 3.38138 12.652 0.874356 4.72597 12.6808 0.70869 3.38138 12.652 0.874356 4.72597 12.6808 0.70869 3.38688 12.6858 0.932413 4.73341 12.7147 0.766867 4.74043 12.6808 0.825097 3.39385 12.652 0.990525 3.39544 12.5844 0.990698 3.39385 12.652 0.990525 4.73998 12.6131 0.825031 4.74043 12.6808 0.825097 3.38977 12.5504 0.932521 3.39544 12.5844 0.990698 4.73255 12.5794 0.766975 4.73998 12.6131 0.825031 3.38274 12.5844 0.874291 4.72555 12.6131 0.708863 3.39329 11.9167 0.874283 3.39384 11.8491 0.874364 4.7255 11.8813 0.708883 4.72602 11.8137 0.708669 3.39997 11.9507 0.932425 3.39329 11.9167 0.874283 4.73242 11.9151 0.766877 4.7255 11.8813 0.708883 3.40752 11.9168 0.990668 4.73992 11.8792 0.824967 3.40752 11.9168 0.990668 4.73992 11.8792 0.824967 3.40829 11.8491 0.990554 4.7405 11.8116 0.825165 3.40829 11.8491 0.990554 4.7405 11.8116 0.825165 3.40135 11.8154 0.932511 4.73354 11.7797 0.766962 4.72602 11.8137 0.708669 3.39384 11.8491 0.874364 2.38432 12.1106 -0.449961 2.3875 11.6648 -0.453528 3.12063 12.111 -0.0270454 3.12436 11.6653 -0.0284743 2.38914 11.1783 -0.20407 2.90893 11.1786 0.0964893 2.38878 10.9772 0.396642 3.12063 12.111 -0.0270454 3.12436 11.6653 -0.0284743 3.11717 12.1119 0.817769 3.12377 11.6662 0.820611 2.90893 11.1786 0.0964893 2.90851 11.1792 0.696883 2.38878 10.9772 0.396642 3.11717 12.1119 0.817769 3.12377 11.6662 0.820611 2.37643 12.1123 1.23967 2.38667 11.6666 1.24464 2.90851 11.1792 0.696883 2.38835 11.1795 0.996718 2.38878 10.9772 0.396642 2.37643 12.1123 1.23967 2.38667 11.6666 1.24464 1.64405 12.1119 0.816751 1.64905 11.6661 0.819585 2.38835 11.1795 0.996718 1.86822 11.1792 0.696158 2.38878 10.9772 0.396642 1.64405 12.1119 0.816751 1.64905 11.6661 0.819585 1.64309 12.111 -0.028063 1.64584 11.6652 -0.0294978 1.86822 11.1792 0.696158 1.86776 11.1785 0.0957666 2.38878 10.9772 0.396642 1.64309 12.111 -0.028063 1.64584 11.6652 -0.0294978 2.38432 12.1106 -0.449961 2.3875 11.6648 -0.453528 1.86776 11.1785 0.0957666 2.38914 11.1783 -0.20407 2.38878 10.9772 0.396642 2.37511 11.7746 -0.845208 2.36879 12.7372 -0.845208 1.73788 11.7746 -0.67609 1.72595 12.7372 -0.67609 3.00697 12.7372 -0.67609 3.00831 11.7746 -0.67609 3.47035 12.7372 -0.214054 3.47035 11.7746 -0.214054 1.25518 12.7372 -0.214054 1.27085 11.7746 -0.214054 1.10319 11.7746 0.4171 1.08441 12.7372 0.4171 1.25392 12.7367 1.0501 1.27814 11.7746 1.04825 1.74216 11.7746 1.51029 1.70687 12.7325 1.52763 2.37235 11.7746 1.67941 2.32957 12.7372 1.67941 2.97133 12.7372 1.51029 3.00625 11.7746 1.51029 3.47035 11.7746 1.04825 3.45374 12.7372 1.04825 3.63683 12.7372 0.4171 3.47035 12.7372 -0.214054 3.63947 11.7746 0.4171 3.47035 11.7746 -0.214054 3.47035 11.7746 1.04825 3.45374 12.7372 1.04825 1.27085 11.7746 -0.214054 2.37544 11.7746 0.4171 1.73788 11.7746 -0.67609 1.10319 11.7746 0.4171 1.27814 11.7746 1.04825 1.74216 11.7746 1.51029 2.37235 11.7746 1.67941 3.00625 11.7746 1.51029 3.47035 11.7746 1.04825 3.63947 11.7746 0.4171 3.47035 11.7746 -0.214054 3.00831 11.7746 -0.67609 2.37511 11.7746 -0.845208 1.72595 12.7372 -0.67609 1.86655 12.8753 -0.43268 1.25518 12.7372 -0.214054 1.49867 12.8753 -0.0735212 1.08441 12.7372 0.4171 1.36273 12.8753 0.4171 1.25392 12.7367 1.0501 1.4903 12.8753 0.907721 1.70687 12.7325 1.52763 1.83953 12.875 1.26807 2.32957 12.7372 1.67941 2.32462 12.8753 1.39834 2.97133 12.7372 1.51029 2.82562 12.8753 1.26688 3.45374 12.7372 1.04825 3.20331 12.8753 0.907721 3.63683 12.7372 0.4171 3.34978 12.8753 0.4171 3.47035 12.7372 -0.214054 3.22502 12.8753 -0.0735212 3.00697 12.7372 -0.67609 2.8646 12.8753 -0.43268 2.36879 12.7372 -0.845208 2.36705 12.8753 -0.564142 2.72303 12.7622 1.07324 3.0126 12.7622 0.795923 2.33723 12.7622 1.17475 1.9602 12.7622 1.07324 1.68789 12.7622 0.795923 1.58978 12.7622 0.4171 1.69575 12.7622 0.0382776 1.98009 12.7622 -0.239039 2.36663 12.7622 -0.340544 2.75077 12.7622 -0.239039 3.02888 12.7622 0.0382776 3.12498 12.7622 0.4171 1.98009 12.7622 -0.239039 2.35089 12.8915 0.4171 1.69575 12.7622 0.0382776 1.58978 12.7622 0.4171 1.68789 12.7622 0.795923 1.9602 12.7622 1.07324 2.33723 12.7622 1.17475 2.72303 12.7622 1.07324 3.0126 12.7622 0.795923 3.12498 12.7622 0.4171 3.02888 12.7622 0.0382776 2.75077 12.7622 -0.239039 2.36663 12.7622 -0.340544 0.911138 12.2584 0.970177 0.905897 12.4504 0.907065 1.34594 12.258 1.00889 1.33897 12.4922 0.941486 0.9149 12.0629 0.907659 1.35175 12.0152 0.942217 1.34194 12.2546 -0.220149 0.902512 12.2551 -0.181442 1.34611 12.014 -0.15273 0.88499 12.0592 -0.118313 0.898804 12.4493 -0.118912 1.33835 12.491 -0.153461 0.88499 12.0592 -0.118313 0.831914 12.2547 -0.108352 0.79704 12.2541 -0.0127047 0.898804 12.4493 -0.118912 0.902512 12.2551 -0.181442 1.33835 12.491 -0.153461 1.33805 12.5129 -0.0243233 0.898804 12.4493 -0.118912 0.877033 12.4674 -0.0135555 0.79704 12.2541 -0.0127047 1.33787 12.5133 0.377675 0.86942 12.4677 0.378773 0.882223 12.4681 0.73664 1.33803 12.5137 0.760022 0.803548 12.2545 0.734327 0.78693 12.2525 0.376273 0.905897 12.4504 0.907065 1.33897 12.4922 0.941486 0.878167 12.0435 0.377864 1.34897 11.9929 0.376811 0.885653 12.0423 -0.0135786 1.3468 11.9925 -0.0243242 0.891743 12.0448 0.736689 0.803548 12.2545 0.734327 0.78693 12.2525 0.376273 0.9149 12.0629 0.907659 1.35126 11.9933 0.760024 1.35175 12.0152 0.942217 0.88499 12.0592 -0.118313 0.79704 12.2541 -0.0127047 1.34611 12.014 -0.15273 0.911138 12.2584 0.970177 0.9149 12.0629 0.907659 0.854414 12.2574 0.907833 0.905897 12.4504 0.907065 0.803548 12.2545 0.734327 0.945556 9.77865 1.96984 0.948718 9.99067 1.95167 0.654445 9.78415 2.06494 0.657543 9.9975 2.03861 0.94412 9.97765 1.984 0.66457 9.98595 2.06759 0.661897 9.79473 2.09134 0.941346 9.78874 2.00058 2.01347 10.0758 0.998794 1.71445 10.0984 1.53484 1.9386 10.0691 0.964426 1.66315 10.0947 1.49426 2.0143 9.88873 1.00866 1.98551 9.70258 0.999744 1.91063 9.69587 0.965376 1.68488 9.80755 1.5494 1.62442 9.80214 1.50883 1.47125 9.88597 1.81608 1.43203 9.88656 1.76956 1.11858 10.0106 1.95022 1.49839 10.1121 1.77726 1.46017 10.1126 1.73414 1.14498 10.1223 1.90924 0.854076 10.1109 1.98068 1.13558 10.1147 1.88241 1.11644 10.0066 1.9242 1.66315 10.0947 1.49426 1.62442 9.80214 1.50883 1.9386 10.0691 0.964426 1.91063 9.69587 0.965376 1.43203 9.88656 1.76956 1.46017 10.1126 1.73414 1.11644 10.0066 1.9242 1.11858 10.0106 1.95022 1.13558 10.1147 1.88241 1.14498 10.1223 1.90924 0.854076 10.1109 1.98068 1.11858 10.0106 1.95022 1.13359 10.065 1.94628 1.49542 9.9888 1.81917 1.47125 9.88597 1.81608 1.49839 10.1121 1.77726 1.14498 10.1223 1.90924 1.72021 9.9443 1.56126 1.68488 9.80755 1.5494 1.98551 9.70258 0.999744 2.0143 9.88873 1.00866 2.01347 10.0758 0.998794 1.71445 10.0984 1.53484 1.98154 9.66248 0.993574 1.66413 9.71006 1.5188 1.91786 9.65794 0.964212 1.60942 9.71009 1.49407 1.96962 9.30044 1.03038 1.8948 9.2934 0.996075 1.65604 9.4126 1.56935 1.58255 9.40842 1.53769 2.00473 9.47949 1.02548 1.40007 9.49026 1.79954 1.43083 9.50415 1.84885 1.09636 9.65637 1.97076 1.41835 9.74671 1.7704 1.44808 9.7459 1.81555 1.12737 9.78969 1.93575 1.13812 9.80291 1.97374 0.834045 9.84716 2.08477 1.10757 9.671 2.00826 1.60942 9.71009 1.49407 1.58255 9.40842 1.53769 1.91786 9.65794 0.964212 1.8948 9.2934 0.996075 1.40007 9.49026 1.79954 1.41835 9.74671 1.7704 1.09636 9.65637 1.97076 1.12737 9.78969 1.93575 0.834045 9.84716 2.08477 1.44808 9.7459 1.81555 1.13812 9.80291 1.97374 1.10757 9.671 2.00826 1.43083 9.50415 1.84885 1.10757 9.671 2.00826 1.13911 9.74158 2.01763 1.45739 9.6385 1.8752 1.43083 9.50415 1.84885 1.44808 9.7459 1.81555 1.13812 9.80291 1.97374 1.693 9.57082 1.57403 1.65604 9.4126 1.56935 1.96962 9.30044 1.03038 2.00473 9.47949 1.02548 1.98154 9.66248 0.993574 1.66413 9.71006 1.5188 1.34614 9.03532 1.87984 1.35234 9.33606 1.84816 0.625538 9.48028 2.13596 0.689797 9.73672 2.07082 1.93987 9.18235 1.12799 1.91374 8.81935 1.16465 1.38566 9.03113 1.93154 0.64906 9.48028 2.20277 1.39836 9.32248 1.89738 0.713319 9.73672 2.13843 1.97944 9.16571 1.1811 1.9533 8.82303 1.21776 1.39836 9.32248 1.89738 0.713319 9.73672 2.13843 1.35234 9.33606 1.84816 0.689797 9.73672 2.07082 0.625538 9.48028 2.13596 0.64906 9.48028 2.20277 1.34614 9.03532 1.87984 1.38566 9.03113 1.93154 1.97944 9.16571 1.1811 1.93987 9.18235 1.12799 1.9533 8.82303 1.21776 1.91374 8.81935 1.16465 -1.73219 9.07926 1.74062 -1.76049 9.01078 1.11261 -1.61386 9.15543 1.69705 -1.64936 9.11785 1.05515 -1.75504 8.88437 1.15701 -1.76201 8.94738 1.76765 -1.6854 8.84616 1.75624 -1.66375 8.77596 1.18262 -1.52771 8.84265 1.74535 -1.52808 8.80029 1.15941 -1.5452 9.19851 1.95761 -1.57936 9.15443 2.08122 -0.915396 9.45599 2.15901 -0.908048 9.44349 2.31017 -0.254132 9.74831 2.1988 -0.27444 9.73856 2.02428 -0.86432 9.34374 2.39376 -1.58042 9.04094 2.13396 -1.49462 8.93155 2.09075 -0.800367 9.24166 2.36659 -0.130628 9.54572 2.27773 -0.191824 9.66218 2.28795 -1.38541 8.92258 1.98395 -0.754962 9.19136 2.26901 -0.115266 9.46057 2.16349 -1.52771 8.84265 1.74535 -1.61386 9.15543 1.69705 -1.64936 9.11785 1.05515 -1.5452 9.19851 1.95761 -1.38541 8.92258 1.98395 -0.915396 9.45599 2.15901 -0.754962 9.19136 2.26901 -0.27444 9.73856 2.02428 -0.115266 9.46057 2.16349 -1.64379 9.94782 1.1406 -1.66933 9.90087 1.64059 -1.77061 9.87792 1.11191 -1.77844 9.83975 1.65113 -1.82135 9.72317 1.12026 -1.83822 9.703 1.65926 -1.74054 9.6119 1.14424 -1.76963 9.58727 1.6401 -1.60603 9.58805 1.18559 -1.59888 9.56384 1.63249 -1.54297 9.57488 1.84185 -1.67788 9.59519 1.94438 -1.04223 9.74803 2.26268 -1.74612 9.71146 1.98259 -1.0798 9.87338 2.30662 -0.37509 10.0861 2.18219 -0.334307 9.9058 2.07331 -1.11709 9.99007 2.22981 -1.70964 9.83787 1.92776 -1.13252 10.0171 2.09113 -1.63917 9.89086 1.84698 -0.417743 10.2176 2.06973 -0.468998 10.2248 1.89204 -1.02091 9.69843 2.13822 -0.37403 9.89372 1.85953 -1.02091 9.69843 2.13822 -1.64379 9.94782 1.1406 -1.60603 9.58805 1.18559 -1.66933 9.90087 1.64059 -1.59888 9.56384 1.63249 -1.63917 9.89086 1.84698 -1.54297 9.57488 1.84185 -1.13252 10.0171 2.09113 -1.02091 9.69843 2.13822 -0.37403 9.89372 1.85953 -0.37403 9.89372 1.85953 -0.468998 10.2248 1.89204 -1.32434 18.1518 -8.56966 -1.40488 18.8548 -9.78678 -1.38042 17.5522 -8.84928 -1.33144 17.5049 -7.71509 -1.29374 17.1614 -7.84538 -1.38184 18.5571 -8.39967 -1.32425 17.3539 -8.91173 -1.38506 17.4364 -9.22375 -1.37918 17.2237 -8.94344 -1.36131 16.4862 -8.14288 -1.2719 16.7716 -8.01088 -1.2555 16.3372 -7.32254 -1.34795 16.0063 -7.50536 -1.32392 17.9462 -7.5973 -1.31443 17.3661 -7.1557 -1.29925 17.7917 -6.87663 -1.35989 17.3915 -7.55647 -1.32867 17.1229 -7.54467 -1.35692 17.169 -7.47756 -1.29144 16.7783 -7.06864 -1.34719 16.8336 -7.00586 -1.35406 17.2889 -7.2204 -1.33503 16.2952 -6.48018 -1.26752 16.1896 -6.49868 -1.33134 16.3381 -6.20947 -1.26195 16.2596 -6.08639 -1.2756 16.6272 -6.18369 -1.33517 16.6028 -6.32311 -1.24398 17.1916 -5.52052 -1.34645 16.986 -6.87325 -1.28826 17.0341 -6.81927 -1.2876 17.7275 -6.26882 -1.27075 17.8821 -6.12469 -1.32751 17.5249 -5.30869 -1.34143 17.9767 -5.99965 -1.34817 18.2093 -6.32644 -1.29252 18.1718 -6.47643 -1.36034 18.6601 -6.89941 -1.35259 18.1118 -6.67631 -1.30075 16.6088 -4.00722 -1.21778 16.2332 -4.27971 -1.25413 16.2376 -3.80254 -1.3663 18.3386 -7.47433 -1.27315 16.621 -3.8788 -1.30475 16.9298 -4.10216 -1.29809 16.6263 -3.81932 -1.29048 16.2654 -3.50323 -1.25236 16.247 -3.59301 -1.19836 15.5088 -3.36764 -1.19844 14.5435 -3.89679 -1.21797 15.0663 -4.92519 -1.28277 14.1716 -4.11964 -1.1794 13.7735 -3.03767 -1.26905 13.8051 -3.39644 -1.21873 14.3622 -2.82786 -1.18285 14.7077 -2.75942 -1.26484 14.5524 -2.7181 -1.16442 14.3486 -2.11188 -1.25037 14.2877 -2.203 -1.18195 14.9235 -2.68082 -1.26332 14.3805 -2.72425 -1.20463 13.9323 -2.39562 -1.25173 14.0327 -2.37631 -1.24057 13.8811 -2.05106 -1.21973 13.7179 -1.9189 -1.25092 13.3915 -2.59043 -1.2348 13.1778 -2.08452 -1.10298 13.159 -0.991882 -1.2088 12.7882 -1.31202 -1.08249 12.7839 -0.70285 -1.19919 12.5168 -0.941518 -1.13351 13.9198 -1.61647 -1.18948 12.9281 -0.574665 -1.19617 13.3598 -0.793038 -1.22185 14.1661 -1.29551 -1.24652 14.7491 -1.77887 -1.26778 15.361 -2.4685 -1.2816 15.8858 -3.11255 -1.18725 12.5816 -0.400839 -1.07271 12.4853 -0.503024 -1.19467 12.2928 -0.681481 -1.33013 15.4836 -6.59099 -1.30232 14.6914 -5.15163 -1.25007 15.8225 -6.39405 -1.18383 13.6957 -3.37417 -1.27599 13.7746 -3.87911 -1.26709 13.6117 -3.36956 -1.43782 18.1509 -8.56797 -1.38042 17.5522 -8.84928 -1.40488 18.8548 -9.78678 -1.39486 17.5044 -7.71415 -1.43088 17.1603 -7.84334 -1.38184 18.5571 -8.39967 -1.43522 17.353 -8.91008 -1.38506 17.4364 -9.22375 -1.37918 17.2237 -8.94344 -1.36131 16.4862 -8.14288 -1.45134 16.7701 -8.00821 -1.44025 16.3357 -7.3198 -1.34795 16.0063 -7.50536 -1.40599 17.9456 -7.59608 -1.39298 17.3655 -7.15453 -1.40671 17.7908 -6.87503 -1.35989 17.3915 -7.55647 -1.38641 17.1225 -7.54381 -1.35692 17.169 -7.47756 -1.40388 16.7774 -7.06696 -1.34719 16.8336 -7.00586 -1.35406 17.2889 -7.2204 -1.33503 16.2952 -6.48018 -1.40134 16.1885 -6.49669 -1.33134 16.3381 -6.20947 -1.39577 16.2585 -6.0844 -1.39095 16.6263 -6.18198 -1.33517 16.6028 -6.32311 -1.41192 17.1902 -5.51802 -1.34645 16.986 -6.87325 -1.40377 17.0332 -6.81755 -1.39923 17.7266 -6.26716 -1.41427 17.881 -6.12256 -1.32751 17.5249 -5.30869 -1.34143 17.9767 -5.99965 -1.34817 18.2093 -6.32644 -1.40765 18.1709 -6.47472 -1.36034 18.6601 -6.89941 -1.35259 18.1118 -6.67631 -1.30075 16.6088 -4.00722 -1.38572 16.2319 -4.27721 -1.33526 16.2369 -3.80134 -1.3663 18.3386 -7.47433 -1.3247 16.6206 -3.87803 -1.30475 16.9298 -4.10216 -1.29809 16.6263 -3.81932 -1.29048 16.2654 -3.50323 -1.33095 16.2464 -3.59184 -1.36631 15.5074 -3.36514 -1.36641 14.5421 -3.89429 -1.38592 15.065 -4.92269 -1.28277 14.1716 -4.11964 -1.3474 13.7722 -3.03517 -1.26905 13.8051 -3.39644 -1.31121 14.3614 -2.82648 -1.35079 14.7064 -2.75692 -1.26484 14.5524 -2.7181 -1.33311 14.3473 -2.10938 -1.25037 14.2877 -2.203 -1.35283 14.9222 -2.67828 -1.26332 14.3805 -2.72425 -1.29747 13.9315 -2.39424 -1.25173 14.0327 -2.37631 -1.24057 13.8811 -2.05106 -1.24902 13.7176 -1.91846 -1.25092 13.3915 -2.59043 -1.2348 13.1778 -2.08452 -1.2973 13.1575 -0.989024 -1.2088 12.7882 -1.31202 -1.30248 12.7821 -0.699615 -1.19919 12.5168 -0.941518 -1.3213 13.9183 -1.6137 -1.18948 12.9281 -0.574665 -1.19617 13.3598 -0.793038 -1.22185 14.1661 -1.29551 -1.24652 14.7491 -1.77887 -1.26778 15.361 -2.4685 -1.2816 15.8858 -3.11255 -1.18725 12.5816 -0.400839 -1.30676 12.4834 -0.499579 -1.19467 12.2928 -0.681481 -1.30232 14.6914 -5.15163 -1.40975 15.8212 -6.39167 -1.33013 15.4836 -6.59099 -1.35179 13.6943 -3.37167 -1.26709 13.6117 -3.36956 -1.27599 13.7746 -3.87911 -1.44237 15.6067 -9.48663 -1.5535 16.0753 -10.7702 -1.50389 15.0429 -9.6381 -1.42594 15.1266 -8.55909 -1.39289 14.8123 -8.61871 -1.49353 15.975 -9.40177 -1.45127 14.8538 -9.66207 -1.51845 14.8883 -9.97051 -1.50513 14.7305 -9.66654 -1.46585 14.1811 -8.77025 -1.37611 14.4506 -8.70239 -1.34125 14.1991 -7.96553 -1.4352 13.8782 -8.0707 -1.41571 15.5216 -8.53143 -1.39433 15.1013 -8.00493 -1.37243 15.5181 -7.82421 -1.44907 15.0524 -8.38712 -1.41846 14.8255 -8.32593 -1.44395 14.876 -8.27043 -1.3694 14.6235 -7.81004 -1.42158 14.6827 -7.75986 -1.4343 15.0238 -8.0502 -1.3952 14.3262 -7.15791 -1.33041 14.2303 -7.15615 -1.38439 14.4199 -6.91125 -1.314 14.3784 -6.78174 -1.33012 14.6759 -6.9458 -1.39138 14.6252 -7.07067 -1.28235 15.3154 -6.43595 -1.41738 14.8385 -7.66413 -1.35977 14.8901 -7.62406 -1.3449 15.6031 -7.24186 -1.32493 15.7717 -7.1381 -1.35769 15.6561 -6.30173 -1.38996 15.8853 -7.03826 -1.40535 16.006 -7.3894 -1.35555 15.9363 -7.52359 -1.43274 16.2594 -8.01445 -1.41883 15.8368 -7.69717 -1.22292 14.7567 -5.07971 -1.29612 15.1471 -4.89677 -1.24521 14.8636 -4.63044 -1.45357 15.8763 -8.4898 -1.26603 15.1854 -4.77908 -1.30286 15.4094 -5.05071 -1.28852 15.203 -4.7235 -1.2723 14.9527 -4.35332 -1.23789 14.917 -4.43514 -1.17891 14.3141 -4.07546 -1.19219 13.3485 -4.3788 -1.23922 13.5881 -5.45187 -1.27922 12.9727 -4.51129 -1.14997 12.8543 -3.41519 -1.24616 12.8051 -3.7569 -1.18297 13.419 -3.33542 -1.14675 13.7384 -3.34168 -1.22479 13.6106 -3.26925 -1.11448 13.5611 -2.65998 -1.19957 13.488 -2.7312 -1.144 13.9457 -3.31126 -1.22353 13.4576 -3.24038 -1.16047 13.1328 -2.84204 -1.20527 13.2258 -2.84288 -1.18753 13.162 -2.50627 -1.16468 13.0465 -2.3494 -1.20918 12.6139 -2.91511 -1.1831 12.5344 -2.39599 -1.13814 12.3571 -1.59057 -1.0271 12.7528 -1.36664 -1.11711 12.1974 -1.18723 -0.997652 12.4841 -1.01939 -1.0735 13.2895 -2.10764 -1.09637 12.6394 -0.924943 -1.11005 12.9732 -1.21745 -1.14853 13.5763 -1.85278 -1.18396 13.9865 -2.42511 -1.22165 14.3777 -3.19737 -1.25284 14.702 -3.9092 -1.08784 12.3711 -0.691532 -0.980891 12.2637 -0.77136 -1.10375 12.0559 -0.897399 -1.39268 13.5949 -7.10055 -1.32636 13.2089 -5.58713 -1.31039 13.9322 -6.9848 -1.16315 12.7131 -3.71614 -1.26579 12.6743 -4.20494 -1.24334 12.6403 -3.69263 -1.55192 15.6067 -9.48183 -1.50389 15.0429 -9.6381 -1.5535 16.0753 -10.7702 -1.48715 15.1266 -8.55641 -1.52528 14.8123 -8.61291 -1.49353 15.975 -9.40177 -1.55839 14.8538 -9.65738 -1.51845 14.8883 -9.97051 -1.50513 14.7305 -9.66654 -1.46585 14.1811 -8.77025 -1.54932 14.4506 -8.6948 -1.51958 14.1991 -7.95771 -1.4352 13.8782 -8.0707 -1.49492 15.5215 -8.52796 -1.47016 15.1013 -8.0016 -1.47617 15.5181 -7.81967 -1.44907 15.0524 -8.38712 -1.4742 14.8255 -8.32348 -1.44395 14.876 -8.27043 -1.47794 14.6235 -7.80529 -1.42158 14.6827 -7.75986 -1.4343 15.0238 -8.0502 -1.3952 14.3262 -7.15791 -1.45959 14.2303 -7.15049 -1.38439 14.4199 -6.91125 -1.44318 14.3784 -6.77608 -1.44148 14.6759 -6.94092 -1.39138 14.6252 -7.07067 -1.44447 15.3154 -6.42885 -1.41738 14.8385 -7.66413 -1.47127 14.8901 -7.61918 -1.45265 15.6031 -7.23714 -1.46347 15.7717 -7.13203 -1.35769 15.6561 -6.30173 -1.38996 15.8853 -7.03826 -1.40535 16.006 -7.3894 -1.46669 15.9363 -7.51872 -1.43274 16.2594 -8.01445 -1.41883 15.8368 -7.69717 -1.38503 14.7567 -5.07261 -1.29612 15.1471 -4.89677 -1.32353 14.8636 -4.62701 -1.45357 15.8763 -8.4898 -1.31579 15.1854 -4.7769 -1.30286 15.4094 -5.05071 -1.28852 15.203 -4.7235 -1.2723 14.9527 -4.35332 -1.31374 14.917 -4.43182 -1.34103 14.3141 -4.06835 -1.35432 13.3485 -4.37169 -1.40134 13.5881 -5.44476 -1.27922 12.9727 -4.51129 -1.31209 12.8543 -3.40809 -1.24616 12.8051 -3.7569 -1.27224 13.419 -3.33151 -1.30887 13.7384 -3.33457 -1.22479 13.6106 -3.26925 -1.27696 13.5611 -2.65287 -1.19957 13.488 -2.7312 -1.30895 13.9457 -3.30404 -1.22353 13.4576 -3.24038 -1.24986 13.1328 -2.83813 -1.20527 13.2258 -2.84288 -1.18753 13.162 -2.50627 -1.19285 13.0465 -2.34817 -1.20918 12.6139 -2.91511 -1.1831 12.5344 -2.39599 -1.13814 12.3571 -1.59057 -1.21395 12.7528 -1.35851 -1.11711 12.1974 -1.18723 -1.20923 12.4841 -1.0102 -1.25419 13.2895 -2.09976 -1.09637 12.6394 -0.924943 -1.11005 12.9732 -1.21745 -1.14853 13.5763 -1.85278 -1.18396 13.9865 -2.42511 -1.22165 14.3777 -3.19737 -1.25284 14.702 -3.9092 -1.08784 12.3711 -0.691532 -1.20614 12.2637 -0.76157 -1.10375 12.0559 -0.897399 -1.32636 13.2089 -5.58713 -1.46453 13.9322 -6.97805 -1.39268 13.5949 -7.10055 -1.32529 12.7131 -3.70904 -1.24334 12.6403 -3.69263 -1.26579 12.6743 -4.20494 -1.21413 11.5904 -9.01935 -1.29059 11.5109 -10.203 -1.25981 11.0892 -8.94281 -1.21302 11.5345 -8.11527 -1.18058 11.2648 -8.052 -1.26321 11.9114 -9.08176 -1.21213 10.9316 -8.89484 -1.26493 10.85 -9.15247 -1.25768 10.8314 -8.85592 -1.23561 10.71 -7.95207 -1.16137 10.9489 -7.99143 -1.14271 11.0079 -7.31845 -1.21945 10.7151 -7.29071 -1.20805 11.8576 -8.23158 -1.19572 11.7089 -7.66648 -1.18367 12.1032 -7.6689 -1.23564 11.5355 -7.95322 -1.20831 11.3774 -7.82478 -1.23187 11.4365 -7.7988 -1.17365 11.3985 -7.34419 -1.22032 11.4623 -7.32585 -1.22886 11.631 -7.67577 -1.20559 11.3907 -6.72319 -1.14864 11.3162 -6.68731 -1.20162 11.5515 -6.56023 -1.14265 11.565 -6.44204 -1.15612 11.7433 -6.6766 -1.20646 11.6584 -6.75868 -1.12967 12.4297 -6.4956 -1.21979 11.6194 -7.30443 -1.17104 11.6753 -7.28996 -1.17137 12.3749 -7.23643 -1.15742 12.5452 -7.21294 -1.20039 12.7458 -6.50953 -1.21663 12.6693 -7.17441 -1.22447 12.6419 -7.49542 -1.17821 12.5404 -7.57675 -1.23875 12.6236 -8.08029 -1.22898 12.3997 -7.68039 -1.0986 12.4624 -5.22345 -1.1688 12.8349 -5.2161 -1.12719 12.7041 -4.90485 -1.24469 12.153 -8.32334 -1.14523 12.907 -5.13579 -1.17403 12.989 -5.43017 -1.16592 12.9401 -5.09818 -1.1566 12.8714 -4.71667 -1.12493 12.815 -4.7686 -1.07533 12.4635 -4.27129 -1.07294 11.5912 -4.17377 -1.0958 11.4049 -5.10944 -1.1427 11.2454 -4.14838 -1.05004 11.5372 -3.23583 -1.12664 11.3772 -3.49093 -1.08497 12.0126 -3.37083 -1.05618 12.2643 -3.48722 -1.12409 12.1871 -3.38606 -1.04135 12.3628 -2.88404 -1.11261 12.2786 -2.91606 -1.05614 12.4395 -3.5357 -1.12222 12.0759 -3.30956 -1.07295 11.9587 -2.879 -1.11253 12.0314 -2.91283 -1.10502 12.0989 -2.62334 -1.08823 12.0048 -2.45816 -1.10834 11.4631 -2.74139 -1.09764 11.5821 -2.31593 -1.07519 11.7312 -1.62175 -0.988502 12.1034 -1.58141 -1.06207 11.7677 -1.2457 -0.964938 12.0555 -1.21148 -1.01933 12.2764 -2.40085 -1.05347 12.2102 -1.19234 -1.0651 12.3291 -1.54146 -1.09255 12.5269 -2.29305 -1.11114 12.6227 -2.86937 -1.12874 12.7342 -3.57613 -1.14584 12.8283 -4.27634 -1.04517 12.1081 -0.905896 -0.95032 11.9967 -0.930105 -1.05242 11.7859 -0.958859 -1.19822 10.8308 -6.42148 -1.16558 11.0555 -5.08505 -1.13193 11.1401 -6.44671 -1.05465 11.3197 -3.42524 -1.13421 11.1162 -3.80069 -1.12399 11.269 -3.38218 -1.30918 11.5904 -9.01703 -1.25981 11.0892 -8.94281 -1.29059 11.5109 -10.203 -1.26614 11.5345 -8.11398 -1.29545 11.2648 -8.0492 -1.26321 11.9114 -9.08176 -1.30508 10.9316 -8.89257 -1.26493 10.85 -9.15247 -1.25768 10.8314 -8.85592 -1.23561 10.71 -7.95207 -1.31167 10.9489 -7.98776 -1.29745 11.0079 -7.31467 -1.21945 10.7151 -7.29071 -1.27679 11.8576 -8.2299 -1.26152 11.7089 -7.66488 -1.27368 12.1032 -7.6667 -1.23564 11.5355 -7.95322 -1.25667 11.3774 -7.8236 -1.23187 11.4365 -7.7988 -1.26782 11.3985 -7.34188 -1.22032 11.4623 -7.32585 -1.22886 11.631 -7.67577 -1.20559 11.3907 -6.72319 -1.26073 11.3162 -6.68457 -1.20162 11.5515 -6.56023 -1.25474 11.565 -6.4393 -1.25274 11.7433 -6.67424 -1.20646 11.6584 -6.75868 -1.27034 12.4297 -6.49216 -1.21979 11.6194 -7.30443 -1.26779 11.6753 -7.28759 -1.26486 12.3749 -7.23415 -1.27764 12.5452 -7.21 -1.20039 12.7458 -6.50953 -1.21663 12.6693 -7.17441 -1.22447 12.6419 -7.49542 -1.27464 12.5404 -7.5744 -1.23875 12.6236 -8.08029 -1.22898 12.3997 -7.68039 -1.23926 12.4624 -5.22001 -1.1688 12.8349 -5.2161 -1.19515 12.7041 -4.90319 -1.24469 12.153 -8.32334 -1.18841 12.907 -5.13474 -1.17403 12.989 -5.43017 -1.16592 12.9401 -5.09818 -1.1566 12.8714 -4.71667 -1.19076 12.815 -4.76699 -1.21601 12.4635 -4.26786 -1.21363 11.5912 -4.17034 -1.23647 11.4049 -5.106 -1.1427 11.2454 -4.14838 -1.19071 11.5372 -3.23239 -1.12664 11.3772 -3.49093 -1.16242 12.0126 -3.36894 -1.19686 12.2643 -3.48378 -1.12409 12.1871 -3.38606 -1.18208 12.3628 -2.8806 -1.11261 12.2786 -2.91606 -1.19927 12.4395 -3.5322 -1.12222 12.0759 -3.30956 -1.15041 11.9587 -2.8771 -1.11253 12.0314 -2.91283 -1.10502 12.0989 -2.62334 -1.1126 12.0048 -2.45757 -1.10834 11.4631 -2.74139 -1.09764 11.5821 -2.31593 -1.07519 11.7312 -1.62175 -1.15012 12.1034 -1.57748 -1.06207 11.7677 -1.2457 -1.14804 12.0555 -1.20703 -1.17565 12.2763 -2.39704 -1.05347 12.2102 -1.19234 -1.0651 12.3291 -1.54146 -1.09255 12.5269 -2.29305 -1.11114 12.6227 -2.86937 -1.12874 12.7342 -3.57613 -1.14584 12.8283 -4.27634 -1.04517 12.1081 -0.905896 -1.14539 11.9967 -0.92537 -1.05242 11.7859 -0.958859 -1.16558 11.0555 -5.08505 -1.26567 11.1401 -6.44345 -1.19822 10.8308 -6.42148 -1.19534 11.3197 -3.4218 -1.12399 11.269 -3.38218 -1.13421 11.1162 -3.80069 1.32434 18.1518 -8.56966 1.38042 17.5522 -8.84928 1.40488 18.8548 -9.78678 1.33144 17.5049 -7.71509 1.29374 17.1614 -7.84538 1.38184 18.5571 -8.39967 1.32425 17.3539 -8.91173 1.38506 17.4364 -9.22375 1.37918 17.2237 -8.94344 1.36131 16.4862 -8.14288 1.2719 16.7716 -8.01088 1.2555 16.3372 -7.32254 1.34795 16.0063 -7.50536 1.32392 17.9462 -7.5973 1.31443 17.3661 -7.1557 1.29925 17.7917 -6.87663 1.35989 17.3915 -7.55647 1.32867 17.1229 -7.54467 1.35692 17.169 -7.47756 1.29144 16.7783 -7.06864 1.34719 16.8336 -7.00586 1.35406 17.2889 -7.2204 1.33503 16.2952 -6.48018 1.26752 16.1896 -6.49868 1.33134 16.3381 -6.20947 1.26195 16.2596 -6.08639 1.2756 16.6272 -6.18369 1.33517 16.6028 -6.32311 1.24398 17.1916 -5.52052 1.34645 16.986 -6.87325 1.28826 17.0341 -6.81927 1.2876 17.7275 -6.26882 1.27075 17.8821 -6.12469 1.32751 17.5249 -5.30869 1.34143 17.9767 -5.99965 1.34817 18.2093 -6.32644 1.29252 18.1718 -6.47643 1.36034 18.6601 -6.89941 1.35259 18.1118 -6.67631 1.30075 16.6088 -4.00722 1.21778 16.2332 -4.27971 1.25413 16.2376 -3.80254 1.3663 18.3386 -7.47433 1.27315 16.621 -3.8788 1.30475 16.9298 -4.10216 1.29809 16.6263 -3.81932 1.29048 16.2654 -3.50323 1.25236 16.247 -3.59301 1.19836 15.5088 -3.36764 1.19844 14.5435 -3.89679 1.21797 15.0663 -4.92519 1.28277 14.1716 -4.11964 1.17941 13.7735 -3.03767 1.26905 13.8051 -3.39644 1.21873 14.3622 -2.82786 1.18285 14.7077 -2.75942 1.26484 14.5524 -2.7181 1.16442 14.3486 -2.11188 1.25037 14.2877 -2.203 1.18195 14.9235 -2.68082 1.2633 14.3805 -2.72425 1.20463 13.9323 -2.39562 1.25173 14.0327 -2.37631 1.24057 13.8811 -2.05106 1.21973 13.7179 -1.9189 1.25092 13.3915 -2.59043 1.2348 13.1778 -2.08452 1.10298 13.159 -0.991882 1.2088 12.7882 -1.31202 1.08249 12.7839 -0.70285 1.19919 12.5168 -0.941518 1.13351 13.9198 -1.61647 1.18948 12.9281 -0.574665 1.19617 13.3598 -0.793038 1.22185 14.1661 -1.29551 1.24652 14.7491 -1.77887 1.26778 15.361 -2.4685 1.2816 15.8858 -3.11255 1.18725 12.5816 -0.400839 1.07271 12.4853 -0.503024 1.19466 12.2928 -0.681481 1.30232 14.6914 -5.15163 1.25007 15.8225 -6.39405 1.33013 15.4836 -6.59099 1.18383 13.6957 -3.37417 1.26709 13.6117 -3.36956 1.27599 13.7746 -3.87911 1.43782 18.1509 -8.56797 1.40488 18.8548 -9.78678 1.38042 17.5522 -8.84928 1.39486 17.5044 -7.71415 1.43088 17.1603 -7.84334 1.38184 18.5571 -8.39967 1.43522 17.353 -8.91008 1.38506 17.4364 -9.22375 1.37918 17.2237 -8.94344 1.36131 16.4862 -8.14288 1.45134 16.7701 -8.00821 1.44025 16.3357 -7.3198 1.34795 16.0063 -7.50536 1.40599 17.9456 -7.59608 1.39298 17.3655 -7.15453 1.40671 17.7908 -6.87503 1.35989 17.3915 -7.55647 1.38641 17.1225 -7.54381 1.35692 17.169 -7.47756 1.40388 16.7774 -7.06696 1.34719 16.8336 -7.00586 1.35406 17.2889 -7.2204 1.33503 16.2952 -6.48018 1.40134 16.1885 -6.49669 1.33134 16.3381 -6.20947 1.39577 16.2585 -6.0844 1.39095 16.6263 -6.18198 1.33517 16.6028 -6.32311 1.41192 17.1902 -5.51802 1.34645 16.986 -6.87325 1.40377 17.0332 -6.81755 1.39923 17.7266 -6.26716 1.41427 17.881 -6.12256 1.32751 17.5249 -5.30869 1.34143 17.9767 -5.99965 1.34817 18.2093 -6.32644 1.40765 18.1709 -6.47472 1.36034 18.6601 -6.89941 1.35259 18.1118 -6.67631 1.30075 16.6088 -4.00722 1.38572 16.2319 -4.27721 1.33526 16.2369 -3.80134 1.3663 18.3386 -7.47433 1.3247 16.6206 -3.87803 1.30475 16.9298 -4.10216 1.29809 16.6263 -3.81932 1.29048 16.2654 -3.50323 1.33095 16.2464 -3.59184 1.36631 15.5074 -3.36514 1.36641 14.5421 -3.89429 1.38592 15.065 -4.92269 1.28277 14.1716 -4.11964 1.3474 13.7722 -3.03517 1.26905 13.8051 -3.39644 1.31121 14.3614 -2.82648 1.35079 14.7064 -2.75692 1.26484 14.5524 -2.7181 1.33311 14.3473 -2.10938 1.25037 14.2877 -2.203 1.35283 14.9222 -2.67828 1.2633 14.3805 -2.72425 1.29747 13.9315 -2.39424 1.25173 14.0327 -2.37631 1.24057 13.8811 -2.05106 1.24902 13.7176 -1.91846 1.25092 13.3915 -2.59043 1.2348 13.1778 -2.08452 1.2973 13.1575 -0.989024 1.2088 12.7882 -1.31202 1.30248 12.7821 -0.699615 1.19919 12.5168 -0.941518 1.3213 13.9183 -1.6137 1.18948 12.9281 -0.574665 1.19617 13.3598 -0.793038 1.22185 14.1661 -1.29551 1.24652 14.7491 -1.77887 1.26778 15.361 -2.4685 1.2816 15.8858 -3.11255 1.18725 12.5816 -0.400839 1.30676 12.4834 -0.499579 1.19466 12.2928 -0.681481 1.33013 15.4836 -6.59099 1.30232 14.6914 -5.15163 1.40975 15.8212 -6.39167 1.35179 13.6943 -3.37167 1.27599 13.7746 -3.87911 1.26709 13.6117 -3.36956 1.44237 15.6067 -9.48663 1.50389 15.0429 -9.6381 1.5535 16.0753 -10.7702 1.42594 15.1266 -8.55909 1.39289 14.8123 -8.61871 1.49353 15.975 -9.40177 1.45127 14.8538 -9.66207 1.51845 14.8883 -9.97051 1.50513 14.7305 -9.66654 1.46585 14.1811 -8.77025 1.37611 14.4506 -8.70239 1.34125 14.1991 -7.96553 1.4352 13.8782 -8.0707 1.41571 15.5216 -8.53143 1.39433 15.1013 -8.00493 1.37243 15.5181 -7.82421 1.44907 15.0524 -8.38712 1.41846 14.8255 -8.32593 1.44395 14.876 -8.27043 1.3694 14.6235 -7.81004 1.42158 14.6827 -7.75986 1.4343 15.0238 -8.0502 1.3952 14.3262 -7.15791 1.33041 14.2303 -7.15615 1.38439 14.4199 -6.91125 1.314 14.3784 -6.78174 1.33012 14.6759 -6.9458 1.39138 14.6252 -7.07067 1.28235 15.3154 -6.43595 1.41738 14.8385 -7.66413 1.35977 14.8901 -7.62406 1.3449 15.6031 -7.24186 1.32493 15.7717 -7.1381 1.35769 15.6561 -6.30173 1.38996 15.8853 -7.03826 1.40535 16.006 -7.3894 1.35555 15.9363 -7.52359 1.43274 16.2594 -8.01445 1.41883 15.8368 -7.69717 1.22292 14.7567 -5.07971 1.29612 15.1471 -4.89677 1.24521 14.8636 -4.63044 1.45357 15.8763 -8.4898 1.26603 15.1854 -4.77908 1.30286 15.4094 -5.05071 1.28852 15.203 -4.7235 1.2723 14.9527 -4.35332 1.23789 14.917 -4.43514 1.17891 14.3141 -4.07546 1.19219 13.3485 -4.3788 1.23922 13.5881 -5.45187 1.27922 12.9727 -4.51129 1.14997 12.8543 -3.41519 1.24616 12.8051 -3.7569 1.18297 13.419 -3.33542 1.14675 13.7384 -3.34168 1.22479 13.6106 -3.26925 1.11448 13.5611 -2.65998 1.19959 13.488 -2.7312 1.144 13.9457 -3.31126 1.22353 13.4576 -3.24038 1.16047 13.1328 -2.84204 1.20527 13.2258 -2.84288 1.18753 13.162 -2.50627 1.16468 13.0465 -2.3494 1.20918 12.6139 -2.91511 1.1831 12.5344 -2.39599 1.13814 12.3571 -1.59057 1.0271 12.7528 -1.36664 1.11711 12.1974 -1.18723 0.997652 12.4841 -1.01939 1.0735 13.2895 -2.10764 1.09637 12.6394 -0.924943 1.11005 12.9732 -1.21745 1.14853 13.5763 -1.85278 1.18396 13.9865 -2.42511 1.22165 14.3777 -3.19737 1.25284 14.702 -3.9092 1.08784 12.3711 -0.691532 0.980891 12.2637 -0.77136 1.10375 12.0559 -0.897399 1.32636 13.2089 -5.58713 1.31039 13.9322 -6.9848 1.39268 13.5949 -7.10055 1.16315 12.7131 -3.71614 1.24334 12.6403 -3.69263 1.26579 12.6743 -4.20494 1.55192 15.6067 -9.48183 1.5535 16.0753 -10.7702 1.50389 15.0429 -9.6381 1.48715 15.1266 -8.55641 1.52528 14.8123 -8.61291 1.49353 15.975 -9.40177 1.55839 14.8538 -9.65738 1.51845 14.8883 -9.97051 1.50513 14.7305 -9.66654 1.46585 14.1811 -8.77025 1.54932 14.4506 -8.6948 1.51958 14.1991 -7.95771 1.4352 13.8782 -8.0707 1.49492 15.5215 -8.52796 1.47016 15.1013 -8.0016 1.47617 15.5181 -7.81967 1.44907 15.0524 -8.38712 1.4742 14.8255 -8.32348 1.44395 14.876 -8.27043 1.47794 14.6235 -7.80529 1.42158 14.6827 -7.75986 1.4343 15.0238 -8.0502 1.3952 14.3262 -7.15791 1.45959 14.2303 -7.15049 1.38439 14.4199 -6.91125 1.44318 14.3784 -6.77608 1.44148 14.6759 -6.94092 1.39138 14.6252 -7.07067 1.44447 15.3154 -6.42885 1.41738 14.8385 -7.66413 1.47127 14.8901 -7.61918 1.45265 15.6031 -7.23714 1.46347 15.7717 -7.13203 1.35769 15.6561 -6.30173 1.38996 15.8853 -7.03826 1.40535 16.006 -7.3894 1.46669 15.9363 -7.51872 1.43274 16.2594 -8.01445 1.41883 15.8368 -7.69717 1.38503 14.7567 -5.07261 1.29612 15.1471 -4.89677 1.32353 14.8636 -4.62701 1.45357 15.8763 -8.4898 1.31579 15.1854 -4.7769 1.30286 15.4094 -5.05071 1.28852 15.203 -4.7235 1.2723 14.9527 -4.35332 1.31374 14.917 -4.43182 1.34103 14.3141 -4.06835 1.35432 13.3485 -4.37169 1.40134 13.5881 -5.44476 1.27922 12.9727 -4.51129 1.31209 12.8543 -3.40809 1.24616 12.8051 -3.7569 1.27224 13.419 -3.33151 1.30887 13.7384 -3.33457 1.22479 13.6106 -3.26925 1.27696 13.5611 -2.65287 1.19959 13.488 -2.7312 1.30895 13.9457 -3.30404 1.22353 13.4576 -3.24038 1.24986 13.1328 -2.83813 1.20527 13.2258 -2.84288 1.18753 13.162 -2.50627 1.19285 13.0465 -2.34817 1.20918 12.6139 -2.91511 1.1831 12.5344 -2.39599 1.13814 12.3571 -1.59057 1.21395 12.7528 -1.35851 1.11711 12.1974 -1.18723 1.20923 12.4841 -1.0102 1.25419 13.2895 -2.09976 1.09637 12.6394 -0.924943 1.11005 12.9732 -1.21745 1.14853 13.5763 -1.85278 1.18396 13.9865 -2.42511 1.22165 14.3777 -3.19737 1.25284 14.702 -3.9092 1.08784 12.3711 -0.691532 1.20614 12.2637 -0.76157 1.10375 12.0559 -0.897399 1.39268 13.5949 -7.10055 1.32636 13.2089 -5.58713 1.46453 13.9322 -6.97805 1.32529 12.7131 -3.70904 1.26579 12.6743 -4.20494 1.24334 12.6403 -3.69263 1.21413 11.5904 -9.01935 1.25981 11.0892 -8.94281 1.29059 11.5109 -10.203 1.21302 11.5345 -8.11527 1.18058 11.2648 -8.052 1.26321 11.9114 -9.08176 1.21213 10.9316 -8.89484 1.26493 10.85 -9.15247 1.25768 10.8314 -8.85592 1.23561 10.71 -7.95207 1.16137 10.9489 -7.99143 1.14271 11.0079 -7.31845 1.21945 10.7151 -7.29071 1.20805 11.8576 -8.23158 1.19572 11.7089 -7.66648 1.18367 12.1032 -7.6689 1.23564 11.5355 -7.95322 1.20831 11.3774 -7.82478 1.23187 11.4365 -7.7988 1.17365 11.3985 -7.34419 1.22032 11.4623 -7.32585 1.22886 11.631 -7.67577 1.20559 11.3907 -6.72319 1.14864 11.3162 -6.68731 1.20162 11.5515 -6.56023 1.14265 11.565 -6.44204 1.15612 11.7433 -6.6766 1.20646 11.6584 -6.75868 1.12967 12.4297 -6.4956 1.21979 11.6194 -7.30443 1.17104 11.6753 -7.28996 1.17137 12.3749 -7.23643 1.15742 12.5452 -7.21294 1.20039 12.7458 -6.50953 1.21663 12.6693 -7.17441 1.22447 12.6419 -7.49542 1.17821 12.5404 -7.57675 1.23875 12.6236 -8.08029 1.22898 12.3997 -7.68039 1.0986 12.4624 -5.22345 1.1688 12.8349 -5.2161 1.12719 12.7041 -4.90485 1.24469 12.153 -8.32334 1.14523 12.907 -5.13579 1.17403 12.989 -5.43017 1.16592 12.9401 -5.09818 1.1566 12.8714 -4.71667 1.12493 12.815 -4.7686 1.07533 12.4635 -4.27129 1.07294 11.5912 -4.17377 1.0958 11.4049 -5.10944 1.1427 11.2454 -4.14838 1.05004 11.5372 -3.23583 1.12664 11.3772 -3.49093 1.08497 12.0126 -3.37083 1.05618 12.2643 -3.48722 1.12409 12.1871 -3.38606 1.04135 12.3628 -2.88404 1.11261 12.2786 -2.91606 1.05614 12.4395 -3.5357 1.12222 12.0759 -3.30956 1.07295 11.9587 -2.879 1.11253 12.0314 -2.91283 1.10499 12.0989 -2.62334 1.08823 12.0048 -2.45816 1.10834 11.4631 -2.74139 1.09764 11.5821 -2.31593 1.07519 11.7312 -1.62175 0.988502 12.1034 -1.58141 1.06207 11.7677 -1.2457 0.964938 12.0555 -1.21148 1.01933 12.2764 -2.40085 1.05347 12.2102 -1.19234 1.0651 12.3291 -1.54146 1.09255 12.5269 -2.29305 1.11115 12.6227 -2.86937 1.12874 12.7342 -3.57613 1.14584 12.8283 -4.27634 1.04517 12.1081 -0.905896 0.95032 11.9967 -0.930105 1.05242 11.7859 -0.958859 1.16558 11.0555 -5.08505 1.13193 11.1401 -6.44671 1.19822 10.8308 -6.42148 1.05465 11.3197 -3.42524 1.12399 11.269 -3.38218 1.13421 11.1162 -3.80069 1.30918 11.5904 -9.01703 1.29059 11.5109 -10.203 1.25981 11.0892 -8.94281 1.26614 11.5345 -8.11398 1.29545 11.2648 -8.0492 1.26321 11.9114 -9.08176 1.30508 10.9316 -8.89257 1.26493 10.85 -9.15247 1.25768 10.8314 -8.85592 1.23561 10.71 -7.95207 1.31167 10.9489 -7.98776 1.29745 11.0079 -7.31467 1.21945 10.7151 -7.29071 1.27679 11.8576 -8.2299 1.26152 11.7089 -7.66488 1.27368 12.1032 -7.6667 1.23564 11.5355 -7.95322 1.25667 11.3774 -7.8236 1.23187 11.4365 -7.7988 1.26782 11.3985 -7.34188 1.22032 11.4623 -7.32585 1.22886 11.631 -7.67577 1.20559 11.3907 -6.72319 1.26073 11.3162 -6.68457 1.20162 11.5515 -6.56023 1.25474 11.565 -6.4393 1.25274 11.7433 -6.67424 1.20646 11.6584 -6.75868 1.27034 12.4297 -6.49216 1.21979 11.6194 -7.30443 1.26779 11.6753 -7.28759 1.26486 12.3749 -7.23415 1.27764 12.5452 -7.21 1.20039 12.7458 -6.50953 1.21663 12.6693 -7.17441 1.22447 12.6419 -7.49542 1.27464 12.5404 -7.5744 1.23875 12.6236 -8.08029 1.22898 12.3997 -7.68039 1.23926 12.4624 -5.22001 1.1688 12.8349 -5.2161 1.19515 12.7041 -4.90319 1.24469 12.153 -8.32334 1.18841 12.907 -5.13474 1.17403 12.989 -5.43017 1.16592 12.9401 -5.09818 1.1566 12.8714 -4.71667 1.19076 12.815 -4.76699 1.21601 12.4635 -4.26786 1.21363 11.5912 -4.17034 1.23647 11.4049 -5.106 1.1427 11.2454 -4.14838 1.19071 11.5372 -3.23239 1.12664 11.3772 -3.49093 1.16242 12.0126 -3.36894 1.19686 12.2643 -3.48378 1.12409 12.1871 -3.38606 1.18208 12.3628 -2.8806 1.11261 12.2786 -2.91606 1.19927 12.4395 -3.5322 1.12222 12.0759 -3.30956 1.15041 11.9587 -2.8771 1.11253 12.0314 -2.91283 1.10499 12.0989 -2.62334 1.1126 12.0048 -2.45757 1.10834 11.4631 -2.74139 1.09764 11.5821 -2.31593 1.07519 11.7312 -1.62175 1.15012 12.1034 -1.57748 1.06207 11.7677 -1.2457 1.14804 12.0555 -1.20703 1.17565 12.2763 -2.39704 1.05347 12.2102 -1.19234 1.0651 12.3291 -1.54146 1.09255 12.5269 -2.29305 1.11115 12.6227 -2.86937 1.12874 12.7342 -3.57613 1.14584 12.8283 -4.27634 1.04517 12.1081 -0.905896 1.14539 11.9967 -0.92537 1.05242 11.7859 -0.958859 1.19822 10.8308 -6.42148 1.16558 11.0555 -5.08505 1.26567 11.1401 -6.44345 1.19534 11.3197 -3.4218 1.13421 11.1162 -3.80069 1.12399 11.269 -3.38218 8.22131e-016 10.5483 2.64085 -0.260675 11.1896 2.61141 -0.265564 10.484 2.5909 -0.742666 10.2715 2.44269 1.05463e-015 10.9997 2.62531 0.313169 11.1857 2.60924 0.313169 11.003 2.6112 -0.774186 11.7285 2.43776 -0.260675 11.3522 2.60228 -0.260709 11.7124 2.55088 8.22131e-016 11.7142 2.57014 9.73587e-016 11.5246 2.59612 0.170615 11.3529 2.60762 0.170615 11.5247 2.59637 -1.39247 10.4869 2.15673 -1.4633 11.7599 2.16175 -1.63441 10.5776 2.00362 -1.62916 11.7901 1.99901 -1.74987 10.6167 1.69687 -1.75895 11.8236 1.71576 -1.80857 10.6333 1.28412 -1.84456 11.8533 1.29018 8.22131e-016 10.5483 2.71777 -0.262513 10.4921 2.70829 -0.260675 11.1896 2.69524 8.22131e-016 10.9997 2.71407 0.313169 11.1857 2.70272 0.313169 11.003 2.70829 -0.760195 10.2715 2.62108 -0.779137 11.7264 2.5905 -1.50444 11.7638 2.34732 -0.260675 11.3522 2.68611 -0.255881 11.7114 2.64956 9.73587e-016 11.5246 2.67392 0.170615 11.3529 2.68542 0.170615 11.5247 2.67416 8.22131e-016 11.7142 2.64793 -1.43454 10.4869 2.37614 -1.67534 10.5776 2.1338 -1.70096 11.7901 2.10255 -1.81352 10.6189 1.6969 -1.84225 11.8273 1.71582 -1.87069 10.6333 1.28863 -1.91368 11.8533 1.29469 -1.91368 11.8533 1.29469 -1.84456 11.8533 1.29018 -1.84225 11.8273 1.71582 -1.75895 11.8236 1.71576 -1.67534 10.5776 2.1338 -1.63441 10.5776 2.00362 -1.81352 10.6189 1.6969 -1.74987 10.6167 1.69687 -1.80857 10.6333 1.28412 -1.87069 10.6333 1.28863 8.22131e-016 10.5483 2.71777 8.22131e-016 10.5483 2.64085 -0.262513 10.4921 2.70829 -0.265564 10.484 2.5909 -0.760195 10.2715 2.62108 -0.742666 10.2715 2.44269 9.73587e-016 11.5246 2.67392 8.22131e-016 11.7142 2.64793 9.73587e-016 11.5246 2.59612 8.22131e-016 11.7142 2.57014 -0.779137 11.7264 2.5905 -1.50444 11.7638 2.34732 -0.774186 11.7285 2.43776 -1.4633 11.7599 2.16175 -0.260709 11.7124 2.55088 -0.255881 11.7114 2.64956 8.22131e-016 11.7142 2.57014 8.22131e-016 11.7142 2.64793 -1.70096 11.7901 2.10255 -1.62916 11.7901 1.99901 -1.43454 10.4869 2.37614 -0.760195 10.2715 2.62108 -1.39247 10.4869 2.15673 -0.742666 10.2715 2.44269 -1.67534 10.5776 2.1338 -1.63441 10.5776 2.00362 -1.91368 11.8533 1.29469 -1.87069 10.6333 1.28863 -1.84456 11.8533 1.29018 -1.80857 10.6333 1.28412 -0.260675 11.1896 2.69524 -0.260675 11.3522 2.68611 -0.260675 11.1896 2.61141 -0.260675 11.3522 2.60228 0.313169 11.1857 2.70272 -0.260675 11.1896 2.69524 0.313169 11.1857 2.60924 -0.260675 11.1896 2.61141 0.313169 11.003 2.70829 0.313169 11.1857 2.70272 0.313169 11.003 2.6112 0.313169 11.1857 2.60924 8.22131e-016 10.9997 2.71407 0.313169 11.003 2.70829 1.05463e-015 10.9997 2.62531 0.313169 11.003 2.6112 8.22131e-016 10.5483 2.71777 8.22131e-016 10.9997 2.71407 8.22131e-016 10.5483 2.64085 1.05463e-015 10.9997 2.62531 0.170615 11.3529 2.68542 0.170615 11.5247 2.67416 0.170615 11.3529 2.60762 0.170615 11.5247 2.59637 0.170615 11.5247 2.67416 9.73587e-016 11.5246 2.67392 0.170615 11.5247 2.59637 9.73587e-016 11.5246 2.59612 0.170615 11.3529 2.68542 0.170615 11.3529 2.60762 -0.260675 11.3522 2.68611 -0.260675 11.3522 2.60228 -1.84225 11.8273 1.71582 -1.75895 11.8236 1.71576 -1.70096 11.7901 2.10255 -1.62916 11.7901 1.99901 0.313169 11.1857 2.59894 0.292431 11.7228 2.53567 0.170615 11.5247 2.59637 -1.24356e-015 11.5246 2.59612 -1.39502e-015 11.7142 2.57014 0.170615 11.3529 2.60762 -0.260675 11.1896 2.61141 -0.260675 11.3522 2.60228 0.695911 11.7339 2.43897 0.313169 11.003 2.60603 0.741953 10.2715 2.43892 1.29716 10.4688 2.16182 1.34251 11.7644 2.17731 0.29421 10.4777 2.5704 -1.39502e-015 10.5483 2.64085 0.0020371 10.9997 2.63608 -1.39502e-015 10.9997 2.63628 1.6165 10.5776 2.00094 1.62195 11.7901 1.99635 1.74 10.6139 1.69686 1.75833 11.8235 1.71576 1.80857 10.6333 1.28412 1.84456 11.8533 1.29018 0.299674 11.7226 2.63408 0.170615 11.5247 2.67691 -1.39502e-015 11.7142 2.65068 -1.24356e-015 11.5246 2.67666 0.313169 11.1857 2.70417 0.170615 11.3529 2.68816 -0.260675 11.1896 2.69798 -0.260675 11.3522 2.68886 0.723202 11.7327 2.58993 0.313169 11.003 2.70661 0.761122 10.2715 2.61997 0.297486 10.481 2.69089 1.39049 11.756 2.36124 -1.39502e-015 10.5483 2.72051 -1.39502e-015 10.9997 2.71682 1.34227 10.4688 2.38398 1.66628 10.5776 2.13386 1.70219 11.7901 2.10261 1.8113 10.6171 1.69691 1.84186 11.8224 1.71574 1.87003 10.6333 1.31451 1.90618 11.847 1.32056 1.84186 11.8224 1.71574 1.70219 11.7901 2.10261 1.75833 11.8235 1.71576 1.62195 11.7901 1.99635 1.39049 11.756 2.36124 1.34251 11.7644 2.17731 0.723202 11.7327 2.58993 0.695911 11.7339 2.43897 0.299674 11.7226 2.63408 0.292431 11.7228 2.53567 -1.39502e-015 11.7142 2.57014 -1.39502e-015 11.7142 2.65068 1.90618 11.847 1.32056 1.84456 11.8533 1.29018 1.8113 10.6171 1.69691 1.87003 10.6333 1.31451 1.74 10.6139 1.69686 1.80857 10.6333 1.28412 1.6165 10.5776 2.00094 1.66628 10.5776 2.13386 1.34227 10.4688 2.38398 1.29716 10.4688 2.16182 0.761122 10.2715 2.61997 0.741953 10.2715 2.43892 0.297486 10.481 2.69089 0.761122 10.2715 2.61997 0.29421 10.4777 2.5704 0.741953 10.2715 2.43892 -1.39502e-015 10.5483 2.64085 -1.39502e-015 10.5483 2.72051 -1.24356e-015 11.5246 2.67666 -1.24356e-015 11.5246 2.59612 -1.39502e-015 11.7142 2.65068 -1.39502e-015 11.7142 2.57014 1.87003 10.6333 1.31451 1.90618 11.847 1.32056 1.80857 10.6333 1.28412 1.84456 11.8533 1.29018 -0.260675 11.1896 2.69798 -0.260675 11.1896 2.61141 -0.260675 11.3522 2.68886 -0.260675 11.3522 2.60228 -0.260675 11.1896 2.69798 0.313169 11.1857 2.70417 -0.260675 11.1896 2.61141 0.313169 11.1857 2.59894 0.313169 11.003 2.70661 0.313169 11.003 2.60603 0.313169 11.1857 2.70417 0.313169 11.1857 2.59894 -1.39502e-015 10.9997 2.71682 -1.39502e-015 10.9997 2.63628 0.0020371 10.9997 2.63608 -1.39502e-015 10.9997 2.71682 -1.39502e-015 10.5483 2.72051 -1.39502e-015 10.9997 2.63628 -1.39502e-015 10.5483 2.64085 0.0020371 10.9997 2.63608 0.313169 11.003 2.70661 0.313169 11.003 2.60603 0.170615 11.3529 2.68816 0.170615 11.3529 2.60762 0.170615 11.5247 2.67691 0.170615 11.5247 2.59637 0.170615 11.5247 2.67691 0.170615 11.5247 2.59637 -1.24356e-015 11.5246 2.67666 -1.24356e-015 11.5246 2.59612 0.170615 11.3529 2.68816 -0.260675 11.3522 2.68886 0.170615 11.3529 2.60762 -0.260675 11.3522 2.60228 -1.65161 15.0617 3.37787 -1.71328 14.6753 3.25696 -1.70438 15.0348 2.85125 -1.58667 14.7121 4.03423 -1.55325 15.1651 4.16005 -1.64579 15.5151 2.95787 -1.63891 15.528 3.02931 -1.58776 15.4365 3.4974 -1.54717 15.2284 4.11636 1.65161 15.0617 3.37787 1.70438 15.0348 2.85125 1.71328 14.6753 3.25696 1.58667 14.7121 4.03423 1.55012 15.1651 4.16005 1.64579 15.5151 2.95787 1.63891 15.528 3.02931 1.58776 15.4365 3.4974 1.54781 15.2284 4.11636 1.58677 13.4643 2.85372 1.48968 13.3029 3.17552 1.57944 13.0857 2.64832 1.47181 12.9169 2.98146 1.65847 13.2266 2.36828 1.67732 13.6397 2.50841 1.73564 13.3819 2.09504 1.76533 13.7586 1.94515 1.71766 13.8688 2.42086 1.75501 14.159 2.32106 1.79653 14.0696 1.82437 1.63183 13.4585 2.85372 1.62693 13.0799 2.64832 1.53739 13.2971 3.17552 1.51978 12.9111 2.98146 1.70566 13.2211 2.36742 1.72414 13.6339 2.50841 1.78281 13.3763 2.09428 1.81213 13.7528 1.953 1.75966 13.863 2.42086 1.79623 14.1532 2.32106 1.84327 14.0638 1.82437 1.63183 13.4585 2.85372 1.53739 13.2971 3.17552 1.58677 13.4643 2.85372 1.48968 13.3029 3.17552 1.67732 13.6397 2.50841 1.72414 13.6339 2.50841 1.62693 13.0799 2.64832 1.57944 13.0857 2.64832 1.51978 12.9111 2.98146 1.47181 12.9169 2.98146 1.65847 13.2266 2.36828 1.70566 13.2211 2.36742 1.73564 13.3819 2.09504 1.78281 13.3763 2.09428 1.51978 12.9111 2.98146 1.47181 12.9169 2.98146 1.53739 13.2971 3.17552 1.48968 13.3029 3.17552 1.79623 14.1532 2.32106 1.75966 13.863 2.42086 1.75501 14.159 2.32106 1.71766 13.8688 2.42086 1.72414 13.6339 2.50841 1.67732 13.6397 2.50841 1.81213 13.7528 1.953 1.84327 14.0638 1.82437 1.76533 13.7586 1.94515 1.79653 14.0696 1.82437 1.78281 13.3763 2.09428 1.73564 13.3819 2.09504 1.84327 14.0638 1.82437 1.79623 14.1532 2.32106 1.79653 14.0696 1.82437 1.75501 14.159 2.32106 -1.58677 13.4643 2.85372 -1.57944 13.0857 2.64832 -1.48969 13.3029 3.17552 -1.47181 12.9169 2.98146 -1.65836 13.2273 2.36573 -1.67732 13.6397 2.50841 -1.73558 13.3823 2.09344 -1.76533 13.7586 1.94515 -1.71766 13.8688 2.42086 -1.75501 14.159 2.32106 -1.79653 14.0696 1.82437 -1.63183 13.4585 2.85372 -1.53741 13.2971 3.17552 -1.62693 13.0799 2.64832 -1.51978 12.9111 2.98146 -1.70559 13.2215 2.36573 -1.72414 13.6339 2.50841 -1.7828 13.3765 2.09344 -1.81213 13.7528 1.953 -1.75966 13.863 2.42086 -1.79623 14.1532 2.32106 -1.84326 14.0638 1.82437 -1.48969 13.3029 3.17552 -1.53741 13.2971 3.17552 -1.58677 13.4643 2.85372 -1.63183 13.4585 2.85372 -1.67732 13.6397 2.50841 -1.72414 13.6339 2.50841 -1.62693 13.0799 2.64832 -1.51978 12.9111 2.98146 -1.57944 13.0857 2.64832 -1.47181 12.9169 2.98146 -1.65836 13.2273 2.36573 -1.70559 13.2215 2.36573 -1.73558 13.3823 2.09344 -1.7828 13.3765 2.09344 -1.51978 12.9111 2.98146 -1.53741 13.2971 3.17552 -1.47181 12.9169 2.98146 -1.48969 13.3029 3.17552 -1.71766 13.8688 2.42086 -1.75966 13.863 2.42086 -1.75501 14.159 2.32106 -1.79623 14.1532 2.32106 -1.72414 13.6339 2.50841 -1.67732 13.6397 2.50841 -1.79653 14.0696 1.82437 -1.84326 14.0638 1.82437 -1.76533 13.7586 1.94515 -1.81213 13.7528 1.953 -1.7828 13.3765 2.09344 -1.75501 14.159 2.32106 -1.79623 14.1532 2.32106 -1.79653 14.0696 1.82437 -1.84326 14.0638 1.82437 -1.7828 13.3765 2.09344 -1.73558 13.3823 2.09344 -1.76533 13.7586 1.94515 -1.83568 14.479 2.37589 -1.953 14.3893 2.2383 -1.85562 14.6536 2.20267 -1.96586 14.501 2.12748 -1.88118 14.7176 1.96542 -1.98208 14.542 1.97571 -1.90509 14.6538 1.72773 -1.99715 14.5012 1.82366 -1.92012 14.4793 1.55328 -2.00674 14.3896 1.71206 -1.92202 14.241 1.48881 -2.00813 14.2371 1.67082 -1.91066 14.0025 1.5516 -2.00115 14.0846 1.71099 -1.88971 13.8279 1.72483 -1.98792 13.9729 1.8218 -1.86517 13.764 1.96207 -1.97211 13.9319 1.97357 -1.84324 13.8277 2.19977 -1.95787 13.9727 2.12563 -1.82921 14.0022 2.37422 -1.94867 14.0843 2.23722 -1.8263 14.2405 2.43869 -1.94686 14.2368 2.27846 -2.01321 14.2356 1.97867 -1.96586 14.501 2.12748 -1.98208 14.542 1.97571 -1.99715 14.5012 1.82366 -2.00674 14.3896 1.71206 -2.00813 14.2371 1.67082 -2.00115 14.0846 1.71099 -1.98792 13.9729 1.8218 -1.97211 13.9319 1.97357 -1.94686 14.2368 2.27846 -1.85562 14.6536 2.20267 -1.68791 14.2468 1.94639 -1.83568 14.479 2.37589 -1.88118 14.7176 1.96542 -1.90509 14.6538 1.72773 -1.92012 14.4793 1.55328 -1.92202 14.241 1.48881 -1.91066 14.0025 1.5516 -1.88971 13.8279 1.72483 -1.86517 13.764 1.96207 -1.84324 13.8277 2.19977 -1.82921 14.0022 2.37422 -1.8263 14.2405 2.43869 1.83568 14.479 2.37589 1.85562 14.6536 2.20267 1.953 14.3893 2.2383 1.96586 14.501 2.12748 1.88118 14.7176 1.96542 1.98208 14.542 1.97571 1.90509 14.6538 1.72773 1.99715 14.5012 1.82366 1.92012 14.4793 1.55328 2.00674 14.3896 1.71206 1.92202 14.241 1.48881 2.00813 14.2371 1.67082 1.91066 14.0025 1.5516 2.00115 14.0846 1.71099 1.88971 13.8279 1.72483 1.98792 13.9729 1.8218 1.86517 13.764 1.96207 1.97211 13.9319 1.97357 1.84324 13.8277 2.19977 1.95787 13.9727 2.12563 1.82921 14.0022 2.37422 1.94867 14.0843 2.23722 1.8263 14.2405 2.43869 1.94686 14.2368 2.27846 2.01321 14.2356 1.97867 1.97211 13.9319 1.97357 1.98792 13.9729 1.8218 2.00115 14.0846 1.71099 2.00813 14.2371 1.67082 2.00674 14.3896 1.71206 1.99715 14.5012 1.82366 1.98208 14.542 1.97571 1.96586 14.501 2.12748 1.953 14.3893 2.2383 1.94686 14.2368 2.27846 1.85562 14.6536 2.20267 1.83568 14.479 2.37589 1.68791 14.2468 1.94639 1.88118 14.7176 1.96542 1.90509 14.6538 1.72773 1.92012 14.4793 1.55328 1.92202 14.241 1.48881 1.91066 14.0025 1.5516 1.88971 13.8279 1.72483 1.86517 13.764 1.96207 1.84324 13.8277 2.19977 1.82921 14.0022 2.37422 1.8263 14.2405 2.43869 1.62741 15.3091 2.38964 1.54135 15.717 2.69537 1.58454 15.2495 2.65514 1.66762 14.8141 2.29413 1.68539 15.4088 1.95537 1.74749 14.9379 1.75689 1.71106 14.3379 1.99263 1.6541 14.4087 2.60768 1.77692 14.5591 1.53431 1.74754 15.0372 1.40799 1.69278 15.4846 1.63549 1.63871 15.9067 1.87583 1.62237 14.7474 2.62241 1.58483 15.7645 2.47583 1.76948 14.6752 1.23978 1.63201 15.8536 2.10557 1.7855 14.3401 1.48069 1.78347 14.3482 1.17115 1.66292 14.0734 2.58576 1.71667 13.8431 1.95883 1.74721 13.8587 1.76993 1.76915 13.9588 1.6068 1.7798 14.1197 1.50196 1.74318 13.5832 1.63737 1.76601 13.7517 1.36936 1.78341 14.0247 1.20418 1.59644 13.5895 2.57129 1.6376 13.445 2.21292 1.67861 15.3091 2.38964 1.63558 15.2495 2.65514 1.59199 15.717 2.69537 1.75156 14.8141 2.29413 1.73649 15.4088 1.95537 1.79791 14.9379 1.75689 1.79059 14.3379 1.99263 1.70422 14.4087 2.60768 1.82722 14.5591 1.53431 1.7982 15.0372 1.40799 1.7441 15.4846 1.63549 1.68973 15.9067 1.87583 1.6733 14.7474 2.62241 1.63563 15.7645 2.47583 1.82004 14.6752 1.23978 1.68306 15.8536 2.10557 1.83586 14.3401 1.48069 1.82788 14.3482 1.17115 1.71281 14.0734 2.58576 1.76658 13.8431 1.95883 1.79728 13.8587 1.76993 1.81935 13.9588 1.6068 1.83014 14.1197 1.50196 1.79381 13.5832 1.63737 1.81695 13.7517 1.36936 1.82786 14.0247 1.20418 1.63887 13.5895 2.57129 1.68762 13.4451 2.21244 1.54135 15.717 2.69537 1.59199 15.717 2.69537 1.58454 15.2495 2.65514 1.63558 15.2495 2.65514 1.62237 14.7474 2.62241 1.6733 14.7474 2.62241 1.6541 14.4087 2.60768 1.70422 14.4087 2.60768 1.66292 14.0734 2.58576 1.71281 14.0734 2.58576 1.63887 13.5895 2.57129 1.59644 13.5895 2.57129 1.7441 15.4846 1.63549 1.68973 15.9067 1.87583 1.69278 15.4846 1.63549 1.63871 15.9067 1.87583 1.74754 15.0372 1.40799 1.7982 15.0372 1.40799 1.76948 14.6752 1.23978 1.82004 14.6752 1.23978 1.63563 15.7645 2.47583 1.59199 15.717 2.69537 1.58483 15.7645 2.47583 1.54135 15.717 2.69537 1.63201 15.8536 2.10557 1.68306 15.8536 2.10557 1.68973 15.9067 1.87583 1.63871 15.9067 1.87583 1.82788 14.3482 1.17115 1.82004 14.6752 1.23978 1.78347 14.3482 1.17115 1.76948 14.6752 1.23978 1.78341 14.0247 1.20418 1.82786 14.0247 1.20418 1.81695 13.7517 1.36936 1.76601 13.7517 1.36936 1.79381 13.5832 1.63737 1.74318 13.5832 1.63737 1.59644 13.5895 2.57129 1.63887 13.5895 2.57129 1.6376 13.445 2.21292 1.68762 13.4451 2.21244 1.6376 13.445 2.21292 1.68762 13.4451 2.21244 1.71667 13.8431 1.95883 1.76658 13.8431 1.95883 1.71667 13.8431 1.95883 1.76658 13.8431 1.95883 1.74721 13.8587 1.76993 1.79728 13.8587 1.76993 1.79728 13.8587 1.76993 1.79381 13.5832 1.63737 1.74721 13.8587 1.76993 1.74318 13.5832 1.63737 -1.62741 15.3091 2.38964 -1.58456 15.2495 2.65514 -1.54135 15.717 2.69537 -1.66762 14.8141 2.29413 -1.68539 15.4088 1.95537 -1.74749 14.9379 1.75689 -1.71106 14.3379 1.99263 -1.6541 14.4087 2.60768 -1.77692 14.5591 1.53431 -1.74754 15.0372 1.40799 -1.69282 15.4846 1.63549 -1.63871 15.9067 1.87583 -1.62237 14.7474 2.62241 -1.58483 15.7645 2.47583 -1.76946 14.6752 1.23978 -1.63201 15.8536 2.10557 -1.7855 14.3401 1.48069 -1.78347 14.3482 1.17115 -1.66292 14.0734 2.58576 -1.71667 13.8431 1.95883 -1.74721 13.8587 1.76993 -1.76915 13.9588 1.6068 -1.7798 14.1197 1.50196 -1.74318 13.5832 1.63737 -1.76601 13.7517 1.36936 -1.78341 14.0247 1.20418 -1.61809 13.5895 2.57129 -1.65923 13.4452 2.21217 -1.67861 15.3091 2.38964 -1.59199 15.717 2.69537 -1.63558 15.2495 2.65514 -1.75156 14.8141 2.29413 -1.73649 15.4088 1.95537 -1.79791 14.9379 1.75689 -1.79058 14.3379 1.99263 -1.70422 14.4087 2.60768 -1.82722 14.5591 1.53431 -1.7982 15.0372 1.40799 -1.7441 15.4846 1.63549 -1.68973 15.9067 1.87583 -1.6733 14.7474 2.62241 -1.63563 15.7645 2.47583 -1.82004 14.6752 1.23978 -1.68306 15.8536 2.10557 -1.83586 14.3401 1.48069 -1.82788 14.3482 1.17115 -1.71281 14.0734 2.58576 -1.76658 13.8431 1.95883 -1.79728 13.8587 1.76993 -1.81935 13.9588 1.6068 -1.83014 14.1197 1.50196 -1.79381 13.5832 1.63737 -1.81695 13.7517 1.36936 -1.82786 14.0247 1.20418 -1.66059 13.5895 2.57129 -1.70937 13.4452 2.21217 -1.63558 15.2495 2.65514 -1.59199 15.717 2.69537 -1.58456 15.2495 2.65514 -1.54135 15.717 2.69537 -1.62237 14.7474 2.62241 -1.6733 14.7474 2.62241 -1.6541 14.4087 2.60768 -1.70422 14.4087 2.60768 -1.66292 14.0734 2.58576 -1.71281 14.0734 2.58576 -1.66059 13.5895 2.57129 -1.61809 13.5895 2.57129 -1.7441 15.4846 1.63549 -1.69282 15.4846 1.63549 -1.68973 15.9067 1.87583 -1.63871 15.9067 1.87583 -1.74754 15.0372 1.40799 -1.7982 15.0372 1.40799 -1.76946 14.6752 1.23978 -1.82004 14.6752 1.23978 -1.63563 15.7645 2.47583 -1.58483 15.7645 2.47583 -1.59199 15.717 2.69537 -1.54135 15.717 2.69537 -1.63201 15.8536 2.10557 -1.68306 15.8536 2.10557 -1.68973 15.9067 1.87583 -1.63871 15.9067 1.87583 -1.82788 14.3482 1.17115 -1.78347 14.3482 1.17115 -1.82004 14.6752 1.23978 -1.76946 14.6752 1.23978 -1.78341 14.0247 1.20418 -1.82786 14.0247 1.20418 -1.81695 13.7517 1.36936 -1.76601 13.7517 1.36936 -1.79381 13.5832 1.63737 -1.74318 13.5832 1.63737 -1.70937 13.4452 2.21217 -1.66059 13.5895 2.57129 -1.65923 13.4452 2.21217 -1.61809 13.5895 2.57129 -1.76658 13.8431 1.95883 -1.70937 13.4452 2.21217 -1.71667 13.8431 1.95883 -1.65923 13.4452 2.21217 -1.79728 13.8587 1.76993 -1.76658 13.8431 1.95883 -1.74721 13.8587 1.76993 -1.71667 13.8431 1.95883 -1.79728 13.8587 1.76993 -1.74721 13.8587 1.76993 -1.79381 13.5832 1.63737 -1.74318 13.5832 1.63737 -1.79934 14.071 1.85063 -1.81222 13.7256 1.70347 -1.78708 13.9842 2.03423 -1.79902 13.644 1.88698 -1.8205 13.4972 1.60615 -1.80814 13.419 1.7896 -1.8136 13.2838 1.73108 -1.82646 13.3599 1.54766 -1.83724 13.6439 1.88821 -1.85054 13.7255 1.7047 -1.82513 13.9841 2.03546 -1.83744 14.0709 1.85186 -1.85931 13.4971 1.60738 -1.84675 13.4189 1.79084 -1.85238 13.2837 1.73231 -1.86536 13.3599 1.5489 -1.83744 14.0709 1.85186 -1.85054 13.7255 1.7047 -1.79934 14.071 1.85063 -1.81222 13.7256 1.70347 -1.85931 13.4971 1.60738 -1.8205 13.4972 1.60615 -1.86536 13.3599 1.5489 -1.82646 13.3599 1.54766 -1.82513 13.9841 2.03546 -1.78708 13.9842 2.03423 -1.83724 13.6439 1.88821 -1.79902 13.644 1.88698 -1.84675 13.4189 1.79084 -1.80814 13.419 1.7896 -1.85238 13.2837 1.73231 -1.8136 13.2838 1.73108 -1.86536 13.3599 1.5489 -1.85238 13.2837 1.73231 -1.82646 13.3599 1.54766 -1.8136 13.2838 1.73108 1.79902 13.644 1.88698 1.81221 13.7256 1.70347 1.78708 13.9842 2.03423 1.79934 14.071 1.85063 1.8205 13.4972 1.60615 1.80814 13.4189 1.79008 1.81362 13.2829 1.73423 1.82646 13.3599 1.54787 1.83744 14.0709 1.85186 1.85052 13.7255 1.7047 1.82513 13.9841 2.03546 1.83724 13.6439 1.88821 1.85931 13.4971 1.60738 1.84676 13.4189 1.79095 1.85243 13.2832 1.73426 1.86536 13.3599 1.5489 1.81221 13.7256 1.70347 1.85052 13.7255 1.7047 1.79934 14.071 1.85063 1.83744 14.0709 1.85186 1.85931 13.4971 1.60738 1.8205 13.4972 1.60615 1.86536 13.3599 1.5489 1.82646 13.3599 1.54787 1.82513 13.9841 2.03546 1.83724 13.6439 1.88821 1.78708 13.9842 2.03423 1.79902 13.644 1.88698 1.84676 13.4189 1.79095 1.80814 13.4189 1.79008 1.85243 13.2832 1.73426 1.81362 13.2829 1.73423 1.81362 13.2829 1.73423 1.85243 13.2832 1.73426 1.82646 13.3599 1.54787 1.86536 13.3599 1.5489 1.51379 14.9763 2.46582 1.48412 15.2863 2.57695 2.59212 15.0947 2.46122 2.56121 15.3897 2.57045 1.50489 15.5806 2.46582 2.52786 15.6483 2.46122 1.51567 15.6918 2.19752 2.52196 15.7555 2.19752 2.59803 14.9876 2.19752 1.5155 14.8652 2.19752 3.65243 15.7948 2.44968 3.71809 15.5574 2.54765 3.91319 15.6339 2.55037 4.04553 15.4208 2.44517 4.39183 16.2988 2.41146 4.2594 16.378 2.47901 3.77752 15.847 2.45388 4.12596 16.4571 2.41718 3.72272 15.9353 2.21009 4.07086 16.4899 2.26203 4.44645 16.266 2.25394 4.09803 15.3325 2.19752 3.77894 15.3199 2.44483 3.80103 15.2216 2.19752 3.62721 15.8932 2.20592 4.5542 17.133 2.41675 4.4931 17.1571 2.38973 4.66965 17.4874 2.37474 4.61531 17.1089 2.38936 4.66965 17.4874 2.37474 4.46779 17.1671 2.32413 4.66965 17.4874 2.37474 4.4931 17.1571 2.25837 4.5542 17.133 2.23097 4.61531 17.1089 2.25799 4.64062 17.0989 2.32359 4.44645 16.266 2.25394 4.39235 16.2988 2.09857 4.04581 15.4208 1.95054 4.09803 15.3325 2.19752 3.91822 15.6339 1.85085 4.26059 16.378 2.03652 3.78183 15.847 1.95925 4.12711 16.4571 2.10429 3.72272 15.9353 2.21009 4.07086 16.4899 2.26203 3.80103 15.2216 2.19752 3.77879 15.3199 1.9502 3.72398 15.5574 1.84813 3.65749 15.7948 1.95504 3.62721 15.8932 2.20592 2.59373 15.0947 1.93382 2.59803 14.9876 2.19752 1.5242 14.9763 1.92922 1.53212 15.2863 1.81809 2.58002 15.3897 1.82459 1.52745 15.5806 1.92922 2.54285 15.6483 1.93382 1.51567 15.6918 2.19752 2.52196 15.7555 2.19752 1.5155 14.8652 2.19752 4.46779 17.1671 2.32413 4.66965 17.4874 2.37474 4.64062 17.0989 2.32359 -1.51379 14.9763 2.46582 -2.59212 15.0947 2.46122 -1.48412 15.2863 2.57695 -2.56121 15.3897 2.57045 -1.50489 15.5806 2.46582 -2.52786 15.6483 2.46122 -1.51567 15.6918 2.19752 -2.52196 15.7555 2.19752 -2.598 14.9876 2.19752 -1.5155 14.8652 2.19752 -3.65243 15.7948 2.44968 -3.71809 15.5574 2.54765 -3.91319 15.6339 2.55037 -4.04553 15.4208 2.44517 -4.39183 16.2988 2.41146 -4.2594 16.378 2.47901 -3.7775 15.847 2.45388 -4.12601 16.4571 2.41718 -3.72272 15.9353 2.21009 -4.07086 16.4899 2.26203 -4.44644 16.266 2.25394 -4.09803 15.3325 2.19752 -3.77894 15.3199 2.44483 -3.80103 15.2216 2.19752 -3.62721 15.8932 2.20592 -4.5542 17.133 2.41675 -4.4931 17.1571 2.38973 -4.66965 17.4874 2.37474 -4.61531 17.1089 2.38936 -4.66965 17.4874 2.37474 -4.64062 17.0989 2.32359 -4.66965 17.4874 2.37474 -4.66965 17.4874 2.37474 -4.46779 17.1671 2.32413 -4.46779 17.1671 2.32413 -4.4931 17.1571 2.25837 -4.5542 17.133 2.23097 -4.61531 17.1089 2.25799 -4.64062 17.0989 2.32359 -4.44644 16.266 2.25394 -4.39235 16.2988 2.09857 -4.04581 15.4208 1.95054 -4.09803 15.3325 2.19752 -3.91822 15.6339 1.85085 -4.26059 16.378 2.03652 -3.78183 15.847 1.95925 -4.12709 16.4571 2.10429 -3.72272 15.9353 2.21009 -4.07086 16.4899 2.26203 -3.80103 15.2216 2.19752 -3.77879 15.3199 1.9502 -3.72398 15.5574 1.84813 -3.65751 15.7948 1.95504 -3.62721 15.8932 2.20592 -2.59372 15.0947 1.93382 -2.598 14.9876 2.19752 -1.5242 14.9763 1.92922 -1.53212 15.2863 1.81809 -2.58002 15.3897 1.82459 -1.52745 15.5806 1.92922 -2.54283 15.6483 1.93382 -1.51567 15.6918 2.19752 -2.52196 15.7555 2.19752 -1.5155 14.8652 2.19752 0.577487 13.2977 3.7547 0.830063 13.0602 3.69878 0.496811 12.9914 4.11558 0.686517 12.7475 4.13976 0.334215 12.7042 4.61251 0.929597 13.3494 3.23536 0.642678 13.583 3.32094 1.02906 13.6885 2.39771 0.737928 13.9303 2.398 0.353422 13.9545 2.38413 0.521877 13.5935 3.31528 0.293662 13.6131 3.30468 0.248804 13.3657 3.71762 0.208289 13.0388 4.11081 0.120777 12.7657 4.63084 0.000213009 12.5326 4.87463 0.254503 12.4363 4.81823 0.463268 12.5176 4.64664 0.000213009 12.3886 4.89578 0.92462 13.5092 2.34694 0.864147 13.2573 3.1333 0.742945 12.9729 3.5881 0.228527 12.3743 4.69264 0.000213009 12.3376 4.77339 0.254503 12.4363 4.81823 0.416063 12.4493 4.52219 0.616091 12.6722 4.02465 0.000213009 12.3252 4.66969 0.000213009 12.7517 4.62146 0.00019993 12.9895 4.0894 7.90256e-005 13.289 3.66245 -5.50126e-005 13.5306 3.25108 -0.000170949 13.8751 2.35168 0.286146 13.9232 1.35692 -0.044912 13.8498 1.38892 0.677022 13.9466 1.34748 1.0052 13.7094 1.45255 0.897106 13.5782 1.5105 0.864147 13.2573 3.1333 0.000124089 13.1901 3.10096 0.742945 12.9729 3.5881 0.000194956 12.9218 3.56333 -6.64712e-005 13.4353 2.34403 0.92462 13.5092 2.34694 0.616091 12.6722 4.02465 0.000213009 12.6536 4.01502 0.416063 12.4493 4.52219 0.000213009 12.4002 4.49924 0.228527 12.3743 4.69264 0.000213009 12.3252 4.66969 -0.0468938 13.5101 1.54102 0.897106 13.5782 1.5105 -0.686092 12.7475 4.13976 -0.829639 13.0602 3.69878 -0.496387 12.9914 4.11557 -0.577065 13.2977 3.7547 -0.333789 12.7042 4.61251 -0.92918 13.3494 3.23536 -0.642257 13.583 3.32094 -1.02867 13.6885 2.39771 -0.737541 13.9303 2.398 -0.35301 13.9545 2.38413 -0.29325 13.6131 3.30468 -0.248396 13.3657 3.71762 -0.207849 13.0388 4.11081 -0.120351 12.7657 4.63084 0.000213009 12.5326 4.87463 -0.254076 12.4363 4.81823 -0.462841 12.5176 4.64664 0.000213009 12.3886 4.89578 -0.924219 13.5092 2.34694 -0.863766 13.2573 3.1333 -0.742522 12.9729 3.5881 -0.615665 12.6722 4.02465 -0.415637 12.4493 4.52219 -0.228101 12.3743 4.69264 0.000213009 12.3376 4.77339 -0.254076 12.4363 4.81823 0.000213009 12.3252 4.66969 0.000213009 12.7517 4.62146 0.00019993 12.9895 4.0894 7.90256e-005 13.289 3.66245 -5.50126e-005 13.5306 3.25108 -0.000170949 13.8751 2.35168 -0.40275 13.9232 1.35691 -0.044912 13.8498 1.38892 -0.790547 13.9466 1.34748 -1.11751 13.7094 1.45254 -1.01007 13.5782 1.5105 -0.863766 13.2573 3.1333 -0.742522 12.9729 3.5881 0.000124089 13.1901 3.10096 0.000194956 12.9218 3.56333 -6.64712e-005 13.4353 2.34403 -0.924219 13.5092 2.34694 -0.615665 12.6722 4.02465 0.000213009 12.6536 4.01502 -0.415637 12.4493 4.52219 0.000213009 12.4002 4.49924 -0.228101 12.3743 4.69264 0.000213009 12.3252 4.66969 -0.0468938 13.5101 1.54102 -1.01007 13.5782 1.5105 0 8.30208 -16.3162 0 8.35102 -16.228 -0.0499607 8.33902 -16.2285 -0.0633196 8.3023 -16.2299 0 8.40728 -15.4271 -0.174889 8.36339 -15.4293 0 8.42218 -14.4924 -0.24881 8.35209 -14.4934 0 8.42595 -13.7685 -0.297818 8.33615 -13.7685 -0.362575 8.14457 -14.4924 -0.459767 8.07392 -13.7685 -0.28728 7.91311 -14.4908 -0.348994 7.77575 -13.7657 0 7.72579 -14.4893 0 7.54153 -13.7631 -0.350522 8.30971 -12.4105 -0.580093 8.01523 -12.4105 -0.398097 8.28584 -11.1847 -0.688708 7.96224 -11.1847 -0.460265 7.53628 -12.4026 -0.560706 7.30314 -11.1722 0 7.26194 -12.408 0 6.99258 -11.1847 0 8.42346 -11.1847 0 8.42464 -12.4105 -0.442456 8.25288 -10.0758 -0.789982 7.90606 -10.0758 0 8.4086 -10.0758 -0.638379 7.13789 -10.0694 0 6.7793 -10.0758 -0.896241 7.84711 -8.91222 -0.719876 6.9645 -8.91222 0 6.55553 -8.91222 -0.488999 8.21829 -8.91222 0 8.393 -8.91222 -0.765405 6.85263 -7.82379 0 6.41778 -7.82379 -0.810033 6.74296 -6.7569 0 6.27176 -6.7569 -0.866705 6.6477 -5.71477 0 6.14135 -5.71477 -0.939279 6.53167 -4.44544 0 5.99591 -4.44544 -1.26923 7.73531 -4.44545 -1.16469 7.71345 -5.71477 -0.949336 6.45402 -3.42195 -1.24449e-016 5.92994 -3.41191 -1.08299 7.74177 -6.7569 -1.34713 7.74817 -3.44783 -0.793037 8.32824 -3.45957 -0.738412 8.21613 -4.44545 0 8.4763 -4.44544 -9.35097e-017 8.64139 -3.46583 -1.03677 7.76784 -7.29035 -1.47315 7.81784 -2.42914 -1.00505 6.30428 -2.17206 -1.51112 6.92339 -1.74492 -1.76359 7.73483 -1.75394 -1.82605 8.6068 -1.48422 -0.998716 8.89462 -1.83501 -0.873728 8.50716 -2.491 0 9.12578 -2.09628 0 8.85998 -2.55659 0 9.12578 -2.09628 -0.990549 7.79391 -7.82379 -0.956716 7.81299 -8.21425 -0.514828 5.9219 -2.10483 0 5.84347 -2.05728 0 7.97541 -15.4271 0 8.23275 -16.2325 -0.195686 8.10006 -15.4271 -0.223482 8.23504 -15.4271 -0.0551253 8.26595 -16.2312 0 8.23275 -16.2325 0 8.30208 -16.3162 0 8.30208 -16.3162 -0.738412 8.21613 -4.44545 -0.943684 7.98692 -4.85806 -0.71252 8.19603 -4.86502 -0.528792 8.26027 -4.85931 -0.686639 8.17594 -5.25889 -0.518292 8.23452 -5.26183 -0.375133 8.314 -4.85739 0 8.4763 -4.44544 -0.188154 8.37924 -4.86042 0 8.44518 -4.86311 -0.353863 8.26928 -5.57206 -0.176761 8.33071 -5.57201 -1.26923 7.73531 -4.44545 -1.16469 7.71345 -5.71477 -1.00506 7.85195 -5.71477 -1.08299 7.74177 -6.7569 -0.962415 7.84204 -6.7569 -0.951286 7.8404 -7.29035 -1.03677 7.76784 -7.29035 -0.990549 7.79391 -7.82379 -0.877468 7.89201 -7.82379 -0.889008 7.89326 -7.29035 -0.956716 7.81299 -8.21425 -0.76035 7.98584 -8.21578 -0.771168 7.98624 -7.82393 -0.896241 7.84711 -8.91222 -0.636225 8.11441 -8.65528 -0.659806 8.08342 -8.20743 -0.488999 8.21829 -8.91222 -0.504956 8.20818 -8.64603 -0.272316 8.29857 -8.69552 0 8.393 -8.91222 0 8.3889 -8.68719 -0.634158 8.04273 -8.20741 -0.73435 7.9438 -8.21578 -0.490275 8.16614 -8.64603 -0.610897 8.07236 -8.65528 0 8.34685 -8.68719 -0.253997 8.2663 -8.69552 -0.271602 8.29203 -8.19454 -0.253314 8.25975 -8.19364 -0.271236 8.28868 -7.93787 -0.524196 8.19506 -8.20177 -0.536848 8.18643 -7.93276 -0.520754 8.14439 -7.93276 -0.252965 8.25641 -7.93787 -0.509071 8.15272 -8.20617 -0.524196 8.19506 -8.20177 -0.520754 8.14439 -7.93276 -0.536848 8.18643 -7.93276 -0.857306 7.85121 -7.29035 -0.575653 8.10614 -6.7569 -0.927459 7.8 -6.7569 -0.847499 7.9195 -5.71477 -0.550747 8.12349 -7.29035 -0.250649 8.22998 -6.7569 -0.247423 8.24116 -7.28865 -0.260916 8.25738 -5.71477 -0.636177 8.11478 -5.71477 -0.968215 7.8099 -5.71477 -0.916824 7.79835 -7.29035 -0.644853 8.12182 -5.57213 -0.663906 8.13389 -5.25889 -0.50302 8.19247 -5.26183 -0.495366 8.17794 -5.57209 -0.909559 7.94488 -4.85806 -0.68864 8.15398 -4.86502 -0.347785 8.23406 -5.57206 -0.165854 8.29276 -5.57201 0 8.34331 -5.71477 -0.247851 8.25217 -7.82086 -0.525842 8.14084 -7.82379 -0.744688 7.94419 -7.82393 -0.252965 8.25641 -7.93787 -0.520754 8.14439 -7.93276 -0.634158 8.04273 -8.20741 -0.73435 7.9438 -8.21578 -0.509071 8.15272 -8.20617 0 8.32942 -7.82379 0 8.3369 -8.19439 -0.253314 8.25975 -8.19364 0 8.31887 -7.29035 -0.846277 7.84997 -7.82379 0 8.30832 -6.7569 0 8.34685 -8.68719 -0.253997 8.2663 -8.69552 -0.610897 8.07236 -8.65528 -0.490275 8.16614 -8.64603 0 8.34958 -5.58193 0 8.40313 -4.86311 -0.176742 8.34128 -4.86042 -0.366206 8.27196 -4.85739 -0.513055 8.21823 -4.85931 -0.878746 7.96155 -5.71477 -0.771168 7.98624 -7.82393 -0.76035 7.98584 -8.21578 -0.744688 7.94419 -7.82393 -0.73435 7.9438 -8.21578 -0.347785 8.23406 -5.57206 -0.353863 8.26928 -5.57206 -0.366206 8.27196 -4.85739 -0.375133 8.314 -4.85739 -0.528792 8.26027 -4.85931 -0.513055 8.21823 -4.85931 -0.518292 8.23452 -5.26183 -0.50302 8.19247 -5.26183 -0.663906 8.13389 -5.25889 -0.686639 8.17594 -5.25889 -0.68864 8.15398 -4.86502 -0.71252 8.19603 -4.86502 -0.943684 7.98692 -4.85806 -0.909559 7.94488 -4.85806 -0.878746 7.96155 -5.71477 -0.847499 7.9195 -5.71477 -1.00506 7.85195 -5.71477 -0.968215 7.8099 -5.71477 -0.962415 7.84204 -6.7569 -0.927459 7.8 -6.7569 -0.951286 7.8404 -7.29035 -0.916824 7.79835 -7.29035 -0.857306 7.85121 -7.29035 -0.889008 7.89326 -7.29035 -0.634158 8.04273 -8.20741 -0.659806 8.08342 -8.20743 -0.610897 8.07236 -8.65528 -0.636225 8.11441 -8.65528 0 8.44518 -4.86311 -0.188154 8.37924 -4.86042 0 8.40313 -4.86311 -0.176742 8.34128 -4.86042 -0.176761 8.33071 -5.57201 -0.165854 8.29276 -5.57201 0.188154 8.37924 -4.86042 0.176742 8.34128 -4.86042 0.176761 8.33071 -5.57201 0.165854 8.29276 -5.57201 0.353863 8.26928 -5.57206 0.347785 8.23406 -5.57206 0.366206 8.27196 -4.85739 0.375133 8.314 -4.85739 0.528792 8.26027 -4.85931 0.513055 8.21823 -4.85931 0.518292 8.23452 -5.26183 0.50302 8.19247 -5.26183 0.663906 8.13389 -5.25889 0.686639 8.17594 -5.25889 0.68864 8.15398 -4.86502 0.71252 8.19603 -4.86502 0.943684 7.98692 -4.85806 0.909559 7.94488 -4.85806 0.878746 7.96155 -5.71477 0.847499 7.9195 -5.71477 1.00506 7.85195 -5.71477 0.968215 7.8099 -5.71477 0.962415 7.84204 -6.7569 0.927459 7.8 -6.7569 0.951286 7.8404 -7.29035 0.916824 7.79835 -7.29035 0.857306 7.85121 -7.29035 0.889008 7.89326 -7.29035 -0.889008 7.89326 -7.29035 -0.877468 7.89201 -7.82379 -0.857306 7.85121 -7.29035 -0.846277 7.84997 -7.82379 -0.846277 7.84997 -7.82379 -0.744688 7.94419 -7.82393 0 8.30208 -16.3162 0.0499607 8.33902 -16.2285 0 8.35102 -16.228 0.0633196 8.3023 -16.2299 0 8.40728 -15.4271 0.174889 8.36339 -15.4293 0 8.42218 -14.4924 0.24881 8.35209 -14.4934 0 8.42595 -13.7685 0.297818 8.33615 -13.7685 0.362575 8.14457 -14.4924 0.459767 8.07392 -13.7685 0.28728 7.91311 -14.4908 0.348994 7.77575 -13.7657 0 7.72579 -14.4893 0 7.54153 -13.7631 0.350522 8.30971 -12.4105 0.580093 8.01523 -12.4105 0.398097 8.28584 -11.1847 0.688708 7.96224 -11.1847 0.460265 7.53628 -12.4026 0.560706 7.30314 -11.1722 0 7.26194 -12.408 0 6.99258 -11.1847 0 8.42346 -11.1847 0 8.42464 -12.4105 0.442456 8.25288 -10.0758 0.789982 7.90606 -10.0758 0 8.4086 -10.0758 0.638379 7.13789 -10.0694 0 6.7793 -10.0758 0.896241 7.84711 -8.91222 0.719876 6.9645 -8.91222 0 6.55553 -8.91222 0.488999 8.21829 -8.91222 0 8.393 -8.91222 0.765405 6.85263 -7.82379 0 6.41778 -7.82379 0.810033 6.74296 -6.7569 0 6.27176 -6.7569 0.866705 6.6477 -5.71477 0 6.14135 -5.71477 0.939279 6.53167 -4.44544 0 5.99591 -4.44544 1.26923 7.73531 -4.44545 1.16469 7.71345 -5.71477 0.949336 6.45402 -3.42195 -1.24449e-016 5.92994 -3.41191 1.08299 7.74177 -6.7569 1.34802 7.74866 -3.44784 0.793037 8.32824 -3.45957 0.738412 8.21613 -4.44545 0 8.4763 -4.44544 -9.35097e-017 8.64139 -3.46583 1.03677 7.76784 -7.29035 1.47315 7.81784 -2.45776 1.00505 6.30428 -2.17206 1.51112 6.92339 -1.74492 1.76359 7.73483 -1.75394 1.82605 8.6068 -1.48422 0.998716 8.89462 -1.83501 0.873728 8.50716 -2.491 0 9.12578 -2.09628 0 8.85998 -2.55659 0 9.12578 -2.09628 0.990549 7.79391 -7.82379 0.956716 7.81299 -8.21425 0.514828 5.9219 -2.10483 0 5.84347 -2.05728 0 7.97541 -15.4271 0.195686 8.10006 -15.4271 0 8.23275 -16.2325 0.223482 8.23504 -15.4271 0.0551253 8.26595 -16.2312 0 8.23275 -16.2325 0 8.30208 -16.3162 0 8.30208 -16.3162 0.738412 8.21613 -4.44545 0.71252 8.19603 -4.86502 0.943684 7.98692 -4.85806 0.528792 8.26027 -4.85931 0.686639 8.17594 -5.25889 0.518292 8.23452 -5.26183 0.375133 8.314 -4.85739 0 8.4763 -4.44544 0.188154 8.37924 -4.86042 0 8.44518 -4.86311 0.353863 8.26928 -5.57206 0.176761 8.33071 -5.57201 1.26923 7.73531 -4.44545 1.16469 7.71345 -5.71477 1.00506 7.85195 -5.71477 1.08299 7.74177 -6.7569 0.962415 7.84204 -6.7569 0.951286 7.8404 -7.29035 1.03677 7.76784 -7.29035 0.990549 7.79391 -7.82379 0.877468 7.89201 -7.82379 0.889008 7.89326 -7.29035 0.956716 7.81299 -8.21425 0.76035 7.98584 -8.21578 0.771168 7.98624 -7.82393 0.896241 7.84711 -8.91222 0.636225 8.11441 -8.65528 0.659806 8.08342 -8.20743 0.488999 8.21829 -8.91222 0.504956 8.20818 -8.64603 0.272316 8.29857 -8.69552 0 8.393 -8.91222 0 8.3889 -8.68719 0.634158 8.04273 -8.20741 0.73435 7.9438 -8.21578 0.490275 8.16614 -8.64603 0.610897 8.07236 -8.65528 0 8.34685 -8.68719 0.253997 8.2663 -8.69552 0.509422 8.15247 -8.19796 0.525088 8.19445 -8.19577 0.520754 8.14439 -7.93276 0.536848 8.18643 -7.93276 0.271594 8.29196 -8.18882 0.525088 8.19445 -8.19577 0.271236 8.28868 -7.93787 0.536848 8.18643 -7.93276 0.520754 8.14439 -7.93276 0.252965 8.25641 -7.93787 0.253307 8.25969 -8.18872 0.857306 7.85121 -7.29035 0.927459 7.8 -6.7569 0.575653 8.10614 -6.7569 0.847499 7.9195 -5.71477 0.550747 8.12349 -7.29035 0.250649 8.22998 -6.7569 0.247423 8.24116 -7.28865 0.260916 8.25738 -5.71477 0.636177 8.11478 -5.71477 0.968215 7.8099 -5.71477 0.916824 7.79835 -7.29035 0.644853 8.12182 -5.57213 0.663906 8.13389 -5.25889 0.50302 8.19247 -5.26183 0.495366 8.17794 -5.57209 0.909559 7.94488 -4.85806 0.68864 8.15398 -4.86502 0.347785 8.23406 -5.57206 0.165854 8.29276 -5.57201 0 8.34331 -5.71477 0.247851 8.25217 -7.82086 0.525842 8.14084 -7.82379 0.744688 7.94419 -7.82393 0.252965 8.25641 -7.93787 0.520754 8.14439 -7.93276 0.634158 8.04273 -8.20741 0.73435 7.9438 -8.21578 0.509422 8.15247 -8.19796 0 8.32942 -7.82379 0 8.3369 -8.19439 0.253307 8.25969 -8.18872 0 8.31887 -7.29035 0.846277 7.84997 -7.82379 0 8.30832 -6.7569 0.610897 8.07236 -8.65528 0.490275 8.16614 -8.64603 0 8.34685 -8.68719 0.253997 8.2663 -8.69552 0 8.34958 -5.58193 0 8.40313 -4.86311 0.176742 8.34128 -4.86042 0.513055 8.21823 -4.85931 0.366206 8.27196 -4.85739 0.878746 7.96155 -5.71477 0.771168 7.98624 -7.82393 0.744688 7.94419 -7.82393 0.76035 7.98584 -8.21578 0.73435 7.9438 -8.21578 0.636225 8.11441 -8.65528 0.659806 8.08342 -8.20743 0.610897 8.07236 -8.65528 0.634158 8.04273 -8.20741 0.889008 7.89326 -7.29035 0.857306 7.85121 -7.29035 0.877468 7.89201 -7.82379 0.846277 7.84997 -7.82379 0.744688 7.94419 -7.82393 0.846277 7.84997 -7.82379 1.002 11.8624 1.92915 0.988885 11.7251 2.29208 0.564072 11.8416 2.00481 0.70178 11.7089 2.38295 0 11.6864 2.47568 0 11.8305 2.01896 1.27188 11.8803 1.85572 1.66708 11.7649 2.03185 1.60576 11.9192 1.70087 1.81745 11.9338 1.35749 1.80857 10.6333 1.33772 1.6193 10.5776 2.02771 1.64193 11.102 2.02954 1.81745 11.9338 1.35749 1.66708 11.7649 2.03185 0.38638 10.4579 2.51459 0.730913 10.2715 2.43861 0.315191 10.3591 2.39138 0.630383 10.175 2.28196 0.777466 10.0629 1.98883 0 10.4312 2.46232 0 10.5483 2.54807 1.80857 10.6333 1.33772 1.47576 10.2625 1.71526 1.6193 10.5776 2.02771 1.00647 10.3905 2.32182 0.777466 10.0629 1.98883 0.730913 10.2715 2.43861 0.64906 9.48028 2.1087 0.46779 9.57461 2.35769 0.630383 10.175 2.28196 0.777466 10.0629 1.98883 0.436049 9.18888 2.1858 0.251408 9.28915 2.32344 0 8.95748 2.26241 0 9.2966 2.47725 0 9.63571 2.53347 0.315191 10.3591 2.39138 0 10.4312 2.46232 -1.00209 11.8624 1.92913 -0.564072 11.8416 2.00481 -0.988885 11.7251 2.29208 -0.70178 11.7089 2.38295 0 11.6864 2.47568 0 11.8305 2.01896 -1.27216 11.8802 1.85554 -1.66708 11.7649 2.03185 -1.60576 11.9192 1.70087 -1.81975 11.8377 1.35281 -1.66708 11.7649 2.03185 -1.64193 11.102 2.02954 -1.81975 11.8377 1.35281 -1.80857 10.6333 1.33772 -1.6193 10.5776 2.02771 -1.80857 10.6333 1.33772 -1.6193 10.5776 2.02771 -1.47576 10.2625 1.71526 -1.00647 10.3905 2.32182 -0.777466 10.0629 1.98883 -0.730913 10.2715 2.43861 -0.730913 10.2715 2.43861 -0.630383 10.175 2.28196 -0.777466 10.0629 1.98883 -0.315191 10.3591 2.39138 -0.386084 10.4581 2.51483 0 10.4312 2.46232 0 10.5483 2.54807 -0.64906 9.48028 2.1087 -0.630383 10.175 2.28196 -0.46779 9.57461 2.35769 -0.315191 10.3591 2.39138 -0.777466 10.0629 1.98883 -0.436049 9.18888 2.1858 -0.251408 9.28915 2.32344 0 8.95748 2.26241 0 9.2966 2.47725 0 9.63571 2.53347 0 10.4312 2.46232 0.987517 9.82824 1.92114 0.777466 10.0629 1.98883 1.47576 10.2625 1.71526 1.40816 9.64843 1.7852 1.86415 9.77511 1.07942 1.80857 10.6333 1.33772 1.89651 9.30127 1.01075 1.34892 9.05099 1.84749 1.91458 8.78117 1.15822 1.27535 8.42014 2.01082 0.674459 9.00424 2.1347 0.64906 9.48028 2.1087 0.65203 8.31443 2.26449 0 8.95748 2.26241 0.436049 9.18888 2.1858 0 8.29599 2.37426 1.18932 7.63718 1.99755 1.62583 7.76494 1.45902 0.626197 7.5499 2.28033 1.00643 7.05959 1.83197 1.30995 7.03804 1.50553 0.595098 7.04703 2.07571 0 7.5159 2.34275 0 7.01555 2.11465 0.934407 6.66131 1.47845 0.946728 6.0068 0.456627 0.578977 6.50735 1.53608 0 6.43077 1.54892 0.55078 5.93532 0.520245 0.706303 10.9507 -1.42225 0 10.9346 -1.45879 0 9.65529 -1.8197 1.18977 9.69492 -1.4777 0 9.12578 -2.09628 1.29956 10.9642 -1.21609 0.998716 8.89462 -1.83501 2.02798 9.69279 -0.631193 1.87901 11.0092 -0.462851 1.96518 11.5441 -0.353143 2.04044 11.0408 0.27515 2.30613 9.69131 0.014674 2.42089 9.28673 -0.0419149 2.2422 9.1148 -0.663195 1.82605 8.6068 -1.48422 1.34276 11.6221 -1.19226 1.31475 12.2801 -1.11666 1.83977 12.4804 -0.397628 1.23959 12.8317 -0.686139 0.710054 12.7527 -0.937826 0.748531 12.2699 -1.30421 0 12.2804 -1.13543 2.07073e-016 12.7008 -0.7436 0 11.6075 -1.3848 0.75966 11.6103 -1.47697 1.76125 12.7777 -0.101612 1.30606 13.007 -0.246182 1.46209 12.9295 0.324455 1.34223 13.1373 0.270649 0.975499 13.2999 -0.0822932 1.12812 13.0482 -0.574398 0.512484 13.3601 -0.288652 0.624628 13.0479 -0.76971 0 13.3636 -0.324629 1.76903 12.8278 0.407189 1.37951 13.5452 0.43671 1.44034 13.2302 0.925658 0.998237 13.7393 0.0758519 1.02302 14.1132 0.302666 0.535371 14.2193 0.153783 0.522272 13.7951 -0.101787 0 14.2382 0.123388 0 13.8011 -0.124069 0 12.9884 -0.616234 1.45474 13.3889 1.06378 1.47071 13.9109 0.666726 1.54106 13.8341 0.91325 1.58394 14.225 0.873859 1.05065 14.4027 0.524445 0.544558 14.4892 0.396984 2.04044 11.0408 0.27515 2.30613 9.69131 0.014674 1.80857 10.6333 1.33772 1.86415 9.77511 1.07942 1.99099 11.4995 0.957577 1.89651 9.30127 1.01075 2.42089 9.28673 -0.0419149 2.07016 8.94598 0.939486 1.91458 8.78117 1.15822 2.04765 12.037 0.361953 1.85527 12.3043 1.23092 1.96518 11.5441 -0.353143 1.83977 12.4804 -0.397628 1.76125 12.7777 -0.101612 1.76903 12.8278 0.407189 1.80404 12.7361 0.81795 1.81745 11.9338 1.35749 1.60576 11.9192 1.70087 1.48787 12.4125 1.25554 1.25582 12.297 1.52077 1.80404 12.7361 0.81795 1.47426 12.7969 0.794718 1.76903 12.8278 0.407189 1.46209 12.9295 0.324455 1.34223 13.1373 0.270649 1.40455 12.9423 0.822364 1.44034 13.2302 0.925658 1.34096 13.0553 1.25671 1.29052 12.7948 1.12287 1.09616 12.5968 1.54253 1.3531 12.5615 1.1865 1.16946 12.3843 1.52438 0.846734 12.1708 1.7133 0.930973 12.1194 1.8292 0.481131 12.092 1.83404 0.495016 12.3049 1.90505 0 12.0988 2.10857 0 12.0968 2.24728 0 11.901 1.99419 0 11.8305 2.01896 0.527207 12.0281 1.93044 1.45474 13.3889 1.06378 0.564072 11.8416 2.00481 1.002 11.8624 1.92915 1.27188 11.8803 1.85572 2.78109 7.00131 1.23781 3.48529 6.59474 0.156945 2.77227 6.07374 1.4385 3.43431 5.89241 0.270354 2.0751 7.09864 1.64045 2.1311 6.0553 1.65826 2.63881 5.08754 1.36369 3.21839 5.09867 0.398525 2.5212 4.45383 1.50666 2.19584 5.08078 1.55395 2.17989 4.42751 1.68751 2.15585 3.85993 1.32284 2.54109 3.92893 1.12645 2.96223 4.34457 0.311174 3.121 3.64426 -0.0768738 2.61917 3.42655 0.878618 2.8305 4.58494 -0.268408 2.87524 3.94704 -0.947131 3.04978 5.1465 -0.157963 1.82674 4.45384 1.50666 1.83264 3.9267 1.15338 1.16659 5.10153 0.398669 1.72319 5.07581 1.37999 1.38925 4.34455 0.311172 1.31541 3.50436 -0.0998383 1.7601 3.4257 0.902986 2.20942 5.1837 -0.437138 2.24194 4.67132 -0.492318 1.5861 4.59721 -0.307948 1.54845 3.92816 -0.959494 1.31541 3.50436 -0.0998383 1.38925 4.34455 0.311172 1.43586 5.11421 -0.196706 2.23198 4.07591 -1.32454 1.43586 5.11421 -0.196706 1.16659 5.10153 0.398669 2.78411 3.4488 -1.25367 2.22463 3.54926 -1.59549 1.63623 3.43487 -1.28206 2.21728 2.80033 -1.71806 1.724 2.7193 -1.45626 1.8025 1.79809 -1.70843 2.20938 1.81848 -1.87639 1.5897 1.74704 -1.05297 1.55291 2.46269 -0.71332 2.61627 1.79809 -1.63487 2.69299 2.72829 -1.41183 2.82554 1.75453 -1.06442 2.87501 2.40972 -0.796257 2.61717 1.66617 -0.523678 2.5879 2.23277 -0.249881 2.20938 1.63546 -0.329902 2.19135 2.13947 -0.0609115 1.79875 2.23321 -0.237226 1.8016 1.66617 -0.523678 1.55291 2.46269 -0.71332 1.5897 1.74704 -1.05297 1.76505 2.96738 0.27312 2.17253 2.83438 0.430225 2.14346 3.32996 1.06945 2.62994 2.96644 0.246543 3.12365 3.07364 -0.357568 2.05951 5.74724 -0.90465 2.70359 5.79512 -0.706169 1.27347 5.63326 -0.514801 1.43586 5.11421 -0.196706 3.22829 5.82221 -0.350468 3.25818 6.49792 -0.542974 3.26353 7.63537 0.00536129 3.10402 7.55543 -0.680771 2.795 6.38176 -0.963381 2.63917 7.51143 -1.16079 2.80105 8.39114 -0.749429 2.44268 8.1329 -1.19267 2.10336 7.60479 -1.50053 2.87636 8.49676 -0.0870889 1.78386 6.90702 -1.49646 2.74536 7.72097 1.02584 2.33117 8.61508 0.902055 1.92186 7.79983 1.45915 2.63688 8.92864 -0.0774165 1.60868 7.04328 1.46602 1.64565 6.03956 1.50595 0.946728 6.0068 0.456627 1.00924 5.59048 0.427648 2.63688 8.92864 -0.0774165 2.56016 8.77791 -0.721247 2.63688 8.92864 -0.0774165 2.33117 8.61508 0.902055 2.42089 9.28673 -0.0419149 2.07016 8.94598 0.939486 2.2422 9.1148 -0.663195 2.56016 8.77791 -0.721247 1.82605 8.6068 -1.48422 2.13185 8.37517 -1.2993 1.76359 7.73483 -1.75394 2.44268 8.1329 -1.19267 2.10336 7.60479 -1.50053 1.78386 6.90702 -1.49646 1.92186 7.79983 1.45915 1.91458 8.78117 1.15822 1.62583 7.76494 1.45902 1.60868 7.04328 1.46602 1.60868 7.04328 1.46602 0.946728 6.0068 0.456627 1.30995 7.03804 1.50553 1.62583 7.76494 1.45902 0.537005 5.81638 -0.695103 0.55078 5.93532 0.520245 0 5.75924 -0.63423 0 5.89494 0.550195 -0.55078 5.93532 0.520245 -0.537005 5.81638 -0.695103 -0.946728 6.0068 0.456627 -1.60868 7.04328 1.46602 -1.30995 7.03804 1.50553 -1.62583 7.76494 1.45902 1.51112 6.92339 -1.74492 1.00505 6.30428 -2.17206 1.03941 5.97262 -0.840893 0.514828 5.9219 -2.10483 1.03941 5.97262 -0.840893 0.537005 5.81638 -0.695103 0 5.84347 -2.05728 0 5.75924 -0.63423 1.78386 6.90702 -1.49646 1.51112 6.92339 -1.74492 1.03941 5.97262 -0.840893 1.03941 5.97262 -0.840893 1.17493 5.99415 -0.772337 1.95977 6.18022 -1.14166 1.00924 5.59048 0.427648 0.946728 6.0068 0.456627 1.27347 5.63326 -0.514801 1.17493 5.99415 -0.772337 1.03941 5.97262 -0.840893 1.27347 5.63326 -0.514801 0 5.89494 0.550195 0 6.43077 1.54892 0.55078 5.93532 0.520245 1.85527 12.3043 1.23092 1.99099 11.4995 0.957577 1.81745 11.9338 1.35749 1.80857 10.6333 1.33772 1.03941 5.97262 -0.840893 0.537005 5.81638 -0.695103 0.946728 6.0068 0.456627 1.76359 7.73483 -1.75394 1.51112 6.92339 -1.74492 1.78386 6.90702 -1.49646 2.13185 8.37517 -1.2993 2.44268 8.1329 -1.19267 1.91458 8.78117 1.15822 2.07016 8.94598 0.939486 2.33117 8.61508 0.902055 2.7913 0.633178 2.15963 2.69784 0.789682 2.21517 2.68616 0.920559 1.99363 2.54097 1.13711 2.29832 2.55794 1.21703 2.03102 2.20938 1.3142 2.33138 2.64739 0.942955 1.35116 2.52698 0.9774 2.42355 2.69267 0.658854 2.34182 2.75691 0.00953701 2.16517 2.20938 1.13656 2.4634 2.20938 1.3142 2.33138 2.20938 1.38836 2.05583 2.20938 1.18651 1.35047 1.86082 1.21703 2.03102 1.8778 1.13711 2.29832 2.20938 1.18651 1.35047 1.73261 0.920559 1.99363 1.72092 0.789682 2.21517 1.62747 0.633178 2.15963 1.77138 0.942955 1.35116 1.89178 0.9774 2.42355 1.7261 0.658854 2.34182 1.66185 0.00953701 2.16517 2.20938 1.13656 2.4634 1.57948 0.861806 2.26206 1.59062 0.926847 1.99009 1.20175 1.18389 2.00198 1.18404 1.15514 2.33521 1.16877 1.00549 2.47301 1.55414 0.680885 2.37005 1.59558 0.009537 2.16517 1.20175 1.18389 2.00198 1.6002 0.904689 1.35127 1.2443 0.809841 1.32381 1.68684 0.862464 0.578623 1.1366 0.494007 0.486684 1.71218 1.12439 -0.0388972 0.964678 0.455045 1.25618 0.896626 0.0237528 1.14509 1.02474 0.031535 0.371285 1.27953 0.531748 -0.302705 1.26338 0.0460314 -0.696251 1.45759 0.560869 -1.28897 1.57864 1.21512 -1.17453 1.76243 1.27081 -0.472725 1.56489 0.0659901 -1.94276 0.661381 0.505091 1.94907 0.817292 0.952296 1.88219 0.744537 0.0159653 1.70727 0.618993 0.00953702 2.17533 0.644191 0.486345 2.30173 0.798864 0.946572 2.23371 0.801472 0.797389 2.41425 1.18404 1.15514 2.33521 3.24999 1.00549 2.47301 3.61729 0.857802 2.41425 3.29173 0.75445 2.91263 3.58831 0.653143 2.85566 3.77457 0.486345 2.30173 3.71749 0.347704 2.79166 3.7375 0.009529 2.68344 3.79977 0.00953702 2.17533 3.38335 0.00951606 3.51051 2.9265 0.00952852 2.71024 2.9265 0.00952852 2.71024 2.98658 0.508962 2.84603 2.82318 0.009537 2.16517 2.86462 0.680885 2.37005 3.24999 1.00549 2.47301 3.29173 0.75445 2.91263 3.38335 0.00951606 3.51051 2.86462 0.680885 2.37005 2.83928 0.861806 2.26206 3.24999 1.00549 2.47301 3.23473 1.15514 2.33521 3.21702 1.18389 2.00198 2.82815 0.926847 1.99009 2.82318 0.009537 2.16517 3.21702 1.18389 2.00198 2.81857 0.904689 1.35127 3.17447 0.809841 1.32381 2.73192 0.862464 0.578623 3.28216 0.494007 0.486684 2.70658 1.12439 -0.0388972 3.45409 0.455045 1.25618 3.52214 0.0237528 1.14509 3.39403 0.031535 0.371285 3.13924 0.531748 -0.302705 3.15539 0.0460314 -0.696251 2.96117 0.560869 -1.28897 2.84012 1.21512 -1.17453 2.65633 1.27081 -0.472725 2.85387 0.0659901 -1.94276 3.75738 0.505091 1.94907 3.60147 0.952296 1.88219 3.67423 0.0159653 1.70727 3.79977 0.00953702 2.17533 3.77457 0.486345 2.30173 3.6199 0.946572 2.23371 3.61729 0.857802 2.41425 3.24999 1.00549 2.47301 3.23473 1.15514 2.33521 2.53098 0.520514 3.04355 2.52698 0.9774 2.42355 2.69267 0.658854 2.34182 2.61498 0.00952643 2.96186 2.20938 0.00951606 3.74314 2.20938 0.855079 3.10122 2.75691 0.00953701 2.16517 2.20938 1.13656 2.4634 1.80379 0.00952643 2.96186 1.88779 0.520514 3.04355 2.20938 0.855079 3.10122 1.7261 0.658854 2.34182 1.89178 0.9774 2.42355 1.66185 0.00953701 2.16517 2.20938 1.13656 2.4634 2.65633 1.27081 -0.472725 2.61717 1.66617 -0.523678 2.82554 1.75453 -1.06442 2.84012 1.21512 -1.17453 2.61627 1.79809 -1.63487 2.61795 1.24057 -1.85107 2.20938 1.81848 -1.87639 2.20938 1.24284 -2.12381 2.20938 1.63546 -0.329902 2.20938 1.35657 -0.291868 2.75691 0.00953701 2.16517 2.82318 0.009537 2.16517 2.78594 0.0128762 1.93404 2.84736 0.0162154 1.7029 2.20938 0.0164964 1.69982 2.20938 0.009537 2.16517 2.20938 0.0247634 1.14703 3.67423 0.0159653 1.70727 3.52214 0.0237528 1.14509 3.79977 0.00953702 2.17533 2.20938 1.18651 1.35047 2.64739 0.942955 1.35116 2.55794 1.21703 2.03102 2.20938 0.0659901 -2.16604 2.85387 0.0659901 -1.94276 2.20938 0.547579 -2.40631 1.56489 0.0659901 -1.94276 2.96117 0.560869 -1.28897 2.84012 1.21512 -1.17453 2.61795 1.24057 -1.85107 2.80782 0.59497 -2.03206 2.20938 0.547579 -2.40631 2.20938 1.24284 -2.12381 2.85387 0.0659901 -1.94276 2.61717 1.66617 -0.523678 2.65633 1.27081 -0.472725 2.20938 1.35657 -0.291868 1.76243 1.27081 -0.472725 1.8016 1.66617 -0.523678 2.65633 1.27081 -0.472725 2.70658 1.12439 -0.0388972 2.20938 1.35657 -0.291868 2.20938 1.22966 0.00330943 2.20938 1.07999 0.5782 2.67682 0.943262 0.578579 2.73192 0.862464 0.578623 1.71218 1.12439 -0.0388972 1.76243 1.27081 -0.472725 1.74194 0.943262 0.578579 1.68684 0.862464 0.578623 1.74194 0.943262 0.578579 2.20938 1.18651 1.35047 1.77138 0.942955 1.35116 2.20938 1.18651 1.35047 2.67682 0.943262 0.578579 2.20938 1.18651 1.35047 2.20938 1.07999 0.5782 2.64739 0.942955 1.35116 2.20938 1.18651 1.35047 2.20938 0.0659901 -2.16604 2.20938 0.0464351 -0.693053 2.85387 0.0659901 -1.94276 3.15539 0.0460314 -0.696251 2.20938 0.0326946 0.346363 3.39403 0.031535 0.371285 2.20938 0.0247634 1.14703 3.52214 0.0237528 1.14509 1.56489 0.0659901 -1.94276 1.26338 0.0460314 -0.696251 1.02474 0.031535 0.371285 0.896626 0.0237528 1.14509 3.13924 0.531748 -0.302705 3.28216 0.494007 0.486684 2.70658 1.12439 -0.0388972 3.7375 0.009529 2.68344 2.9265 0.00952852 2.71024 3.38335 0.00951606 3.51051 2.7635 0.835354 1.9917 2.82815 0.926847 1.99009 2.7913 0.633178 2.15963 2.82815 0.926847 1.99009 2.7635 0.835354 1.9917 2.81857 0.904689 1.35127 2.73298 0.81639 1.35122 2.81857 0.904689 1.35127 2.68616 0.920559 1.99363 2.73192 0.862464 0.578623 2.81857 0.904689 1.35127 2.73298 0.81639 1.35122 2.73298 0.81639 1.35122 2.64739 0.942955 1.35116 2.7635 0.835354 1.9917 2.7635 0.835354 1.9917 2.7913 0.633178 2.15963 2.20938 0.00951606 3.74314 2.61498 0.00952643 2.96186 2.20938 0.00952643 2.96186 2.20938 0.009537 2.16517 2.75691 0.00953701 2.16517 1.80379 0.00952643 2.96186 1.66185 0.00953701 2.16517 2.82318 0.009537 2.16517 2.75691 0.00953701 2.16517 2.7913 0.633178 2.15963 0.830452 0.59273 2.85566 0.801472 0.797389 2.41425 1.10906 0.75445 2.91263 1.16877 1.00549 2.47301 0.644191 0.486345 2.30173 0.701279 0.347704 2.79166 0.681269 0.009529 2.68344 0.618993 0.00953702 2.17533 1.03542 0.00951606 3.51051 1.49227 0.00952852 2.71024 1.10906 0.75445 2.91263 1.03542 0.00951606 3.51051 1.49227 0.00952852 2.71024 1.43219 0.508962 2.84603 1.59558 0.009537 2.16517 1.55414 0.680885 2.37005 1.16877 1.00549 2.47301 1.10906 0.75445 2.91263 1.03542 0.00951606 3.51051 1.10906 0.75445 2.91263 1.76243 1.27081 -0.472725 1.5897 1.74704 -1.05297 1.8016 1.66617 -0.523678 1.57864 1.21512 -1.17453 1.8025 1.79809 -1.70843 1.80082 1.24057 -1.92464 2.20938 1.81848 -1.87639 2.20938 1.24284 -2.12381 2.20938 1.63546 -0.329902 2.20938 1.35657 -0.291868 1.66185 0.00953701 2.16517 1.63282 0.0128762 1.93404 1.59558 0.009537 2.16517 1.5714 0.0162154 1.7029 2.20938 0.0164964 1.69982 2.20938 0.009537 2.16517 2.20938 0.0247634 1.14703 0.744537 0.0159653 1.70727 0.896626 0.0237528 1.14509 0.618993 0.00953702 2.17533 2.20938 1.18651 1.35047 1.86082 1.21703 2.03102 1.77138 0.942955 1.35116 1.45759 0.560869 -1.28897 1.80082 1.24057 -1.92464 1.57864 1.21512 -1.17453 1.61095 0.59497 -2.03206 2.20938 0.547579 -2.40631 2.20938 1.24284 -2.12381 1.56489 0.0659901 -1.94276 1.27953 0.531748 -0.302705 1.71218 1.12439 -0.0388972 1.1366 0.494007 0.486684 0.681269 0.009529 2.68344 1.03542 0.00951606 3.51051 1.49227 0.00952852 2.71024 1.65527 0.835354 1.9917 1.62747 0.633178 2.15963 1.59062 0.926847 1.99009 1.59062 0.926847 1.99009 1.6002 0.904689 1.35127 1.65527 0.835354 1.9917 1.6002 0.904689 1.35127 1.68579 0.81639 1.35122 1.73261 0.920559 1.99363 1.68684 0.862464 0.578623 1.68579 0.81639 1.35122 1.6002 0.904689 1.35127 1.77138 0.942955 1.35116 1.68579 0.81639 1.35122 1.65527 0.835354 1.9917 1.62747 0.633178 2.15963 1.65527 0.835354 1.9917 1.59558 0.009537 2.16517 1.62747 0.633178 2.15963 1.66185 0.00953701 2.16517 -6.17919 12.5102 0.419459 -6.50758 12.543 0.422688 -6.17925 12.464 0.118415 -6.50742 12.4767 0.10084 -6.17928 12.2918 -0.0641975 -6.50734 12.2999 -0.115706 -6.17922 11.9707 -0.0867733 -6.50747 11.9653 -0.143954 -6.50762 11.6996 0.0434438 -6.17918 11.7332 0.0862115 -7.04832 12.588 0.0451511 -7.04937 12.6767 0.42199 -7.71926 12.7858 0.00909884 -7.67781 13.0038 0.421982 -8.03186 12.8098 0.0418955 -8.02647 13.0434 0.421982 -7.04664 12.4275 -0.0609327 -7.75212 12.3992 -0.0249038 -7.0378 12.2762 -0.163766 -7.76844 12.2171 0.0307854 -8.32367 12.9035 0.421982 -8.03427 12.3732 0.0272625 -8.26885 12.6556 0.108285 -8.20164 12.3516 0.0505589 -8.32367 12.9035 0.421982 -8.02647 13.0434 0.421982 -8.03186 12.8098 0.802068 -7.67781 13.0038 0.421982 -7.71926 12.7858 0.834864 -7.04937 12.6767 0.42199 -7.04832 12.5879 0.798609 -7.04664 12.4274 0.904536 -7.75212 12.3992 0.868867 -6.50758 12.543 0.422688 -6.50742 12.4764 0.743407 -6.17925 12.4485 0.724051 -6.17919 12.5102 0.419459 -6.17928 12.2915 0.908056 -6.50734 12.2996 0.958404 -6.17922 12.0204 0.930711 -6.50747 11.9984 0.986539 -6.50762 11.7 0.800556 -6.17918 11.7336 0.759473 -7.0378 12.2762 1.00737 -7.76844 12.2171 0.813178 -8.03427 12.3732 0.816701 -8.26885 12.6556 0.735678 -8.20164 12.3516 0.793404 -6.50747 11.9984 0.986539 -7.05478 12.1572 1.14219 -7.04451 11.9003 1.2006 -7.76348 11.6958 1.52028 -7.73528 11.3354 1.24961 -7.98463 11.3613 1.22991 -7.99018 11.6783 1.52747 -7.01505 11.5856 0.984603 -7.74478 11.343 0.820798 -7.10301 11.5875 0.658018 -7.14035 11.7308 0.421982 -7.98372 11.3572 0.819979 -6.50762 11.7 0.800556 -8.22432 11.416 0.867682 -8.25527 11.4277 1.20379 -8.26751 11.6752 1.45051 -8.24323 12.0586 1.22984 -7.99018 11.6783 1.52747 -7.99074 12.1717 1.28256 -7.76348 11.6958 1.52028 -7.77564 12.2015 1.29261 -7.05478 12.1572 1.14219 -7.0378 12.2762 1.00737 -6.50734 12.2996 0.958404 -7.76844 12.2171 0.813178 -7.9843 12.1824 0.814582 -7.75661 11.8144 0.672 -7.99114 11.7898 0.657096 -8.22086 12.0752 0.871993 -7.76844 12.2171 0.0307854 -7.76903 12.0595 0.421982 -7.75661 11.8144 0.171963 -7.76844 12.2171 0.813178 -7.75661 11.8144 0.672 -9.15613 12.2228 0.421982 -8.65971 12.5687 0.174931 -8.68586 12.7237 0.421982 -8.59042 12.3358 0.134244 -8.26885 12.6556 0.108285 -8.32367 12.9035 0.421982 -8.20164 12.3516 0.0505589 -8.65971 12.5687 0.669032 -8.59042 12.3358 0.709719 -8.26885 12.6556 0.735678 -8.68586 12.7237 0.421982 -9.15613 12.2228 0.421982 -8.20164 12.3516 0.793404 -7.99018 11.6783 -0.683511 -7.98463 11.3613 -0.385944 -7.76348 11.6568 -0.676317 -7.73528 11.3354 -0.405646 -7.04451 11.8212 -0.357165 -7.05478 12.1572 -0.298648 -7.01505 11.5855 -0.14945 -7.74478 11.343 0.0231653 -7.10301 11.5875 0.185946 -7.14035 11.7308 0.421982 -7.98372 11.3572 0.0239847 -6.50747 11.9653 -0.143954 -6.50762 11.6996 0.0434438 -8.22432 11.416 -0.023719 -8.25527 11.4277 -0.359824 -8.26751 11.6752 -0.606548 -7.99018 11.6783 -0.683511 -8.24323 12.0586 -0.385874 -7.99074 12.1717 -0.438596 -7.76348 11.6568 -0.676317 -7.77564 12.2015 -0.448644 -7.05478 12.1572 -0.298648 -7.0378 12.2762 -0.163766 -6.50734 12.2999 -0.115706 -7.76844 12.2171 0.0307854 -7.9843 12.1824 0.0293815 -7.75661 11.8144 0.171963 -7.99114 11.7898 0.186868 -8.22086 12.0752 -0.0280295 -9.10594 11.6683 0.133967 -8.61546 11.4882 -0.229955 -8.66892 11.6701 -0.366785 -8.54474 11.4778 -0.00980903 -8.25527 11.4277 -0.359824 -8.22432 11.416 -0.023719 -8.62353 11.9413 -0.237908 -8.54551 11.9661 -0.012069 -8.66892 11.6701 -0.366785 -8.26751 11.6752 -0.606548 -8.22086 12.0752 -0.0280295 -8.24323 12.0586 -0.385874 -8.22086 12.0752 -0.0280295 -8.21352 11.7664 0.118703 -8.54551 11.9661 -0.012069 -8.22432 11.416 -0.023719 -8.51163 11.7388 0.0864598 -9.10594 11.6683 0.133967 -8.54474 11.4778 -0.00980903 -8.21352 11.7664 0.118703 -8.51163 11.7388 0.0864598 -8.54551 11.9661 -0.012069 -8.22432 11.416 -0.023719 -8.54474 11.4778 -0.00980903 -8.51163 11.7388 0.0864598 -7.99114 11.7898 0.186868 -7.75661 11.8144 0.171963 -7.98372 11.3572 0.0239847 -7.74478 11.343 0.0231653 -8.21352 11.7664 0.118703 -7.14035 11.7308 0.421982 -7.74478 11.343 0.0231653 -7.75661 11.8144 0.171963 -7.75661 11.8144 0.672 -7.74478 11.343 0.820798 -8.57479 12.2431 0.421982 -8.20724 12.1961 0.421982 -8.59042 12.3358 0.134244 -8.20724 12.1961 0.421982 -8.20164 12.3516 0.0505589 -8.59042 12.3358 0.134244 -8.20164 12.3516 0.793404 -8.59042 12.3358 0.709719 -9.15613 12.2228 0.421982 -8.57479 12.2431 0.421982 -7.76844 12.2171 0.0307854 -8.03427 12.3732 0.0272625 -8.06894 12.1343 0.421982 -8.20164 12.3516 0.0505589 -7.76903 12.0595 0.421982 -7.76903 12.0595 0.421982 -7.14035 11.7308 0.421982 -7.75661 11.8144 0.171963 -6.17918 11.6634 0.418358 -6.17918 11.7332 0.0862115 -6.50762 11.6832 0.422673 -6.50762 11.6996 0.0434438 -6.17918 11.7336 0.759473 -6.50762 11.7 0.800556 -6.50762 11.6832 0.422673 -7.10301 11.5875 0.185946 -7.14035 11.7308 0.421982 -7.14035 11.7308 0.421982 -7.10301 11.5875 0.658018 -7.99114 11.7898 0.186868 -8.21352 11.7664 0.118703 -8.22086 12.0752 -0.0280295 -7.98372 11.3572 0.0239847 -8.22432 11.416 -0.023719 -8.20164 12.3516 0.0505589 -8.20724 12.1961 0.421982 -8.06894 12.1343 0.421982 -8.20164 12.3516 0.793404 -9.10594 11.6683 0.709996 -8.66892 11.6701 1.21075 -8.61546 11.4882 1.07392 -8.54474 11.4778 0.853772 -8.25527 11.4277 1.20379 -8.22432 11.416 0.867682 -8.54551 11.9661 0.856032 -8.62353 11.9413 1.08187 -8.66892 11.6701 1.21075 -8.26751 11.6752 1.45051 -8.22086 12.0752 0.871993 -8.24323 12.0586 1.22984 -8.22086 12.0752 0.871993 -8.54551 11.9661 0.856032 -8.21352 11.7664 0.725261 -8.51163 11.7388 0.757503 -8.22432 11.416 0.867682 -9.10594 11.6683 0.709996 -8.54474 11.4778 0.853772 -8.54551 11.9661 0.856032 -8.51163 11.7388 0.757503 -8.21352 11.7664 0.725261 -8.51163 11.7388 0.757503 -8.54474 11.4778 0.853772 -8.22432 11.416 0.867682 -7.74478 11.343 0.820798 -7.75661 11.8144 0.672 -7.98372 11.3572 0.819979 -7.99114 11.7898 0.657096 -8.21352 11.7664 0.725261 -8.20724 12.1961 0.421982 -8.57479 12.2431 0.421982 -8.59042 12.3358 0.709719 -7.76844 12.2171 0.813178 -8.06894 12.1343 0.421982 -8.03427 12.3732 0.816701 -8.20164 12.3516 0.793404 -7.76903 12.0595 0.421982 -7.76903 12.0595 0.421982 -7.75661 11.8144 0.672 -7.14035 11.7308 0.421982 -8.21352 11.7664 0.725261 -7.99114 11.7898 0.657096 -8.22086 12.0752 0.871993 -8.22432 11.416 0.867682 -7.98372 11.3572 0.819979 -6.50762 11.6832 0.422673 -6.50762 11.6996 0.0434438 -7.10301 11.5875 0.185946 -6.50762 11.6832 0.422673 -7.10301 11.5875 0.658018 -6.50762 11.7 0.800556 -0.64906 9.48028 2.1087 -1.47576 10.2625 1.71526 -0.777466 10.0629 1.98883 -1.40816 9.64843 1.7852 -1.34892 9.05099 1.84749 -0.674459 9.00424 2.1347 -1.27535 8.42014 2.01082 -1.91458 8.78117 1.15822 -1.89651 9.30127 1.01075 -0.65203 8.31443 2.26449 0 8.95748 2.26241 -0.436049 9.18888 2.1858 0 8.29599 2.37426 -1.18932 7.63718 1.99755 -1.62583 7.76494 1.45902 -0.626197 7.5499 2.28033 -1.00643 7.05959 1.83197 -1.30995 7.03804 1.50553 -0.595098 7.04703 2.07571 0 7.5159 2.34275 0 7.01555 2.11465 -0.934407 6.66131 1.47845 -0.946728 6.0068 0.456627 -0.578977 6.50735 1.53608 -0.55078 5.93532 0.520245 0 6.43077 1.54892 -1.86415 9.77511 1.07942 -1.80857 10.6333 1.33772 -1.18977 9.69492 -1.4777 -0.706094 10.9506 -1.42174 -1.29956 10.9642 -1.21609 0 9.65529 -1.8197 0 9.12578 -2.09628 -0.998716 8.89462 -1.83501 -2.02777 9.69279 -0.631193 -1.87901 11.0092 -0.462851 -2.30687 9.69131 0.014674 -2.4209 9.28673 -0.0419149 -2.24186 9.1148 -0.663195 -1.96521 11.5421 -0.353143 -2.05354 11.0876 0.27515 -1.82605 8.6068 -1.48422 -0.760026 11.6103 -1.47652 -1.34308 11.6221 -1.19265 -1.31523 12.2801 -1.11621 -1.9133 11.9345 -0.467637 -1.83978 12.4809 -0.397628 -1.23959 12.8317 -0.686139 -0.710054 12.7527 -0.937826 -0.748532 12.2699 -1.30421 0 12.2804 -1.13543 2.07073e-016 12.7008 -0.7436 0 11.6075 -1.3848 -1.76124 12.7777 -0.101612 -1.80335 12.7569 -0.0882789 0 10.9346 -1.45879 -0.624628 13.0479 -0.76971 -1.12809 13.0482 -0.574398 -0.512484 13.3601 -0.288652 -0.975499 13.2999 -0.0822932 -1.30605 13.007 -0.246182 -1.34221 13.1373 0.270649 0 13.3636 -0.324629 -1.46209 12.9295 0.324455 -1.37951 13.5452 0.43671 -1.44034 13.2302 0.925658 -0.998237 13.7393 0.0758519 -1.02302 14.1132 0.302666 -0.535372 14.2193 0.153783 -0.522273 13.7951 -0.101787 0 14.2382 0.123388 0 13.8011 -0.124069 -1.45474 13.3889 1.06378 -1.47071 13.9109 0.666726 -1.54106 13.8341 0.91325 -1.58397 14.225 0.873859 -1.05064 14.4027 0.524445 -0.544573 14.4892 0.396984 -1.80188 12.9103 0.386475 -1.76124 12.7777 -0.101612 -1.80335 12.7569 -0.0882789 -2.05354 11.0876 0.27515 -1.80857 10.6333 1.33772 -2.30687 9.69131 0.014674 -1.86415 9.77511 1.07942 -1.991 11.4968 0.957577 -1.89651 9.30127 1.01075 -2.4209 9.28673 -0.0419149 -2.07016 8.94598 0.939486 -1.91458 8.78117 1.15822 -2.78109 7.00131 1.23781 -2.77227 6.07374 1.4385 -3.48529 6.59474 0.156945 -3.43431 5.89241 0.270354 -2.0751 7.09864 1.64045 -2.1311 6.0553 1.65826 -2.63881 5.08754 1.36369 -3.21839 5.09867 0.398525 -2.5212 4.45383 1.50666 -2.19584 5.08078 1.55395 -2.17989 4.42751 1.68751 -2.15585 3.85993 1.32284 -2.54109 3.92893 1.12645 -2.96223 4.34457 0.311174 -3.121 3.64426 -0.0768738 -2.61917 3.42655 0.878618 -2.8305 4.58494 -0.268408 -2.87524 3.94704 -0.947131 -3.04978 5.1465 -0.157963 -1.82674 4.45384 1.50666 -1.83264 3.9267 1.15338 -1.16659 5.10153 0.398669 -1.72319 5.07581 1.37999 -1.38925 4.34455 0.311172 -1.31541 3.50436 -0.0998383 -1.7601 3.4257 0.902986 -2.20942 5.1837 -0.437138 -2.24194 4.67132 -0.492318 -1.5861 4.59721 -0.307948 -1.54845 3.92816 -0.959494 -1.31541 3.50436 -0.0998383 -1.38925 4.34455 0.311172 -1.43586 5.11421 -0.196706 -2.23198 4.07591 -1.32454 -1.43586 5.11421 -0.196706 -1.16659 5.10153 0.398669 -2.78411 3.4488 -1.25367 -2.22463 3.54926 -1.59549 -1.63623 3.43487 -1.28206 -2.21728 2.80033 -1.71806 -1.724 2.7193 -1.45626 -1.8025 1.79809 -1.70843 -2.20938 1.81848 -1.87639 -1.5897 1.74704 -1.05297 -1.55291 2.46269 -0.71332 -2.61627 1.79809 -1.63487 -2.69299 2.72829 -1.41183 -2.82554 1.75453 -1.06442 -2.87501 2.40972 -0.796257 -2.61717 1.66617 -0.523678 -2.5879 2.23277 -0.249881 -2.20938 1.63546 -0.329902 -2.19135 2.13947 -0.0609115 -1.79875 2.23321 -0.237226 -1.8016 1.66617 -0.523678 -1.55291 2.46269 -0.71332 -1.5897 1.74704 -1.05297 -1.76505 2.96738 0.27312 -2.17253 2.83438 0.430225 -2.14346 3.32996 1.06945 -2.62994 2.96644 0.246543 -3.12365 3.07364 -0.357568 -2.05951 5.74724 -0.90465 -2.70359 5.79512 -0.706169 -1.27347 5.63326 -0.514801 -1.43586 5.11421 -0.196706 -3.22829 5.82221 -0.350468 -3.25818 6.49792 -0.542974 -3.26353 7.63537 0.00536129 -3.10402 7.55543 -0.680771 -2.795 6.38176 -0.963381 -2.63917 7.51143 -1.16079 -2.80105 8.39114 -0.749429 -2.44268 8.1329 -1.19267 -2.10336 7.60479 -1.50053 -2.87636 8.49676 -0.0870889 -1.78386 6.90702 -1.49646 -2.74536 7.72097 1.02584 -2.33117 8.61508 0.902055 -1.92186 7.79983 1.45915 -2.6366 8.92864 -0.0774165 -1.60868 7.04328 1.46602 -1.64565 6.03956 1.50595 -0.946728 6.0068 0.456627 -1.00924 5.59048 0.427648 -2.55967 8.77791 -0.721247 -2.6366 8.92864 -0.0774165 -2.6366 8.92864 -0.0774165 -2.4209 9.28673 -0.0419149 -2.33117 8.61508 0.902055 -2.07016 8.94598 0.939486 -2.24186 9.1148 -0.663195 -2.55967 8.77791 -0.721247 -1.82605 8.6068 -1.48422 -2.13185 8.37517 -1.2993 -1.76359 7.73483 -1.75394 -2.44268 8.1329 -1.19267 -2.10336 7.60479 -1.50053 -1.78386 6.90702 -1.49646 -1.92186 7.79983 1.45915 -1.91458 8.78117 1.15822 -1.62583 7.76494 1.45902 -1.60868 7.04328 1.46602 -1.51112 6.92339 -1.74492 -1.03941 5.97262 -0.840893 -1.00505 6.30428 -2.17206 -0.514828 5.9219 -2.10483 -1.03941 5.97262 -0.840893 -0.537005 5.81638 -0.695103 0 5.84347 -2.05728 0 5.75924 -0.63423 -1.78386 6.90702 -1.49646 -1.03941 5.97262 -0.840893 -1.51112 6.92339 -1.74492 -1.03941 5.97262 -0.840893 -1.17493 5.99415 -0.772337 -1.95977 6.18022 -1.14166 -1.00924 5.59048 0.427648 -1.27347 5.63326 -0.514801 -0.946728 6.0068 0.456627 -1.03941 5.97262 -0.840893 -1.17493 5.99415 -0.772337 -1.27347 5.63326 -0.514801 0 5.89494 0.550195 -0.55078 5.93532 0.520245 0 6.43077 1.54892 -2.27781 11.5887 0.939127 -2.14902 12.3236 1.23568 -1.991 11.4968 0.957577 -1.85527 12.3044 1.23092 -2.2655 11.3858 0.346271 -2.85144 11.6052 0.375521 -2.05354 11.0876 0.27515 -2.46788 12.2555 1.18319 -2.76191 12.1586 1.06321 -2.81078 11.7755 0.847652 -3.25423 12.1378 1.14147 -3.25006 11.7168 0.907237 -2.93926 12.6164 0.790374 -3.33608 12.6497 0.835432 -3.0634 12.7687 0.390539 -2.56939 12.9539 0.383837 -2.51422 12.76 0.834612 -2.14426 12.9783 0.377467 -2.13707 12.7865 0.866796 -1.80188 12.9103 0.386475 -1.79902 12.7548 0.867906 -3.42433 12.8431 0.389373 -3.38291 12.7014 -0.0548867 -3.00754 12.6475 -0.0105339 -3.29685 12.3208 -0.258968 -2.87177 12.2888 -0.19525 -2.56318 12.787 -0.0717012 -2.50206 12.291 -0.332017 -2.15713 12.8099 -0.0967167 -2.16475 12.3528 -0.393119 -1.80335 12.7569 -0.0882789 -1.83978 12.4809 -0.397628 -3.24564 11.9026 -0.193854 -2.82257 11.9506 -0.0845279 -2.85144 11.6052 0.375521 -3.25712 11.5196 0.375569 -2.44083 11.9253 -0.382803 -2.27925 11.5771 -0.25619 -2.16893 11.9312 -0.456064 -1.96521 11.5421 -0.353143 -2.2655 11.3858 0.346271 -2.05354 11.0876 0.27515 -1.9133 11.9345 -0.467637 -3.77158 11.8731 -0.218672 -3.78381 11.4878 0.388998 -4.48232 11.633 0.391839 -4.43302 11.948 -0.0432714 -4.67511 11.6951 0.386072 -4.6817 11.9331 -0.155794 -4.68171 12.2764 -0.148481 -4.94121 11.9537 -0.0464701 -4.87053 11.626 0.384266 -4.92287 12.2685 -0.039157 -5.38791 11.91 -0.15104 -4.43302 12.2937 -0.0359582 -5.38791 11.5435 0.385753 -5.38791 12.3702 -0.142612 -3.80203 12.3433 -0.253089 -6.17928 12.2918 -0.0641975 -6.17918 11.7332 0.0862115 -6.17918 11.6634 0.418358 -6.17922 11.9707 -0.0867733 -6.17925 12.464 0.118415 -6.17918 11.7336 0.759473 -3.84717 12.7062 -0.0174072 -4.46501 12.5432 0.114852 -3.87413 12.8213 0.398616 -4.49616 12.633 0.407072 -4.68053 12.5654 0.399272 -4.48965 12.4076 0.745891 -3.83354 12.6337 0.820844 -3.78043 12.1143 1.11085 -4.48166 12.0707 0.928416 -3.76988 11.697 0.898844 -4.48196 11.7768 0.781687 -4.87405 12.052 0.944249 -3.78381 11.4878 0.388998 -4.48232 11.633 0.391839 -4.67511 11.6951 0.386072 -4.87245 11.7408 0.76938 -5.38791 12.0346 1.01449 -5.38095 12.3972 0.983209 -5.38791 11.6323 0.855202 -6.17922 12.0204 0.930711 -6.17928 12.2915 0.908056 -6.17918 11.7336 0.759473 -6.17925 12.4485 0.724051 -5.39301 12.6328 0.75252 -5.38791 12.6944 0.400869 -4.85127 12.6086 0.40036 -4.90233 12.517 0.10197 -4.68101 12.5241 0.022454 -5.38791 12.6466 0.0088758 -6.17919 12.5102 0.419459 -4.8615 12.4055 0.74212 -5.38791 11.5435 0.385753 -4.87053 11.626 0.384266 -1.85527 12.3044 1.23092 -1.60576 11.9192 1.70087 -1.81975 11.8377 1.35281 -1.4878 12.4138 1.25103 -1.25566 12.3006 1.50729 -1.79902 12.7548 0.867906 -1.47426 12.7969 0.794718 -1.80188 12.9103 0.386475 -1.46209 12.9295 0.324455 -1.34221 13.1373 0.270649 -1.40455 12.9423 0.822364 -1.44034 13.2302 0.925658 -1.34096 13.0579 1.24722 -1.2905 12.7962 1.11787 -1.09569 12.6046 1.51368 -1.353 12.5631 1.1805 -1.1692 12.3893 1.50609 -0.846678 12.1715 1.71075 -0.930626 12.1201 1.82621 -0.527607 12.0279 1.93031 -0.481131 12.092 1.83404 0 11.8305 2.01896 -0.495013 12.3049 1.90505 0 12.0988 2.10857 0 12.0968 2.24728 0 11.901 1.99419 -1.45474 13.3889 1.06378 -0.564072 11.8416 2.00481 -1.00209 11.8624 1.92913 -1.27216 11.8802 1.85554 -1.85527 12.3044 1.23092 -1.81975 11.8377 1.35281 -1.991 11.4968 0.957577 -1.80857 10.6333 1.33772 -0.537005 5.81638 -0.695103 -1.03941 5.97262 -0.840893 -0.946728 6.0068 0.456627 -1.78386 6.90702 -1.49646 -1.51112 6.92339 -1.74492 -1.76359 7.73483 -1.75394 -2.13185 8.37517 -1.2993 -2.44268 8.1329 -1.19267 -1.91458 8.78117 1.15822 -2.33117 8.61508 0.902055 -2.07016 8.94598 0.939486 -3.25712 11.5196 0.375569 -2.7913 0.633178 2.15963 -2.68616 0.920559 1.99363 -2.69784 0.789682 2.21517 -2.54097 1.13711 2.29832 -2.55794 1.21703 2.03102 -2.20938 1.3142 2.33138 -2.20938 1.38836 2.05583 -2.20938 1.18651 1.35047 -2.64739 0.942955 1.35116 -2.52698 0.9774 2.42355 -2.69267 0.658854 2.34182 -2.75691 0.00953701 2.16517 -2.20938 1.13656 2.4634 -1.86082 1.21703 2.03102 -2.20938 1.18651 1.35047 -2.83928 0.861806 2.26206 -2.82815 0.926847 1.99009 -3.21702 1.18389 2.00198 -3.23473 1.15514 2.33521 -3.24999 1.00549 2.47301 -2.86462 0.680885 2.37005 -2.82318 0.009537 2.16517 -3.21702 1.18389 2.00198 -2.81857 0.904689 1.35127 -3.17447 0.809841 1.32381 -2.73192 0.862464 0.578623 -3.28216 0.494007 0.486684 -2.70658 1.12439 -0.0388972 -3.45409 0.455045 1.25618 -3.52214 0.0237528 1.14509 -3.39403 0.031535 0.371285 -3.13924 0.531748 -0.302705 -3.15539 0.0460314 -0.696251 -2.96117 0.560869 -1.28897 -2.84012 1.21512 -1.17453 -2.65633 1.27081 -0.472725 -2.85387 0.0659901 -1.94276 -3.75738 0.505091 1.94907 -3.60147 0.952296 1.88219 -3.67423 0.0159653 1.70727 -3.79977 0.00953702 2.17533 -3.77457 0.486345 2.30173 -3.6199 0.946572 2.23371 -3.61729 0.857802 2.41425 -3.24999 1.00549 2.47301 -3.23473 1.15514 2.33521 -3.58831 0.653143 2.85566 -3.61729 0.857802 2.41425 -3.29173 0.75445 2.91263 -3.24999 1.00549 2.47301 -3.77457 0.486345 2.30173 -3.71749 0.347704 2.79166 -3.7375 0.009529 2.68344 -3.79977 0.00953702 2.17533 -3.38335 0.00951606 3.51051 -2.9265 0.00952852 2.71024 -2.9265 0.00952852 2.71024 -2.98658 0.508962 2.84603 -2.82318 0.009537 2.16517 -2.86462 0.680885 2.37005 -3.24999 1.00549 2.47301 -3.29173 0.75445 2.91263 -3.38335 0.00951606 3.51051 -2.53098 0.520514 3.04355 -2.69267 0.658854 2.34182 -2.52698 0.9774 2.42355 -2.61498 0.00952643 2.96186 -2.20938 0.00951606 3.74314 -2.20938 0.855079 3.10122 -2.75691 0.00953701 2.16517 -2.20938 1.13656 2.4634 -1.88779 0.520514 3.04355 -1.80379 0.00952643 2.96186 -2.20938 0.855079 3.10122 -1.7261 0.658854 2.34182 -1.89178 0.9774 2.42355 -1.66185 0.00953701 2.16517 -2.20938 1.13656 2.4634 -2.65633 1.27081 -0.472725 -2.82554 1.75453 -1.06442 -2.61717 1.66617 -0.523678 -2.84012 1.21512 -1.17453 -2.61627 1.79809 -1.63487 -2.61795 1.24057 -1.85107 -2.20938 1.81848 -1.87639 -2.20938 1.24284 -2.12381 -2.20938 1.63546 -0.329902 -2.20938 1.35657 -0.291868 -2.75691 0.00953701 2.16517 -2.78594 0.0128762 1.93404 -2.82318 0.009537 2.16517 -2.84736 0.0162154 1.7029 -2.20938 0.0164964 1.69982 -2.20938 0.009537 2.16517 -2.20938 0.0247634 1.14703 -3.67423 0.0159653 1.70727 -3.52214 0.0237528 1.14509 -3.79977 0.00953702 2.17533 -2.20938 1.18651 1.35047 -2.55794 1.21703 2.03102 -2.64739 0.942955 1.35116 -2.20938 0.0659901 -2.16604 -2.20938 0.547579 -2.40631 -2.85387 0.0659901 -1.94276 -1.56489 0.0659901 -1.94276 -2.96117 0.560869 -1.28897 -2.61795 1.24057 -1.85107 -2.84012 1.21512 -1.17453 -2.80782 0.59497 -2.03206 -2.20938 0.547579 -2.40631 -2.20938 1.24284 -2.12381 -2.85387 0.0659901 -1.94276 -2.20938 1.35657 -0.291868 -2.65633 1.27081 -0.472725 -2.61717 1.66617 -0.523678 -1.8016 1.66617 -0.523678 -1.76243 1.27081 -0.472725 -2.65633 1.27081 -0.472725 -2.20938 1.35657 -0.291868 -2.70658 1.12439 -0.0388972 -2.20938 1.22966 0.00330943 -2.20938 1.07999 0.5782 -2.67682 0.943262 0.578579 -2.73192 0.862464 0.578623 -1.71218 1.12439 -0.0388972 -1.76243 1.27081 -0.472725 -1.74194 0.943262 0.578579 -1.68684 0.862464 0.578623 -2.67682 0.943262 0.578579 -2.20938 1.18651 1.35047 -2.64739 0.942955 1.35116 -2.20938 1.18651 1.35047 -3.15539 0.0460314 -0.696251 -2.20938 0.0464351 -0.693053 -2.85387 0.0659901 -1.94276 -2.20938 0.0659901 -2.16604 -2.20938 0.0326946 0.346363 -3.39403 0.031535 0.371285 -2.20938 0.0247634 1.14703 -3.52214 0.0237528 1.14509 -1.56489 0.0659901 -1.94276 -1.26338 0.0460314 -0.696251 -1.02474 0.031535 0.371285 -0.896626 0.0237528 1.14509 -3.13924 0.531748 -0.302705 -2.70658 1.12439 -0.0388972 -3.28216 0.494007 0.486684 -3.7375 0.009529 2.68344 -3.38335 0.00951606 3.51051 -2.9265 0.00952852 2.71024 -2.7635 0.835354 1.9917 -2.7913 0.633178 2.15963 -2.82815 0.926847 1.99009 -2.82815 0.926847 1.99009 -2.81857 0.904689 1.35127 -2.7635 0.835354 1.9917 -2.81857 0.904689 1.35127 -2.73298 0.81639 1.35122 -2.68616 0.920559 1.99363 -2.73192 0.862464 0.578623 -2.73298 0.81639 1.35122 -2.81857 0.904689 1.35127 -2.64739 0.942955 1.35116 -2.73298 0.81639 1.35122 -2.7635 0.835354 1.9917 -2.7913 0.633178 2.15963 -2.7635 0.835354 1.9917 -2.20938 0.00951606 3.74314 -2.20938 0.00952643 2.96186 -2.61498 0.00952643 2.96186 -2.20938 0.009537 2.16517 -2.75691 0.00953701 2.16517 -1.80379 0.00952643 2.96186 -1.66185 0.00953701 2.16517 -2.82318 0.009537 2.16517 -2.7913 0.633178 2.15963 -2.75691 0.00953701 2.16517 -1.62747 0.633178 2.15963 -1.72092 0.789682 2.21517 -1.73261 0.920559 1.99363 -1.8778 1.13711 2.29832 -2.20938 1.3142 2.33138 -1.77138 0.942955 1.35116 -1.89178 0.9774 2.42355 -1.7261 0.658854 2.34182 -1.66185 0.00953701 2.16517 -2.20938 1.13656 2.4634 -1.59062 0.926847 1.99009 -1.57948 0.861806 2.26206 -1.20175 1.18389 2.00198 -1.18404 1.15514 2.33521 -1.16877 1.00549 2.47301 -1.55414 0.680885 2.37005 -1.59558 0.009537 2.16517 -1.20175 1.18389 2.00198 -1.6002 0.904689 1.35127 -1.2443 0.809841 1.32381 -1.68684 0.862464 0.578623 -1.1366 0.494007 0.486684 -1.71218 1.12439 -0.0388972 -0.964678 0.455045 1.25618 -0.896626 0.0237528 1.14509 -1.02474 0.031535 0.371285 -1.27953 0.531748 -0.302705 -1.26338 0.0460314 -0.696251 -1.45759 0.560869 -1.28897 -1.57864 1.21512 -1.17453 -1.76243 1.27081 -0.472725 -1.56489 0.0659901 -1.94276 -0.661381 0.505091 1.94907 -0.817292 0.952296 1.88219 -0.744537 0.0159653 1.70727 -0.618993 0.00953702 2.17533 -0.644191 0.486345 2.30173 -0.798864 0.946572 2.23371 -0.801472 0.797389 2.41425 -1.18404 1.15514 2.33521 -1.16877 1.00549 2.47301 -0.801472 0.797389 2.41425 -1.10906 0.75445 2.91263 -0.830452 0.59273 2.85566 -0.644191 0.486345 2.30173 -0.701279 0.347704 2.79166 -0.681269 0.009529 2.68344 -0.618993 0.00953702 2.17533 -1.03542 0.00951606 3.51051 -1.49227 0.00952852 2.71024 -1.10906 0.75445 2.91263 -1.03542 0.00951606 3.51051 -1.49227 0.00952852 2.71024 -1.43219 0.508962 2.84603 -1.59558 0.009537 2.16517 -1.55414 0.680885 2.37005 -1.16877 1.00549 2.47301 -1.10906 0.75445 2.91263 -1.10906 0.75445 2.91263 -1.03542 0.00951606 3.51051 -1.76243 1.27081 -0.472725 -1.8016 1.66617 -0.523678 -1.5897 1.74704 -1.05297 -1.57864 1.21512 -1.17453 -1.8025 1.79809 -1.70843 -1.80082 1.24057 -1.92464 -2.20938 1.81848 -1.87639 -2.20938 1.24284 -2.12381 -2.20938 1.63546 -0.329902 -2.20938 1.35657 -0.291868 -1.66185 0.00953701 2.16517 -1.59558 0.009537 2.16517 -1.63282 0.0128762 1.93404 -1.5714 0.0162154 1.7029 -2.20938 0.0164964 1.69982 -2.20938 0.009537 2.16517 -2.20938 0.0247634 1.14703 -0.744537 0.0159653 1.70727 -0.896626 0.0237528 1.14509 -0.618993 0.00953702 2.17533 -2.20938 1.18651 1.35047 -1.77138 0.942955 1.35116 -1.86082 1.21703 2.03102 -1.45759 0.560869 -1.28897 -1.57864 1.21512 -1.17453 -1.80082 1.24057 -1.92464 -1.61095 0.59497 -2.03206 -2.20938 0.547579 -2.40631 -2.20938 1.24284 -2.12381 -1.56489 0.0659901 -1.94276 -1.74194 0.943262 0.578579 -2.20938 1.18651 1.35047 -2.20938 1.07999 0.5782 -1.77138 0.942955 1.35116 -2.20938 1.18651 1.35047 -1.27953 0.531748 -0.302705 -1.1366 0.494007 0.486684 -1.71218 1.12439 -0.0388972 -0.681269 0.009529 2.68344 -1.49227 0.00952852 2.71024 -1.03542 0.00951606 3.51051 -1.65527 0.835354 1.9917 -1.59062 0.926847 1.99009 -1.62747 0.633178 2.15963 -1.59062 0.926847 1.99009 -1.65527 0.835354 1.9917 -1.6002 0.904689 1.35127 -1.68579 0.81639 1.35122 -1.6002 0.904689 1.35127 -1.73261 0.920559 1.99363 -1.68684 0.862464 0.578623 -1.6002 0.904689 1.35127 -1.68579 0.81639 1.35122 -1.68579 0.81639 1.35122 -1.77138 0.942955 1.35116 -1.65527 0.835354 1.9917 -1.65527 0.835354 1.9917 -1.62747 0.633178 2.15963 -1.59558 0.009537 2.16517 -1.66185 0.00953701 2.16517 -1.62747 0.633178 2.15963 0.990967 11.53 2.31858 1.21697 11.3594 2.25433 0.854279 11.4722 1.69152 1.05195 11.3231 1.63541 0.713174 11.53 2.40311 0.990967 11.53 2.31858 0.611741 11.4722 1.76537 0.854279 11.4722 1.69152 0.489697 11.3594 2.47565 0.713174 11.53 2.40311 0.416727 11.3231 1.82873 0.611741 11.4722 1.76537 0.405897 11.0833 2.50848 0.489697 11.3594 2.47565 0.343527 11.082 1.85741 0.416727 11.3231 1.82873 0.405897 11.0833 2.50848 0.343527 11.082 1.85741 0.493781 10.8073 2.48907 0.420294 10.8408 1.84045 0.493781 10.8073 2.48907 0.420294 10.8408 1.84045 0.719782 10.6366 2.42635 0.617704 10.6918 1.78476 0.719782 10.6366 2.42635 0.617704 10.6918 1.78476 0.997575 10.6366 2.3404 0.860355 10.6918 1.71049 0.997575 10.6366 2.3404 0.860355 10.6918 1.71049 1.22105 10.8073 2.26775 1.05556 10.8408 1.64713 1.22105 10.8073 2.26775 1.05556 10.8408 1.64713 1.30485 11.0833 2.23492 1.12876 11.082 1.61845 1.21697 11.3594 2.25433 1.30485 11.0833 2.23492 1.05195 11.3231 1.63541 1.12876 11.082 1.61845 0.343527 11.082 1.85741 1.12876 11.082 1.61845 0.420294 10.8408 1.84045 1.05556 10.8408 1.64713 0.416727 11.3231 1.82873 1.05195 11.3231 1.63541 0.611741 11.4722 1.76537 0.854279 11.4722 1.69152 0.860355 10.6918 1.71049 0.617704 10.6918 1.78476 0.988885 11.7251 2.29208 0.990967 11.53 2.31858 0.70178 11.7089 2.38295 0.713174 11.53 2.40311 0.489697 11.3594 2.47565 0 11.6864 2.47568 0 11.3625 2.52545 1.21697 11.3594 2.25433 1.66708 11.7649 2.03185 1.64193 11.102 2.02954 1.30485 11.0833 2.23492 1.22105 10.8073 2.26775 1.6193 10.5776 2.02771 1.00647 10.3905 2.32182 0.997575 10.6366 2.3404 0.719782 10.6366 2.42635 0.730913 10.2715 2.43861 0.38638 10.4579 2.51459 0.493781 10.8073 2.48907 0 10.5483 2.54807 0.405897 11.0833 2.50848 0 10.8159 2.54928 0 11.0835 2.54418 -1.05194 11.3231 1.63541 -1.21697 11.3594 2.25433 -0.854279 11.4722 1.69152 -0.990967 11.53 2.31858 -0.854279 11.4722 1.69152 -0.990967 11.53 2.31858 -0.611741 11.4722 1.76537 -0.713174 11.53 2.40311 -0.611741 11.4722 1.76537 -0.713174 11.53 2.40311 -0.416727 11.3231 1.82873 -0.489697 11.3594 2.47565 -0.416727 11.3231 1.82873 -0.489697 11.3594 2.47565 -0.343527 11.082 1.85741 -0.405897 11.0833 2.50848 -0.405897 11.0833 2.50848 -0.493781 10.8073 2.48907 -0.343527 11.082 1.85741 -0.420294 10.8408 1.84045 -0.493781 10.8073 2.48907 -0.719782 10.6366 2.42635 -0.420294 10.8408 1.84045 -0.617704 10.6918 1.78476 -0.719782 10.6366 2.42635 -0.997575 10.6366 2.3404 -0.617704 10.6918 1.78476 -0.860355 10.6918 1.71049 -0.997575 10.6366 2.3404 -1.22105 10.8073 2.26775 -0.860355 10.6918 1.71049 -1.05556 10.8408 1.64713 -1.22105 10.8073 2.26775 -1.30485 11.0833 2.23492 -1.05556 10.8408 1.64713 -1.12876 11.082 1.61845 -1.12876 11.082 1.61845 -1.30485 11.0833 2.23492 -1.05194 11.3231 1.63541 -1.21697 11.3594 2.25433 -1.05194 11.3231 1.63541 -0.854279 11.4722 1.69152 -0.416727 11.3231 1.82873 -0.611741 11.4722 1.76537 -1.12876 11.082 1.61845 -0.343527 11.082 1.85741 -0.420294 10.8408 1.84045 -1.05556 10.8408 1.64713 -0.617704 10.6918 1.78476 -0.860355 10.6918 1.71049 -0.713174 11.53 2.40311 -0.990967 11.53 2.31858 -0.70178 11.7089 2.38295 -0.988885 11.7251 2.29208 -0.489697 11.3594 2.47565 0 11.6864 2.47568 0 11.3625 2.52545 -1.21697 11.3594 2.25433 -1.66708 11.7649 2.03185 -1.64193 11.102 2.02954 -1.30485 11.0833 2.23492 -1.22105 10.8073 2.26775 -1.6193 10.5776 2.02771 -1.00647 10.3905 2.32182 -0.997575 10.6366 2.3404 -0.719782 10.6366 2.42635 -0.730913 10.2715 2.43861 -0.386084 10.4581 2.51483 -0.493781 10.8073 2.48907 0 10.5483 2.54807 -0.405897 11.0833 2.50848 0 10.8159 2.54928 0 11.0835 2.54418 1.69892 14.3379 1.99263 1.64991 14.1315 2.45369 1.66827 14.7872 2.36219 1.75038 14.9453 1.74911 1.78722 14.5172 1.48877 1.7384 15.0064 1.55043 1.58193 14.7233 2.69839 1.7384 15.0064 1.55043 1.78764 14.6334 1.20933 1.78722 14.5172 1.48877 0.319129 13.591 5.45856 0.349528 13.2596 5.74696 0.594111 13.2836 5.65923 0.677632 13.1069 5.92975 0.408513 13.0804 6.03162 0.868741 13.1962 5.6429 0.969431 13.4863 5.79608 0.733928 13.3925 6.10014 0.790182 13.2937 5.45968 1.22932 13.7135 5.00299 0.452629 13.3545 6.21629 0.46651 13.7924 6.3301 0.740411 13.8325 6.2307 0 13.778 6.40624 0 13.338 6.27773 0.984735 13.9327 5.90094 1.26498 14.1578 5.09711 1.36492 13.9363 4.21629 1.22775 13.4365 4.40049 1.12164 13.3805 4.89523 1.44455 14.3721 4.33834 1.58777 14.2679 3.11364 1.41999 13.782 3.56957 1.51509 13.8448 3.09937 1.60223 14.0565 2.75623 1.36943 13.8814 2.99027 1.43328 14.0643 2.69949 1.24145 13.8369 3.53521 1.30121 13.5974 4.10233 1.12917 13.6315 4.07284 1.57783 14.7203 3.23905 1.21329 14.1503 2.99946 1.49926 14.1577 2.40872 1.34597 14.2598 2.1376 1.48955 13.9516 2.29711 1.64991 14.1315 2.45369 1.66902 13.931 2.33938 1.54949 13.67 2.53398 1.4193 13.6995 2.519 1.35152 13.576 2.94614 1.4498 13.5148 2.92501 1.37639 13.2541 3.40108 1.2555 13.322 3.45197 1.13834 13.5968 2.87594 1.05705 13.34 3.46214 0.851782 13.3492 2.75095 0.750772 13.1581 3.29186 0 13.3256 2.72434 0 13.1088 3.26517 0.890601 13.5346 2.53317 1.19635 13.7104 2.39158 0 13.931 1.48672 1.32181 14.0164 2.03711 0 14.3346 1.99364 0 14.4746 2.60635 0 14.2987 3.42714 1.04926 14.053 3.51948 0.905786 13.8479 4.25643 1.05624 13.4738 4.38422 0.937688 13.4354 4.84353 0.803655 13.7328 4.73078 0 13.9899 4.60745 0.629559 13.5527 5.39506 0 13.6146 5.46362 0 13.2561 5.77577 0 13.0768 6.09174 0 13.338 6.27773 0 13.2561 5.77577 0.435152 12.2823 5.21001 0.69078 12.3546 5.09281 0.452109 12.1781 5.2638 0.87401 12.282 5.10967 1.04194 12.8938 4.15205 1.12664 12.7782 4.08753 1.14031 13.0485 3.80182 1.24121 12.9533 3.74617 0.871176 12.9485 4.06519 0.956174 13.0869 3.75801 0.700162 12.943 3.66062 0.658462 12.7715 3.95481 0.408243 12.4316 4.59349 0.549433 12.5556 4.87721 0 12.5065 5.01248 0 12.3375 4.72923 0 12.9156 3.63888 0 12.7614 3.93702 0 12.2578 5.24759 0 12.1679 5.28543 0.87401 11.9018 4.71834 1.08417 12.26 3.65557 0.791423 11.789 4.53685 1.14005 12.5498 3.89473 1.2411 12.7344 3.56233 1.24121 12.9533 3.74617 1.12664 12.7782 4.08753 0.87401 12.0281 4.80587 0.903627 12.1488 5.01176 0.87401 12.282 5.10967 1.18303 12.4427 3.30872 0.452109 11.7961 4.8656 0.377547 11.6984 4.64901 0.557609 11.9299 4.09058 0 11.7839 4.87988 0.452109 11.9268 4.95268 0 11.9193 4.96646 0 12.0313 5.19253 0.489179 12.0433 5.16831 0.452109 12.1781 5.2638 0 12.1679 5.28543 0 11.7839 4.87988 0.467779 11.8935 4.08127 0.349632 11.8662 4.07868 0 11.7022 4.65041 0 11.8475 4.07402 0.386455 12.0796 3.50973 0 11.9927 3.49762 0 12.122 3.07229 0.428676 12.1936 3.07689 0 12.0831 2.63573 0.515798 12.2134 2.64113 0.806434 12.5703 2.7479 0.979205 12.7785 2.33178 0.960772 12.5102 2.77302 1.1308 12.7101 2.34399 0.536501 12.3703 2.2782 0 12.138 2.38612 1.14777 12.8491 1.92684 0 12.0968 2.24728 0.54617 12.4169 2.07174 0.495016 12.3049 1.90505 1.09616 12.5968 1.54253 1.27467 12.819 1.90649 1.46019 12.9093 2.352 1.58888 13.0055 1.89032 1.7039 13.4391 1.93593 1.56876 13.4264 2.38692 1.45919 13.1734 2.81754 1.4498 13.5148 2.92501 1.37639 13.2541 3.40108 1.54949 13.67 2.53398 1.36038 12.9659 3.14567 1.67484 13.7711 2.22727 1.30116 12.6716 2.87397 1.75624 13.9296 1.79326 1.66902 13.931 2.33938 1.69892 14.3379 1.99263 1.79176 14.1654 1.27562 1.78722 14.5172 1.48877 1.78764 14.6334 1.20933 1.73299 13.5757 1.57563 1.7654 13.8126 1.17172 1.69478 13.4761 1.16382 1.63753 13.8356 1.05719 1.72091 14.2357 1.12485 1.58394 14.225 0.873859 1.54106 13.8341 0.91325 1.45474 13.3889 1.06378 1.49262 13.4001 1.05522 1.65568 13.1467 1.31241 1.62418 13.0172 1.59721 1.38887 13.0166 1.24253 1.33318 12.8582 1.56466 1.25239 12.8929 1.54794 1.34096 13.0553 1.25671 1.34096 13.0553 1.25671 1.34096 13.0553 1.25671 0.830439 12.318 3.15675 0.668348 12.34 3.13491 0.554791 12.1651 3.53378 0.710633 12.134 3.57489 0.544558 14.4892 0.396984 0 14.5143 0.379247 0.535371 14.2193 0.153783 0 14.2382 0.123388 1.02302 14.1132 0.302666 -0.535372 14.2193 0.153783 -0.544573 14.4892 0.396984 -1.02302 14.1132 0.302666 0.890601 13.5346 2.53317 0 13.931 1.48672 1.19635 13.7104 2.39158 -0.890601 13.5346 2.53317 -1.19635 13.7104 2.39158 0 12.138 2.38612 0 12.0831 2.63573 0 11.7022 4.65041 0 11.7839 4.87988 1.58777 14.2679 3.11364 1.57783 14.7203 3.23905 1.58193 14.7233 2.69839 1.64991 14.1315 2.45369 1.64991 14.1315 2.45369 -1.69892 14.3379 1.99263 -1.66827 14.7872 2.36219 -1.64991 14.1315 2.45369 -1.75038 14.9453 1.74911 -1.78722 14.5172 1.48877 -1.7384 15.0064 1.55043 -1.58193 14.7233 2.69839 -1.7384 15.0064 1.55043 -1.78722 14.5172 1.48877 -1.78762 14.6334 1.20933 -0.319129 13.591 5.45856 -0.594111 13.2836 5.65923 -0.349528 13.2596 5.74696 -0.677632 13.1069 5.92975 -0.408513 13.0804 6.03162 -0.868733 13.1962 5.6429 -0.969445 13.4863 5.79608 -0.733928 13.3925 6.10014 -0.790182 13.2937 5.45968 -1.22932 13.7135 5.00299 -0.452629 13.3545 6.21629 -0.46651 13.7924 6.3301 -0.740411 13.8325 6.2307 0 13.338 6.27773 -0.984735 13.9327 5.90094 -1.26498 14.1578 5.09711 -1.36491 13.9363 4.21629 -1.22775 13.4365 4.40049 -1.12164 13.3805 4.89523 -1.44454 14.3721 4.33834 -1.58777 14.2679 3.11364 -1.41999 13.782 3.56957 -1.51509 13.8448 3.09937 -1.60227 14.0565 2.75623 -1.36943 13.8814 2.99027 -1.43328 14.0643 2.69949 -1.24145 13.8369 3.53521 -1.30121 13.5974 4.10233 -1.12917 13.6315 4.07284 -1.57783 14.7203 3.23905 -1.21329 14.1503 2.99946 -1.49928 14.1577 2.40872 -1.34596 14.2598 2.1376 -1.48955 13.9516 2.29711 -1.64991 14.1315 2.45369 -1.66902 13.931 2.33938 -1.54949 13.67 2.53398 -1.41933 13.6995 2.519 -1.35152 13.576 2.94614 -1.4498 13.5148 2.92501 -1.37641 13.2541 3.40108 -1.2555 13.322 3.45197 -1.13834 13.5968 2.87594 -1.05705 13.34 3.46214 -0.851782 13.3492 2.75095 -0.750772 13.1581 3.29186 0 13.3256 2.72434 0 13.1088 3.26517 -0.890601 13.5346 2.53317 -1.19635 13.7104 2.39158 0 13.931 1.48672 -1.32181 14.0164 2.03711 0 14.3346 1.99364 0 14.4746 2.60635 0 14.2987 3.42714 -1.04924 14.053 3.51948 -0.905797 13.8479 4.25643 -1.05624 13.4738 4.38422 -0.937688 13.4354 4.84353 -0.803655 13.7328 4.73078 0 13.9899 4.60745 -0.629559 13.5527 5.39506 0 13.6146 5.46362 0 13.2561 5.77577 0 13.2561 5.77577 0 13.0768 6.09174 0 13.338 6.27773 -0.435152 12.2823 5.21001 -0.452109 12.1781 5.2638 -0.69078 12.3546 5.09281 -0.87401 12.282 5.10967 -1.04194 12.8938 4.15205 -1.12664 12.7782 4.08753 -1.14031 13.0485 3.80182 -1.24121 12.9533 3.74617 -0.549433 12.5556 4.87721 -0.871176 12.9485 4.06519 0 12.5065 5.01248 -0.408243 12.4316 4.59349 -0.658462 12.7715 3.95481 -0.700162 12.943 3.66062 -0.956174 13.0869 3.75801 0 12.3375 4.72923 0 12.9156 3.63888 0 12.7614 3.93702 0 12.2578 5.24759 0 12.1679 5.28543 -0.87401 11.9018 4.71834 -0.791423 11.789 4.53685 -1.08415 12.26 3.65557 -1.14005 12.5498 3.89473 -1.2411 12.7344 3.56233 -1.24121 12.9533 3.74617 -1.12664 12.7782 4.08753 -0.87401 12.0281 4.80587 -0.903627 12.1488 5.01176 -0.87401 12.282 5.10967 -1.18304 12.4427 3.30872 -0.830439 12.318 3.15675 -0.710633 12.134 3.57489 -0.452109 11.7961 4.8656 -0.377547 11.6984 4.64901 -0.557609 11.9299 4.09058 0 11.7839 4.87988 -0.452109 11.9268 4.95268 0 11.9193 4.96646 0 12.0313 5.19253 -0.489179 12.0433 5.16831 -0.452109 12.1781 5.2638 0 12.1679 5.28543 0 11.7839 4.87988 -0.668348 12.34 3.13491 -0.806432 12.5703 2.7479 -0.428676 12.1936 3.07689 -0.515798 12.2134 2.64113 -0.97889 12.7834 2.31378 -0.960772 12.5102 2.77302 -1.13041 12.7163 2.32114 0 12.0831 2.63573 0 12.122 3.07229 -0.536497 12.3703 2.2782 0 12.138 2.38612 0 12.0968 2.24728 -0.54617 12.417 2.07147 -0.495013 12.3049 1.90505 -1.14677 12.8629 1.87628 -1.09569 12.6046 1.51368 -1.27362 12.8336 1.85312 -0.386455 12.0796 3.50973 0 11.9927 3.49762 -1.45961 12.9148 2.33164 -1.58815 13.0146 1.85678 -1.70386 13.4396 1.93412 -1.56875 13.4264 2.38681 -1.45919 13.1734 2.81754 -1.4498 13.5148 2.92501 -1.37641 13.2541 3.40108 -1.54949 13.67 2.53398 -1.36038 12.9659 3.14567 -1.67484 13.7711 2.22727 -1.30116 12.6716 2.87397 -1.75624 13.9296 1.79326 -1.66902 13.931 2.33938 -1.69892 14.3379 1.99263 -1.79176 14.1654 1.27562 -1.78722 14.5172 1.48877 -1.78762 14.6334 1.20933 -1.73299 13.5757 1.57563 -1.76538 13.8126 1.17172 -1.69478 13.4761 1.16382 -1.63752 13.8356 1.05719 -1.72091 14.2357 1.12485 -1.58397 14.225 0.873859 -1.54106 13.8341 0.91325 -1.45474 13.3889 1.06378 -1.49262 13.4001 1.05522 -1.65569 13.1476 1.3089 -1.62397 13.0232 1.57512 -1.38885 13.0191 1.23348 -1.33266 12.8684 1.52709 -1.25194 12.8844 1.51171 -1.34096 13.0579 1.24722 -1.34096 13.0579 1.24722 -1.34096 13.0579 1.24722 0 12.0831 2.63573 0 12.138 2.38612 0 11.7839 4.87988 0 11.7022 4.65041 -0.349632 11.8662 4.07868 0 11.7022 4.65041 0 11.8475 4.07402 -0.467779 11.8935 4.08127 -0.554791 12.1651 3.53378 -1.58777 14.2679 3.11364 -1.58193 14.7233 2.69839 -1.57783 14.7203 3.23905 -1.64991 14.1315 2.45369 0 12.9884 -0.616234 -1.64991 14.1315 2.45369 1.48315 13.3156 -0.869398 0.992707 13.9876 -0.266809 0.568115 13.7979 -0.407357 1.20224 13.7694 -0.0911417 1.02277 14.1132 0.318995 0.544558 14.4892 0.396984 0 14.2382 0.123388 1.78764 14.6334 1.20933 1.9804 14.7524 0.952076 1.88445 14.1888 0.833995 2.40129 14.6874 0.678044 2.38814 14.3269 0.5831 2.02642 15.0852 0.680361 1.4213 15.4538 1.01572 1.58394 14.225 0.873859 2.77493 14.6137 0.421517 2.83333 14.8163 0.482439 2.79361 15.0684 0.378509 3.62207 14.8738 0.144015 1.73157 15.7309 0.0109918 1.4213 15.4538 1.01572 0.776999 15.7328 0.369034 1.79782 15.0894 -0.0864177 2.71587 16.5771 -1.0347 1.36197 16.0003 -0.244451 0.808152 15.8432 0.731381 1.18757 14.5892 0.831569 0.910037 14.8426 -0.777069 0.812145 15.6223 -1.43442 0.457562 15.4325 -0.869548 1.111 15.2572 -1.43478 0.544558 14.4892 0.396984 0 15.0114 0.731675 1.34509 16.0725 -2.29219 -0.457562 15.4325 -0.869548 -0.544573 14.4892 0.396984 -0.910037 14.8426 -0.777069 -0.812145 15.6223 -1.43442 -1.111 15.2572 -1.43478 -1.34509 16.0725 -2.29219 0 16.0286 0.701466 0 16.4387 0.258818 0.808152 15.8432 0.731381 0.776999 15.7328 0.369034 0.603913 16.5453 -0.691435 0 16.9094 -0.649063 0.410232 16.9432 -1.09755 0 17.076 -0.932464 0 17.7784 -1.46805 0 14.2582 -1.95842 0 14.0292 -1.03752 0.297874 14.1857 -1.0597 0 14.0514 -0.333211 0.475681 14.277 -0.374523 0.544558 14.4892 0.396984 0 14.2382 0.123388 0.543846 13.8413 0.420321 1.02277 14.1132 0.318995 0.856581 13.4543 -0.173814 1.20224 13.7694 -0.0911417 1.48315 13.3156 -0.869398 0.568115 13.7979 -0.407357 0 14.2382 0.123388 1.88445 14.1888 0.833995 2.3946 14.709 0.431314 1.18757 14.5892 0.831569 2.02642 15.0852 0.680361 1.4213 15.4538 1.01572 2.79361 15.0684 0.378509 2.38814 14.3269 0.5831 2.77493 14.6137 0.421517 1.58394 14.225 0.873859 2.79779 14.8381 0.33726 3.62207 14.8738 0.144015 0.544558 14.4892 0.396984 1.12335 15.0498 -0.442242 0.776999 15.7328 0.369034 1.5604 15.5988 -0.71128 1.79782 15.0894 -0.0864177 0.544558 14.4892 0.396984 1.5604 15.5988 -0.71128 2.71587 16.5771 -1.0347 0.544558 14.4892 0.396984 1.18757 14.5892 0.831569 0 17.7784 -1.46805 0 16.8201 -1.228 0.410232 16.9432 -1.09755 -0.410232 16.9432 -1.09755 0 16.8201 -1.228 0.603913 16.5453 -0.691435 0 16.1714 -0.842127 0.776999 15.7328 0.369034 -0.603911 16.5453 -0.691435 -0.776999 15.7328 0.369034 0 16.8201 -1.228 0 15.0114 0.731675 0.776999 15.7328 0.369034 -0.776999 15.7328 0.369034 2.71587 16.5771 -1.0347 1.36197 16.0003 -0.244451 1.5604 15.5988 -0.71128 0.776999 15.7328 0.369034 1.63392 13.7461 0.213972 1.97954 13.6265 -0.0442628 1.4228 13.931 -0.0986326 1.91306 13.6953 -0.326075 1.09005 14.1518 0.70216 1.83786 13.9395 0.528302 1.58394 14.225 0.873859 0.544558 14.4892 0.396984 2.17999 13.7371 0.0528572 2.62126 13.6121 -0.458006 0.910037 14.8426 -0.777069 1.09847 15.8332 -1.41205 1.111 15.2572 -1.43478 0.918207 15.7749 -0.774273 0.776999 15.7328 0.369034 0.544558 14.4892 0.396984 0.457562 15.4325 -0.869548 0 15.0114 0.731675 1.34509 16.0725 -2.29219 0.812145 15.6223 -1.43442 -0.776999 15.7328 0.369034 -0.457562 15.4325 -0.869548 -0.91822 15.7749 -0.774273 -0.910037 14.8426 -0.777069 -1.0985 15.8332 -1.41205 -1.111 15.2572 -1.43478 -0.544573 14.4892 0.396984 -1.34509 16.0725 -2.29219 -0.812145 15.6223 -1.43442 0.475681 14.277 -0.374523 0.544558 14.4892 0.396984 0 14.6617 -0.447463 0.297874 14.1857 -1.0597 0 14.4213 -1.07842 0 14.2582 -1.95842 0 15.0114 0.731675 0 14.6617 -0.447463 -0.544573 14.4892 0.396984 -0.475681 14.277 -0.374523 -0.297874 14.1857 -1.0597 0 14.4213 -1.07842 0 14.2582 -1.95842 2.62126 13.6121 -0.458006 2.17999 13.7371 0.0528572 2.17626 13.9268 -0.0523482 1.83786 13.9395 0.528302 1.81406 14.2015 0.286248 1.58394 14.225 0.873859 1.18757 14.5892 0.831569 1.12783 14.9327 0.299248 2.06321 13.9897 -0.288766 1.91306 13.6953 -0.326075 1.64675 14.3308 -0.0893467 1.4228 13.931 -0.0986326 1.12783 14.9327 0.299248 0.544558 14.4892 0.396984 1.12783 14.9327 0.299248 -1.48315 13.3156 -0.869398 -0.568115 13.7979 -0.407357 -0.992697 13.9876 -0.266809 -1.20225 13.7694 -0.0911417 -1.02277 14.1132 0.318995 -0.544573 14.4892 0.396984 0 14.2382 0.123388 -1.78762 14.6334 1.20933 -1.88443 14.1888 0.833995 -1.98038 14.7524 0.952076 -2.40129 14.6874 0.678044 -2.38815 14.3269 0.5831 -2.02644 15.0852 0.680361 -1.4213 15.4538 1.01572 -1.58397 14.225 0.873859 -2.77495 14.6137 0.421517 -2.83333 14.8163 0.482439 -2.79361 15.0684 0.378509 -3.62207 14.8738 0.144015 -1.73157 15.7309 0.0109918 -0.776999 15.7328 0.369034 -1.4213 15.4538 1.01572 -1.79782 15.0894 -0.0864177 -2.71587 16.5771 -1.0347 -1.36197 16.0003 -0.244451 -0.808152 15.8432 0.731381 -1.18757 14.5892 0.831569 0 16.0286 0.701466 -0.808152 15.8432 0.731381 0 16.4387 0.258818 -0.776999 15.7328 0.369034 -0.603911 16.5453 -0.691435 0 16.9094 -0.649063 -0.410232 16.9432 -1.09755 0 17.076 -0.932464 0 17.7784 -1.46805 0 14.2582 -1.95842 -0.297874 14.1857 -1.0597 0 14.0292 -1.03752 0 14.0514 -0.333211 -0.475681 14.277 -0.374523 -0.544573 14.4892 0.396984 0 14.2382 0.123388 -0.543846 13.8413 0.420321 -0.856581 13.4543 -0.173814 -1.02277 14.1132 0.318995 -1.20225 13.7694 -0.0911417 -1.48315 13.3156 -0.869398 -0.568115 13.7979 -0.407357 0 14.2382 0.123388 -1.88443 14.1888 0.833995 -1.18757 14.5892 0.831569 -2.39456 14.709 0.431314 -2.02644 15.0852 0.680361 -1.4213 15.4538 1.01572 -2.79361 15.0684 0.378509 -2.38815 14.3269 0.5831 -2.77495 14.6137 0.421517 -1.58397 14.225 0.873859 -2.79783 14.8381 0.33726 -3.62207 14.8738 0.144015 -0.544573 14.4892 0.396984 -0.776999 15.7328 0.369034 -1.12337 15.0498 -0.442242 -1.56042 15.5988 -0.71128 -1.79782 15.0894 -0.0864177 -0.544573 14.4892 0.396984 -1.56042 15.5988 -0.71128 -2.71587 16.5771 -1.0347 -1.18757 14.5892 0.831569 -0.544573 14.4892 0.396984 -2.71587 16.5771 -1.0347 -1.56042 15.5988 -0.71128 -1.36197 16.0003 -0.244451 -0.776999 15.7328 0.369034 -1.63392 13.7461 0.213972 -1.4228 13.931 -0.0986326 -1.97954 13.6265 -0.0442628 -1.91306 13.6953 -0.326075 -1.09003 14.1518 0.70216 -1.83786 13.9395 0.528302 -1.58397 14.225 0.873859 -0.544573 14.4892 0.396984 -2.17999 13.7371 0.0528572 -2.62125 13.6121 -0.458006 -2.62125 13.6121 -0.458006 -2.17626 13.9268 -0.0523482 -2.17999 13.7371 0.0528572 -1.83786 13.9395 0.528302 -1.81406 14.2015 0.286248 -1.58397 14.225 0.873859 -1.18757 14.5892 0.831569 -1.12783 14.9327 0.299248 -2.0632 13.9897 -0.288766 -1.91306 13.6953 -0.326075 -1.64675 14.3308 -0.0893467 -1.4228 13.931 -0.0986326 -1.12783 14.9327 0.299248 -0.544573 14.4892 0.396984 -1.12783 14.9327 0.299248</float_array>
                    <technique_common>
                        <accessor count="7222" source="#ID61" stride="3">
                            <param name="X" type="float"/>
                            <param name="Y" type="float"/>
                            <param name="Z" type="float"/>
                        </accessor>
                    </technique_common>
                </source>
                <source id="ID62">
                    <float_array id="ID63" count="20364">0.163226 -0.378596 0.911056 0.0686803 -0.227417 0.971373 0.175806 -0.197617 0.964386 0.070487 -0.340416 0.937629 0.0931162 0.00108176 0.995655 0.14931 0.0574444 0.98712 0.0839062 0.429187 0.89931 0.16106 0.524435 0.836079 0.133336 -0.485962 0.863749 0.199739 -0.551976 0.809585 0.102524 0.785663 0.6101 0.37424 -0.66852 0.642671 0.335277 -0.792394 0.509608 0.402353 -0.863332 0.304583 0.700254 -0.529901 0.478381 0.754147 -0.532411 0.384449 0.420483 -0.832392 0.360995 0.47581 -0.314752 0.821301 0.7923 -0.210566 0.572645 0.475897 -0.193646 0.857918 0.802559 -0.134041 0.58132 0.466218 0.072679 0.881679 0.787698 0.0756936 0.611394 0.904445 -0.309294 0.293797 0.91897 -0.235125 0.316559 0.746777 -0.530895 0.400593 0.907324 -0.312243 0.281546 0.630701 -0.313025 0.710093 0.594774 -0.516454 0.616051 0.962861 -0.105009 0.248742 0.973565 -0.0728065 0.216495 0.968026 -0.0252726 0.249574 0.975596 0.0339038 0.216941 0.989624 -0.0159867 0.142786 0.983483 0.04707 0.174772 0.966618 0.0348101 0.253845 0.973162 0.0827068 0.214744 0.975472 0.0914399 0.200233 0.996321 0.0254787 0.0818214 0.936284 -0.053233 0.347187 0.997199 -0.0139495 0.0734761 0.995617 -0.0290467 0.0888975 0.997003 0.0363277 -0.0682983 0.996592 0.0684382 -0.0460533 0.965875 -0.240306 0.0966348 0.99874 -0.0307532 -0.0396665 0.969023 -0.219521 0.113159 0.940809 -0.207135 -0.268278 0.935042 0.039047 -0.352381 0.903863 0.0365227 -0.42626 0.751757 0.0301111 -0.658752 0.87012 0.0345611 -0.491626 0.804158 0.0320105 -0.593553 0.827842 0.0281184 -0.560257 0.88434 -0.310164 -0.348914 0.873337 -0.466997 0.13855 0.966384 -0.237681 0.098029 0.959393 -0.265108 0.0963507 0.949696 -0.0399018 0.310622 0.980043 0.0930414 0.175669 0.92282 -0.312218 -0.22566 0.633266 -0.454942 -0.626101 0.844585 0.0300066 -0.53458 0.965609 0.0472842 -0.255661 0.95767 0.00917481 -0.287723 0.915181 -0.046388 -0.400366 0.997271 0.0127971 -0.0727121 0.994353 -0.0834729 -0.0655278 0.99636 0.0631652 0.0572446 0.940694 0.308737 0.140626 0.896113 0.439606 0.0610609 0.99261 0.0858951 0.085722 0.669452 0.716486 0.196166 0.76244 0.597198 0.249077 0.296426 0.894595 0.334411 0.273969 0.934378 0.227768 0.948719 0.263252 0.175016 0.665153 0.746148 -0.0288696 0.285776 0.949409 -0.130208 0.956241 0.228717 0.182461 0.732389 0.601292 0.31946 0.207074 0.907086 0.36649 0.637366 0.676496 0.368942 0.265466 0.876012 0.402654 0.642406 0.653189 -0.400822 0.884928 0.447751 -0.128148 0.869698 0.374537 -0.321477 0.297139 0.778058 -0.553474 0.339103 0.621421 -0.70629 0.632817 0.445965 -0.632976 0.643222 0.630126 0.434979 0.943604 0.193012 0.268995 0.923481 0.10004 0.37037 0.250636 0.855275 0.453526 0.416845 0.516289 -0.748122 0.601025 0.246355 -0.760314 0.899545 0.239293 -0.365455 0.91221 0.0084374 -0.409635 0.993265 0.0544525 0.102274 0.958547 -0.250197 0.136341 0.992183 0.116539 0.0446203 0.170894 0.619945 -0.765809 0.31848 0.814504 0.484927 0.980962 -0.0492203 0.187858 0.980166 -0.0790801 0.181716 0.928856 -0.0533985 0.366571 0.876388 -0.396938 0.272734 0.798722 -0.378717 -0.467564 0.154613 0.673246 -0.723073 0.122499 0.880688 -0.457583 0.112579 0.988153 -0.104307 0.0814145 0.977885 0.192646 0.0727734 0.933574 0.350918 0.0743299 0.929982 0.360013 0.100153 0.920814 0.376923 0.143791 0.910092 0.388661 0.234703 0.836093 0.495846 0.232803 0.79285 0.563198 0.414478 0.54942 0.725497 0.645181 0.501832 0.576113 0.918586 -0.141501 0.369022 0.953769 0.182894 0.238482 0.987267 0.102403 0.121724 0.98183 0.134362 0.134 0.981737 0.15433 0.111241 0.9988 0.0478237 0.01057 0.997698 0.0603453 -0.0309276 0.0415712 -0.942926 -0.330399 0.100624 -0.880525 -0.463196 0.201498 -0.913518 -0.353387 0.0029553 -0.944029 -0.329849 0.23511 -0.640035 -0.73149 -0.0284517 -0.956805 -0.289337 -0.0284398 -0.956809 -0.289323 -4.07523e-009 -0.489882 -0.871789 0 -0.200064 -0.979783 -0.23511 -0.640035 -0.731491 -0.100624 -0.880525 -0.463196 -0.201498 -0.913518 -0.353388 -0.0415712 -0.942926 -0.330399 -0.0029553 -0.944029 -0.329849 0.0284517 -0.956805 -0.289337 0.0284398 -0.956809 -0.289323 0.0380113 -0.868351 0.494491 0.0236065 -0.758375 0.651391 0.068934 -0.949308 0.306696 0 -0.756358 0.654158 0.0758855 -0.990053 0.118472 0.0892336 -0.989697 0.111971 0.0662868 -0.958927 -0.275797 0.0928658 -0.849419 -0.519483 0.0424185 -0.961663 -0.270934 0.164021 -0.65576 -0.736937 0.14335 -0.978442 -0.14867 0.183704 -0.972388 -0.143922 -0.015862 -0.7051 0.70893 -0.00584065 -0.702376 0.711782 0.0637215 -0.969927 -0.234906 -0.0318292 -0.958061 -0.284792 0.158523 -0.970388 -0.182258 0.697473 0.701355 -0.14708 0.585963 0.759395 0.282781 0.813697 0.486439 -0.318236 0.543298 0.77924 0.312429 0.690204 0.463652 0.555558 0.783172 0.256236 0.566555 0.904285 -0.020248 -0.426448 0.916571 -0.0188355 -0.399428 0.878142 -0.401676 -0.259852 0.880928 -0.388335 -0.270483 0.800749 0.0551396 0.596457 0.792274 0.0125884 0.610035 0.805797 -0.124904 0.57887 0.799641 -0.253486 0.544353 0.83858 -0.503914 0.207013 0.81151 -0.54612 0.207857 0.808222 -0.576787 -0.118716 0.846018 -0.515726 -0.135204 0.279548 -0.315067 0.906965 0.307839 -0.310562 0.899325 0.307639 -0.305677 0.901066 0.265296 -0.317218 0.910489 0.222603 -0.332986 0.91628 0.189036 -0.619402 0.761976 0.214271 -0.545732 0.810102 0.218417 -0.296742 0.929644 0.166822 -0.874043 0.45631 0.122265 -0.959608 0.253384 0.104572 -0.954342 -0.279814 0.107728 -0.961403 -0.253179 0.106524 -0.649812 -0.752594 0.0896639 -0.411135 -0.907154 0.102019 -0.131052 -0.986112 0.0895652 -0.0748106 -0.993167 0.0840014 -0.0212688 -0.996239 0.0674268 -0.00879172 -0.997685 -0.00467309 -0.0260219 -0.99965 0.0493256 0.0126769 -0.998702 -0.116189 -0.034895 -0.992614 -0.152374 -0.0293021 -0.987888 -0.0601922 0.0131379 -0.9981 -0.0600942 0.0345209 -0.997596 0.0110259 0.0120378 -0.999867 0.0818752 -0.00680751 -0.996619 0.234318 -0.939569 -0.249611 0.240447 -0.937488 -0.251597 0.228178 -0.941606 -0.247614 -0.969122 0.0766214 -0.234375 0.0216243 -0.961927 -0.272448 0 -0.962889 -0.269897 0.0432383 -0.960509 -0.27487 0.101886 0.929795 0.353696 0.0796593 0.928128 0.363637 -0.630716 0.00353824 -0.776005 -0.304835 0.00658855 -0.952382 -0.302517 0.00060813 -0.953144 -0.766636 -0.0122826 -0.641964 -0.109901 0.00753341 -0.993914 -0.121564 0.0151551 -0.992468 -0.894043 -0.0308983 -0.446913 -0.910379 -0.0126045 -0.413583 -0.940425 0.00787646 -0.339909 -0.960776 -0.0156591 -0.276882 -0.974964 -0.0772947 -0.208497 -0.978364 -0.121896 -0.16717 -0.974638 -0.143986 -0.171315 -0.987447 -0.101741 -0.120816 -0.988295 -0.0817279 -0.128819 -0.99209 -0.0836262 -0.0936125 -0.991723 -0.0859307 -0.0954002 -0.992695 -0.0630667 -0.102856 -0.968522 -0.246307 -0.0360299 -0.964684 -0.257674 -0.0546699 -0.971884 -0.234819 -0.0173723 0.0673638 -0.158864 -0.985 0.992067 -0.10103 0.0748101 0.987 -0.104934 0.12174 0.321238 -0.678928 0.660199 0.562652 -0.813344 0.147965 -0.0686803 -0.227417 0.971373 -0.163226 -0.378596 0.911056 -0.175806 -0.197617 0.964386 -0.070487 -0.340416 0.937629 -0.0931162 0.00108176 0.995655 -0.14931 0.0574444 0.98712 -0.0839062 0.429187 0.89931 -0.16106 0.524435 0.836079 -0.133336 -0.485962 0.863749 -0.199739 -0.551976 0.809585 -0.102524 0.785663 0.6101 -0.37424 -0.66852 0.642671 -0.335277 -0.792394 0.509608 -0.402353 -0.863332 0.304583 -0.700254 -0.529901 0.478381 -0.754147 -0.532411 0.384449 -0.420483 -0.832392 0.360995 -0.47581 -0.314752 0.821301 -0.7923 -0.210566 0.572645 -0.475897 -0.193646 0.857918 -0.802559 -0.134041 0.58132 -0.466218 0.072679 0.881679 -0.787698 0.0756936 0.611394 -0.904445 -0.309294 0.293797 -0.91897 -0.235125 0.316559 -0.746758 -0.530913 0.400605 -0.907324 -0.312243 0.281546 -0.630672 -0.313048 0.710108 -0.594684 -0.516514 0.616087 -0.962861 -0.105009 0.248742 -0.973565 -0.0728065 0.216495 -0.968026 -0.0252726 0.249574 -0.975596 0.0339038 0.216941 -0.989624 -0.0159867 0.142786 -0.983483 0.04707 0.174772 -0.966618 0.0348101 0.253845 -0.973162 0.0827068 0.214744 -0.975472 0.0914399 0.200233 -0.996321 0.0254787 0.0818214 -0.936284 -0.053233 0.347187 -0.997199 -0.0139495 0.0734761 -0.995617 -0.0290467 0.0888975 -0.997003 0.0363277 -0.0682983 -0.996592 0.0684382 -0.0460533 -0.965875 -0.240306 0.0966348 -0.99874 -0.0307532 -0.0396665 -0.969023 -0.219521 0.113159 -0.940809 -0.207135 -0.268278 -0.935042 0.039047 -0.352381 -0.903863 0.0365227 -0.42626 -0.751757 0.0301111 -0.658752 -0.87012 0.0345611 -0.491626 -0.804158 0.0320105 -0.593553 -0.827842 0.0281184 -0.560257 -0.88434 -0.310164 -0.348914 -0.873337 -0.466997 0.13855 -0.966384 -0.237681 0.0980291 -0.959393 -0.265108 0.0963507 -0.949696 -0.0399018 0.310622 -0.98005 0.0930366 0.175629 -0.922792 -0.312247 -0.225737 -0.633136 -0.454967 -0.626214 -0.844585 0.0300066 -0.53458 -0.965609 0.0472842 -0.255661 -0.95767 0.00917481 -0.287723 -0.915181 -0.046388 -0.400366 -0.997271 0.0127971 -0.0727121 -0.994353 -0.0834729 -0.0655279 -0.99636 0.0631652 0.0572446 -0.940694 0.308737 0.140626 -0.896113 0.439606 0.0610609 -0.99261 0.085895 0.085722 -0.669452 0.716486 0.196166 -0.76244 0.597198 0.249077 -0.296426 0.894595 0.334411 -0.273969 0.934378 0.227768 -0.948719 0.263252 0.175016 -0.665153 0.746148 -0.0288696 -0.285776 0.949409 -0.130208 -0.956241 0.228717 0.182461 -0.732389 0.601292 0.31946 -0.207074 0.907086 0.36649 -0.637366 0.676496 0.368942 -0.265466 0.876012 0.402654 -0.642406 0.653189 -0.400822 -0.884928 0.447751 -0.128148 -0.869698 0.374537 -0.321477 -0.297139 0.778058 -0.553474 -0.339103 0.621421 -0.70629 -0.632817 0.445965 -0.632976 -0.643222 0.630126 0.434979 -0.943604 0.193012 0.268995 -0.923482 0.10004 0.37037 -0.250636 0.855275 0.453526 -0.416845 0.516289 -0.748122 -0.601025 0.246355 -0.760315 -0.899545 0.239293 -0.365455 -0.912211 0.00843738 -0.409635 -0.993265 0.0544525 0.102274 -0.958547 -0.250197 0.136341 -0.992183 0.116539 0.0446203 -0.170894 0.619945 -0.765809 -0.154613 0.673246 -0.723073 -0.122499 0.880688 -0.457583 -0.112579 0.988153 -0.104307 -0.0814145 0.977885 0.192646 -0.0727734 0.933574 0.350918 -0.0743299 0.929982 0.360013 -0.100153 0.920814 0.376923 -0.143791 0.910092 0.388661 -0.234703 0.836093 0.495846 -0.31848 0.814504 0.484927 -0.232803 0.79285 0.563198 -0.645181 0.501832 0.576113 -0.414478 0.54942 0.725497 -0.918586 -0.141501 0.369022 -0.953769 0.182894 0.238482 -0.987267 0.102403 0.121724 -0.98183 0.134362 0.134 -0.981737 0.15433 0.111241 -0.9988 0.0478237 0.01057 -0.997698 0.0603453 -0.0309276 -0.0236065 -0.758375 0.651391 -0.0380113 -0.868351 0.494491 -0.068934 -0.949308 0.306696 -0.0659334 -0.742216 -0.66691 -0.127364 -0.741741 -0.658482 0.0601922 0.0131379 -0.9981 0.0600942 0.0345209 -0.997596 0.152374 -0.0293021 -0.987888 0.116189 -0.034895 -0.992614 0.00467309 -0.0260219 -0.99965 -0.0493256 0.0126769 -0.998702 -0.0674268 -0.00879172 -0.997685 -0.0840014 -0.0212688 -0.996239 -0.0895652 -0.0748106 -0.993167 -0.102019 -0.131052 -0.986112 -0.0896639 -0.411135 -0.907154 -0.106524 -0.649812 -0.752594 -0.104572 -0.954342 -0.279814 -0.107728 -0.961403 -0.253179 -0.122265 -0.959608 0.253384 -0.166822 -0.874043 0.45631 -0.189036 -0.619402 0.761976 -0.214271 -0.545732 0.810102 -0.218417 -0.296742 0.929644 -0.0928658 -0.84942 -0.519483 -0.0662869 -0.958927 -0.275797 -0.0424186 -0.961663 -0.270934 -0.164025 -0.65576 -0.736936 -0.143354 -0.978441 -0.148668 -0.183713 -0.972387 -0.143919 0.0158626 -0.7051 0.70893 0.00584067 -0.702376 0.711782 -0.0637215 -0.969927 -0.234906 -0.158523 -0.970388 -0.182258 0.0318292 -0.958061 -0.284792 -0.585964 0.759395 0.282781 -0.697473 0.701355 -0.14708 -0.813697 0.486439 -0.318236 -0.543298 0.77924 0.312429 -0.690204 0.463652 0.555558 -0.783172 0.256236 0.566555 -0.904285 -0.020248 -0.426448 -0.916571 -0.0188355 -0.399428 -0.878142 -0.401676 -0.259852 -0.880928 -0.388335 -0.270483 -0.800749 0.0551396 0.596457 -0.792274 0.0125884 0.610035 -0.805797 -0.124904 0.57887 -0.799641 -0.253486 0.544353 -0.83858 -0.503914 0.207013 -0.81151 -0.54612 0.207857 -0.808223 -0.576787 -0.118716 -0.846018 -0.515726 -0.135204 -0.307639 -0.305677 0.901066 -0.307839 -0.310562 0.899325 -0.279548 -0.315067 0.906965 -0.265296 -0.317218 0.910489 -0.222603 -0.332986 0.91628 -0.240447 -0.937488 -0.251597 -0.234318 -0.939569 -0.249611 -0.228178 -0.941606 -0.247614 0.969122 0.0766214 -0.234375 -0.0216243 -0.961927 -0.272448 -0.0432383 -0.960509 -0.27487 -0.101886 0.929795 0.353696 -0.0796593 0.928128 0.363637 0.304835 0.00658855 -0.952382 0.630716 0.00353824 -0.776005 0.302517 0.000608132 -0.953144 0.766636 -0.0122826 -0.641964 0.109901 0.0075334 -0.993914 0.121564 0.0151551 -0.992468 0.894043 -0.0308983 -0.446913 0.910379 -0.0126045 -0.413583 0.940425 0.00787645 -0.339909 0.960776 -0.0156591 -0.276882 0.974964 -0.0772947 -0.208497 0.978364 -0.121896 -0.16717 0.974638 -0.143986 -0.171315 0.987447 -0.101741 -0.120816 0.988295 -0.0817279 -0.128819 0.99209 -0.0836262 -0.0936125 0.991723 -0.0859307 -0.0954003 0.992695 -0.0630667 -0.102856 0.964684 -0.257674 -0.0546699 0.968522 -0.246307 -0.03603 0.971884 -0.234819 -0.0173723 -0.0673639 -0.158864 -0.985 -0.992067 -0.10103 0.0748101 -0.987 -0.104934 0.12174 -0.980962 -0.0492203 0.187858 -0.980166 -0.0790801 0.181716 -0.928856 -0.0533985 0.366571 -0.876388 -0.396938 0.272734 -0.798722 -0.378717 -0.467564 -0.321238 -0.678928 0.660199 -0.562652 -0.813345 0.147965 0.994035 0.10822 -0.013496 0.821181 0.286259 -0.493678 0.997168 0.0356227 0.0662396 0.746606 0.279616 -0.60365 0.773417 -0.0857918 0.628066 0.786451 0.0717412 0.613472 0.989416 0.137891 -0.0451807 0.0346525 0.978836 0.201689 0.702569 0.217625 -0.677522 0.86882 -0.130839 0.477528 0.605745 -0.216701 0.765581 0.436124 0.231329 -0.869645 0.475442 0.39944 -0.783838 0.469546 0.303256 -0.829194 0.44032 0.0167995 0.897684 0.503697 -0.126014 0.85464 -0.0983901 0.992607 0.0710624 -0.702569 0.217625 -0.677522 -0.989416 0.137891 -0.0451807 -0.786451 0.0717412 0.613472 -0.994035 0.10822 -0.0134959 -0.773417 -0.0857918 0.628066 -0.997168 0.0356227 0.0662396 -0.821181 0.286259 -0.493678 -0.746606 0.279616 -0.60365 -0.86882 -0.130839 0.477528 -0.605745 -0.216701 0.765581 -0.436124 0.231329 -0.869645 -0.475442 0.39944 -0.783838 -0.469546 0.303256 -0.829194 -0.44032 0.0167995 0.897684 -0.503697 -0.126014 0.85464 -0.959177 0.232479 0.161037 -0.366255 -0.128991 0.921531 -0.375213 -0.135968 0.916912 -0.9547 0.223107 0.196905 0.597227 -0.403855 0.692979 0.616476 -0.324245 0.717511 -0.301796 0.0339333 0.952768 0.654512 -0.188462 0.732186 0.653719 -0.12963 0.745551 -0.936255 0.278902 0.213635 -0.942455 0.248335 0.223851 -0.938229 0.25892 0.229537 0.995145 -0.0677056 -0.0714268 0.487277 0.568499 -0.66285 0.479946 0.568773 -0.667944 0.99985 0.00760997 -0.0155613 -0.518622 0.590332 -0.618498 -0.501988 0.569468 -0.650933 0.490753 0.691954 -0.529492 -0.481089 0.639735 -0.59941 -0.483635 0.64222 -0.594686 0.991123 0.102133 0.0851084 0.983099 0.146999 0.109122 -0.486246 0.635617 -0.59963 -0.742885 0.167046 -0.648242 0.223779 0.0698814 -0.972131 0.216148 0.117065 -0.969317 -0.730239 0.190774 -0.656016 0.960604 -0.0443346 -0.274363 0.949953 -0.140519 -0.279006 0.207376 -0.113389 -0.971668 0.919706 -0.272995 -0.282161 0.896452 -0.327128 -0.298933 -0.721078 0.116676 -0.682959 -0.713208 0.12324 -0.690034 -0.712935 0.117049 -0.691392 0.729653 -0.36852 0.57602 -0.240248 -0.560727 0.79238 -0.244463 -0.552054 0.797167 0.724272 -0.442256 0.528999 -0.96399 -0.140062 0.226066 -0.958871 -0.125187 0.254743 -0.238372 -0.700374 0.672796 -0.955585 -0.198609 0.217744 -0.957054 -0.19646 0.213191 -0.957554 -0.191702 0.215269 0.719492 -0.543653 0.432173 0.700903 -0.587479 0.404479 -0.678063 0.173681 -0.714189 0.315358 -0.0206379 -0.948748 0.313375 0.0307715 -0.949131 -0.664731 0.195486 -0.721053 0.977839 -0.135967 -0.1592 0.958834 -0.233741 -0.161251 0.278911 -0.208158 -0.937485 0.918379 -0.360889 -0.162295 0.893072 -0.413203 -0.178004 -0.659188 0.120301 -0.742293 -0.652396 0.122677 -0.747883 -0.652302 0.115306 -0.749137 0.661111 -0.375833 0.64937 -0.348592 -0.506911 0.788369 -0.355289 -0.497912 0.791109 0.657077 -0.451614 0.603568 -0.990876 -0.0611646 0.120098 -0.987549 -0.0424293 0.151483 -0.341651 -0.656426 0.672591 -0.985053 -0.123833 0.119729 -0.98562 -0.122003 0.116912 -0.985921 -0.118248 0.118225 0.654363 -0.556651 0.51181 0.636396 -0.599353 0.485567 -0.970137 0.0612193 0.234705 -0.280472 -0.259233 0.924194 -0.310263 -0.300591 0.901877 -0.9531 0.0956834 0.287133 0.683938 -0.362318 0.633209 0.694744 -0.31237 0.647885 -0.244954 -0.106596 0.963657 0.689694 -0.209199 0.693223 0.679924 -0.120251 0.723356 -0.943057 0.114992 0.312123 -0.939221 0.126941 0.318983 0.991821 0.0206865 -0.125946 0.403331 0.628649 -0.664924 0.358507 0.604934 -0.711004 0.995863 0.0690185 -0.0591081 -0.611281 0.556359 -0.56285 -0.572157 0.591534 -0.568088 0.403821 0.735698 -0.543762 -0.569175 0.615899 -0.544709 -0.56997 0.613099 -0.547031 0.984926 0.172936 -0.00364259 0.965124 0.256612 0.051827 -0.973113 0.189822 0.130452 -0.431574 -0.267034 0.861648 -0.457417 -0.288403 0.841186 -0.968132 0.180213 0.173908 0.533215 -0.501412 0.681372 0.559485 -0.417978 0.715731 -0.365263 -0.104289 0.925044 0.58992 -0.295349 0.751508 0.586725 -0.240387 0.773284 -0.949881 0.236385 0.204568 -0.954376 0.212858 0.209425 -0.949962 0.223984 0.217722 0.999069 -0.0376968 -0.0209619 0.520997 0.630857 -0.574963 0.519561 0.602913 -0.605435 0.998967 0.018673 0.0414403 -0.470222 0.637504 -0.610312 -0.463562 0.632831 -0.62019 0.516773 0.75095 -0.41112 -0.445092 0.710759 -0.544715 -0.447251 0.712097 -0.541189 0.983168 0.0929185 0.15731 0.97306 0.134562 0.187209 -0.448897 0.707075 -0.546384 -0.736674 0.0973086 -0.66921 0.239551 -0.0410386 -0.970016 0.23599 0.00680523 -0.971732 -0.726696 0.1167 -0.676974 0.966954 -0.0791818 -0.242345 0.954949 -0.173398 -0.240844 0.217723 -0.225216 -0.949671 0.924416 -0.301884 -0.233071 0.901849 -0.356485 -0.244105 -0.717707 0.0417844 -0.695091 -0.711747 0.043913 -0.701062 -0.711234 0.0366341 -0.702 0.732216 -0.298005 0.612416 -0.243638 -0.48364 0.840674 -0.251237 -0.475361 0.843156 0.730482 -0.375562 0.570395 -0.968 -0.123935 0.21821 -0.962974 -0.103432 0.248964 -0.234865 -0.636336 0.734789 -0.957476 -0.186011 0.220545 -0.958458 -0.184289 0.217708 -0.958916 -0.180449 0.2189 0.729071 -0.484444 0.483497 0.712414 -0.529421 0.460629 -0.968172 0.181027 0.172837 -0.428501 -0.271573 0.861763 -0.44766 -0.304149 0.840889 -0.958507 0.193969 0.208903 0.510362 -0.509255 0.692957 0.537482 -0.427657 0.726789 -0.370967 -0.123269 0.920428 0.570017 -0.306952 0.762143 0.567442 -0.252581 0.783717 -0.952906 0.200135 0.22785 -0.948541 0.211132 0.235994 0.998579 -0.0285633 -0.0449878 0.521226 0.638482 -0.566272 0.512411 0.637542 -0.575304 0.999407 0.0265325 0.0219312 -0.452801 0.670495 -0.587714 -0.425561 0.695555 -0.57888 0.524098 0.736309 -0.427984 -0.422831 0.71633 -0.555054 0.985342 0.0982557 0.13945 0.975627 0.139415 0.169454 -0.424397 0.711438 -0.560128 -0.36524 0.265778 -0.892167 0.592491 -0.0411309 -0.804526 0.596651 0.00485844 -0.802486 -0.344413 0.249678 -0.905009 0.961535 -0.252061 0.10916 0.93469 -0.341762 0.0977386 0.540042 -0.212156 -0.81446 0.883197 -0.461661 0.0826541 0.858306 -0.509726 0.0590851 -0.355697 0.200865 -0.912761 -0.338709 0.216665 -0.915605 -0.339584 0.202066 -0.918614 0.350631 -0.456465 0.817739 -0.630374 -0.440931 0.638912 -0.637649 -0.431202 0.638333 0.354313 -0.529984 0.770441 -0.986814 0.0551169 -0.152183 -0.990254 0.0726928 -0.118799 -0.607509 -0.585242 0.537051 -0.988412 -0.00754692 -0.151607 -0.987765 -0.00924813 -0.155674 0.372216 -0.632861 0.678927 0.359213 -0.672271 0.647316 -0.988208 -0.00197564 -0.153104 0.440584 0.311994 -0.841751 0.956799 -0.214875 -0.195866 0.966849 -0.174442 -0.186473 0.455986 0.275926 -0.846133 0.570911 -0.487467 0.660634 0.551452 -0.554976 0.622818 0.901664 -0.344443 -0.261461 0.518465 -0.653717 0.551224 0.500655 -0.709165 0.496417 0.464177 0.257008 -0.847636 0.462316 0.243222 -0.852706 -0.441858 -0.490826 0.750901 -0.976814 -0.214022 -0.00545179 -0.979175 -0.202731 -0.010777 -0.433625 -0.553443 0.711104 -0.604877 0.304872 -0.735647 -0.623391 0.271665 -0.733199 -0.935684 -0.343218 -0.0818363 -0.618373 0.243784 -0.747118 -0.401823 -0.658577 0.63625 -0.395523 -0.708786 0.584111 -0.618783 0.250301 -0.744619 -0.665734 0.626538 -0.405276 -0.926627 0.0440091 0.373397 -0.940916 0.0196316 0.33807 -0.680509 0.626485 -0.380032 -0.26667 -0.621445 0.736677 -0.236784 -0.556507 0.796387 -0.858474 0.162142 0.486552 -0.189005 -0.458755 0.868228 -0.182225 -0.406767 0.895173 -0.666663 0.660463 -0.345469 -0.681434 0.643226 -0.349153 -0.67892 0.652186 -0.337224 0.669727 -0.49048 0.55758 0.957708 0.287576 0.00973282 0.957274 0.289174 -0.00243562 0.651609 -0.434276 0.621941 0.305825 0.751392 -0.584705 0.330182 0.727009 -0.602028 0.908759 0.391521 0.144462 0.327442 0.780292 -0.532848 0.324516 0.782668 -0.53115 0.59941 -0.350657 0.719547 0.59132 -0.306482 0.745929 0.324572 0.77864 -0.537004 0.665733 0.626539 -0.405276 0.926627 0.0440101 0.373398 0.680508 0.626487 -0.38003 0.940914 0.0196351 0.338076 0.266669 -0.62144 0.736682 0.236776 -0.55651 0.796388 0.85847 0.162137 0.48656 0.188974 -0.458761 0.868232 0.182194 -0.406781 0.895173 0.681435 0.643225 -0.349152 0.66666 0.660468 -0.345467 0.678922 0.652185 -0.337225 -0.669722 -0.490485 0.557581 -0.957709 0.287574 0.00974005 -0.651599 -0.434277 0.62195 -0.957274 0.289172 -0.00243206 -0.30583 0.751397 -0.584697 -0.330189 0.727011 -0.602022 -0.908758 0.391519 0.144468 -0.327443 0.780289 -0.532852 -0.324512 0.782669 -0.531151 -0.599401 -0.350663 0.719551 -0.591312 -0.306494 0.74593 -0.324568 0.778642 -0.537004 0.36526 0.265753 -0.892166 -0.592476 -0.0411379 -0.804537 0.344429 0.249673 -0.905004 -0.596643 0.0048774 -0.802492 -0.96154 -0.252044 0.10915 -0.934691 -0.341763 0.0977269 -0.540033 -0.212141 -0.81447 -0.883205 -0.46165 0.0826277 -0.858315 -0.509713 0.0590549 0.338714 0.216689 -0.915597 0.35572 0.200871 -0.912751 0.339588 0.20207 -0.918612 -0.350639 -0.456466 0.817735 0.630374 -0.440944 0.638903 -0.354325 -0.529989 0.770432 0.63765 -0.431197 0.638335 0.986812 0.0551062 -0.1522 0.990252 0.0726763 -0.118828 0.607512 -0.585237 0.537054 0.988412 -0.00752395 -0.15161 0.987766 -0.00922181 -0.155669 -0.37222 -0.632859 0.678927 -0.359216 -0.67227 0.647315 0.988208 -0.00197221 -0.153106 -0.440584 0.311989 -0.841754 -0.956798 -0.214879 -0.19587 -0.455978 0.275926 -0.846137 -0.96685 -0.174442 -0.186469 -0.570911 -0.48747 0.660632 -0.551456 -0.554974 0.622817 -0.901664 -0.344438 -0.261465 -0.518473 -0.653712 0.551223 -0.500662 -0.709162 0.496414 -0.464171 0.257014 -0.847638 -0.462308 0.243218 -0.852711 0.441856 -0.490829 0.7509 0.976812 -0.214031 -0.0054582 0.433639 -0.553446 0.711094 0.979175 -0.202732 -0.0107732 0.604879 0.304865 -0.735649 0.623384 0.27167 -0.733204 0.935689 -0.343198 -0.0818534 0.618357 0.243792 -0.747128 0.40188 -0.658553 0.636239 0.395583 -0.708762 0.584098 0.618766 0.250301 -0.744633 0.968172 0.181026 0.172836 0.428503 -0.27159 0.861756 0.958508 0.193967 0.208901 0.447647 -0.304144 0.840898 -0.510368 -0.509266 0.692945 -0.53747 -0.427683 0.726783 0.370973 -0.12328 0.920424 -0.570009 -0.306968 0.762142 -0.567439 -0.252588 0.783717 0.952906 0.200142 0.227845 0.948535 0.211154 0.236 -0.998579 -0.0285641 -0.0449884 -0.521226 0.638474 -0.566281 -0.999407 0.0265262 0.0219391 -0.512413 0.637548 -0.575296 0.452798 0.670502 -0.587708 0.425582 0.695545 -0.578876 -0.52409 0.736317 -0.42798 0.422888 0.716326 -0.555016 -0.985341 0.0982275 0.139478 -0.97563 0.139368 0.16948 0.424454 0.711433 -0.560091 0.736675 0.0973142 -0.669209 -0.239549 -0.0410374 -0.970016 0.726702 0.116696 -0.676969 -0.235995 0.0068241 -0.97173 -0.966954 -0.0791759 -0.242343 -0.954948 -0.1734 -0.240846 -0.217723 -0.22522 -0.94967 -0.924414 -0.301886 -0.233073 -0.90185 -0.356482 -0.244106 0.717706 0.0417836 -0.695091 0.71174 0.0439163 -0.701069 0.711226 0.0366313 -0.702008 -0.732219 -0.298004 0.612412 0.243636 -0.483644 0.840672 -0.730486 -0.375564 0.570388 0.251237 -0.475351 0.843161 0.968001 -0.123935 0.218209 0.962975 -0.103434 0.248958 0.234857 -0.636333 0.734794 0.957474 -0.186003 0.220558 0.958452 -0.184291 0.217732 0.958908 -0.180471 0.218918 -0.729072 -0.484443 0.483497 -0.712415 -0.52942 0.460629 0.973116 0.189809 0.130454 0.431568 -0.267036 0.86165 0.968131 0.180218 0.173907 0.457407 -0.288403 0.841191 -0.533225 -0.50139 0.68138 -0.559485 -0.417992 0.715722 0.365268 -0.104306 0.92504 -0.589916 -0.295369 0.751502 -0.586725 -0.240384 0.773284 0.954374 0.212868 0.209423 0.949882 0.236382 0.204568 0.949963 0.223988 0.217715 -0.99907 -0.0376936 -0.0209349 -0.52102 0.630851 -0.574948 -0.998966 0.0186525 0.0414658 -0.519564 0.602932 -0.605414 0.470199 0.637523 -0.610309 0.463525 0.63284 -0.620208 -0.516791 0.750931 -0.411132 0.445078 0.710752 -0.544735 0.447255 0.712101 -0.54118 -0.983171 0.0928907 0.157311 -0.97306 0.134543 0.187222 0.448904 0.707071 -0.546384 0.67806 0.173665 -0.714195 -0.315355 -0.0206501 -0.948749 0.664742 0.19545 -0.721053 -0.313389 0.0307741 -0.949126 -0.977841 -0.135957 -0.159195 -0.958833 -0.233739 -0.161263 -0.278901 -0.208154 -0.937489 -0.918377 -0.36088 -0.162322 -0.893072 -0.41319 -0.178035 0.659192 0.120305 -0.742289 0.652395 0.122679 -0.747884 0.6523 0.115299 -0.74914 -0.661121 -0.375817 0.649369 0.348585 -0.506916 0.788369 -0.657081 -0.451605 0.60357 0.355271 -0.497917 0.791114 0.990875 -0.0611889 0.120097 0.98755 -0.0424624 0.151467 0.341651 -0.656424 0.672594 0.985054 -0.123829 0.119728 0.98562 -0.121999 0.116912 0.985921 -0.118247 0.118224 -0.654366 -0.556647 0.511809 -0.6364 -0.59935 0.485566 0.970136 0.0612195 0.234708 0.280471 -0.259238 0.924192 0.953099 0.0956789 0.287136 0.310263 -0.30058 0.901881 -0.683937 -0.362314 0.633213 -0.694748 -0.312373 0.647879 0.244949 -0.106604 0.963658 -0.689708 -0.209196 0.693211 -0.679938 -0.120246 0.723343 0.943056 0.114996 0.312122 0.939223 0.126938 0.318979 -0.991821 0.0206838 -0.125945 -0.403332 0.628651 -0.664922 -0.995861 0.0690347 -0.0591167 -0.358508 0.60494 -0.710999 0.611278 0.556364 -0.562848 0.572167 0.591525 -0.568087 -0.403791 0.735705 -0.543774 0.569212 0.615891 -0.54468 0.570008 0.613086 -0.547007 -0.984922 0.172959 -0.0036952 -0.96512 0.256638 0.0517773 0.74289 0.167034 -0.64824 -0.223775 0.069882 -0.972132 0.730242 0.190765 -0.656015 -0.216143 0.11707 -0.969318 -0.960605 -0.0443185 -0.274362 -0.949952 -0.140519 -0.279009 -0.20737 -0.113392 -0.971669 -0.919707 -0.272988 -0.282163 -0.896459 -0.32711 -0.298932 0.721084 0.11667 -0.682954 0.713218 0.123232 -0.690025 0.712945 0.117044 -0.691383 -0.729658 -0.368516 0.576017 0.240246 -0.560727 0.79238 -0.724277 -0.442254 0.528993 0.244459 -0.552046 0.797173 0.96399 -0.140061 0.226066 0.958873 -0.125189 0.254735 0.238362 -0.700368 0.672807 0.955584 -0.198606 0.217749 0.957051 -0.196458 0.213207 0.95755 -0.191706 0.215282 -0.719504 -0.543638 0.43217 -0.700923 -0.587449 0.404487 0.959175 0.232486 0.16104 0.366256 -0.128986 0.921531 0.9547 0.223113 0.196897 0.37521 -0.135958 0.916915 -0.597228 -0.403852 0.692981 -0.616463 -0.324252 0.717519 0.301818 0.0339214 0.952762 -0.654484 -0.188483 0.732205 -0.653699 -0.129633 0.745569 0.942458 0.248338 0.223831 0.936265 0.27888 0.213623 0.93823 0.25893 0.229521 -0.995145 -0.0677079 -0.0714232 -0.487278 0.568502 -0.662846 -0.99985 0.00760599 -0.0155582 -0.47995 0.568774 -0.66794 0.518621 0.590338 -0.618493 0.50199 0.569477 -0.650924 -0.490758 0.691949 -0.529493 0.481091 0.639729 -0.599416 0.483632 0.64221 -0.594699 -0.991123 0.102128 0.0851152 -0.983099 0.146993 0.109133 0.486238 0.63562 -0.599633 0.965211 0.146144 -0.216818 0.9649 0.138051 -0.223403 0.965316 0.135598 -0.22311 0.968962 0.129007 -0.210878 0.960072 0.154572 -0.233173 0.959836 0.184054 -0.211752 0.966948 0.164076 -0.19517 0.975035 0.132795 -0.177967 0.967203 0.177317 -0.181873 0.972775 0.113326 0.202156 0.996286 0.00989413 0.085534 0.963509 -0.187161 0.191365 0.918529 0.186581 0.348556 -0.0382146 -0.00224679 0.999267 -0.0608364 0.148154 0.987091 -0.907963 -0.0753082 0.412228 -0.915415 -0.193045 0.353199 -0.961201 -0.182712 0.206664 -0.963148 -0.169133 0.20914 -0.923749 -0.239946 0.298521 -0.959966 -0.183628 0.211535 -0.965229 -0.146001 0.216835 -0.960023 -0.154292 0.233557 -0.965262 -0.135532 0.223385 -0.964824 -0.13822 0.223631 -0.969059 -0.129059 0.2104 -0.968658 -0.14107 0.204455 -0.906667 -0.300812 0.295748 0.00675531 -0.525486 0.850775 0.0128357 -0.727689 0.685788 -0.965211 0.146143 -0.216817 -0.9649 0.138051 -0.223403 -0.968962 0.129005 -0.210877 -0.965316 0.135598 -0.22311 -0.960072 0.154572 -0.233173 -0.959836 0.184055 -0.211751 -0.966948 0.164076 -0.19517 -0.975035 0.132793 -0.177969 -0.967202 0.177319 -0.181873 -0.972775 0.113327 0.202155 -0.996286 0.00989382 0.0855328 -0.963509 -0.187161 0.191365 -0.918529 0.186581 0.348556 0.0382146 -0.00224679 0.999267 0.0608364 0.148154 0.987091 0.907963 -0.0753082 0.412228 0.915415 -0.193045 0.353199 0.9612 -0.182712 0.206664 0.963148 -0.169133 0.20914 0.923748 -0.239946 0.298521 0.959966 -0.183628 0.211535 0.965229 -0.146001 0.216835 0.960023 -0.154292 0.233557 0.965262 -0.135532 0.223385 0.964824 -0.13822 0.223631 0.969059 -0.129059 0.2104 0.968658 -0.14107 0.204455 0.906667 -0.300812 0.295748 -0.00675531 -0.525486 0.850775 -0.0128357 -0.727689 0.685788 -8.9019e-008 0 1 1.61452e-005 0 1 5.98351e-005 -2.5607e-010 1 5.98369e-005 0 1 5.98332e-005 -5.12139e-010 1 0.000121566 0 1 -0.000121567 0 1 -6.0783e-005 0 1 -1.5194e-005 -2.5607e-010 1 -1.51959e-005 -5.12139e-010 1 -1.51921e-005 0 1 0 0 1 8.90329e-008 0 -1 -1.51955e-005 0 -1 -6.07848e-005 2.56548e-010 -1 -6.07867e-005 0 -1 -6.0783e-005 5.13096e-010 -1 -0.000121566 0 -1 0.000121567 0 -1 6.0783e-005 0 -1 1.5194e-005 2.56504e-010 -1 1.51959e-005 5.13008e-010 -1 1.51921e-005 0 -1 0 0 -1 0.00136281 0 -0.999999 0.00145201 -0.00061384 -0.999999 0.00150611 -0.000743632 -0.999999 0.00148271 -0.000743633 -0.999999 0.0015039 -0.000893274 -0.999998 0.00146296 -0.00105666 -0.999998 0.00150334 -0.00114522 -0.999998 0.00145303 -0.00131591 -0.999998 0.00150971 -0.00139803 -0.999998 0.00144948 -0.00172498 -0.999997 0.00147509 -0.00184739 -0.999997 0.00137344 -0.00221464 -0.999997 0.0278896 -0.978718 0.203307 0.00669695 -0.997068 0.0762314 0.0235083 -0.9749 0.221399 0.0183544 -0.9962 0.0851365 0.0390718 -0.952079 0.303346 0.0366875 -0.961556 0.272146 0.0496043 -0.97441 0.219235 0.0330797 -0.995201 0.0920963 0.0751867 -0.968502 0.237382 0.0605357 -0.992821 0.103158 0.0905135 -0.928857 0.35921 0.0625999 -0.941874 0.330082 0.128923 -0.917909 0.375262 0.106648 -0.970337 0.216962 0.0896884 -0.989925 0.109565 0.136517 -0.959828 0.24514 0.111192 0.609838 0.784688 0.132849 0.0160821 0.991006 0.105751 0.612722 0.783191 0.156011 0.0121391 0.987681 0.15921 0.585464 0.794912 0.224827 -0.0197351 0.974199 0.21686 0.568764 0.793397 0.278248 0.00197877 0.960507 0.281965 0.555217 0.782452 0.353713 -2.51222e-006 0.935354 0.0741556 0.971614 0.224648 0.115728 0.971135 0.208577 0.0599753 0.993477 0.0969901 0.102149 0.989438 0.102851 0.0323939 0.9957 0.0867883 0.0479996 0.978143 0.202316 0.0177061 0.996595 0.0805235 0.0258118 0.982147 0.186335 0.00587412 0.997332 0.072762 0.0210135 0.979262 0.201506 0.413629 -2.46722e-006 0.910445 0.160429 0.958512 0.235622 0.413629 0 0.910445 0.00136281 0 -0.999999 0.00145201 -0.000613831 -0.999999 0.0015039 -0.00089325 -0.999998 0.00146296 -0.00105663 -0.999998 0.00150333 -0.00114521 -0.999998 0.00145302 -0.00131591 -0.999998 0.0278836 -0.978717 0.203312 0.0183479 -0.996201 0.0851253 0.0496046 -0.974411 0.219233 0.0330784 -0.995201 0.0920881 0.0751895 -0.9685 0.237391 0.060537 -0.992818 0.103184 0.0905211 -0.928854 0.359217 0.0625963 -0.941868 0.3301 0.12892 -0.917909 0.375264 0.106647 -0.970335 0.21697 0.0896908 -0.989925 0.109559 0.136505 -0.95983 0.24514 0.111193 0.609845 0.784682 0.105751 0.612723 0.783191 0.159209 0.585467 0.794909 0.224827 -0.0197349 0.974199 0.216861 0.568755 0.793404 0.278248 0.00197912 0.960507 0.281962 0.555213 0.782455 0.353713 -2.51222e-006 0.935354 0.0741553 0.971612 0.224659 0.047997 0.978141 0.202326 0.0177003 0.996594 0.0805431 0.0258073 0.982147 0.186337 0.00587789 0.997331 0.0727779 0.0210178 0.979263 0.201498 0.413629 0 0.910445 0.00145201 -0.000613841 -0.999999 0.00150611 -0.000743636 -0.999999 0.00148272 -0.000743636 -0.999999 0.0015039 -0.000893273 -0.999998 0.00146296 -0.00105666 -0.999998 0.00150334 -0.00114522 -0.999998 0.00145303 -0.00131591 -0.999998 0.00150971 -0.00139802 -0.999998 0.00144948 -0.00172498 -0.999997 0.00147509 -0.00184739 -0.999997 0.00137344 -0.00221464 -0.999997 0.0278894 -0.978717 0.203309 0.0066962 -0.997068 0.0762314 0.023508 -0.9749 0.221399 0.0183547 -0.9962 0.0851355 0.0390719 -0.952079 0.303347 0.036688 -0.961557 0.272145 0.0496049 -0.97441 0.219234 0.0330802 -0.995201 0.0920956 0.0751866 -0.968502 0.237383 0.0605353 -0.992821 0.103158 0.0905138 -0.928857 0.359209 0.0625998 -0.941873 0.330084 0.128924 -0.917908 0.375264 0.106648 -0.970337 0.216962 0.0896893 -0.989926 0.109559 0.136518 -0.959828 0.245139 0.111193 0.609845 0.784682 0.132849 0.0160821 0.991006 0.105751 0.612723 0.783191 0.156011 0.0121389 0.987681 0.159206 0.585467 0.79491 0.224827 -0.0197355 0.974199 0.21686 0.568764 0.793398 0.278248 0.00197873 0.960507 0.281965 0.555217 0.782452 0.353713 -2.51228e-006 0.935354 0.0741561 0.971614 0.224647 0.115728 0.971135 0.208577 0.0599758 0.993477 0.0969901 0.102149 0.989438 0.102851 0.0323938 0.9957 0.0867863 0.0479937 0.978143 0.202321 0.0177007 0.996594 0.0805421 0.0258074 0.982147 0.186337 0.00587745 0.997331 0.0727768 0.0210178 0.979263 0.201497 0.413629 -2.46728e-006 0.910446 0.160428 0.958512 0.235622 -0.176509 0.984298 0.00131047 -0.402499 0.766337 0.500722 -0.408722 0.912659 0.000444231 -0.177777 0.825641 0.535454 -0.0838326 0.348168 0.933676 -0.263596 0.274842 0.924651 0.115574 0.990818 0.0701578 0.164056 0.98645 0.00117772 0.330339 0.941262 0.0700149 0.439824 0.898068 0.00537733 0.132926 0.457749 0.879088 0.23637 0.298207 0.924771 0.360434 0.402955 0.841258 0.481167 0.252358 0.83952 0.566059 0.295905 0.769427 0.545936 0.834767 0.0715493 0.541637 0.840551 0.0101708 0.524401 0.0460014 0.850228 0.221164 0.0559572 0.97363 0.626374 0.137161 0.76736 0.648097 -0.00318559 0.761551 0.671082 -0.105268 0.733872 0.505145 -0.203277 0.838753 0.618099 -0.29887 0.72707 0.201473 -0.283692 0.937511 0.389279 -0.441021 0.808679 0.128104 -0.503792 0.854273 -0.127143 -0.383633 0.914691 -0.155645 -0.515417 0.842686 -0.325373 -0.497651 0.804037 -0.302347 -0.505828 0.807914 -0.108115 0.0233442 0.993864 -0.236269 0.0383544 0.97093 -0.244258 -0.0998884 0.964552 0.999754 -0.000332901 0.0221807 0.999757 0.00255733 0.0218916 0.999669 -0.000257245 0.0257389 0.999815 0.00210509 0.0191208 0.999803 -0.000267079 0.0198503 0.99983 0.00117379 0.0184162 0.999777 -0.00280099 0.0209183 0.999796 -0.0017786 0.0200956 0.999701 -0.00332428 0.0242055 -0.405341 -0.911842 0.0651448 -0.187988 -0.982161 0.00454855 -0.408709 -0.912663 0.0020081 -0.18273 -0.980608 0.0708378 0.109139 -0.991126 0.0758829 0.163135 -0.986544 0.0108823 0.342902 -0.935881 0.0809038 0.458986 -0.888345 0.0132246 0.561156 -0.824277 0.0753043 0.56518 -0.824936 0.00720316 -0.466498 -0.758355 -0.455278 -0.217609 -0.834906 -0.505548 -0.216099 -0.340836 -0.914949 -0.345166 -0.229466 -0.910058 0.106932 -0.508225 -0.85456 -0.172395 -0.0916075 -0.980759 -0.255174 -0.108208 -0.960821 0.248171 -0.000654391 -0.968716 0.0989341 -0.993184 -0.0616262 0.343364 -0.937665 -0.0537165 0.571794 -0.818791 -0.0513121 0.579471 0.042226 -0.813898 0.272811 0.281257 -0.920037 0.609373 0.196448 -0.768162 0.443565 0.372514 -0.815158 0.191217 0.435162 -0.879813 0.0899764 0.441544 -0.892716 0.737539 0.0396053 -0.674142 0.72207 0.131233 -0.679259 0.688065 0.252002 -0.680486 0.111095 0.153378 -0.981903 0.56248 -0.190688 -0.804521 0.236762 -0.300036 -0.924079 0.453187 -0.392019 -0.800589 0.179121 -0.447553 -0.876135 0.0553712 -0.454213 -0.889171 0.715579 -0.269507 -0.644448 0.746987 -0.096615 -0.657781 0.115388 -0.0883159 -0.989387 -0.467484 0.743913 -0.477548 -0.209991 0.337005 -0.917786 -0.211019 0.820635 -0.531063 -0.336882 0.25834 -0.905412 0.105405 0.458531 -0.882405 -0.170919 0.161377 -0.97198 0.111209 0.153537 -0.981865 -0.251843 0.176486 -0.95154 0.11654 0.990906 -0.067263 0.327058 0.942748 -0.0652608 0.541982 0.83846 -0.0569281 -1 -0.000111683 -0.00106541 -0.999999 -7.91246e-006 -0.00099016 -0.999999 -1.00618e-006 -0.00109744 -1 -0.000222401 -0.000976614 -0.999999 9.13179e-005 -0.00097093 -1 1.50978e-005 -0.000921962 -0.999999 3.91377e-005 -0.000970548 -1 6.03984e-005 -0.00100747 -0.999999 0.000124157 -0.00104337 -0.999999 -0.000135006 -0.00096799 -1 0.000134666 -0.00104107 -0.999999 9.27392e-006 -0.000963971 -0.999999 1.99992e-005 -0.000969901 -0.999999 4.19572e-006 -0.001094 -1 -6.73074e-005 -0.000945148 -0.999999 -0.000208432 -0.00104304 -0.999999 -4.42527e-006 -0.000899154 -1 -0.000110099 -0.000954644 -0.999999 0.000207902 -0.000968297 0.999758 -0.00240762 0.0218846 0.999758 0.000523298 0.0219695 0.999668 0.000298513 0.0257735 0.999814 -0.00208483 0.0191752 0.999806 -6.51565e-006 0.0196875 0.99983 -0.00133051 0.0184182 0.999707 0.00379228 0.0239043 0.999788 0.00280023 0.0204182 0.999798 0.000933946 0.0200931 -0.158719 0.986466 0.0411354 -0.281445 0.853263 0.439011 -0.292801 0.956066 -0.0142894 -0.14456 0.787035 0.599732 -0.541564 0.777867 0.318797 -0.474992 0.606709 0.637406 -0.6201 0.784513 0.00388016 -0.18326 0.609282 0.771486 -0.0962892 0.5856 0.804861 -0.724994 0.644898 0.241847 -0.729585 0.683845 0.00784705 -0.140974 0.868681 -0.474889 -0.297599 0.821381 -0.486588 -0.168478 0.630225 -0.757913 -0.0448124 0.594132 -0.803119 -0.475297 0.629045 -0.615138 -0.539675 0.784722 -0.304898 -0.723202 0.652182 -0.227239 0.449423 0.800453 -0.396604 -0.00812776 0.572229 -0.820054 -0.0515393 0.931305 -0.360576 0.262655 0.964889 0.00114073 0.797685 0.603055 0.00486716 0.46439 0.792207 0.395917 0.813301 0.577922 0.0674329 -0.0507779 0.928564 0.367683 -0.02815 0.574725 0.817862 -0.00936466 0.559764 0.828599 -0.0452521 0.998973 0.00242489 0.817807 0.57164 0.0664737 0.832188 0.552739 0.0440833 0.803169 0.589749 -0.0843548 0.811161 0.576139 -0.100411 0.84492 0.532762 -0.0476922 0.829078 0.559102 0.00586215 0.823212 0.565021 0.0554391 0.838007 0.545569 0.00996951 0.808839 0.58636 0.0442969 0.832848 0.551774 -0.0437115 0.829263 0.557368 -0.0407899 0.4505 -0.892774 -0.00228145 0.448545 -0.888881 -0.0932603 0.454825 -0.885872 -0.091461 0.444363 -0.895843 -0.00238784 0.448717 -0.889259 0.0887161 0.454753 -0.886345 0.0871284 0.312279 -0.38268 -0.869504 0.292085 -0.389138 -0.873646 0.332326 -0.376043 -0.864957 0.120592 0.989763 0.0763393 0.119402 0.992846 -0.00082882 0.138183 0.987216 0.079441 0.100553 0.994931 -0.000650591 0.1175 0.990005 -0.0779954 0.137359 0.987167 -0.0814481 0.314117 -0.415334 0.853714 0.280409 -0.425333 0.860501 0.347422 -0.404802 0.845833 -7.9177e-008 1 -1.35104e-008 0.142464 0.94507 -0.294189 0.270472 0.94507 -0.183544 -0.023717 0.94507 -0.326007 -0.183543 0.94507 -0.270472 -0.294188 0.94507 -0.142463 -0.326007 0.94507 0.0237168 -0.270471 0.94507 0.183542 -0.142463 0.94507 0.294188 0.0237171 0.94507 0.326007 0.183543 0.94507 0.270472 0.294189 0.945069 0.142465 0.326008 0.94507 -0.0237172 0.253163 0.897881 -0.360163 0.399328 0.897881 -0.185329 0.0391646 0.897882 -0.438491 -0.185328 0.897882 -0.399326 -0.360162 0.897882 -0.253163 -0.438491 0.897882 -0.039164 -0.399327 0.897882 0.185327 -0.253162 0.897882 0.360162 -0.0391643 0.897882 0.438491 0.185328 0.897882 0.399327 0.360163 0.897881 0.253164 0.438493 0.897881 0.0391651 -0.887133 -0.000293201 -0.461513 -0.998244 -6.6626e-005 -0.0592388 -0.999993 9.20354e-006 0.00380215 -0.83556 -0.000156035 -0.549399 -0.50417 -0.000855687 -0.863604 -0.428424 -0.0120243 -0.903498 -0.281717 0.00400766 -0.959489 -0.929428 -0.0004313 -0.369003 -0.997765 7.54877e-005 0.0668276 -0.581394 -0.000927586 -0.813621 -0.260354 -0.00144734 -0.965512 -0.912975 0.000496361 0.408015 -0.83746 0.000613842 0.546499 -0.526503 0.00104003 0.850173 -0.887195 0.00059935 0.461394 -0.489682 0.00112819 0.8719 -0.0715754 0.00128501 0.997434 0.00477157 0.0010188 0.999988 -0.400633 0.00101886 0.916238 0.082289 0.000252707 0.996608 0.388204 0.0279231 0.92115 0.347161 0.000663463 0.937805 0.400968 0.0834219 0.912286 0.415138 0.106851 0.903462 0.424061 0.000152931 0.905633 0.513602 0.000933523 0.858028 0.513434 0.00103115 0.858128 0.255217 0.110416 0.960559 0.25018 0.115963 0.96123 -0.116674 0.991144 -0.0634135 -0.13747 0.990506 -0.000508534 -0.114802 0.99155 -0.0603999 -0.141834 0.98989 -0.000150711 -0.0760446 0.991226 -0.108115 -0.0561517 0.991045 -0.121146 -0.00261561 0.990883 -0.134698 0.000692715 0.990658 -0.136365 -0.115581 0.991378 0.0617392 -0.114391 0.991717 0.0584146 -0.0726822 0.991905 0.104126 -0.0522317 0.991752 0.117046 0.000926097 0.991261 0.131915 0.000656249 0.991024 0.133679 0.0611834 0.990705 0.121494 0.0517384 0.991946 -0.115613 0.0462853 0.991306 -0.123163 0.0563341 0.990286 0.127123 0.0686644 0.991521 0.110325 0.055572 0.995943 0.0707696 0.0756494 0.993232 -0.088133 0.0582526 0.996998 -0.0510127 0.048723 0.998812 -0.00059419 0.0142272 0.999899 1.89879e-005 0.0561032 0.994204 0.0917086 -0.0475047 0.0569149 -0.997248 0.294279 0.115782 -0.94868 0.385352 0.169806 -0.907012 -0.07055 0.0550167 -0.99599 0.460141 0.179683 -0.869474 0.469779 0.215087 -0.856181 0.287509 0.00244791 -0.957775 -0.0744051 0.00509539 -0.997215 -0.0779177 0.011285 -0.996896 0.368795 0.000883885 -0.92951 -0.349212 0.0049606 -0.937031 -0.335342 -0.000627346 -0.942096 0.449501 0.00201752 -0.893278 0.455081 0.00639673 -0.890427 0.242904 -0.0012586 0.97005 0.251014 -0.00366929 0.967977 0.234775 0.00115219 0.972049 -0.596832 0.800204 -0.0588699 -0.388251 0.919466 -0.0619906 -0.593969 0.804486 -0.00193195 -0.386822 0.922153 -0.00178844 -0.388323 0.919675 0.0583296 -0.137706 0.990472 -0.00166556 -0.111655 0.991767 0.0626969 -0.598053 0.799564 0.0550477 -0.112465 0.991444 -0.0662527 -0.0873404 0.996177 -0.00180555 -0.0854796 0.994299 0.0637466 -0.076931 0.994708 0.0680939 -0.0691754 0.997603 -0.00187998 -0.054384 0.995824 0.073332 -0.0517697 0.998657 -0.0020837 -0.0468358 0.995909 0.0772758 -0.0489148 0.998801 -0.00202705 -0.0466861 0.995588 -0.0813923 -0.0540014 0.995544 -0.077297 -0.0765791 0.994483 -0.0716826 -0.0857805 0.994025 -0.0674935 0.00118681 0.353412 -0.935467 0.010748 1.4707e-006 -0.999942 0.00324665 0.404947 -0.914334 -0.00294757 1.53596e-006 -0.999996 -0.00107788 0.502137 -0.864787 -0.00354725 0.497313 -0.867564 -0.0205974 0.345464 -0.938206 -0.0244674 1.44498e-006 -0.999701 -0.0172054 0.495844 -0.868241 -0.0489277 0.344339 -0.93757 -0.0548868 8.94564e-007 -0.998492 -0.0504459 0.499235 -0.864997 0.00118562 -0.353412 -0.935467 0.00324697 -0.404946 -0.914335 -0.00108025 -0.502137 -0.864787 -0.0035472 -0.497313 -0.867564 -0.0201734 -0.344673 -0.938506 -0.0164186 -0.495856 -0.868249 -0.0488368 -0.341847 -0.938486 -0.0495304 -0.496312 -0.86673 -0.104513 0.517702 -0.849153 -0.130288 0.33443 -0.933371 -0.323875 0.478665 -0.816079 -0.49547 0.210744 -0.842672 -0.166963 2.93756e-007 -0.985963 -0.507565 1.04507e-006 -0.861614 -0.631514 0.293017 -0.717866 -0.679339 0.093026 -0.727904 -0.712697 4.3879e-007 -0.701472 -0.495468 -0.210748 -0.842673 -0.13103 -0.332589 -0.933925 -0.325361 -0.476751 -0.816608 -0.105992 -0.512922 -0.851867 -0.631512 -0.293023 -0.717865 -0.679339 -0.093026 -0.727904 0.00019732 0.414915 0.90986 -0.00705246 0.50829 0.861157 -0.00606094 0.503866 0.86376 -0.00355584 0.367011 0.93021 0.00718854 0.215588 0.976458 -0.00245492 0.212854 0.977081 -0.0229739 0.508545 0.860729 -0.0230595 0.364009 0.93111 -0.0236638 0.206238 0.978216 -0.0518743 0.506902 0.860442 -0.0528661 0.360465 0.931273 -0.0597584 0.191332 0.979705 -0.117785 0.350356 0.929181 -0.149899 0.157509 0.976074 -0.504911 0.207822 0.83778 -0.313186 0.483635 0.81732 -0.102176 0.508794 0.854803 -0.663752 0.249628 0.705067 -0.71381 0.0424021 0.699054 -0.520182 0.106351 0.847408 -0.743635 0.0400881 0.667383 0.743381 -0.131169 0.65588 0.753857 -0.19919 0.626118 0.769939 -0.256758 0.584183 0.750323 -0.128033 0.648554 0.820159 -0.481885 0.308424 0.828042 -0.473791 0.299781 0.799749 -0.600331 0.00185373 0.797782 -0.602946 0.000603085 0.858623 -0.443643 -0.2568 0.864675 -0.435079 -0.251084 0.850514 -0.217711 -0.478778 0.847544 -0.168316 -0.503327 0.844043 -0.113999 -0.52402 0.851719 -0.108818 -0.512575 1 0.000124526 0.0010078 0.999999 1.37803e-005 0.000982454 0.999999 5.17553e-005 0.000956974 0.999999 7.62936e-006 0.00108073 0.999999 2.96495e-010 0.000968139 0.999999 2.18279e-011 0.00100698 0.999999 -1.94756e-005 0.000958519 1 9.60426e-010 0.00100623 0.999999 -9.52246e-005 0.00100988 0.999999 -5.17539e-005 0.000956975 1 -1.37795e-005 0.000982455 1 -0.000124524 0.00100781 0.999999 -7.62948e-006 0.00108073 0.999999 1.94764e-005 0.000958519 0.999999 9.52246e-005 0.00100988 -0.158716 -0.986467 0.0411431 -0.281441 -0.853263 0.439015 -0.144549 -0.787032 0.599739 -0.292803 -0.956066 -0.0142937 -0.54157 -0.777863 0.318796 -0.474996 -0.606708 0.637405 -0.620101 -0.784512 0.00387565 -0.183255 -0.609283 0.771487 -0.0962801 -0.5856 0.804862 -0.725001 -0.644887 0.241857 -0.729585 -0.683845 0.00786742 -0.140976 -0.868679 -0.474892 -0.297603 -0.821379 -0.486588 -0.168476 -0.630218 -0.757919 -0.0448159 -0.594132 -0.803118 -0.475295 -0.629051 -0.615134 -0.539673 -0.784721 -0.304903 -0.723193 -0.652189 -0.227246 0.449422 -0.800454 -0.396603 -0.0515403 -0.931305 -0.360575 -0.00812776 -0.572229 -0.820054 0.262652 -0.96489 0.00114577 0.797684 -0.603055 0.00486759 0.464385 -0.792206 0.395924 0.813295 -0.577928 0.0674544 -0.0507867 -0.92856 0.36769 -0.0281543 -0.57472 0.817866 -0.00936415 -0.559755 0.828605 -0.0452521 -0.998973 0.00243654 0.817799 -0.571649 0.0665065 0.832175 -0.552755 0.0441236 0.80317 -0.589748 -0.0843528 0.811162 -0.576137 -0.100409 0.844923 -0.532758 -0.0476876 0.823195 -0.565045 0.0554407 0.829062 -0.559126 0.0058619 0.837992 -0.545591 0.00996953 0.80882 -0.586386 0.0442976 0.832833 -0.551796 -0.0437135 0.829248 -0.557391 -0.0407916 0.450602 0.892722 -0.00228034 0.448647 0.88883 -0.0932529 0.444462 0.895795 -0.00238676 0.454931 0.885818 -0.0914523 0.44882 0.889208 0.0887109 0.45486 0.886291 0.087122 0.3123 0.382673 -0.8695 0.332373 0.376028 -0.864946 0.292081 0.38914 -0.873647 0.119399 -0.992846 -0.00082933 0.120591 -0.989763 0.0763392 0.138192 -0.987214 0.0794426 0.100542 -0.994932 -0.000651547 0.117495 -0.990006 -0.0779963 0.137358 -0.987167 -0.0814499 0.314143 0.415324 0.853709 0.28041 0.425331 0.860502 0.347472 0.404784 0.845821 0.142464 -0.945069 -0.29419 -8.04339e-008 -1 -9.11165e-009 0.270473 -0.945069 -0.183544 -0.023717 -0.94507 -0.326008 -0.183543 -0.94507 -0.270473 -0.29419 -0.94507 -0.142464 -0.326008 -0.945069 0.0237168 -0.270472 -0.94507 0.183543 -0.142464 -0.94507 0.294189 0.0237171 -0.94507 0.326008 0.183544 -0.945069 0.270473 0.29419 -0.945069 0.142465 0.326009 -0.945069 -0.0237172 0.253163 -0.897881 -0.360163 0.399328 -0.897881 -0.185329 0.0391646 -0.897882 -0.438491 -0.185328 -0.897882 -0.399326 -0.360162 -0.897882 -0.253163 -0.438491 -0.897882 -0.039164 -0.399327 -0.897882 0.185327 -0.253162 -0.897882 0.360162 -0.0391643 -0.897882 0.438491 0.185328 -0.897882 0.399327 0.360163 -0.897881 0.253164 0.438493 -0.897881 0.0391651 -0.887133 0.000293206 -0.461513 -0.998244 6.66423e-005 -0.0592388 -0.83556 0.000156019 -0.549399 -0.999993 -9.20017e-006 0.00380214 -0.50417 0.000855669 -0.863604 -0.428424 0.0120243 -0.903498 -0.281717 -0.0040077 -0.959489 -0.929428 0.000431289 -0.369003 -0.997765 -7.5488e-005 0.0668276 -0.581394 0.000927567 -0.813621 -0.260354 0.00144731 -0.965512 -0.912975 -0.000496355 0.408015 -0.83746 -0.000613825 0.546499 -0.526503 -0.00104002 0.850173 -0.887195 -0.000599349 0.461394 -0.489682 -0.00112819 0.8719 -0.0715754 -0.00128501 0.997434 0.00477158 -0.00101879 0.999988 -0.400633 -0.00101884 0.916238 0.082289 -0.0002527 0.996608 0.388204 -0.0279229 0.92115 0.347161 -0.000663465 0.937805 0.400969 -0.0834239 0.912285 0.415142 -0.10685 0.90346 0.424061 -0.00015293 0.905633 0.513602 -0.000933512 0.858028 0.513434 -0.00103115 0.858128 0.25522 -0.110421 0.960557 0.250179 -0.115972 0.961229 -0.137494 -0.990502 -0.00050147 -0.116683 -0.991143 -0.0634088 -0.114805 -0.991551 -0.0603875 -0.141865 -0.989886 -0.000150741 -0.0760421 -0.991226 -0.108113 -0.05615 -0.991046 -0.121144 -0.00261567 -0.990883 -0.134697 0.00069272 -0.990658 -0.136365 -0.115603 -0.991375 0.0617429 -0.11442 -0.991713 0.058418 -0.0726926 -0.991904 0.104126 -0.0522317 -0.991752 0.117046 0.000925192 -0.991261 0.131914 0.000656256 -0.991024 0.133679 0.0611814 -0.990705 0.121492 0.0517367 -0.991946 -0.115611 0.0462829 -0.991307 -0.123161 0.0563312 -0.990286 0.12712 0.0686854 -0.991521 0.110316 0.0555911 -0.995943 0.0707683 0.0756469 -0.993232 -0.0881315 0.0582487 -0.996998 -0.0510115 0.0487234 -0.998812 -0.00058912 0.0142214 -0.999899 1.89803e-005 0.0561454 -0.994202 0.091708 -0.0475048 -0.0569149 -0.997248 0.294279 -0.115782 -0.94868 -0.0705501 -0.0550167 -0.99599 0.385352 -0.169806 -0.907012 0.460141 -0.179683 -0.869474 0.469779 -0.215087 -0.856181 0.287509 -0.00244786 -0.957775 -0.0744051 -0.00509529 -0.997215 0.368795 -0.000883871 -0.92951 -0.0779178 -0.0112848 -0.996896 -0.349212 -0.0049605 -0.937031 -0.335342 0.000627334 -0.942096 0.449501 -0.00201748 -0.893278 0.455081 -0.0063966 -0.890427 0.242904 0.00125858 0.97005 0.251014 0.00366923 0.967977 0.234775 -0.00115217 0.972049 -0.392395 -0.91775 -0.0613347 -0.596814 -0.800217 -0.0588709 -0.593962 -0.804491 -0.00171138 -0.39136 -0.920237 -0.00128339 -0.144228 -0.989544 -0.000760648 -0.393254 -0.917552 0.0587336 -0.11515 -0.991289 0.0639208 -0.598073 -0.799548 0.055063 -0.115492 -0.991182 -0.0649633 -0.0849476 -0.996385 -0.000278824 -0.0833732 -0.994338 -0.0658865 -0.0734372 -0.994842 -0.0699723 -0.0676079 -0.997712 -0.000682816 -0.0546982 -0.995553 -0.0767029 -0.051788 -0.998656 -0.00207303 -0.0466861 -0.995588 -0.0813923 -0.0489148 -0.998801 -0.00201933 -0.0468356 -0.995908 0.077291 -0.0537368 -0.995814 0.0739406 -0.0737273 -0.99483 0.0698356 -0.0831092 -0.994395 0.0653579 0.000193963 -0.414918 0.909859 -0.00705486 -0.508293 0.861155 -0.00355727 -0.367011 0.93021 -0.00606146 -0.503875 0.863755 0.00718717 -0.215587 0.976458 -0.00245483 -0.212854 0.977081 -0.0221565 -0.508555 0.860745 -0.0226123 -0.363174 0.931447 -0.0236632 -0.206237 0.978216 -0.0509041 -0.503815 0.86231 -0.0527486 -0.357883 0.932275 -0.0597583 -0.191329 0.979705 -0.103558 -0.503859 0.857556 -0.118493 -0.348505 0.929787 -0.314645 -0.481703 0.8179 -0.504913 -0.207821 0.837779 -0.663755 -0.24963 0.705063 -0.71381 -0.0424054 0.699054 -0.149899 -0.157506 0.976075 -0.520182 -0.106349 0.847408 -0.743635 -0.0400873 0.667383 0.753856 0.199188 0.626118 0.743381 0.131168 0.655881 0.769939 0.256757 0.584183 0.750323 0.128031 0.648554 0.82017 0.48187 0.308419 0.828044 0.473787 0.29978 0.799761 0.600316 0.00185065 0.797819 0.602897 0.000603357 0.858625 0.443641 -0.256799 0.864656 0.435108 -0.251098 0.850516 0.21771 -0.478775 0.84755 0.16831 -0.50332 0.844045 0.113997 -0.524016 0.851719 0.108818 -0.512575 -0.636589 -0.000281501 -0.771203 -0.67721 -0.000421023 -0.73579 -0.677389 -0.000842046 -0.735624 -0.593927 0 -0.804519 -0.445079 0 -0.895491 -0.332164 0 -0.943222 -0.106819 0 -0.994278 0.00508439 0 -0.999987 0.247766 0 -0.96882 0.377837 0 -0.925872 0.644124 0 -0.764921 0.773083 0 -0.634305 0.910186 0 -0.4142 0.94131 0 -0.337543 0.965845 0 -0.259118 -0.331637 0.872585 -0.358626 0.0559969 0.994531 0.0881636 0.0130796 0.999815 0.0140699 -0.282478 0.876779 -0.389185 0.361652 0.850785 0.381277 0.316437 0.849337 0.422486 -0.0211726 0.999227 0.0331151 -0.160011 0.882107 -0.44304 -0.0288926 0.999483 0.0141298 0.0637416 0.864594 0.498411 0.219272 0.856495 0.467265 0.000541375 0.874724 -0.484622 -0.119929 0.873002 0.472742 -0.0363029 0.999255 -0.0130679 0.182243 0.874955 -0.4486 -0.335379 0.879902 0.336592 0.130961 0.983009 -0.128618 0.0145681 0.999618 0.0234701 -0.46871 0.866789 0.170255 0.452399 0.86733 -0.207542 0.340036 0.878607 -0.335299 0.487443 0.86364 -0.128551 -0.18641 0.981386 0.0461792 -0.485927 0.86568 0.120304 0.632684 0 0.77441 0.695293 0 0.718726 0.565141 0 0.824994 0.412123 0 0.911128 0.325919 0 0.945398 0.123693 0 0.99232 0.00644933 0 0.999979 -0.249171 0 0.96846 -0.386765 0 0.922178 -0.642576 0 0.766222 -0.75813 0 0.652103 -0.900786 0 0.434263 -0.940938 0 0.338579 -0.970694 0 0.24032 0.361775 -0.85073 0.381284 0.0559716 -0.99453 0.0881926 0.0131016 -0.999815 0.0140843 0.316437 -0.849337 0.422486 -0.331844 -0.872536 -0.358554 -0.282546 -0.876776 -0.389142 -0.0211726 -0.999227 0.0331151 -0.160011 -0.882107 -0.44304 -0.0288926 -0.999483 0.0141298 0.000541372 -0.874724 -0.484622 0.0637416 -0.864594 0.498411 0.219272 -0.856495 0.467265 -0.0363029 -0.999255 -0.0130679 0.182243 -0.874955 -0.4486 -0.119929 -0.873002 0.472742 0.130961 -0.983009 -0.128618 0.340036 -0.878607 -0.335299 0.452399 -0.86733 -0.207542 0.014568 -0.999618 0.0234701 -0.335379 -0.879902 0.336592 -0.46871 -0.866789 0.170255 0.487443 -0.86364 -0.128551 -0.18641 -0.981386 0.0461792 -0.485927 -0.86568 0.120304 0.0596027 -0.76267 0.644036 0.0349785 -0.890963 0.452727 0.0464561 -0.850643 0.523688 0.0117191 -0.962144 0.27229 0.0223325 -0.936935 -0.348789 0.0286913 -0.911807 -0.409616 0.0616448 -0.751978 -0.656299 0.050367 -0.830713 -0.554418 0.117052 -0.00177462 -0.993124 0.116931 -0.00220509 -0.993138 0.117172 -0.00134416 -0.993111 0.029585 0.903155 0.428293 0.0758361 0.625017 0.776919 0.0646738 0.733635 0.676459 0.0365304 0.867538 0.496028 0.0165524 0.943469 -0.331046 0.0492026 0.814488 -0.57809 0.0783597 0.608261 -0.78986 0.0674276 0.717779 -0.692998 0.116729 0.00290859 0.99316 0.117159 0.00445578 0.993103 0.116298 0.00136138 0.993213 -0.122243 -0.00164062 -0.992499 -0.122239 -0.00148961 -0.9925 -0.122248 -0.00179163 -0.992498 -0.0794526 0.865333 -0.49486 -0.0212194 0.999773 0.00205664 -0.0794791 0.865241 -0.495017 -0.0211722 0.999772 0.00262182 0.042709 0.865882 0.498421 0.0426457 0.866358 0.4976 0.122073 0.00181815 0.992519 0.122173 0.00541069 0.992494 0.12197 -0.00177442 0.992532 0.079563 -0.865348 0.494817 0.0212133 -0.999773 -0.00209981 0.0213589 -0.999771 -0.00158759 0.0792812 -0.866322 0.493154 -0.04283 -0.865859 -0.498452 -0.0427703 -0.866306 -0.49768 -0.123319 -1.30223e-006 -0.992367 -0.123266 -0.00219623 -0.992371 -0.123371 0.00219362 -0.992358 -0.0389945 0.865353 -0.499644 0.0273727 0.999623 0.00238159 0.0261729 0.999647 -0.00449131 -0.0389162 0.865915 -0.498676 0.0862317 0.859509 0.503794 0.08806 0.852854 0.51467 0.123357 0.00185548 0.992361 0.123405 -0.000263846 0.992356 0.123309 0.0039748 0.99236 0.0366425 -0.872125 0.48791 -0.0274203 -0.99962 -0.00270571 0.0375825 -0.865553 0.499404 -0.027958 -0.999561 -0.00985587 -0.08432 -0.866177 -0.492572 -0.0841592 -0.866736 -0.491617 0.494838 -0.13167 -0.858952 0.498844 0.00872227 -0.866648 0.498031 0.0104872 -0.867096 0.481072 -0.27321 -0.833022 0.391615 -0.622864 -0.677258 0.345567 -0.724133 -0.596837 0.181 -0.932681 -0.312002 0.991544 -0.129755 0.00197824 0.99993 0.011576 0.00238014 0.999957 0.00835389 0.00408097 0.962772 -0.270311 0.000948276 0.782805 -0.622266 0.00118665 0.690486 -0.723345 0.0012264 0.361605 -0.932331 0.00121376 0.493373 -0.12567 0.860692 0.496717 0.0169908 0.867747 0.494879 0.0128614 0.868866 0.480661 -0.267039 0.835257 0.390941 -0.620968 0.679385 0.345147 -0.722153 0.599474 0.18063 -0.931993 0.314265 -0.494692 -0.138247 0.858002 -0.499677 -0.000958351 0.866211 -0.500066 -0.00182531 0.865985 -0.480124 -0.275732 0.832738 -0.390856 -0.622687 0.677859 -0.344932 -0.723715 0.59771 -0.180866 -0.93203 0.314018 -0.98933 -0.145658 0.0029978 -0.999959 -0.00869163 0.00247159 -0.999936 -0.0112109 0.00114922 -0.959154 -0.282869 0.0029942 -0.778693 -0.627401 0.00223681 -0.686234 -0.72738 0.00129067 -0.361026 -0.932555 0.00125548 -0.491049 -0.13845 -0.86006 -0.495504 0.00157948 -0.868604 -0.494671 -0.000249841 -0.86908 -0.477721 -0.276927 -0.833723 -0.388665 -0.625101 -0.676896 -0.343732 -0.724853 -0.597024 -0.180072 -0.932778 -0.312248 -0.0875078 -0.00108455 -0.996163 -0.495286 -0.00646007 -0.868706 0.0885283 0.000122972 -0.996074 -0.493953 -0.00612598 -0.869467 0.419454 0.00104045 -0.907776 0.574445 0.00046269 -0.818543 0.706592 0.000492912 -0.707621 0.707106 0 -0.707107 -0.864049 -0.0141704 -0.503209 -0.86513 -0.0140825 -0.50135 -0.999793 -0.0202449 0.00202014 -0.999809 -0.0195092 -0.00130777 -0.867749 -0.0263169 0.496306 -0.863098 -0.0226984 0.504527 -0.581661 -0.0293646 0.812901 -0.421662 -0.0264887 0.906366 0.00432671 -0.00435825 0.999981 0.009327 0.000414467 0.999956 0.493626 0.0150425 0.869544 0.49845 0.0180803 0.86673 0.698519 0.0187596 0.715345 0.691643 0.0119332 0.722141 0.966427 0.001322 -0.256937 0.99615 0.00181625 -0.0876482 0.995244 0.00751761 0.0971234 0.965926 0 -0.258819 0.963172 0.00960538 0.268714 0.960274 0.016568 0.278568 0 -1 -0 -0.036029 0.99901 0.0260969 -0.359484 0.89704 -0.257079 -0.183619 0.896798 -0.402538 -0.0208396 0.998964 0.0404565 -0.442717 0.895732 -0.0408172 -0.00101161 0.998952 0.045752 -0.408773 0.893442 0.186185 0.020387 0.999032 0.0389715 -0.25838 0.896492 0.35992 0.0391206 0.998998 0.0217573 -0.0389213 0.897632 0.439024 0.0429325 0.999067 -0.00458773 0.180589 0.898091 0.401024 0.0318516 0.999026 -0.0305363 0.350059 0.900277 0.258766 0.0127667 0.998931 -0.0444329 0.431338 0.901 0.0463224 -0.00740389 0.99889 -0.04651 0.398434 0.898801 -0.182776 -0.0267564 0.998958 -0.0369749 0.252763 0.897502 -0.361388 -0.0410319 0.999003 -0.0175915 0.0389751 0.89687 -0.440573 -0.0438454 0.999023 0.00547944 -0.258025 0.888107 -0.380381 -0.40814 0.89011 -0.202793 -0.039894 0.890867 -0.45251 0.187718 0.895805 -0.402859 0.367221 0.895529 -0.251348 0.445754 0.894445 -0.035655 0.404281 0.893995 0.193212 0.255394 0.892555 0.371643 0.039288 0.89166 0.450997 -0.188681 0.8923 0.410123 -0.368485 0.893332 0.257248 -0.44928 0.892825 0.031802 -0.000884179 1 0.000363276 -0.144721 0.985729 -0.0859858 -0.0832223 0.985616 -0.147091 -0.167395 0.985888 -0.0017337 -0.14526 0.985979 0.0821248 -0.0840879 0.98598 0.144126 -0.000305739 0.985764 0.168135 0.0824615 0.98564 0.147359 0.142559 0.985927 0.0873241 0.164666 0.986343 0.00353105 0.142593 0.986436 -0.0813092 0.0823429 0.98614 -0.144043 -9.69656e-005 0.985763 -0.168142 -0.0932221 0.290785 0.952236 -0.0981752 0.00283148 0.995165 -0.0886779 0.00213522 0.996058 -0.102319 0.27236 0.95674 -0.0948043 -0.285372 0.953716 -0.104856 -0.265581 0.958369 -0.0929881 -0.0913344 -0.991469 -0.0924148 -0.283666 -0.95446 -0.0928732 0.104484 -0.990181 -0.0999906 -0.297026 -0.949619 -0.09202 0.286386 -0.953685 -0.100789 0.268648 -0.957951 -0.846545 0.0283027 -0.531564 -0.939101 0.0312586 -0.342216 -0.829614 -0.198662 -0.521798 -0.81955 0.253775 -0.513748 -0.719126 0.0241787 -0.694459 -0.102124 0.987633 -0.11896 -0.425083 0.875721 -0.228948 -0.106103 0.980341 -0.166355 -0.502058 0.85818 -0.107072 -0.931214 0.351536 -0.0962453 -0.0977971 0.995206 -0.00058532 -0.756417 0.654059 0.00630468 -0.507478 0.858482 0.0739911 -0.103073 0.991613 0.0779733 -0.93416 0.347864 0.0795963 -0.933793 0.357695 0.00924128 -0.435293 0.887237 0.152744 -0.104608 0.987555 0.117436 -0.108218 -0.994123 0.00296727 -0.500642 -0.864056 -0.0525838 -0.737517 -0.675268 0.00906586 -0.108756 -0.98831 -0.106847 -0.49965 -0.86289 0.0759662 -0.917265 -0.389809 0.0816981 -0.916409 -0.400126 0.00967118 -0.432189 -0.888857 0.152138 -0.115328 -0.99007 0.0803816 -0.117214 -0.985978 0.11878 -0.432116 -0.890384 -0.143153 -0.920023 -0.390494 -0.0327324 -0.108321 -0.980574 -0.163526 -0.838909 -0.261381 0.477401 -0.870845 -0.0170304 0.491262 -0.73947 -0.0141997 0.67304 -0.849699 0.228517 0.475175 -0.959355 -0.0190266 0.281559 0.323342 0.439386 -0.838087 -0.171107 -0.846635 -0.503917 0.851321 -0.496533 -0.169435 -0.0117716 0.991606 -0.128756 0.626154 0.447099 0.638775 0.243464 0.610486 0.753679 0.2801 -0.30046 0.911739 0.507571 -0.617168 0.601229 -0.031687 0.997174 -0.0681117 0.335791 0.521461 -0.784425 0.25807 0.672587 -0.693561 0.00324818 0.998497 -0.0547169 0.437384 -0.0368054 -0.898521 0.415228 -0.494961 -0.763283 0.185224 -0.948426 -0.257255 -0.0323503 -0.979531 0.198676 -0.101648 -0.976503 0.190023 -0.177258 -0.963765 0.199342 -0.231009 -0.955661 0.18261 -0.294589 -0.937114 0.187175 0.0193594 0.999082 -0.0382257 0.0368951 0.999076 -0.0220257 -0.0363346 0.991297 -0.126533 -0.983232 0.0877644 -0.159852 -0.0967223 0.966014 -0.239713 -0.332361 -0.927713 0.169953 -0.852633 0.0777812 -0.516689 -0.879704 0.0791104 -0.468895 -0.816298 0.0542739 -0.575075 -0.877687 0.0645578 -0.474866 -0.723671 -0.302177 -0.620476 -0.538004 0.19019 -0.821206 -0.441267 -0.48199 -0.756947 -0.27737 -0.94592 0.168227 -0.368496 0.182791 -0.911481 -0.102233 0.96593 -0.237758 0.00354173 0.258619 0.965973 0.275132 0.26387 0.924486 0.260479 -0.0298873 0.965017 0.524171 0.0355157 0.850872 0.60625 -0.184122 0.773667 0.567508 0.283047 0.773188 0.254584 0.488295 0.834719 0.815611 -0.0470532 0.576684 0.776964 -0.250829 0.577418 0.84711 -0.207124 0.489392 0.878246 -0.0643145 0.473864 0.877451 0.0717825 0.474264 0.811124 0.128172 0.570657 0.0395278 0.995821 -0.0823328 0.306544 0.636035 -0.70816 0.366007 0.353242 -0.860964 0.0407267 0.995227 -0.0886893 0.407203 -0.41995 -0.811065 0.182361 -0.955162 -0.233261 -0.0292131 -0.971169 0.236596 -0.0425015 -0.972978 0.226954 0.412039 -0.105574 -0.905029 -0.11448 -0.940267 0.320612 -0.142805 -0.925877 0.349798 -0.326673 -0.846175 0.421036 0.0865115 0.993907 -0.0682946 0.106761 0.992905 -0.0523682 0.0655781 0.978183 -0.197124 -0.914826 0.322864 0.242593 0.0157057 0.94289 -0.332733 -0.398723 -0.807714 0.434302 -0.850993 0.00199452 -0.525172 -0.864669 0.0075748 -0.502284 -0.836799 -0.00362664 -0.547499 -0.865279 0.0109523 -0.501171 -0.73466 -0.0256808 -0.677949 -0.62704 -0.0594342 -0.776717 -0.575283 -0.386601 -0.720825 -0.404782 0.299401 -0.864008 0.0385231 0.262966 0.964036 0.00516184 0.943929 -0.33011 -0.247019 -0.875461 0.415392 0.385061 0.232334 0.893168 0.265317 -0.23504 0.935074 0.576791 0.00864998 0.816846 0.612395 -0.240521 0.753075 0.63485 0.433903 0.639291 0.40982 0.535189 0.738662 0.828437 0.0581751 0.557053 0.781941 -0.200136 0.590351 0.837425 -0.180515 0.515881 0.870628 0.0191958 0.491568 0.843913 0.271948 0.462445 0.794419 0.359052 0.489879 -0.530942 -0.0936772 -0.842215 -0.384955 -0.111769 -0.916142 -0.667448 -0.0497562 -0.742992 -0.387774 -0.134446 -0.911897 -0.781817 -0.0279947 -0.622879 -0.78419 -0.00619516 -0.620489 0.394819 0.109352 0.912228 0.537594 0.0883133 0.838566 0.670312 0.0466526 0.740611 0.397368 0.128416 0.90863 0.781997 0.0229437 0.622859 0.783609 0.00668719 0.621219 -0.345582 0.931921 0.109982 0.384029 0.920542 -0.071579 0.369455 0.924864 -0.090167 -0.341732 0.932245 0.118903 -0.938487 -0.105304 0.328867 -0.746912 -0.589512 0.307567 -0.325012 -0.928863 0.177709 -0.33448 -0.924917 0.180696 0.732649 0.562459 -0.38323 0.739723 0.557843 -0.376326 0.197854 -0.969238 -0.146394 0.668678 -0.567917 -0.479937 -0.828487 0.559954 -0.00773901 -0.600032 0.799675 -0.021951 -0.842407 0.53377 0.073756 -0.694838 0.719157 -0.00367161 -0.957793 -0.28571 0.0316782 -0.918541 -0.21594 0.331139 -0.49877 -0.838259 0.220341 -0.2217 -0.970998 0.0895106 0.0802199 -0.982213 0.169774 0.983707 -0.179522 -0.00963795 -0.53198 0.840444 0.103204 -0.662402 0.612467 0.431402 -0.415286 0.904594 0.0961599 -0.351764 0.761887 0.543867 -0.353692 0.885995 0.299859 -0.404118 0.914698 -0.00407025 -0.167618 0.0738364 0.983083 -0.623975 -0.159611 0.76497 -0.190444 -0.788438 0.584891 0.176774 -0.660819 0.729431 0.313036 -0.430227 0.846707 -0.0615372 0.438675 0.896536 0.184879 -0.912849 0.364043 0.314632 -0.770386 0.554538 0.395034 -0.710321 0.582574 0.953877 0.272787 -0.125323 0.908492 0.292698 -0.298279 0.939404 0.335254 -0.0715888 0.712589 0.239845 -0.659312 0.513956 0.120463 -0.849316 0.243731 -0.147057 -0.958629 0.158179 -0.319331 -0.934349 0.00686898 -0.413279 -0.910578 0.0332542 -0.432232 -0.901149 -0.48455 0.871588 0.0744717 -0.683303 0.728902 0.0424125 -0.491689 0.868938 0.0564583 -0.746804 0.658762 0.0911973 -0.998828 0.0441955 -0.0197551 -0.977147 -0.163163 0.13624 -0.658043 -0.750143 -0.0653056 -0.404982 -0.913447 0.0400515 -0.147497 -0.987544 -0.0547785 -0.135152 -0.990662 0.0179698 -0.0373317 -0.977924 0.205599 -0.449763 -0.803257 0.390502 0.051783 -0.686403 0.725376 -0.663401 -0.040788 0.747152 -0.164439 0.0758751 0.983465 0.148562 0.144375 0.978307 0.333184 -0.826857 0.453096 -0.294887 0.703577 0.646545 -0.628631 0.703998 0.33047 -0.306779 0.929308 0.205604 -0.445378 0.878419 0.173257 -0.19738 0.900688 0.387042 -0.26509 0.957304 0.115306 0.155924 -0.908114 0.388608 0.289147 -0.957285 0.000350088 0.986952 0.158501 0.0283449 0.984272 0.174858 -0.0251535 0.991852 0.111751 0.0611679 0.963186 0.233397 -0.133412 0.846584 0.231767 -0.479145 0.65441 0.167491 -0.737356 0.0759428 -0.01589 -0.996985 0.0920549 -0.113941 -0.989214 -0.319521 -0.247097 -0.914795 -0.290434 0.0106342 -0.956836 0.998218 0.043342 -0.0410226 0.991876 0.115564 -0.0531633 0.99945 0.0256813 -0.021001 0.999404 -0.0284178 0.0195992 0.993629 0.104886 0.0412265 0.992257 0.123183 0.0158599 0.988115 -0.0360998 -0.149417 0.980987 -0.00995972 -0.193817 0.906497 -0.313696 -0.282591 0.950733 -0.23235 -0.205233 0.997612 -0.0533241 -0.0438882 0.996429 -0.0589277 -0.0604723 0.970777 -0.190922 -0.145401 0.998636 0.0515883 -0.00807212 0.962497 -0.215734 -0.164495 0.997178 0.0728156 -0.0182717 0.98671 -0.139396 0.0834945 0.982028 0.120765 0.145043 0.911366 0.311802 0.268687 0.924797 0.307643 0.223845 0.828584 0.434436 0.35315 0.929035 -0.317052 -0.190716 0.845535 0.47535 0.243132 0.953353 0.298844 0.0425515 0.924715 0.231193 -0.30241 0.989746 0.0816991 -0.117165 0.966828 -0.111788 -0.229667 0.861822 -0.367712 -0.349358 0.997531 0.0683229 0.0162483 0.836966 -0.403252 -0.369968 0.948165 -0.232451 -0.216677 0.997312 0.00352667 -0.0731832 0.971984 0.204403 0.116044 0.958413 0.238151 0.15725 0.900936 0.366791 0.231902 0.902486 0.355141 0.243708 0.994721 0.100018 -0.0229558 0.991135 0.132738 -0.00566169 0.991681 0.0286539 -0.125489 0.995404 0.0912503 -0.0290402 0.997564 0.0656947 0.0234521 0.996477 0.0821012 -0.0171297 0.992564 0.12148 0.007698 0.980863 0.166713 0.100568 0.985824 0.15211 0.0708026 0.88164 0.326732 0.340525 0.891129 0.317522 0.324141 0.97209 0.176946 0.154049 0.995945 0.077794 0.0451759 0.998243 -0.0460782 -0.0372569 0.995705 -0.07184 -0.0583929 0.960259 -0.234574 -0.151253 0.997848 -0.02508 -0.0605793 0.943291 0.28267 -0.174066 0.967693 0.0258739 0.250799 0.988301 -0.143024 0.0529742 0.919281 -0.373372 0.124561 0.973577 -0.140473 -0.180041 0.78483 -0.403172 -0.470631 0.995165 0.0848311 0.0495036 0.906777 0.234562 0.350338 0.973169 0.175435 0.148879 0.896142 0.374437 0.238174 0.979511 0.0625887 -0.191418 0.992189 -0.0464095 -0.11579 0.974577 -0.221364 -0.0346137 0.993771 -0.0607589 -0.0934276 0.99694 0.0575365 0.0529227 0.969492 -0.172128 -0.174517 0.989709 0.0793131 0.1191 0.937115 -0.236809 -0.256393 0.99922 0.0249855 -0.0305701 0.897856 0.240688 0.36868 0.947428 0.17338 0.268921 0.973793 0.168217 0.153067 0.986737 0.130394 0.0966817 0.984195 0.146408 0.0996184 0.961001 0.203427 0.187338 0.81893 0.303292 0.487204 0.999081 -0.0380171 -0.0197919 0.906874 -0.311364 -0.283957 0.981216 -0.162144 -0.104521 0.996637 -0.0622642 -0.0532701 0.977063 -0.179317 -0.11486 0.980672 -0.055424 -0.187647 0.68649 -0.692529 -0.221666 0.984352 -0.0861974 -0.153689 -0.994754 0.0995403 -0.0235959 -0.999565 0.0272301 -0.0112889 -0.999916 0.00955699 0.00875641 -0.99779 -0.0445219 0.0493256 -0.993525 0.0888581 0.0708024 -0.993203 0.107171 0.0454106 -0.991413 -0.052068 -0.119956 -0.986032 -0.0258292 -0.164541 -0.909326 -0.328344 -0.25557 -0.952549 -0.2477 -0.176905 -0.997487 -0.0694155 -0.0141936 -0.996707 -0.0750018 -0.0308074 -0.971469 -0.206584 -0.116492 -0.999136 0.0354777 0.0216623 -0.963364 -0.231258 -0.135829 -0.998325 0.0567232 0.0114286 -0.981413 -0.155261 0.11279 -0.979096 0.104949 0.174234 -0.907875 0.297129 0.295765 -0.922567 0.292743 0.251339 -0.824611 0.421096 0.37775 -0.92907 -0.332027 -0.163055 -0.845484 0.461708 0.268297 -0.95636 0.28344 0.0709735 -0.936913 0.216176 -0.274704 -0.993983 0.0656992 -0.0876392 -0.971305 -0.127421 -0.200824 -0.865791 -0.381649 -0.323652 -0.997578 0.0522339 0.0459434 -0.840997 -0.416779 -0.344993 -0.950321 -0.247763 -0.188424 -0.998976 -0.0125724 -0.043472 -0.97127 0.18873 0.144966 -0.957024 0.222705 0.18576 -0.899434 0.352269 0.258698 -0.900445 0.340598 0.270539 -0.996447 0.0839586 0.00667691 -0.992876 0.116736 0.0238645 -0.995309 0.01263 -0.0959163 -0.99717 0.0751812 0.000616261 -0.997354 0.0496061 0.0531439 -0.997739 0.0660183 0.0125529 -0.993725 0.105462 0.0372617 -0.979999 0.150892 0.129745 -0.985607 0.136206 0.100134 -0.876281 0.312541 0.366674 -0.886102 0.303178 0.350581 -0.969803 0.161281 0.182947 -0.995285 0.0617357 0.0748122 -0.998033 -0.0622372 -0.00750051 -0.995714 -0.0879004 -0.028754 -0.960447 -0.250007 -0.122625 -0.998707 -0.0434266 -0.0264428 -0.952488 0.267439 -0.145751 -0.958826 0.007229 0.283902 -0.983253 -0.159928 0.0873923 -0.907238 -0.388926 0.160175 -0.977503 -0.166313 -0.129725 -0.795504 -0.423171 -0.433704 -0.9941 0.0651058 0.0867511 -0.897833 0.213801 0.384949 -0.968637 0.152644 0.196065 -0.891791 0.352886 0.283161 -0.989832 0.0343537 -0.138027 -0.995952 -0.0697073 -0.0567562 -0.970581 -0.240546 0.0104545 -0.996649 -0.0749197 -0.0328429 -0.993181 0.0429822 0.108372 -0.977172 -0.175117 -0.12029 -0.983488 0.080972 0.161849 -0.948908 -0.231699 -0.214217 -0.999594 -0.00199232 0.0284292 -0.882486 0.237585 0.40592 -0.934423 0.157732 0.319334 -0.967852 0.138963 0.209646 -0.984291 0.103322 0.143161 -0.982754 0.128573 0.132908 -0.958157 0.187945 0.215896 -0.800818 0.306463 0.514559 -0.999336 -0.0311528 0.0188913 -0.919712 -0.305237 -0.246902 -0.98115 -0.177969 -0.0753142 -0.996647 -0.0783403 -0.0236034 -0.97703 -0.195076 -0.0857765 -0.681872 -0.7039 -0.198935 -0.984797 -0.0713036 -0.158398 -0.9869 -0.104966 -0.122519 0.996688 0.0339855 -0.0738844 0.989972 0.103078 -0.0965957 0.998489 0.0188504 -0.0516198 0.999626 -0.0272784 -0.00184193 0.993493 0.113875 -0.00173691 0.990907 0.131916 -0.0264788 0.983094 -0.0718225 -0.16843 0.97457 -0.0516738 -0.218044 0.889753 -0.379449 -0.253689 0.93851 -0.290972 -0.185832 0.995624 -0.0703655 -0.0614915 0.994033 -0.0800755 -0.07407 0.962322 -0.239552 -0.128648 0.99789 0.0488436 -0.0427819 0.95303 -0.269046 -0.139097 0.995692 0.0686965 -0.0622697 0.988023 -0.128822 0.0849465 0.983141 0.158327 0.0914701 0.905489 0.389291 0.168943 0.920189 0.372014 0.121891 0.816946 0.533153 0.219879 0.91115 -0.386819 -0.142046 0.832563 0.544294 0.102874 0.947133 0.31632 -0.0536651 0.91202 0.167647 -0.374318 0.985612 0.0537608 -0.160248 0.959289 -0.173697 -0.222698 0.840707 -0.46786 -0.272617 0.997961 0.0521409 -0.0368087 0.810281 -0.513586 -0.282268 0.937506 -0.298374 -0.179039 0.994925 -0.0173893 -0.0991008 0.971922 0.233343 0.0303077 0.966394 0.251054 0.0552597 0.898852 0.426625 0.100283 0.900963 0.418651 0.114005 0.992635 0.0930712 -0.0775521 0.988981 0.130743 -0.0694529 0.987911 -0.00212642 -0.155007 0.996229 0.0856641 -0.0137435 0.992779 0.0534268 -0.107404 0.995045 0.0764875 -0.0635231 0.991012 0.126875 -0.0424052 0.981321 0.18991 0.0307024 0.985772 0.168018 0.00485246 0.883662 0.408752 0.228176 0.893089 0.395493 0.214424 0.973782 0.21262 0.0808757 0.996302 0.085903 -0.001778 0.996735 -0.0612711 -0.0525797 0.993449 -0.0926663 -0.0668771 0.95267 -0.280531 -0.117144 0.995938 -0.0462843 -0.0772314 0.933141 0.246988 -0.261239 0.973876 0.0766386 0.213759 0.98824 -0.14037 0.0606449 0.914064 -0.358305 0.190013 0.967621 -0.191347 -0.164606 0.764638 -0.522163 -0.377723 0.995657 0.0930604 0.00266315 0.912207 0.313633 0.263653 0.974707 0.208155 0.0813503 0.893697 0.431793 0.121904 0.974493 0.0143139 -0.223959 0.988167 -0.0923784 -0.122445 0.970968 -0.239195 -0.00275593 0.997813 -0.0305742 -0.0586048 0.983092 -0.132627 -0.126256 0.999266 0.0372547 -0.00888684 0.937873 -0.265051 -0.223924 0.979963 0.171856 0.100682 0.997996 0.010229 -0.0624425 0.90655 0.324454 0.269995 0.954349 0.231102 0.189237 0.976651 0.198896 0.0812031 0.988058 0.149322 0.0379979 0.984935 0.169143 0.0359803 0.962916 0.247534 0.107329 0.829681 0.416459 0.371742 0.997831 -0.0488452 -0.044141 0.892448 -0.387785 -0.230561 0.976217 -0.197366 -0.0897058 0.994555 -0.0818334 -0.0645268 0.970678 -0.219218 -0.098628 0.975262 -0.100677 -0.196797 0.659912 -0.748395 -0.0664876 0.979828 -0.127281 -0.154067 -0.994628 0.10307 -0.00962949 -0.99933 0.0339794 0.0135821 -0.999177 0.0188438 0.03592 -0.995955 -0.0272854 0.0856055 -0.989838 0.113868 0.0851736 -0.989426 0.131908 0.060301 -0.994058 -0.0718279 -0.0817895 -0.989907 -0.0516788 -0.131961 -0.908534 -0.379449 -0.174885 -0.951167 -0.290976 -0.103024 -0.997186 -0.0703715 0.0258347 -0.996701 -0.0800819 0.0131654 -0.969886 -0.239556 -0.0439768 -0.997807 0.0488339 0.0446708 -0.961543 -0.26905 -0.0551982 -0.997323 0.0686888 0.0250655 -0.976805 -0.128826 0.171042 -0.971373 0.158318 0.177115 -0.887246 0.389281 0.247496 -0.906003 0.372006 0.201915 -0.794586 0.533146 0.290498 -0.920083 -0.386818 -0.0617971 -0.820374 0.544293 0.175307 -0.948198 0.316317 0.0293889 -0.941267 0.167643 -0.293107 -0.995851 0.0537542 -0.0734187 -0.975091 -0.173703 -0.137932 -0.861328 -0.467865 -0.198032 -0.997356 0.052134 0.0506275 -0.831863 -0.51359 -0.210308 -0.949572 -0.29838 -0.0963466 -0.99978 -0.0173964 -0.0116917 -0.965547 0.233335 0.115209 -0.957858 0.251047 0.139581 -0.886638 0.426617 0.178524 -0.887541 0.418643 0.192378 -0.995614 0.0930617 0.00957263 -0.991266 0.130735 0.0173197 -0.997683 -0.00213416 -0.067998 -0.993613 0.0856569 0.0734526 -0.998369 0.0534208 -0.0201506 -0.996788 0.0764808 0.0237606 -0.990924 0.126864 0.0444441 -0.974875 0.189905 0.116425 -0.981569 0.168015 0.0910641 -0.860316 0.40875 0.3046 -0.870911 0.395488 0.291724 -0.962977 0.212614 0.165746 -0.992639 0.0858961 0.0853788 -0.997513 -0.0612778 0.0348096 -0.99549 -0.0926732 0.0202797 -0.959264 -0.280536 -0.0333617 -0.99888 -0.0460335 0.0109174 -0.952416 0.246986 -0.178612 -0.951266 0.0760937 0.298834 -0.978866 -0.140176 0.1489 -0.893854 -0.356511 0.27189 -0.979512 -0.191497 -0.0623346 -0.797878 -0.522206 -0.30115 -0.991184 0.0929736 0.0943938 -0.885327 0.312721 0.344095 -0.962472 0.207017 0.175477 -0.877428 0.431654 0.209272 -0.992698 0.0112463 -0.120101 -0.995992 -0.0887266 -0.0112846 -0.967308 -0.237235 0.089642 -0.998543 -0.0235464 0.0485462 -0.992996 -0.117596 -0.0113938 -0.992896 0.0500956 0.10792 -0.962876 -0.241827 -0.119955 -0.960041 0.192608 0.203037 -0.998403 0.0128895 0.0549969 -0.866252 0.340635 0.365479 -0.922276 0.241775 0.301581 -0.959807 0.199541 0.197366 -0.979295 0.146568 0.13964 -0.977781 0.168384 0.12486 -0.949838 0.247528 0.191148 -0.780351 0.433311 0.450881 -0.998014 -0.0243131 0.0581071 -0.92103 -0.365034 -0.135842 -0.980321 -0.197372 -0.00396876 -0.996387 -0.0818396 0.0227176 -0.975584 -0.219222 -0.013341 -0.663206 -0.74839 -0.00842548 -0.988737 -0.10068 -0.110733 -0.989542 -0.127379 -0.0676819 0.997659 0.018895 -0.0657192 0.99075 0.0728079 -0.114512 0.999132 0.0140722 -0.0392124 0.999656 -0.00800597 0.0249685 0.992129 0.121045 -0.032058 0.989897 0.127507 -0.0620154 0.987142 -0.116298 -0.10966 0.979486 -0.118051 -0.163312 0.898694 -0.433761 -0.0648152 0.945109 -0.324569 -0.0377341 0.997361 -0.0715668 -0.0122426 0.996135 -0.0855576 -0.0198491 0.96718 -0.254025 -0.00583273 0.998047 0.0450629 -0.0432564 0.958399 -0.285408 -0.00361998 0.996072 0.0553172 -0.0691356 0.987195 -0.0660699 0.145193 0.979342 0.199147 0.0350685 0.897769 0.44032 0.0114002 0.913645 0.405779 -0.0244218 0.806723 0.590928 -0.00151386 0.917745 -0.395087 0.0406164 0.824755 0.554131 -0.112777 0.944898 0.284432 -0.162067 0.918141 0.0183739 -0.395827 0.988243 0.00192563 -0.152876 0.965516 -0.231808 -0.118506 0.850934 -0.52315 -0.0471743 0.997958 0.0504943 -0.0391248 0.821153 -0.569441 -0.0380095 0.944027 -0.328631 -0.0285472 0.996946 -0.0383098 -0.0680551 0.968696 0.242879 -0.0513515 0.96246 0.269056 -0.0357747 0.892234 0.446639 -0.0665815 0.894131 0.444918 -0.050772 0.993103 0.071385 -0.0930091 0.988904 0.109049 -0.10088 0.990982 -0.047049 -0.125465 0.9954 0.0904403 -0.031599 0.994279 0.0230832 -0.104291 0.995375 0.061929 -0.0734386 0.990393 0.116467 -0.0745445 0.978513 0.203479 -0.0332957 0.983733 0.1731 -0.0480184 0.87448 0.481656 0.0573791 0.884336 0.464134 0.0502993 0.969677 0.244367 0.00329844 0.99462 0.10209 -0.0175803 0.99819 -0.059632 -0.00774905 0.995521 -0.094181 -0.00819294 0.957687 -0.287037 0.0210933 0.997836 -0.0523752 -0.0397418 0.936054 0.136945 -0.324114 0.968197 0.17352 0.180239 0.987975 -0.0859062 0.128552 0.913343 -0.233401 0.333659 0.972121 -0.22121 -0.0777612 0.779766 -0.614575 -0.119428 0.989298 0.145626 -0.00907384 0.903181 0.409207 0.129665 0.972789 0.231291 0.0136303 0.88612 0.461261 -0.045046 0.961273 -0.132221 -0.24181 0.985238 -0.14995 -0.0825924 0.974957 -0.202174 0.0926522 0.999335 -0.0294757 -0.0214786 0.986474 -0.158577 -0.0415127 0.998382 0.0541717 -0.0172923 0.957836 -0.284324 -0.0413511 0.994373 0.105938 0.00017469 0.999026 0.0242414 -0.0368559 0.899568 0.430061 0.0763266 0.948429 0.311121 0.0607246 0.959558 0.280671 0.0217248 0.967439 0.252847 0.0114118 0.974914 0.222579 -0.000739278 0.957744 0.286847 0.0210949 0.821042 0.558236 0.11943 0.991391 0.128599 -0.0245988 0.926523 -0.369075 -0.0730726 0.979818 -0.199474 0.012957 0.99647 -0.0833067 -0.010403 0.974687 -0.223163 0.0135375 0.980201 -0.154339 -0.124039 0.661937 -0.715757 0.222555 0.981724 -0.165964 -0.0931376 -0.995161 0.0727873 -0.0660032 -0.999678 0.0188784 -0.0169338 -0.999855 0.0140554 0.00961387 -0.997245 -0.00802442 0.0737466 -0.992514 0.121025 0.0164194 -0.991746 0.127493 -0.0136132 -0.991317 -0.116314 -0.061333 -0.98629 -0.118066 -0.115291 -0.900783 -0.433769 -0.0208602 -0.94582 -0.324582 0.00845383 -0.996768 -0.0715837 0.0364656 -0.995915 -0.0855751 0.0288084 -0.966307 -0.254043 0.0413946 -0.998969 0.0450475 0.0055224 -0.957428 -0.285425 0.0431774 -0.998261 0.0552998 -0.0204221 -0.978927 -0.0660911 0.193218 -0.976466 0.199127 0.0828407 -0.896151 0.440301 0.0552154 -0.913753 0.405768 0.0202148 -0.805838 0.590924 0.0378763 -0.914659 -0.395108 0.0853744 -0.829279 0.554127 -0.0723803 -0.951688 0.284419 -0.115743 -0.936373 0.018364 -0.350527 -0.994529 0.00190935 -0.104442 -0.970148 -0.231819 -0.0712231 -0.852221 -0.523152 -0.00557288 -0.998679 0.050475 0.00964525 -0.822025 -0.569447 0.00212628 -0.944292 -0.32864 0.0175769 -0.999079 -0.0383296 -0.0193011 -0.970052 0.242866 -0.00399683 -0.963062 0.269043 0.0112576 -0.894421 0.446637 -0.022942 -0.895548 0.444908 -0.00705813 -0.996461 0.0713679 -0.0444134 -0.992652 0.109033 -0.0524781 -0.995925 -0.0470674 -0.0769335 -0.995758 0.0904225 0.0170361 -0.998185 0.0230607 -0.0556275 -0.997775 0.0619115 -0.0247557 -0.992853 0.116452 -0.0261024 -0.978974 0.203467 0.0145174 -0.984907 0.173086 6.79043e-005 -0.870632 0.481662 0.100009 -0.880831 0.464123 0.0934163 -0.968364 0.24435 0.0506385 -0.994294 0.102073 0.031001 -0.997377 -0.05965 0.040994 -0.994732 -0.0941995 0.0404207 -0.955508 -0.287062 0.0678254 -0.998586 -0.0523974 0.00902509 -0.950765 0.136923 -0.278025 -0.958245 0.173504 0.227295 -0.98051 -0.0858835 0.176704 -0.896056 -0.233119 0.377809 -0.975597 -0.218206 -0.0244242 -0.785157 -0.614096 -0.0800854 -0.988491 0.146017 0.0395611 -0.89578 0.409193 0.173605 -0.970872 0.231198 0.0628849 -0.887022 0.461727 -0.00048097 -0.972887 -0.131979 -0.189927 -0.989333 -0.143689 -0.023939 -0.969314 -0.201217 0.141218 -0.999118 -0.023751 0.0346154 -0.989733 -0.14093 0.0237976 -0.995872 0.0728813 0.0541076 -0.965409 -0.259585 0.024517 -0.989204 0.129932 0.0677675 -0.999054 0.0328115 0.0285422 -0.882253 0.449638 0.13948 -0.934347 0.330844 0.132434 -0.952784 0.290804 0.0873848 -0.965128 0.253794 0.0641526 -0.973767 0.222604 0.0471744 -0.955577 0.286829 0.0678297 -0.799744 0.57495 0.172749 -0.987638 0.151314 0.0409218 -0.939056 -0.343574 -0.0114242 -0.978013 -0.199493 0.0607788 -0.995788 -0.0833244 0.0382598 -0.97286 -0.223179 0.0611076 -0.650275 -0.715764 0.254605 -0.985085 -0.154354 -0.0760387 -0.985098 -0.165979 -0.0450949 -0.991876 0.115564 -0.0531633 -0.998218 0.043342 -0.0410226 -0.99945 0.0256813 -0.021001 -0.999404 -0.0284178 0.0195992 -0.993629 0.104886 0.0412265 -0.992257 0.123183 0.0158599 -0.988115 -0.0360998 -0.149417 -0.980987 -0.0099597 -0.193817 -0.906497 -0.313696 -0.282591 -0.950733 -0.23235 -0.205233 -0.997612 -0.0533241 -0.0438882 -0.996429 -0.0589277 -0.0604723 -0.970777 -0.190922 -0.145401 -0.998636 0.0515883 -0.00807212 -0.962497 -0.215734 -0.164495 -0.997178 0.0728156 -0.0182717 -0.98671 -0.139396 0.0834945 -0.982028 0.120765 0.145043 -0.911366 0.311802 0.268687 -0.924797 0.307643 0.223845 -0.828584 0.434436 0.35315 -0.929035 -0.317052 -0.190716 -0.845535 0.47535 0.243132 -0.953353 0.298844 0.0425515 -0.924715 0.231193 -0.30241 -0.989746 0.0816991 -0.117165 -0.966828 -0.111788 -0.229667 -0.861822 -0.367712 -0.349358 -0.997531 0.0683229 0.0162483 -0.836966 -0.403252 -0.369968 -0.948165 -0.232451 -0.216677 -0.997312 0.00352666 -0.0731832 -0.971984 0.204403 0.116044 -0.958414 0.238151 0.15725 -0.900936 0.366791 0.231902 -0.902486 0.355141 0.243708 -0.994721 0.100018 -0.0229559 -0.991135 0.132738 -0.00566167 -0.991681 0.0286539 -0.125489 -0.995404 0.0912503 -0.0290402 -0.997564 0.0656947 0.0234521 -0.996477 0.0821012 -0.0171297 -0.992564 0.12148 0.007698 -0.980863 0.166713 0.100568 -0.985824 0.15211 0.0708026 -0.88164 0.326732 0.340526 -0.891129 0.317522 0.324141 -0.97209 0.176946 0.154049 -0.995945 0.077794 0.0451759 -0.998243 -0.0460797 -0.0372565 -0.995705 -0.07184 -0.0583929 -0.960261 -0.234569 -0.151249 -0.997849 -0.025072 -0.060577 -0.943291 0.282677 -0.174057 -0.967703 0.0258714 0.250763 -0.988301 -0.143024 0.0529742 -0.919294 -0.373351 0.12453 -0.973577 -0.140473 -0.180041 -0.78483 -0.403172 -0.470631 -0.995165 0.0848311 0.0495036 -0.9068 0.234557 0.350282 -0.973172 0.175425 0.14887 -0.89614 0.374434 0.238187 -0.979511 0.0625887 -0.191418 -0.992189 -0.0464088 -0.115789 -0.974579 -0.221353 -0.0346129 -0.993771 -0.0607598 -0.0934246 -0.99694 0.0575365 0.0529227 -0.969492 -0.172128 -0.174517 -0.989709 0.0793131 0.1191 -0.937119 -0.236794 -0.256393 -0.99922 0.0249855 -0.0305701 -0.897856 0.240688 0.36868 -0.947428 0.17338 0.268921 -0.973793 0.168217 0.153067 -0.986737 0.130394 0.0966817 -0.984195 0.146408 0.0996184 -0.961001 0.203427 0.187338 -0.81893 0.303292 0.487204 -0.999082 -0.0380004 -0.0197923 -0.906889 -0.311321 -0.283958 -0.981216 -0.162144 -0.104521 -0.996637 -0.0622642 -0.0532701 -0.977063 -0.179317 -0.11486 -0.686489 -0.692528 -0.221668 -0.980672 -0.055424 -0.187647 -0.984354 -0.0861885 -0.153685 0.999565 0.0272301 -0.0112889 0.994754 0.0995403 -0.0235959 0.999916 0.009557 0.00875641 0.99779 -0.0445219 0.0493256 0.993525 0.0888581 0.0708024 0.993203 0.107172 0.0454106 0.991413 -0.052068 -0.119956 0.986032 -0.0258292 -0.164541 0.909326 -0.328344 -0.25557 0.952549 -0.2477 -0.176905 0.997487 -0.0694154 -0.0141936 0.996707 -0.0750018 -0.0308073 0.971469 -0.206584 -0.116492 0.999136 0.0354777 0.0216623 0.963364 -0.231258 -0.135829 0.998325 0.0567232 0.0114286 0.981413 -0.155261 0.11279 0.979096 0.104949 0.174234 0.907875 0.297129 0.295765 0.922567 0.292743 0.251339 0.824611 0.421096 0.37775 0.92907 -0.332027 -0.163055 0.845484 0.461708 0.268297 0.95636 0.28344 0.0709735 0.936913 0.216176 -0.274704 0.993983 0.0656992 -0.0876392 0.971305 -0.127421 -0.200824 0.865791 -0.381649 -0.323652 0.997578 0.0522339 0.0459434 0.840997 -0.416779 -0.344993 0.950321 -0.247763 -0.188424 0.998976 -0.0125724 -0.043472 0.97127 0.18873 0.144966 0.957024 0.222705 0.18576 0.899434 0.35227 0.258698 0.900445 0.340598 0.270539 0.996447 0.0839586 0.0066769 0.992876 0.116736 0.0238644 0.995309 0.01263 -0.0959163 0.99717 0.0751812 0.000616267 0.997354 0.0496061 0.0531439 0.997739 0.0660183 0.0125529 0.993725 0.105462 0.0372617 0.979999 0.150892 0.129745 0.985607 0.136206 0.100134 0.876281 0.312541 0.366674 0.886102 0.303178 0.350581 0.969803 0.161281 0.182947 0.995285 0.0617357 0.0748122 0.998033 -0.0622372 -0.00750051 0.995714 -0.0879004 -0.028754 0.960447 -0.250007 -0.122625 0.998706 -0.0434296 -0.0264421 0.952488 0.267439 -0.145751 0.958816 0.00722947 0.283936 0.983253 -0.159928 0.0873923 0.907224 -0.388946 0.160205 0.977503 -0.166313 -0.129725 0.795504 -0.423171 -0.433704 0.9941 0.0651058 0.0867511 0.897808 0.213807 0.385004 0.968634 0.152654 0.196073 0.891794 0.35289 0.283148 0.989832 0.0343538 -0.138027 0.995951 -0.069708 -0.056758 0.97058 -0.240552 0.0104537 0.996649 -0.0749188 -0.0328458 0.993181 0.0429822 0.108372 0.977172 -0.175117 -0.12029 0.983488 0.080972 0.161849 0.948904 -0.231714 -0.214217 0.999594 -0.00199232 0.0284292 0.882486 0.237585 0.40592 0.934423 0.157732 0.319334 0.967852 0.138963 0.209646 0.984291 0.103322 0.143161 0.982754 0.128573 0.132908 0.958157 0.187945 0.215896 0.800818 0.306463 0.514559 0.999336 -0.0311698 0.0188915 0.919697 -0.305282 -0.246901 0.98115 -0.177969 -0.0753142 0.996647 -0.0783403 -0.0236034 0.97703 -0.195076 -0.0857765 0.984797 -0.0713036 -0.158398 0.681872 -0.7039 -0.198933 0.9869 -0.104968 -0.122518 -0.989972 0.103078 -0.0965957 -0.996688 0.0339855 -0.0738844 -0.998489 0.0188504 -0.0516198 -0.999626 -0.0272784 -0.00184194 -0.993493 0.113875 -0.00173691 -0.990907 0.131916 -0.0264788 -0.983094 -0.0718225 -0.16843 -0.97457 -0.0516738 -0.218044 -0.889753 -0.379449 -0.253689 -0.93851 -0.290972 -0.185832 -0.995624 -0.0703655 -0.0614915 -0.994033 -0.0800755 -0.07407 -0.962322 -0.239552 -0.128648 -0.99789 0.0488436 -0.0427819 -0.95303 -0.269046 -0.139097 -0.995692 0.0686965 -0.0622697 -0.988023 -0.128822 0.0849465 -0.983141 0.158327 0.0914701 -0.905489 0.389291 0.168943 -0.920189 0.372014 0.121891 -0.816946 0.533153 0.219879 -0.91115 -0.386819 -0.142046 -0.832563 0.544294 0.102874 -0.947133 0.31632 -0.0536651 -0.91202 0.167647 -0.374318 -0.985612 0.0537608 -0.160248 -0.959289 -0.173697 -0.222698 -0.840707 -0.46786 -0.272617 -0.997961 0.0521409 -0.0368087 -0.810281 -0.513586 -0.282268 -0.937506 -0.298374 -0.179039 -0.994925 -0.0173893 -0.0991008 -0.971922 0.233343 0.0303077 -0.966394 0.251054 0.0552597 -0.898852 0.426625 0.100283 -0.900963 0.418651 0.114005 -0.992635 0.0930712 -0.0775521 -0.988981 0.130743 -0.0694529 -0.987911 -0.0021264 -0.155007 -0.996229 0.085664 -0.0137435 -0.992779 0.0534268 -0.107404 -0.995045 0.0764875 -0.0635231 -0.991012 0.126875 -0.0424052 -0.981321 0.18991 0.0307024 -0.985772 0.168018 0.00485244 -0.883662 0.408752 0.228176 -0.893089 0.395493 0.214424 -0.973782 0.21262 0.0808757 -0.996302 0.085903 -0.001778 -0.996735 -0.0612711 -0.0525797 -0.993449 -0.0926663 -0.0668771 -0.95267 -0.280531 -0.117144 -0.995938 -0.0462843 -0.0772314 -0.933141 0.246988 -0.261239 -0.973876 0.0766386 0.213759 -0.98824 -0.14037 0.0606449 -0.914047 -0.358345 0.190019 -0.967614 -0.191369 -0.164622 -0.764548 -0.52225 -0.377785 -0.995657 0.0930604 0.00266315 -0.912207 0.313633 0.263653 -0.974707 0.208155 0.0813503 -0.893697 0.431793 0.121904 -0.974485 0.0143068 -0.223995 -0.988167 -0.0923784 -0.122445 -0.970968 -0.239195 -0.00275593 -0.997813 -0.0305742 -0.0586048 -0.983092 -0.132627 -0.126256 -0.999266 0.0372547 -0.00888685 -0.937873 -0.265053 -0.223924 -0.979963 0.171856 0.100682 -0.997996 0.010229 -0.0624425 -0.90655 0.324454 0.269995 -0.954349 0.231102 0.189237 -0.976651 0.198896 0.0812031 -0.988058 0.149322 0.0379979 -0.984935 0.169143 0.0359803 -0.962916 0.247534 0.107329 -0.829681 0.416459 0.371742 -0.99783 -0.0488485 -0.0441402 -0.892445 -0.387793 -0.230559 -0.976217 -0.197366 -0.0897058 -0.994555 -0.0818334 -0.0645268 -0.970678 -0.219218 -0.098628 -0.659912 -0.748395 -0.0664876 -0.975262 -0.100677 -0.196797 -0.979828 -0.127281 -0.154068 0.99933 0.0339794 0.0135821 0.994628 0.10307 -0.00962949 0.999177 0.0188438 0.03592 0.995955 -0.0272854 0.0856055 0.989838 0.113868 0.0851736 0.989426 0.131908 0.060301 0.994058 -0.0718278 -0.0817895 0.989907 -0.0516788 -0.131961 0.908534 -0.379449 -0.174885 0.951167 -0.290976 -0.103024 0.997186 -0.0703714 0.0258347 0.996701 -0.0800819 0.0131654 0.969886 -0.239556 -0.0439768 0.997807 0.0488339 0.0446708 0.961543 -0.26905 -0.0551982 0.997323 0.0686888 0.0250655 0.976805 -0.128826 0.171042 0.971373 0.158318 0.177115 0.887246 0.389281 0.247496 0.906003 0.372006 0.201915 0.794586 0.533146 0.290498 0.920083 -0.386818 -0.0617971 0.820374 0.544293 0.175307 0.948198 0.316317 0.0293889 0.941267 0.167643 -0.293107 0.995851 0.0537542 -0.0734187 0.975091 -0.173703 -0.137932 0.861328 -0.467865 -0.198032 0.997356 0.052134 0.0506275 0.831863 -0.51359 -0.210308 0.949572 -0.29838 -0.0963466 0.99978 -0.0173964 -0.0116917 0.965547 0.233335 0.115209 0.957858 0.251047 0.139581 0.886638 0.426617 0.178524 0.887541 0.418643 0.192378 0.995614 0.0930617 0.00957264 0.991266 0.130735 0.0173197 0.997683 -0.00213416 -0.0679979 0.993613 0.0856569 0.0734526 0.998369 0.0534208 -0.0201506 0.996788 0.0764808 0.0237606 0.990924 0.126864 0.0444441 0.974875 0.189905 0.116425 0.981569 0.168015 0.0910641 0.860315 0.40875 0.3046 0.870911 0.395488 0.291724 0.962977 0.212614 0.165746 0.992639 0.0858961 0.0853788 0.997513 -0.0612778 0.0348096 0.99549 -0.0926732 0.0202797 0.959264 -0.280536 -0.0333617 0.99888 -0.0460324 0.0109195 0.952416 0.246986 -0.178612 0.951266 0.076092 0.298837 0.978866 -0.140176 0.148901 0.893873 -0.356468 0.271887 0.979517 -0.191474 -0.0623165 0.797969 -0.522112 -0.301072 0.991184 0.0929731 0.0943941 0.885335 0.312706 0.34409 0.962475 0.207005 0.175472 0.877449 0.431617 0.209259 0.992703 0.0112402 -0.120064 0.995992 -0.0887266 -0.011287 0.967309 -0.237231 0.0896412 0.998543 -0.0235464 0.0485462 0.992996 -0.117596 -0.0113938 0.992897 0.0500956 0.10792 0.962877 -0.241825 -0.119956 0.960041 0.192608 0.203037 0.998403 0.01289 0.0549964 0.866252 0.340635 0.365479 0.922276 0.241775 0.301581 0.959807 0.199541 0.197366 0.979295 0.146566 0.13964 0.977781 0.168384 0.12486 0.949838 0.247528 0.191148 0.780351 0.433311 0.450881 0.998014 -0.0243097 0.0581062 0.921034 -0.365025 -0.135844 0.980321 -0.197372 -0.00396876 0.996387 -0.0818396 0.0227176 0.975584 -0.219222 -0.013341 0.988737 -0.10068 -0.110733 0.663206 -0.74839 -0.00842548 0.989542 -0.127379 -0.0676819 -0.99075 0.0728079 -0.114512 -0.997659 0.018895 -0.0657192 -0.999132 0.0140722 -0.0392124 -0.999656 -0.00800597 0.0249685 -0.992129 0.121045 -0.032058 -0.989897 0.127507 -0.0620154 -0.987142 -0.116298 -0.10966 -0.979486 -0.118051 -0.163312 -0.898694 -0.433761 -0.0648152 -0.945109 -0.324569 -0.0377341 -0.997361 -0.0715668 -0.0122426 -0.996135 -0.0855576 -0.0198491 -0.96718 -0.254025 -0.00583274 -0.998047 0.0450629 -0.0432564 -0.958399 -0.285408 -0.00361998 -0.996072 0.0553172 -0.0691356 -0.987195 -0.0660699 0.145193 -0.979342 0.199147 0.0350685 -0.897769 0.44032 0.0114002 -0.913645 0.405779 -0.0244218 -0.806723 0.590928 -0.00151385 -0.917745 -0.395087 0.0406163 -0.824755 0.554131 -0.112777 -0.944898 0.284432 -0.162067 -0.918141 0.0183739 -0.395827 -0.988243 0.00192564 -0.152876 -0.965516 -0.231808 -0.118506 -0.850934 -0.52315 -0.0471743 -0.997958 0.0504943 -0.0391248 -0.821153 -0.569441 -0.0380095 -0.944027 -0.328631 -0.0285472 -0.996946 -0.0383098 -0.0680551 -0.968696 0.242879 -0.0513515 -0.96246 0.269056 -0.0357747 -0.892234 0.446639 -0.0665815 -0.894131 0.444918 -0.050772 -0.993103 0.071385 -0.0930091 -0.988904 0.109049 -0.10088 -0.990982 -0.047049 -0.125465 -0.9954 0.0904403 -0.031599 -0.994279 0.0230833 -0.104291 -0.995375 0.061929 -0.0734386 -0.990393 0.116467 -0.0745445 -0.978513 0.203479 -0.0332957 -0.983733 0.1731 -0.0480184 -0.87448 0.481656 0.0573791 -0.884336 0.464134 0.0502993 -0.969677 0.244367 0.00329844 -0.99462 0.10209 -0.0175803 -0.99819 -0.059632 -0.00774905 -0.995521 -0.094181 -0.00819294 -0.957687 -0.287037 0.0210933 -0.997836 -0.0523752 -0.0397418 -0.936054 0.136945 -0.324114 -0.968197 0.17352 0.180239 -0.987975 -0.0859062 0.128552 -0.913343 -0.233401 0.333659 -0.972133 -0.221165 -0.0777415 -0.779768 -0.614566 -0.119457 -0.989297 0.145636 -0.00906906 -0.903181 0.409207 0.129665 -0.972798 0.231253 0.0136231 -0.886126 0.461246 -0.0450842 -0.961286 -0.132215 -0.241759 -0.985241 -0.149945 -0.0825583 -0.974957 -0.202174 0.0926522 -0.999335 -0.0294757 -0.0214786 -0.986474 -0.158577 -0.0415127 -0.998382 0.0541717 -0.0172923 -0.957836 -0.284324 -0.0413511 -0.994373 0.105938 0.00017469 -0.999026 0.0242414 -0.0368559 -0.899568 0.430061 0.0763266 -0.948429 0.311121 0.0607246 -0.959555 0.280682 0.0217213 -0.967431 0.252878 0.0114152 -0.974914 0.22258 -0.000733201 -0.957744 0.286847 0.0210949 -0.821042 0.558236 0.11943 -0.991391 0.128599 -0.0245988 -0.926523 -0.369075 -0.0730726 -0.979818 -0.199474 0.012957 -0.99647 -0.0833067 -0.010403 -0.974687 -0.223163 0.0135375 -0.661937 -0.715757 0.222555 -0.980201 -0.154339 -0.124039 -0.981724 -0.165964 -0.0931376 0.999678 0.0188784 -0.0169338 0.995161 0.0727873 -0.0660032 0.999855 0.0140554 0.00961387 0.997245 -0.00802442 0.0737466 0.992514 0.121025 0.0164194 0.991746 0.127493 -0.0136132 0.991317 -0.116314 -0.0613329 0.98629 -0.118066 -0.115291 0.900783 -0.433769 -0.0208602 0.94582 -0.324582 0.00845383 0.996768 -0.0715837 0.0364656 0.995915 -0.0855751 0.0288084 0.966307 -0.254043 0.0413946 0.998969 0.0450475 0.0055224 0.957428 -0.285425 0.0431774 0.998261 0.0552998 -0.0204221 0.978927 -0.0660911 0.193218 0.976466 0.199127 0.0828407 0.896151 0.440301 0.0552154 0.913753 0.405768 0.0202148 0.805838 0.590924 0.0378763 0.914659 -0.395108 0.0853744 0.829279 0.554127 -0.0723803 0.951688 0.284418 -0.115743 0.936373 0.018364 -0.350527 0.994529 0.00190935 -0.104442 0.970148 -0.231819 -0.0712231 0.852221 -0.523152 -0.00557288 0.998679 0.050475 0.00964525 0.822025 -0.569447 0.00212628 0.944292 -0.32864 0.0175769 0.999079 -0.0383296 -0.0193011 0.970052 0.242866 -0.00399683 0.963062 0.269043 0.0112576 0.894421 0.446637 -0.022942 0.895548 0.444908 -0.00705813 0.996461 0.0713679 -0.0444134 0.992652 0.109033 -0.0524781 0.995925 -0.0470674 -0.0769335 0.995758 0.0904225 0.0170361 0.998185 0.0230607 -0.0556275 0.997775 0.0619115 -0.0247558 0.992853 0.116452 -0.0261024 0.978974 0.203466 0.0145174 0.984907 0.173086 6.78964e-005 0.870632 0.481662 0.100009 0.880831 0.464123 0.0934163 0.968364 0.24435 0.0506385 0.994294 0.102073 0.031001 0.997377 -0.05965 0.040994 0.994732 -0.0941995 0.0404207 0.955508 -0.287062 0.0678254 0.998586 -0.0523975 0.00902509 0.950765 0.136923 -0.278025 0.958245 0.173504 0.227295 0.98051 -0.0858849 0.176701 0.896053 -0.233129 0.37781 0.975584 -0.21826 -0.0244479 0.785132 -0.614132 -0.0800613 0.988492 0.14601 0.0395537 0.89578 0.409193 0.173605 0.970863 0.231235 0.0628917 0.887014 0.461741 -0.000442905 0.972872 -0.132001 -0.189989 0.989331 -0.143698 -0.0239742 0.969314 -0.201217 0.141218 0.999118 -0.023751 0.0346154 0.989733 -0.14093 0.0237976 0.995872 0.0728815 0.0541071 0.965408 -0.259587 0.0245161 0.989204 0.129933 0.0677681 0.999054 0.0328099 0.0285471 0.882252 0.449641 0.13948 0.934347 0.330844 0.132434 0.952786 0.290796 0.0873914 0.965134 0.253775 0.0641488 0.973767 0.222603 0.0471684 0.955577 0.286829 0.0678297 0.799742 0.574951 0.172751 0.987638 0.151313 0.040925 0.939056 -0.343576 -0.0114226 0.978013 -0.199493 0.0607788 0.995788 -0.0833244 0.0382598 0.97286 -0.223179 0.0611076 0.985085 -0.154354 -0.0760387 0.650275 -0.715764 0.254605 0.985098 -0.165979 -0.0450949 0.181799 -0.0185408 -0.983161 0.232571 0.0266491 -0.972214 0.103652 -0.00353159 -0.994607 0.33859 0.0117917 -0.94086 -0.00699962 -0.0413693 -0.999119 -0.0246207 -0.0448394 -0.998691 -0.0448991 -0.0107231 -0.998934 0.317105 -0.0317918 -0.947857 0.126728 -0.105186 -0.986345 0.141747 -0.139837 -0.979976 0.0700588 -0.138189 -0.987925 0.0267478 -0.0852081 -0.996004 0.00696207 -0.0599329 -0.998178 0.00147635 -0.0653649 -0.99786 0.441728 0.0212775 -0.896897 0.545721 0.0176295 -0.837781 0.752657 0.00774063 -0.658367 0.864114 0.000747583 -0.503296 0.952288 0.00590933 -0.305143 0.967507 0.0177641 -0.252218 0.985615 0.0197767 -0.167845 0.980322 0.0298906 -0.195128 -0.110662 0.0188839 0.993679 -0.103824 0.0336548 0.994026 -0.0531252 0.013483 0.998497 -0.0201782 0.0401752 0.998989 0.00283933 0.0561399 0.998419 0.0181219 0.0304709 0.999371 -0.255319 0.0139402 0.966756 -0.187676 0.048106 0.981052 -0.55612 -0.00135074 0.831101 -0.0676404 0.0819919 0.994335 -0.0415299 0.113258 0.992697 -0.00392697 0.0927761 0.995679 7.97808e-006 0.066834 0.997764 -0.00148332 0.065358 0.997861 0.00485642 0.135789 0.990726 -0.540589 -0.0106086 0.84122 -0.832703 -0.0122552 0.553585 -0.903535 -0.0136652 0.428297 -0.965169 -0.0220172 0.260699 -0.976073 -0.029769 0.215394 -0.988002 -0.0306267 0.151372 -0.985655 -0.035552 0.164982 0.0241581 0.997862 0.0607293 0.00397109 0.998139 0.0608558 0.0443354 0.997178 0.060578 -0.091324 -0.992579 -0.0802888 -0.0549039 -0.996822 -0.0577148 -0.148031 -0.987887 -0.0465415 -0.0343234 -0.996628 -0.0745285 -0.0184575 -0.999214 -0.0350807 -0.00253363 -0.999388 -0.0348957 0.216839 -0.975726 0.0306574 0.277969 -0.959829 0.0382332 0.209413 -0.977827 -0 0.340314 -0.938915 0.0512363 0.396567 -0.916856 0.045929 0.396324 -0.917284 0.0389432 1 7.98778e-016 -0 0.0736477 0.997277 0.00390996 0.0413581 0.999123 0.00657874 0.0340007 0.999339 0.0128566 0.0941107 0.995279 0.0237455 0.0160209 0.999808 0.0112433 0.00311844 0.999975 0.00635944 -0.00909364 0.999945 0.00519806 -0.0107071 0.999943 -0 0.116267 0.992385 0.0406782 0.107672 0.991378 0.0746688 -0.294185 -0.954814 -0.0422562 -0.296603 -0.953182 -0.0589072 -0.293151 -0.954413 -0.0562006 -0.302639 -0.952641 -0.0297376 -0.298937 -0.951278 -0.0755421 -0.297157 -0.950247 -0.0934271 -0.0687656 0.00273825 -0.997629 -0.0651154 0.0026604 -0.997874 -0.0724148 0.00281606 -0.997371 1 0 -0 0.00674386 0.999977 -0 0.00674386 0.999977 -0 0.00674386 0.999977 -0 0.0106973 -0.999943 -0 1 -2.12446e-016 1.30966e-015 1 -4.24892e-016 2.61931e-015 -0.00093347 1 -0 -0.00093347 1 -0 -0.00093347 1 -0 0.00169158 -0.999999 -0 0.00169158 -0.999999 -0 0.073124 0.994486 0.0751686 0.044289 0.995842 0.079609 0.101897 0.992282 0.070664 -0.154734 -0.170037 -0.973214 -0.138118 -0.162366 -0.977016 -0.201918 -0.0631625 -0.977364 -0.055475 -0.215468 -0.974934 -0.112043 -0.134935 -0.984499 -0.0485406 -0.0291664 -0.998395 -0.0045243 -0.0112547 -0.999926 0.0124489 -0.056035 -0.998351 -0.354975 -0.0322676 -0.934319 -0.258033 0.0180766 -0.965967 -0.35913 0.0162889 -0.933145 -0.425577 0.0123312 -0.904838 -0.460244 0.0167606 -0.887634 -0.232382 0.0741764 -0.969792 -0.136043 0.0179308 -0.990541 -0.0958372 -0.0100851 -0.995346 -0.0956605 -0.0100861 -0.995363 -0.675312 0.0100348 -0.737464 -0.820619 0.00777023 -0.571422 -0.944861 0.0136582 -0.327187 -0.963411 0.02279 -0.267057 -0.983416 0.0236942 -0.17981 -0.980048 0.0298893 -0.1965 0.034372 0.128615 0.991099 0.0239118 0.158209 0.987116 0.0913123 0.147858 0.984784 -0.00153891 0.13579 0.990736 0.0867975 0.086102 0.992498 -0.0146717 0.0693733 0.997483 -0.0043183 0.0713872 0.997439 0.00151852 0.0560349 0.998428 0.227479 0.0497257 0.972513 0.149219 -0.0039215 0.988796 0.267653 0.00558297 0.963499 0.113949 -0.0333139 0.992928 0.493992 0.00558872 0.869448 0.062134 -0.012276 0.997992 0.0324957 0.00817896 0.999438 0.498958 -0.00338072 0.866619 0.761512 -0.00972936 0.648078 0.871788 -0.0166316 0.489601 0.963063 -0.025621 0.268055 0.975871 -0.0290233 0.21641 0.987544 -0.0287989 0.154685 0.986857 -0.0301867 0.15875 -0.0498991 0.996292 0.0700864 -0.00199986 0.997064 0.0765412 0.0125464 0.997043 0.0758156 -0.0718609 0.995575 0.0605572 -0.0461303 0.997511 0.0533202 -0.0373375 0.998432 0.0417188 -0.0270077 0.999293 0.0261408 -0.02993 0.999493 0.0108547 -0.026524 0.999634 0.00527757 -0.0277839 0.999605 0.00428272 -0.028485 0.999592 0.00218426 -0.0280193 0.999607 -0 0.0372622 0.996624 0.0731534 0.0619438 0.994683 0.0822725 0.0330785 -0.998674 -0.0394475 0.036915 -0.997526 -0.0598259 0.0720614 -0.99552 -0.0612155 0.0214588 -0.998827 -0.0434069 0.180207 -0.9807 -0.0758522 0.189266 -0.979364 -0.0708806 0.281575 -0.95687 -0.0715196 0.304384 -0.951159 -0.0514503 0.309169 -0.949833 -0.0472459 0.319572 -0.946958 -0.0338355 -0.407165 -0.912496 0.0395974 -0.348085 -0.936713 0.0374842 -0.285597 -0.958073 0.0230515 -0.40742 -0.912222 0.0431366 -0.223122 -0.974652 0.0164012 -0.220528 -0.975381 -0 -1 -7.98778e-016 -0 0.442335 -0.00864832 -0.896808 0.443149 -0.00872592 -0.896405 0.44152 -0.0085707 -0.89721 -1 0 -0 -0.00674386 -0.999977 -0 -0.00674386 -0.999977 -0 -0.00674386 -0.999977 -0 -0.00983076 0.999952 -0 -0.710879 0.703314 -1.53924e-005 -0.0107005 0.999943 -1.09421e-005 -0.010703 0.999943 -0 0.00093347 -1 -0 0.00093347 -1 -0 -0.00169158 0.999999 -0 -0.00169158 0.999999 -0 -0.00169158 0.999999 -0 -0.985218 0.118537 0.123667 -0.989055 0.114319 0.093279 -0.987664 0.110894 0.110554 -0.987754 0.074206 0.137245 -0.988556 0.102387 0.110788 -0.991823 0.0933492 0.0870254 -0.988686 0.106142 0.105986 -0.984251 0.129199 0.120652 -0.983243 0.148668 0.105506 0.989055 0.114319 0.093279 0.985218 0.118537 0.123667 0.988082 0.105355 0.11222 0.987312 0.0771717 0.138781 0.989798 0.0800522 0.117858 0.991823 0.0933492 0.0870254 0.988686 0.106142 0.105986 0.984287 0.129348 0.120201 0.98613 0.123651 0.110714 -0.962749 0.149332 -0.225421 -0.965031 0.143354 -0.219464 -0.96954 0.127358 -0.209219 -0.960167 0.159737 -0.229267 -0.971455 0.119425 -0.204973 -0.980808 0.0924962 -0.171639 -0.981397 0.0666452 -0.180053 -0.989713 0.0730424 -0.12302 -0.986745 0.105495 -0.123312 -0.991476 0.074691 -0.106759 -0.993541 0.0630078 -0.0943713 0.96597 -0.138475 0.218464 0.963922 -0.144815 0.223344 0.969945 -0.123144 0.209861 0.96052 -0.158719 0.228493 0.971261 -0.117797 0.206821 0.980711 -0.087333 0.174867 0.981176 -0.0674223 0.180962 0.989388 -0.0644253 0.130233 0.987081 -0.0907168 0.132068 0.990797 -0.0681538 0.116946 0.992961 -0.0563368 0.104184 0.109311 0.875057 0.471515 0.1103 0.874609 0.472116 0.110927 0.874206 0.472716 0.106235 0.875551 0.4713 0.110196 0.87403 0.47321 0.108115 0.874349 0.473103 -0.106174 -0.873818 -0.47452 -0.105872 -0.872816 -0.476429 -0.10823 -0.87456 -0.472684 -0.105343 -0.872905 -0.476381 -0.109266 -0.867418 -0.485434 -0.11004 -0.859019 -0.499977 -0.109259 -0.850609 -0.514322 -0.109101 -0.850631 -0.514318 -0.0540402 -0.446584 0.893108 -0.0538968 -0.446607 0.893105 -0.0541836 -0.446561 0.893111 0.0457664 0.329944 0.94289 0.0445155 0.319848 0.946423 0.0449385 0.319848 0.946403 0.0452122 0.33999 0.939341 0.0457643 0.350004 0.93563 0.043276 0.349982 0.935756 0.0305716 -0.374471 -0.926735 0.0286048 -0.368373 -0.929238 0.108311 -0.372928 -0.921517 -0.0443061 -0.35774 -0.93277 0.0266354 -0.362253 -0.931699 -0.0582428 -0.365134 -0.929131 0.129244 0.97789 -0.164397 0.121235 0.978887 -0.164569 0.137245 0.976831 -0.164214 0.965228 0.143018 -0.218815 0.962754 0.149338 -0.225397 0.969715 0.127484 -0.208328 0.960166 0.159766 -0.229251 0.971554 0.120133 -0.204084 0.980753 0.0935093 -0.171403 0.981325 0.0679609 -0.17995 0.989702 0.0732659 -0.122971 0.986745 0.105495 -0.123312 0.991476 0.074691 -0.106759 0.993541 0.0630078 -0.0943713 -0.963927 -0.144821 0.22332 -0.9661 -0.138253 0.218028 -0.970063 -0.123231 0.209265 -0.960519 -0.158749 0.228477 -0.971311 -0.118296 0.206302 -0.98067 -0.0879875 0.174772 -0.981108 -0.0682517 0.18102 -0.989386 -0.0645235 0.130198 -0.987081 -0.0907168 0.132068 -0.990801 -0.0681332 0.116923 -0.992968 -0.0562954 0.10414 -0.109312 0.875059 0.471512 -0.110301 0.87461 0.472113 -0.106236 0.875553 0.471297 -0.110927 0.874206 0.472714 -0.110197 0.87403 0.47321 -0.108115 0.874348 0.473103 0.105872 -0.872816 -0.476429 0.10621 -0.874111 -0.473972 0.10692 -0.875342 -0.471534 0.105343 -0.872905 -0.476381 0.106274 -0.868443 -0.484265 0.10545 -0.859967 -0.499337 0.10439 -0.851265 -0.514247 0.10441 -0.851262 -0.514248 0.0540399 -0.446582 0.893109 0.0538963 -0.446605 0.893106 0.0541834 -0.446559 0.893112 -0.0457664 0.329944 0.94289 -0.0445155 0.319848 0.946423 -0.0452122 0.339991 0.939341 -0.0449385 0.319848 0.946403 -0.0457643 0.350004 0.93563 -0.043276 0.349982 0.935756 -0.0305632 -0.374468 -0.926736 -0.0576797 -0.368299 -0.927917 0.0443239 -0.357738 -0.932769 -0.108462 -0.372125 -0.921824 -0.111618 -0.355145 -0.928123 -0.129268 0.977887 -0.164396 -0.137245 0.976831 -0.164214 -0.121284 0.978881 -0.164568 0.0445546 -0.363257 -0.930623 -0.89917 0.192311 0.393077 -0.828014 0.409413 0.38311 -0.806871 0.20551 0.553827 -0.837093 0.454556 0.304392 -0.855583 0.499753 0.134994 -0.865345 0.499241 0.044011 -0.882316 0.453484 -0.125978 -0.889785 0.407483 -0.205526 -0.900228 0.282113 -0.331666 -0.903089 0.202557 -0.378684 -0.903887 0.0299934 -0.426719 -0.901388 -0.0622968 -0.428507 -0.892398 -0.23597 -0.384635 -0.885454 -0.316526 -0.340269 -0.869448 -0.444422 -0.215752 -0.860254 -0.491273 -0.136432 -0.841847 -0.538534 0.0357014 -0.832816 -0.538407 0.128595 -0.816777 -0.491818 0.301645 -0.898965 -0.320885 0.298152 -0.800614 -0.315975 0.509094 -0.889724 -0.17419 0.421957 -0.796997 -0.0599369 0.601002 -0.798819 0.0330343 0.600664 -0.994801 -0.0167496 0.100452 -0.983494 0.0862606 0.159056 -0.989591 0.101546 0.101973 -0.995372 0.0856321 0.0435989 -0.999132 0.0416553 -0.000211717 -0.999695 -0.0182847 -0.0165845 -0.997021 -0.0771187 -0.00144937 -0.992013 -0.119539 0.0402488 -0.986018 -0.135134 0.0975066 -0.976252 -0.0146454 0.216141 0.994847 0.0180837 -0.0997651 0.955049 0.195338 0.222991 0.939298 0.331478 0.0885505 0.919474 0.381371 -0.0955127 0.901572 0.332274 -0.27706 0.890837 0.199786 -0.408037 0.889982 0.0193508 -0.455584 0.898966 -0.162142 -0.406904 0.915117 -0.296174 -0.273572 0.933841 -0.345791 -0.0914827 0.950323 -0.298124 0.0894925 0.960671 -0.167456 0.221517 0.962572 0.0122892 0.270747 0.828014 0.409413 0.383111 0.812936 0.284763 0.507981 0.806871 0.205512 0.553827 0.837093 0.454555 0.304393 0.855585 0.499751 0.134995 0.865346 0.499239 0.04401 0.882317 0.453483 -0.125979 0.889785 0.407483 -0.205526 0.900228 0.282113 -0.331666 0.903089 0.202557 -0.378684 0.903887 0.0299959 -0.426719 0.90139 -0.0622937 -0.428505 0.892401 -0.235967 -0.384629 0.885456 -0.316526 -0.340263 0.869449 -0.444422 -0.215749 0.860254 -0.491273 -0.136432 0.841847 -0.538534 0.0357013 0.832816 -0.538407 0.128595 0.816777 -0.491818 0.301645 0.898965 -0.320885 0.298152 0.800614 -0.315975 0.509094 0.889724 -0.174192 0.421957 0.796995 -0.0599387 0.601005 0.798817 0.0330342 0.600666 0.994801 -0.0167496 0.100452 0.986018 -0.135134 0.0975066 0.992013 -0.119539 0.0402487 0.997021 -0.0771187 -0.00144937 0.999695 -0.0182847 -0.0165845 0.999132 0.0416553 -0.000211716 0.995372 0.0856321 0.0435989 0.989591 0.101546 0.101973 0.983494 0.0862606 0.159056 0.978646 0.0442861 0.200726 0.976253 -0.0146455 0.216138 -0.955049 0.195338 0.222991 -0.994847 0.0180837 -0.0997657 -0.939298 0.331479 0.0885489 -0.919474 0.381373 -0.0955126 -0.901572 0.332274 -0.277059 -0.890837 0.199786 -0.408037 -0.889983 0.019347 -0.455584 -0.898964 -0.162143 -0.406907 -0.915117 -0.296172 -0.273575 -0.933841 -0.345791 -0.0914827 -0.950323 -0.298124 0.0894925 -0.960671 -0.167456 0.221517 -0.962572 0.0122892 0.270747 -0.979641 -0.0640951 -0.190249 -0.984358 -0.0625021 -0.164723 -0.984629 -0.0603597 -0.163899 -0.988272 -0.0492561 -0.144541 -0.991517 -0.082735 -0.100248 -0.994239 -0.0563634 -0.0911709 -0.991936 -0.00746368 -0.126518 -0.992768 -0.0470029 -0.110464 -0.997714 -0.0334966 -0.0586833 -0.996833 -0.0778804 -0.0160844 -0.993507 -0.105704 -0.0420745 -0.993639 -0.101086 -0.049623 -0.985662 -0.0751006 -0.151101 -0.983078 -0.0590805 -0.173397 -0.998798 -0.0487447 0.00517285 -0.990366 -0.0786365 -0.113979 -0.998522 -0.0101297 -0.0533948 -0.999981 -0.00612687 0.000281344 -0.993956 0.0377426 -0.103089 -0.989429 0.0578805 -0.13297 -0.991131 0.0168722 -0.131813 -0.995721 0.0289685 -0.0877507 -0.998263 0.018835 -0.0558231 -0.995543 0.0631274 -0.0700643 -0.998023 0.0534019 -0.0331376 -0.999543 0.0230942 -0.019494 -0.982486 0.118462 -0.143835 -0.983433 0.098033 -0.152477 0.976338 0.080733 0.200613 0.979441 0.0648203 0.191035 0.982313 0.081316 0.168667 0.983801 0.0657023 0.166791 0.990943 0.0966637 0.0932118 0.995551 0.0686379 0.0645561 0.993944 -0.0106252 0.109375 0.984192 0.0288936 0.174731 0.9984 0.0418171 0.03806 0.996897 0.0769611 0.0165551 0.993589 0.104757 0.0425042 0.993602 0.101296 0.04995 0.967374 0.0672354 0.244269 0.982892 0.0597877 0.174209 0.998983 0.0436837 -0.0111865 0.990318 0.078987 0.114156 0.999691 0.00851414 0.0233564 0.999807 -1.98136e-005 -0.0196449 0.989681 -0.0643856 0.12801 0.985785 -0.0888249 0.142613 0.991229 -0.0519632 0.121509 0.996272 -0.0439432 0.0742317 0.999295 -0.0237108 0.0291137 0.995498 -0.0618302 0.0718358 0.998413 -0.0494478 0.0269696 0.999817 -0.0190853 -0.00157137 0.980594 -0.12061 0.154557 0.98181 -0.0873834 0.168564 0 -0.0857533 0.996316 0 -0.078855 0.996886 0 -0.0719525 0.997408 0 -0.0578501 0.998325 0 -0.0506499 0.998716 0 -0.0507057 0.998714 0 -0.0579618 0.998319 0 -0.047563 0.998868 0 -0.047563 0.998868 0 -0.0298967 0.999553 0 -0.0298967 0.999553 0 0.494757 -0.869031 0 0.481062 -0.876686 0 0.467245 -0.884128 0 0.442739 -0.896651 0 0.432098 -0.901827 0 0.421398 -0.906876 0 0.977329 0.211727 0 0.975704 0.219092 0 0.974024 0.226446 0 0.977329 0.211727 0 0.973283 0.229611 0 0.973283 0.229611 0 0.974259 0.225432 0 0.205349 -0.978689 0 0.104145 -0.994562 0 0.0007518 -1 0 -0.317373 -0.948301 0 -0.317373 -0.948301 0 -0.64269 -0.766126 0 -0.754981 -0.655747 0 -0.846538 -0.532329 0 -0.846538 -0.532329 0.00296663 -0.927366 0.374143 0 -0.927367 0.374154 0.00593323 -0.927358 0.374129 -0.00328185 -0.537242 -0.843422 -0.00656365 -0.537063 -0.843516 0 -0.537416 -0.843318 0 -0.99659 -0.0825129 0 -0.99659 -0.0825129 0 -0.99659 -0.0825129 0 -0.43353 0.901139 0.984367 -0.0625124 -0.164663 0.979647 -0.0641263 -0.190209 0.984633 -0.0603732 -0.163871 0.988274 -0.0492516 -0.144526 0.991513 -0.08273 -0.100289 0.994239 -0.056342 -0.0911863 0.991936 -0.00746241 -0.126519 0.992768 -0.0470029 -0.110464 0.997716 -0.0334958 -0.0586586 0.996836 -0.0778482 -0.0160542 0.993508 -0.105669 -0.0421497 0.993635 -0.101096 -0.049689 0.985664 -0.0750755 -0.151096 0.983078 -0.0590805 -0.173397 0.998797 -0.0487615 0.00521363 0.990366 -0.0786365 -0.113979 0.998523 -0.0101434 -0.053384 0.999981 -0.00614508 0.000280865 0.994939 0.0231052 -0.0977862 0.991512 0.036426 -0.124808 0.99113 0.0168746 -0.131818 0.995721 0.0289685 -0.0877507 0.998263 0.018835 -0.0558231 0.995543 0.0631274 -0.0700643 0.998023 0.0534019 -0.0331376 0.999543 0.0230942 -0.019494 0.988902 0.0757215 -0.127824 0.989122 0.0562703 -0.13591 -0.979441 0.0648203 0.191035 -0.976338 0.080733 0.200613 -0.982313 0.081316 0.168667 -0.983802 0.0656986 0.166788 -0.990943 0.0966637 0.0932117 -0.995551 0.0686337 0.064558 -0.993943 -0.0106247 0.109381 -0.984194 0.0288905 0.174722 -0.9984 0.0418145 0.0380665 -0.996897 0.0769611 0.0165551 -0.993589 0.104757 0.0425042 -0.993602 0.101296 0.04995 -0.967374 0.0672354 0.244269 -0.982892 0.0597877 0.174209 -0.998983 0.0436837 -0.0111865 -0.990318 0.078987 0.114156 -0.999691 0.00851363 0.0233633 -0.999807 -1.9813e-005 -0.0196449 -0.991189 -0.049785 0.122744 -0.988609 -0.0672969 0.134622 -0.991228 -0.0519556 0.121519 -0.996272 -0.0439385 0.0742362 -0.999295 -0.023709 0.029119 -0.995498 -0.0618302 0.0718358 -0.998413 -0.0494478 0.0269696 -0.999817 -0.0190853 -0.00157137 -0.987283 -0.0776522 0.138717 -0.987319 -0.0450349 0.152224 0 -0.0857533 0.996316 0 -0.078855 0.996886 0 -0.0578501 0.998325 0 -0.0579618 0.998319 0 -0.0298967 0.999553 0 0.481062 -0.876687 0 0.494757 -0.869031 0 0.467245 -0.884128 0 0.421398 -0.906876 0 0.973283 0.229611 0 0.974259 0.225432 0 0.000751795 -1 0 -0.317373 -0.948301 0 -0.317373 -0.948301 0 -0.927823 0.373021 0 -0.927823 0.373021 0 -0.927823 0.373021 0 -0.537084 -0.843529 0 -0.537084 -0.843529 0 -0.537084 -0.843529 0.997362 -0.00510204 -0.0724069 0.997414 -0.00531389 -0.0716813 0.997512 -0.00732829 -0.070114 0.997329 -0.00584911 -0.0728067 0.99731 -0.00878654 -0.0727712 0.99741 -0.00951196 -0.0712888 0.99728 -0.0104491 -0.0729564 0.997144 -0.0114438 -0.0746481 -0.997303 0.00587747 0.0731628 -0.997374 0.0056542 0.0722054 -0.997241 0.00682827 0.0739232 -0.997477 0.00776601 0.0705623 -0.997212 0.00971337 0.0739918 -0.997297 0.0103811 0.0727427 -0.997196 0.0109555 0.0740228 -0.997084 0.0117672 0.0754031 -0.0302432 0.392773 -0.919138 -0.0302922 0.392769 -0.919138 -0.0304388 0.392785 -0.919126 -0.0300492 0.392756 -0.919152 -0.0299522 0.392811 -0.919131 -0.0298325 0.392852 -0.919118 -0.0298205 0.39291 -0.919093 -0.0297863 0.392901 -0.919098 0.0302285 -0.397917 0.916923 0.0301996 -0.397974 0.9169 0.0303129 -0.397926 0.916916 0.0300539 -0.398012 0.916888 0.0299644 -0.398064 0.916868 0.0298634 -0.398052 0.916877 0.0298572 -0.398056 0.916875 0.0298388 -0.398051 0.916878 -0.0104816 -0.923758 -0.382832 -0.0104607 -0.92376 -0.38283 -0.0105026 -0.923757 -0.382835 -0.997366 -0.00514333 -0.0723474 -0.997418 -0.00532526 -0.0716185 -0.997334 -0.00596504 -0.0727254 -0.997515 -0.0073155 -0.0700699 -0.99732 -0.0093332 -0.0725651 -0.997394 -0.0102848 -0.0714167 -0.997294 -0.0113863 -0.0726252 -0.997214 -0.0119836 -0.0736202 0.997306 0.00590859 0.0731113 0.997378 0.00565033 0.0721544 0.997479 0.00772274 0.070542 0.997245 0.00691574 0.0738567 0.997219 0.0101196 0.0738309 0.997281 0.0109617 0.0728699 0.997208 0.0116546 0.07376 0.997143 0.0121298 0.074558 0.0302413 0.392773 -0.919138 0.0302894 0.392768 -0.919139 0.0300492 0.392757 -0.919151 0.0304332 0.392784 -0.919127 0.0299521 0.392813 -0.919131 0.0280071 0.392366 -0.919382 0.0270823 0.392181 -0.919489 0.0243098 0.39144 -0.919882 -0.0302014 -0.397829 0.916962 -0.0302285 -0.397917 0.916923 -0.0303129 -0.397926 0.916916 -0.0268453 -0.397184 0.917346 -0.0235806 -0.393246 0.919131 -0.0129476 -0.387379 0.92183 -0.00929859 -0.383058 0.923678 0.00175286 -0.37999 0.924989 0.00816213 -0.92433 -0.381507 0.00650346 -0.924423 -0.381314 0.00982078 -0.924235 -0.381699 0.0179458 -0.11373 0.99335 0.11202 -0.685205 0.719684 0.0892555 -0.784622 0.613516 0.00966481 0.0668528 0.997716 -0.0391654 0.596609 0.801575 -0.0737911 0.796277 0.600415 -0.0589425 0.923771 0.378382 -0.0879803 0.922208 0.376552 0.127967 -0.9172 0.377317 0.103871 -0.91865 0.381173 -0.195442 0.625025 0.755742 0.0344171 -0.0863751 0.995668 0.06968 0.0488992 0.99637 0.508916 -0.53523 0.674191 0.703882 -0.204103 0.680361 0.0520514 0.0702462 0.996171 -0.425261 0.462171 0.778172 -0.644705 0.380903 0.662773 -0.613607 0.68553 0.391836 -0.805408 0.453323 0.381859 0.885864 -0.30631 0.348452 0.653736 -0.658267 0.373247 0.171759 -0.619866 0.76568 0.252326 -0.891214 0.376921 -0.208703 0.900116 0.382405 -0.0379992 0.112913 0.992878 -0.614202 0.355017 0.704783 0.313404 0.940654 0.130184 0.648118 -0.115976 0.752657 0.399926 0.912147 0.0897069 -0.811119 0.44388 0.380862 0.276795 0.960123 0.0393464 0.0282704 0.294135 -0.955346 -0.605634 0.492447 -0.625063 0.736759 -0.0117118 -0.676054 0.922914 -0.101326 -0.371434 0.903938 -0.242036 -0.352583 0.689601 -0.099378 -0.717339 0.5929 -0.527028 -0.608861 0.666723 -0.645909 -0.371863 0.122528 0.0510312 -0.991152 0.105544 0.208087 -0.972399 -0.377482 0.601115 -0.704392 -0.55754 0.461006 -0.690379 -0.652343 0.650505 -0.388961 -0.777552 0.501292 -0.379631 0.252474 -0.891183 -0.376894 0.170019 -0.576058 -0.799532 0.0147913 0.0100692 -0.99984 -0.142986 0.59436 -0.791386 -0.234797 0.893595 -0.382568 0.112684 -0.686645 -0.718207 0.128329 -0.917827 -0.375665 0.089871 -0.786368 -0.611187 0.0184785 -0.116737 -0.992991 0.0106104 0.0702897 -0.99747 -0.0395067 0.594733 -0.802952 -0.0711128 0.7959 -0.601238 -0.0590579 0.922298 -0.38194 -0.0849586 0.920774 -0.380732 0.10403 -0.920057 -0.377721 -0.770772 0.515186 -0.374825 0.363664 0.931529 -0.00146424 0.906714 -0.198459 0.372134 -0.11202 -0.685208 0.719681 -0.0179458 -0.11373 0.99335 -0.0892567 -0.784624 0.613513 -0.00966481 0.0668528 0.997716 0.0391654 0.596609 0.801575 0.0737911 0.796277 0.600415 0.0589425 0.923771 0.378382 0.0879803 0.922208 0.376552 -0.127967 -0.917203 0.377309 -0.103874 -0.91865 0.381173 0.195453 0.625022 0.755742 -0.0344171 -0.0863751 0.995668 -0.0696808 0.0488934 0.99637 -0.508923 -0.535233 0.674183 -0.703896 -0.204109 0.680345 -0.0520303 0.0702623 0.996171 0.425276 0.462191 0.778151 0.644684 0.380887 0.662803 0.61359 0.685523 0.391874 0.805338 0.45326 0.382081 -0.88588 -0.306314 0.348409 -0.653741 -0.658263 0.373247 -0.171759 -0.619866 0.765679 -0.252326 -0.891216 0.376917 0.208703 0.900116 0.382405 0.0380192 0.112916 0.992877 0.61421 0.355 0.704784 -0.313404 0.940654 0.130184 -0.648118 -0.115976 0.752657 -0.399925 0.912147 0.0897072 -0.906721 -0.198463 0.372113 -0.363664 0.931529 -0.00146418 -0.276795 0.960123 0.0393464 0.811104 0.443844 0.380938 0.605644 0.492457 -0.625045 0.770772 0.515186 -0.374825 -0.0282783 0.294134 -0.955346 -0.736768 -0.0117166 -0.676044 -0.922913 -0.101333 -0.371434 -0.903953 -0.24205 -0.352535 -0.689622 -0.0993887 -0.717316 -0.592908 -0.527035 -0.608846 -0.666727 -0.645905 -0.371862 -0.122523 0.0510319 -0.991153 -0.105549 0.208083 -0.972399 0.37749 0.601103 -0.704398 0.557556 0.461014 -0.69036 0.652364 0.650505 -0.388927 0.777577 0.501304 -0.379564 -0.252473 -0.891184 -0.376892 -0.170018 -0.576058 -0.799531 -0.0147904 0.0100717 -0.99984 0.142994 0.594354 -0.791389 0.234805 0.893591 -0.382573 -0.112684 -0.686647 -0.718205 -0.128329 -0.91783 -0.37566 -0.0898726 -0.786369 -0.611185 -0.0184787 -0.116738 -0.992991 -0.0106105 0.070289 -0.99747 0.0395072 0.594733 -0.802952 0.0711123 0.7959 -0.601237 0.0590586 0.922299 -0.381938 0.0849588 0.920777 -0.380726 -0.104033 -0.920057 -0.377721 0.964398 -0.0176295 0.263868 0.442006 0.666664 0.600158 0.385496 0.702634 0.598079 0.937247 -0.0525931 0.344677 0.40915 0.644985 0.645438 0.985897 -0.0403523 0.162417 0.324643 0.834571 0.445082 0.986145 0.123991 0.110203 0.412167 0.899509 0.144923 -0.0405293 0.97939 0.197871 0.0572571 0.89821 0.435821 -0.152878 0.900841 0.406343 -0.107437 0.829303 0.548374 -0.0490717 0.833273 0.55068 0.0651128 0.80108 0.595005 0.194294 0.533612 0.823109 0.507338 -0.156632 0.847393 0.796453 -0.3328 0.504883 0.336883 -0.462266 0.820256 0.866846 -0.491221 -0.0853271 0.857188 -0.506575 -0.0927979 0.819484 -0.553816 -0.147422 0.395784 -0.881248 0.258372 0.253192 -0.92267 0.290816 0.279022 -0.88623 0.369789 0.69228 -0.715183 0.0962353 0.78632 -0.60912 -0.103312 0.197477 -0.973472 0.115563 -0.176478 0.847875 0.499964 -0.248723 0.842411 0.477996 -0.318909 0.781 0.536969 -0.328282 0.842926 0.42627 -0.249779 0.954815 0.161054 -0.165805 0.985973 -0.0191543 -0.217944 0.975838 -0.0155058 0.206665 0.97833 -0.0126251 0.905608 0.423396 -0.0246924 0.821029 -0.568567 -0.0514066 0.0827237 -0.893141 -0.442104 0.079103 -0.849812 -0.521117 0.0830875 -0.923405 -0.374727 0.0618802 -0.851485 -0.520715 0.0810009 -0.968507 -0.235444 0.0756023 -0.984082 -0.160829 0.0479451 -0.871812 -0.487488 0.0657643 -0.887107 -0.456855 0.0972562 -0.919799 -0.380145 0.163167 -0.911146 -0.378404 0.179772 -0.924434 -0.33631 0.230691 -0.890623 -0.391883 0.0743396 -0.993107 -0.0906248 0.0690502 -0.994049 -0.0842495 -0.964396 -0.0176324 0.263874 -0.442002 0.666665 0.60016 -0.937246 -0.0525942 0.344679 -0.385495 0.702631 0.598082 -0.409149 0.644987 0.645437 -0.985892 -0.0403043 0.162458 -0.324571 0.834597 0.445086 -0.977382 0.122854 0.172135 -0.407143 0.896412 0.175159 0.0582794 0.984242 0.166948 0.153132 0.900816 0.406302 0.134232 0.82285 0.552177 0.0491247 0.833283 0.550659 -0.0651156 0.801081 0.595004 -0.194295 0.533612 0.823108 -0.507338 -0.156629 0.847393 -0.796453 -0.332797 0.504885 -0.336884 -0.462266 0.820256 -0.864418 -0.500553 -0.0472092 -0.857283 -0.506432 -0.0926954 -0.819514 -0.553788 -0.147365 -0.786318 -0.609122 -0.10331 -0.692279 -0.715184 0.0962347 -0.395784 -0.881248 0.258374 -0.253191 -0.92267 0.290817 -0.279022 -0.88623 0.369789 -0.197476 -0.973472 0.115563 0.176492 0.847874 0.49996 0.248765 0.842432 0.477937 0.319133 0.781006 0.536827 0.328718 0.842839 0.426106 0.246529 0.957448 0.150057 0.160653 0.986344 -0.0362822 0.20391 0.978357 -0.0351763 -0.201708 0.9794 0.00946663 -0.897643 0.433355 0.0802536 -0.822989 -0.565572 0.0530776 -0.0791096 -0.849816 -0.521108 -0.082734 -0.89315 -0.442083 -0.0831115 -0.923409 -0.374711 -0.0618818 -0.851489 -0.520708 -0.0810844 -0.969223 -0.232447 -0.0753355 -0.98508 -0.154734 -0.0479455 -0.871813 -0.487486 -0.0657638 -0.887108 -0.456854 -0.097256 -0.9198 -0.380144 -0.163168 -0.911146 -0.378403 -0.179773 -0.924434 -0.336309 -0.230693 -0.890622 -0.391883 -0.073869 -0.993938 -0.0814254 -0.0680237 -0.994856 -0.0750631 -0.222008 0.934578 -0.277988 -0.540938 0.7844 -0.303483 -0.529182 0.631268 -0.566981 -0.926162 0.132611 -0.353042 -0.239324 0.969634 -0.0503414 -0.665523 0.74107 -0.0888511 -0.261829 0.965061 -0.0100885 -0.64181 0.765856 -0.0392905 -0.282834 0.959168 -0.000852523 -0.618947 0.785113 -0.0224055 -0.985225 0.121419 -0.120789 -0.987381 0.124063 -0.0984192 -0.774543 -0.602779 -0.191679 -0.784142 -0.597119 -0.169028 -0.536957 -0.81747 -0.208373 -0.532257 -0.825076 -0.189613 -0.591743 0.806029 -0.0125513 -0.976588 0.200472 -0.0780139 -0.563285 0.826244 -0.00559653 -0.961074 0.266568 -0.0726569 -0.803483 -0.573015 -0.161461 -0.803505 -0.573886 -0.158222 -0.496071 -0.847718 -0.187849 -0.4814 -0.859392 -0.172335 -0.321682 0.946826 0.00643603 -0.303962 0.95268 0.0027503 -0.540683 0.841226 -0.000654523 -0.951836 0.29909 -0.0674745 -0.330207 0.943814 0.0133554 -0.802189 -0.579449 -0.143981 -0.485303 -0.858759 -0.16436 -0.995277 0.0429159 -0.0870691 -0.802261 -0.583391 -0.126618 -0.489909 -0.862334 -0.127939 -0.583549 0.812058 -0.00569554 -0.334191 0.942408 0.0135874 -0.830861 -0.547309 -0.100612 -0.493793 -0.862326 -0.112083 -0.823164 -0.558782 -0.100818 -0.500298 -0.858808 -0.110227 -0.788395 -0.607152 -0.0989957 -0.498709 -0.860442 -0.104537 -0.785438 -0.613405 -0.0825962 -0.48987 -0.868549 -0.0751622 -0.984898 0.144892 -0.0947712 -0.960659 -0.266577 -0.0779117 -0.74918 -0.654935 -0.0989441 -0.37246 -0.922074 -0.105136 -0.960777 -0.262564 -0.089264 -0.968634 0.221515 -0.112606 -0.538406 0.830172 -0.144685 -0.507918 0.852278 -0.125062 -0.346916 0.927421 -0.139783 -0.368389 0.910071 -0.189895 -0.96511 -0.247413 -0.0857347 -0.917599 0.0890042 -0.387415 -0.830427 -0.503094 -0.239346 -0.842362 -0.304417 -0.444698 -0.907759 -0.112033 -0.404256 -0.752747 0.339096 -0.564258 -0.50721 0.65428 -0.560941 -0.530284 0.783217 -0.324607 -0.320022 0.78779 -0.526282 -0.373643 0.861276 -0.344376 -0.361105 0.807556 -0.466322 -0.968149 -0.231569 -0.0952035 -0.972867 -0.215489 -0.0842289 -0.415543 -0.900474 -0.128339 -0.144613 -0.987478 -0.0630335 -0.518726 -0.814379 -0.260211 -0.791344 -0.568135 -0.225824 -0.525321 -0.818864 -0.231299 -0.982706 0.100592 -0.155469 -0.795687 -0.454653 -0.400215 -0.474405 -0.771915 -0.423186 -0.431468 -0.694943 -0.575229 -0.796598 -0.157595 -0.583605 -0.66184 0.746075 -0.0730671 -0.449709 0.890281 -0.0718404 -0.474481 0.877296 -0.0722415 -0.328121 0.942225 -0.0674386 -0.328145 0.942088 -0.0692154 -0.328936 0.941839 -0.0688504 -0.329841 0.941544 -0.0685613 -0.33065 0.941162 -0.0698873 -0.329242 0.941664 -0.0697772 -0.330829 0.941083 -0.0701089 -0.328269 0.942052 -0.0691214 -0.326923 0.942492 -0.069503 -0.665794 0.742611 -0.0724362 -0.657102 0.751666 -0.0567065 -0.650518 0.757707 -0.0520162 -0.645157 0.76365 -0.024703 -0.639226 0.768626 -0.0245831 -0.647133 0.762179 -0.0173394 -0.647007 0.762252 -0.0188055 -0.652467 0.757585 -0.0187522 -0.612876 0.70498 0.356913 -0.647042 0.762291 -0.0157829 -0.658855 0.75202 -0.0193985 -0.650048 0.667877 0.362461 -0.472938 0.534584 0.700392 -0.683912 0.728703 -0.0354535 -0.622528 0.653443 0.430664 -0.522686 0.478168 0.705801 -0.494321 0.868984 -0.0226715 -0.760157 0.619229 0.196764 -0.118296 0.894933 0.430234 -0.325904 0.9454 0.0024236 -0.241305 0.662084 0.709518 -0.0518101 -0.0320405 0.998143 -0.0518111 -0.0320383 0.998143 -0.468447 -0.16944 0.867091 -0.0521339 -0.031406 0.998146 -0.0291554 -0.00787865 0.999544 0.773882 0.438927 0.456563 0.337118 0.94139 0.0116766 0.870065 0.49291 0.00523314 0.287261 0.781019 0.554519 -0.358786 0.933335 0.0125931 -0.240454 0.660154 0.711603 0.0160738 0.0075652 0.999842 0.619149 0.350544 0.70269 -0.942411 -0.330633 -0.0504279 -0.939018 -0.3399 -0.0520916 -0.937417 -0.344176 -0.0528413 -0.932492 -0.356931 -0.0553071 -0.540411 0.841138 -0.0210307 -0.662115 0.748994 -0.0247186 -0.665727 0.746093 -0.0123552 -0.673592 0.737022 -0.0554275 -0.500347 0.865806 0.00580785 -0.334261 0.942479 -0.00133685 -0.324294 0.945769 0.0188288 -0.33148 0.942709 -0.0376812 -0.491689 0.868879 -0.0573677 -0.671824 0.739961 -0.0333082 -0.663986 0.747584 -0.0155423 -0.489079 0.869743 -0.0659477 -0.605936 0.792396 -0.0703598 -0.351322 0.934468 -0.057815 -0.353155 0.933652 -0.0597957 -0.682429 0.727053 -0.0753895 -0.686547 0.722674 -0.0799781 -0.345795 0.936895 -0.0515126 -0.320729 0.945929 -0.0484973 -0.317186 0.947736 -0.0345062 -0.333408 0.942363 0.0281273 -0.528644 0.848783 0.0101167 -0.676612 0.736262 -0.0106854 -0.32655 0.944755 0.0283483 -0.57506 0.818111 0.000125739 -0.670151 0.742217 -0.00340047 -0.701655 0.712257 -0.0192309 -0.645079 0.764111 0.00264083 -0.293144 0.955641 0.028585 -0.289294 0.957086 0.0171821 -0.295083 0.955354 0.0150184 -0.298761 0.954134 0.0192467 -0.679973 0.733067 -0.0157749 -0.302248 0.953212 -0.00569811 -0.296968 0.954752 0.0160823 -0.302661 0.953012 0.0128531 -0.637336 0.770558 0.00662032 -0.613658 0.789569 -0.00214989 -0.326657 0.943398 -0.0574005 -0.328769 0.941833 -0.0697259 -0.33046 0.941276 -0.0692435 -0.354096 0.933044 -0.0635995 -0.342017 0.937194 -0.068501 -0.653673 0.753358 -0.0718616 0.848147 0.529289 0.0223592 0.84596 0.532759 0.0228155 0.85032 0.52581 0.0219026 -0.688561 -0.132457 -0.712979 -0.68459 -0.130881 -0.717082 -0.690988 -0.119257 -0.712961 -0.68194 -0.144784 -0.716935 0.427464 0.159156 -0.889913 0.840813 0.310068 -0.443726 0.658707 0.24202 -0.712413 0.659429 0.23951 -0.712592 -0.399426 -0.214703 -0.89127 -0.773726 -0.428739 -0.466403 -0.615036 -0.342546 -0.710206 -0.61206 -0.347623 -0.71031 0.338741 0.277149 -0.899135 0.716116 0.556015 -0.421932 0.7174 0.557297 -0.41804 0.364596 0.270959 -0.890871 0.33959 0.297583 -0.892257 0.686781 0.586218 -0.429745 0.763238 0.645781 0.0208559 0.770342 0.637399 0.0171746 0.541549 0.447032 0.71196 0.543188 0.445213 0.711851 0.848615 0.522963 0.079762 0.843346 0.531536 0.0789748 0.853798 0.514337 0.080541 0.41732 0.127412 -0.899783 2.32854e-010 -0.00207566 -0.999998 4.65709e-010 0 -1 0.855421 0.251458 -0.452796 0.856676 0.251867 -0.450188 0.429281 0.123346 -0.894709 -0.41732 0.127412 -0.899783 -0.855421 0.251458 -0.452796 -0.856676 0.251867 -0.450188 -0.429281 0.123346 -0.894709 0.688561 -0.132457 -0.712979 0.690988 -0.119257 -0.712961 0.68459 -0.130881 -0.717082 0.68194 -0.144784 -0.716935 -0.427464 0.159156 -0.889913 -0.840813 0.310068 -0.443726 -0.658707 0.24202 -0.712413 -0.659429 0.23951 -0.712592 0.399426 -0.214703 -0.89127 0.773726 -0.428739 -0.466403 0.615036 -0.342546 -0.710206 0.61206 -0.347623 -0.71031 -0.338741 0.277149 -0.899135 -0.716116 0.556014 -0.421932 -0.7174 0.557297 -0.41804 -0.364596 0.270959 -0.890871 -0.33959 0.297583 -0.892257 -0.686781 0.586218 -0.429745 -0.763238 0.645781 0.0208559 -0.770342 0.637399 0.0171746 -0.541549 0.447032 0.71196 -0.543188 0.445213 0.711851 0.800716 0.598843 0.015536 0.79837 0.601959 0.015863 0.80305 0.595717 0.0152087 0.000843236 0.000577467 0.999999 0.000828612 0.000614679 0.999999 0.540938 0.7844 -0.303483 0.222008 0.934578 -0.277988 0.529182 0.631268 -0.566981 0.926162 0.132611 -0.353042 0.239324 0.969634 -0.0503414 0.665523 0.74107 -0.0888511 0.261829 0.965061 -0.0100885 0.64181 0.765856 -0.0392905 0.282834 0.959168 -0.000852525 0.618947 0.785113 -0.0224055 0.985225 0.121419 -0.120789 0.987381 0.124063 -0.0984192 0.774543 -0.602779 -0.191679 0.784142 -0.597119 -0.169028 0.536957 -0.81747 -0.208373 0.532257 -0.825075 -0.189613 0.591743 0.806029 -0.0125513 0.976588 0.200472 -0.0780139 0.563285 0.826244 -0.00559652 0.961074 0.266568 -0.0726569 0.803483 -0.573015 -0.161461 0.803505 -0.573886 -0.158222 0.496071 -0.847718 -0.187849 0.4814 -0.859392 -0.172335 0.321682 0.946826 0.00643603 0.303962 0.95268 0.0027503 0.540683 0.841226 -0.000654521 0.951836 0.29909 -0.0674745 0.330207 0.943814 0.0133554 0.802189 -0.579449 -0.143981 0.485303 -0.858759 -0.16436 0.995277 0.0429159 -0.0870691 0.802261 -0.583391 -0.126618 0.489909 -0.862334 -0.127939 0.583549 0.812058 -0.00569554 0.334191 0.942408 0.0135874 0.830861 -0.547309 -0.100612 0.493793 -0.862326 -0.112083 0.823164 -0.558782 -0.100818 0.500298 -0.858808 -0.110227 0.788395 -0.607152 -0.0989957 0.498709 -0.860442 -0.104537 0.785372 -0.61347 -0.0827308 0.48987 -0.868549 -0.0751622 0.984828 0.14511 -0.0951676 0.960659 -0.266577 -0.0779117 0.748913 -0.655191 -0.0992657 0.37246 -0.922074 -0.105136 0.960777 -0.262564 -0.089264 0.98842 0.119337 -0.0937258 0.571983 0.807523 -0.144024 0.507918 0.852278 -0.125062 0.346916 0.927421 -0.139783 0.368389 0.910071 -0.189895 0.96511 -0.247413 -0.0857347 0.915312 0.167969 -0.366047 0.829847 -0.505693 -0.235857 0.846539 -0.309326 -0.433231 0.913379 -0.115095 -0.390502 0.758239 0.34414 -0.553752 0.502666 0.660423 -0.557824 0.491129 0.795895 -0.35404 0.320022 0.78779 -0.526282 0.373643 0.861276 -0.344376 0.361105 0.807556 -0.466322 0.968149 -0.231569 -0.0952035 0.972867 -0.215489 -0.0842289 0.415543 -0.900474 -0.128339 0.144613 -0.987478 -0.0630335 0.791344 -0.568135 -0.225824 0.518726 -0.814379 -0.260211 0.525321 -0.818864 -0.231299 0.982706 0.100592 -0.155469 0.795687 -0.454653 -0.400215 0.474405 -0.771915 -0.423186 0.431468 -0.694943 -0.575229 0.796598 -0.157595 -0.583605 0.449709 0.890281 -0.0718404 0.66184 0.746075 -0.0730671 0.474481 0.877296 -0.0722415 0.328121 0.942225 -0.0674386 0.328145 0.942088 -0.0692154 0.328936 0.941839 -0.0688503 0.329841 0.941544 -0.0685613 0.33065 0.941162 -0.0698873 0.329242 0.941664 -0.0697772 0.330829 0.941083 -0.0701089 0.328269 0.942052 -0.0691214 0.326923 0.942492 -0.069503 0.665794 0.742611 -0.0724362 0.657102 0.751666 -0.0567065 0.650518 0.757707 -0.0520162 0.645157 0.76365 -0.024703 0.639226 0.768626 -0.0245831 0.647133 0.762179 -0.0173394 0.647007 0.762252 -0.0188055 0.652467 0.757585 -0.0187522 0.612876 0.70498 0.356913 0.647042 0.762291 -0.0157829 0.658855 0.75202 -0.0193985 0.650048 0.667877 0.362461 0.472938 0.534584 0.700392 0.683912 0.728703 -0.0354535 0.622528 0.653443 0.430664 0.522686 0.478168 0.705801 0.494321 0.868984 -0.0226715 0.76131 0.617729 0.197023 0.118296 0.894932 0.430235 0.325904 0.9454 0.0024236 0.241305 0.662084 0.709518 0.0518101 -0.0320405 0.998143 0.0518111 -0.0320383 0.998143 0.468447 -0.16944 0.867091 0.0521339 -0.031406 0.998146 0.0291554 -0.00787865 0.999544 -0.773883 0.438924 0.456564 0.938686 -0.340961 -0.0511268 0.935234 -0.350209 -0.0518781 0.934602 -0.351934 -0.0515937 0.932629 -0.356984 -0.0525875 -0.336923 0.941459 0.011756 0.359183 0.933183 0.0124964 -0.287154 0.781107 0.554449 0.24054 0.660365 0.711378 -0.0160738 0.00756521 0.999842 -0.619149 0.350544 0.70269 -0.870067 0.492906 0.00523243 0.662115 0.748994 -0.0247186 0.540411 0.841138 -0.0210307 0.665727 0.746093 -0.0123552 0.673592 0.737022 -0.0554275 0.500347 0.865806 0.00580785 0.334261 0.942479 -0.00133685 0.324294 0.945769 0.0188288 0.33148 0.942709 -0.0376812 0.491689 0.868879 -0.0573677 0.671824 0.739961 -0.0333082 0.663986 0.747584 -0.0155423 0.489079 0.869743 -0.0659477 0.605935 0.792396 -0.0703598 0.351322 0.934468 -0.057815 0.353155 0.933652 -0.0597957 0.682429 0.727053 -0.0753895 0.686547 0.722674 -0.0799781 0.345795 0.936895 -0.0515126 0.320729 0.945929 -0.0484973 0.317186 0.947736 -0.0345062 0.333408 0.942363 0.0281273 0.528644 0.848783 0.0101167 0.676612 0.736262 -0.0106854 0.32655 0.944754 0.0283478 0.575059 0.818112 0.000125315 0.670301 0.742081 -0.00341752 0.701655 0.712257 -0.0192309 0.645337 0.763893 0.00261272 0.293144 0.955641 0.028585 0.289257 0.957097 0.0171815 0.295046 0.955365 0.0150183 0.298761 0.954134 0.0192467 0.679973 0.733067 -0.0157749 0.302248 0.953212 -0.00569812 0.637728 0.770234 0.00657887 0.613658 0.789569 -0.00214893 0.296912 0.954769 0.0160833 0.302661 0.953012 0.0128544 0.326657 0.943398 -0.0574006 0.328769 0.941833 -0.0697259 0.33046 0.941276 -0.0692435 0.342017 0.937194 -0.068501 0.354096 0.933044 -0.0635995 0.653673 0.753358 -0.0718616 -0.848147 0.529289 0.0223592 -0.84596 0.532759 0.0228155 -0.85032 0.52581 0.0219026 -0.848615 0.522963 0.079762 -0.853798 0.514337 0.0805411 -0.843346 0.531536 0.0789748 -0.800716 0.598842 0.015536 -0.79837 0.601959 0.015863 -0.80305 0.595717 0.0152087 -0.000843236 0.000577466 0.999999 -0.000828612 0.000614679 0.999999 0.0482582 0.934196 0.353483 0.0162342 0.945717 0.324585 0.0256326 0.934634 0.354685 0.0297093 0.946523 0.321266 0.000781007 0.949445 0.313934 -0.0112525 0.953594 0.300886 0.071081 0.920603 0.383976 0.210998 0.902893 0.374518 0.268945 0.891021 0.365719 0.444496 0.840555 0.309662 0.964375 -0.0425132 0.2611 0.971076 -0.0302142 0.23685 0.967634 -0.0264048 0.250971 0.974142 -0.0240544 0.224652 0.977302 -0.0378113 0.208451 -0.0931735 -0.800355 0.592242 -0.162765 -0.743774 0.648312 -0.109323 -0.690402 0.715118 -0.0246494 -0.843905 0.535926 0.180955 -0.884878 0.429238 -0.0510472 -0.685335 0.726437 -0.0682365 -0.589645 0.804775 0.58298 -0.704832 0.40416 0.663176 -0.657246 0.358084 0.81589 -0.54966 0.179437 0.460275 -0.7547 0.46752 0.456771 -0.770704 0.444269 0.501949 -0.763581 0.40619 0.497852 -0.199975 0.843892 0.69869 -0.0706904 0.711924 0.790704 -0.191282 0.581548 0.874707 -0.0950043 0.475249 0.496572 -0.397789 0.771479 0.410006 -0.360782 0.837694 0.411808 -0.457198 0.788279 0.488601 -0.314441 0.813877 0.357064 -0.0906065 0.929675 0.311882 0.0472545 0.948945 0.237579 0.086532 0.967506 -0.0162327 0.945717 0.324587 -0.0484221 0.934238 0.353348 -0.0260762 0.934615 0.354705 -0.0297093 0.946523 0.321266 -0.000781004 0.949445 0.313934 0.0112525 0.953594 0.300886 -0.0710946 0.920662 0.383833 -0.285273 0.890473 0.354509 -0.38102 0.862953 0.331867 -0.642185 0.733379 0.223056 -0.970407 -0.0307854 0.239503 -0.973191 -0.0249131 0.228646 -0.975807 -0.0377786 0.215347 -0.967466 -0.0272806 0.251524 -0.964375 -0.0425132 0.2611 -0.663176 -0.657246 0.358084 -0.58298 -0.704832 0.40416 -0.81589 -0.54966 0.179437 -0.460275 -0.7547 0.46752 -0.456771 -0.770704 0.444269 -0.501949 -0.763581 0.40619 0.0246494 -0.843905 0.535926 -0.180955 -0.884878 0.429238 0.0931849 -0.800484 0.592065 0.162789 -0.743939 0.648116 0.109443 -0.690578 0.71493 0.0512069 -0.685373 0.726389 0.0685145 -0.589634 0.80476 -0.69869 -0.0706904 0.711924 -0.497852 -0.199975 0.843892 -0.790704 -0.191282 0.581548 -0.311882 0.0472545 0.948945 -0.874707 -0.0950043 0.475249 -0.496572 -0.397789 0.771479 -0.410006 -0.360782 0.837694 -0.411808 -0.457198 0.788279 -0.488601 -0.314441 0.813877 -0.357064 -0.0906065 0.929675 -0.237579 0.086532 0.967506 0.378269 0.0723777 0.922862 0.613722 -0.0102389 0.789456 0.362909 0.0903939 0.92743 0.632282 0.0344551 0.773972 0.82963 -0.0588379 0.555205 0.801635 -0.1241 0.584791 0.829828 0.0481213 0.55594 0.618628 0.0962042 0.779772 0.798868 0.0309471 0.60071 0.565432 0.0553564 0.822935 0.28965 0.107254 0.951104 0.358403 0.0882476 0.929386 0.28294 0.0782838 0.955938 0.173592 0.104586 0.979248 0.223359 0.0187131 0.974556 0.142629 0.0466198 0.988678 0.642145 -0.187165 0.743384 0.78487 -0.170632 0.595704 0.306278 -0.195847 0.931578 0.501751 -0.514047 0.695702 0.667125 -0.495801 0.555991 0.240133 -0.518624 0.820588 0.0997377 -0.282305 0.954126 0.0918783 -0.611833 0.785633 0.502333 -0.675001 0.540403 0.429362 -0.769561 0.472678 0.253853 -0.753941 0.605914 0.117532 -0.786923 0.605755 0.177664 -0.859584 0.479115 -0.00780885 0.0990325 -0.995054 0.184283 0.293062 -0.938165 0.207027 0.0795627 -0.975095 0.47379 0.276208 -0.836201 0.271701 0.38884 -0.880331 0.618555 0.0414188 -0.784649 0.382818 0.298891 -0.874137 0.819656 0.226893 -0.526008 0.904162 0.0885016 -0.417921 0.847914 0.00648912 -0.530093 0.974717 0.0582927 -0.215705 0.915852 0.22878 -0.329962 0.874982 0.322116 -0.361453 0.758936 0.351506 -0.548142 0.58129 0.344335 -0.737249 0.639001 0.0504144 -0.767552 0.523364 0.350733 -0.77658 0.691029 0.434399 -0.577734 0.492076 0.624237 -0.606786 0.0205017 0.590486 -0.806788 0.0110022 0.42109 -0.906952 -0.207845 0.536947 -0.817611 -0.257748 0.495259 -0.829629 -0.147502 0.234201 -0.960933 0.195276 0.0797645 -0.977499 0.490392 0.835327 -0.248485 0.64325 0.729372 -0.232909 0.584344 0.805673 -0.0971253 0.861546 0.384354 -0.33168 0.575802 0.549257 -0.605614 0.445425 0.765545 -0.464259 0.186081 0.664184 -0.724039 0.0100746 0.632181 -0.774755 -0.0466809 0.64202 -0.765265 0.336556 0.936611 -0.097411 0.893202 0.0875063 -0.441059 0.991454 -0.0103788 -0.130039 0.520039 0.361823 -0.773721 0.566073 0.39139 -0.725517 0.260006 0.490174 -0.831941 0.219278 0.427908 -0.876819 0.0547642 0.502889 -0.862614 0.0510581 0.434307 -0.899317 -0.251408 0.496756 -0.830679 0.982108 -0.117547 -0.147125 0.849836 0.0771448 -0.521371 0.954625 -0.145534 -0.259828 0.779935 0.192124 -0.595643 0.446368 0.517015 -0.730377 0.291109 0.564198 -0.772616 0.926678 0.0698147 0.369315 0.961885 -0.0182173 0.272846 0.995139 -0.00219959 0.0984566 0.922623 -0.0245782 0.38492 0.989504 -0.0158623 0.14363 0.854651 0.188221 0.483884 0.865708 0.260113 0.427658 0.788971 0.275448 0.54923 0.71249 0.214208 0.668187 0.98298 0.183667 -0.00420976 0.753074 0.414984 0.510557 0.985715 0.0621726 -0.156529 0.965647 0.222356 -0.134479 0.942997 0.327462 -0.0593711 0.942359 0.333534 -0.0267305 0.954818 0.289827 0.0657433 0.845773 0.0931428 0.52535 0.46999 0.54736 0.692464 0.35198 0.674536 0.648931 0.318019 0.61877 0.718322 0.175135 0.832898 0.524985 0.610777 0.692086 0.384666 0.202507 0.951909 0.229913 0.585032 0.78441 0.206009 0.952837 0.303236 0.012227 0.985332 0.0389486 0.166146 0.983296 -0.166421 0.0737096 0.943309 -0.256705 0.210404 0.907324 0.0850423 0.411742 0.694798 0.051472 0.717361 0.683747 0.472163 0.556374 0.537833 0.372096 0.756492 0.169507 0.601334 0.780811 0.123966 0.630355 0.766346 0.30424 0.192643 0.932913 0.550968 -0.581279 0.598791 0.48524 -0.634688 0.601426 0.379822 -0.924968 -0.0129994 0.339414 -0.0684271 0.938145 0.0023402 0.513881 0.857858 -0.0246828 0.686579 0.726636 0.958703 -0.231168 0.165678 0.0982303 0.385882 0.917304 0.176827 0.398805 0.899826 0.285527 0.540441 0.791453 0.993512 0.0511222 0.101591 0.69376 -0.0132437 0.720084 0.744588 0.200492 0.636703 0.981616 -0.188774 0.0281776 0.198157 0.173019 0.964779 -0.0365547 -0.0605829 0.997494 0.595505 -0.0529083 0.801608 0.953708 -0.243994 0.175804 0.628353 -0.182414 0.756239 0.0208501 0.0786783 0.996682 0.00651852 -0.185075 0.982703 -0.00590316 -0.514595 0.857413 0.74374 -0.298839 0.597952 0.991226 -0.102139 0.0839014 0.991082 -0.023925 0.131092 0.632283 -0.501467 0.59055 0.804648 0.143192 -0.576227 0.717968 0.454306 -0.527379 0.708491 -0.324884 -0.626491 -0.627595 -0.173065 0.75906 -0.757635 -0.29587 0.581765 -0.879616 -0.227855 0.417562 -0.627407 -0.110131 0.770865 -0.904145 -0.213252 0.370196 -0.879939 -0.271736 0.3897 -0.654775 -0.501923 0.565104 0.0236043 -0.272479 -0.961872 0.0342711 0.582922 -0.811805 -0.723977 0.215523 -0.655292 -0.70669 0.4588 -0.538601 -0.970128 0.0841927 -0.227516 -0.938015 -0.0703958 -0.339371 -0.911821 -0.186239 -0.365921 0.0162426 0.594101 -0.804227 -0.804684 -0.216254 -0.552918 -0.883384 -0.236566 -0.404561 0.821169 0.133808 -0.554777 0.149294 0.275957 -0.949505 -0.760688 0.154203 -0.630536 -0.0370785 0.17315 -0.984197 -0.839655 0.0729507 -0.538198 -0.654492 0.12438 -0.745768 0.0711363 0.158241 -0.984835 -0.965585 0.0260408 -0.258781 -0.9712 -0.0263639 -0.236801 0.701168 0.101347 -0.705757 0.795006 0.0684251 -0.602731 0.993296 -0.0565241 -0.100836 0.985069 -0.171845 0.0104462 0.79106 -0.259843 0.55381 0.666938 -0.409924 0.622218 0.00563454 -0.452304 0.891846 0.106095 -0.533432 0.839163 -0.628626 -0.414354 0.658134 -0.792529 -0.287181 0.537983 -0.891581 -0.274117 0.360477 -0.918792 -0.206808 0.336231 -0.718436 -0.502239 0.481255 -0.0814471 -0.71205 0.697389 -0.017722 -0.553503 0.832659 0.63347 -0.496256 0.593672 0.953904 -0.253549 0.160564 0.439288 -0.431131 -0.788132 0.0101676 -0.553667 -0.832676 -0.428244 -0.601964 -0.673979 -0.200529 -0.556756 -0.806109 0.823317 -0.247095 -0.510973 0.840134 -0.0877491 -0.535233 0.960451 0.274526 0.0465804 0.8287 0.124514 -0.545667 0.497144 -0.252753 -0.830038 0.611561 0.0278278 -0.790708 0.810009 0.354251 -0.467323 0.617656 0.246221 -0.746911 0.528487 -0.0507096 -0.847426 0.877639 0.467133 0.107406 0.283325 -0.40698 -0.868386 0.689247 0.33562 0.642104 0.720042 0.414273 0.556702 0.206314 0.291951 0.933916 0.807962 0.439225 0.392783 -0.480348 0.0452687 0.875909 -0.651484 -0.0907933 0.75321 -0.828025 -0.0852033 0.554179 -0.829333 -0.199018 0.52211 0.852378 0.477428 -0.21334 0.783189 0.491602 -0.380714 0.72198 0.415518 0.553253 0.830618 0.530543 0.169111 0.808003 0.584238 -0.0761411 0.727877 0.524144 0.442117 0.673567 0.608327 -0.419816 0.623705 0.516242 -0.586929 0.601736 0.369452 -0.708109 0.61316 0.306395 -0.728119 0.591447 0.00575882 -0.806323 0.600075 0.244725 -0.76159 0.573209 -0.0895408 -0.814502 0.518745 -0.242311 -0.819871 0.285785 0.282885 0.915589 0.190102 0.192153 0.962776 -0.0184436 0.152848 0.988078 -0.00158044 0.00974245 0.999951 0.155226 -0.899721 0.407929 0.127349 -0.392754 0.910784 0.130992 0.00650816 0.991362 0.128879 -0.986513 0.100906 0.153818 -0.983568 0.094515 -1.87195e-009 -0.994474 0.10498 0 -0.9935 0.11383 -0.128879 -0.986513 0.100906 -0.153818 -0.983568 0.094515 -0.155226 -0.899721 0.407929 -0.127349 -0.392754 0.910784 -0.130992 0.00650816 0.991362 0.708982 -0.679796 -0.187675 0.58 -0.804924 -0.125285 0.815437 -0.556387 -0.159676 0.583139 -0.784615 -0.210542 0.34206 -0.93149 -0.123783 0.173259 -0.982347 -0.0705358 0.121199 -0.990332 -0.0674767 0.099034 -0.993345 -0.0587986 0.44052 -0.723682 -0.53125 -0.112048 -0.610726 -0.783874 0.401494 -0.718412 -0.568055 0.00447632 -0.458764 -0.888547 -0.90834 -0.274134 -0.315862 -0.953935 -0.124239 -0.273082 -0.747733 -0.64072 -0.174281 -0.49434 -0.865308 -0.0828876 0.139014 -0.989636 0.0359993 -0.914768 -0.368267 -0.166072 0.0899425 -0.877617 0.470848 0.921002 0.00942175 0.389445 0.928859 0.0312863 0.36911 0.912266 -0.0124518 0.409408 0.309061 -0.949876 0.0470986 0.65136 -0.21077 -0.728908 0.598857 0.0401534 -0.799849 0.503983 0.288236 -0.8142 0.589924 0.385052 0.709735 0.872528 0.361569 0.328577 0.85688 0.484598 0.175843 -0.135331 0.451055 0.882176 0.704759 0.536808 0.463846 0.683175 0.725347 0.0845246 0.473843 0.834988 0.279764 0.87519 0.482439 -0.0359977 0.724886 0.409997 0.553573 0.873125 0.22367 0.433156 0.875945 -0.0440348 0.480397 0.370469 0.553443 0.745958 -0.109468 0.849077 0.516802 -5.38934e-007 0.999949 -0.0100611 0.412612 0.875756 -0.250605 -0.683175 0.725346 0.0845246 -0.704759 0.536807 0.463846 -0.412613 0.875756 -0.250605 -0.85688 0.484598 0.175843 -0.872528 0.361569 0.328577 0.135331 0.451055 0.882176 -0.875189 0.482439 -0.0359978 -0.724886 0.409997 0.553573 -0.873125 0.22367 0.433155 -0.875945 -0.0440348 0.480397 -0.37047 0.553443 0.745957 0.764341 0.51039 0.394062 0.748967 0.655057 0.0997369 0.575088 0.802561 0.15865 0.264637 0.906536 0.328876 0.0240863 0.650114 0.759455 0.853891 0.139053 0.501533 0.940138 -0.0450633 0.337801 0.0402971 0.975773 -0.215042 -0.220808 0.952249 -0.21087 -0.461846 0.81455 -0.351007 -0.567851 0.823129 0.00216043 -0.841004 0.530294 -0.107238 -0.707868 0.676869 0.20192 -0.845463 0.393254 -0.361307 -0.950387 0.172241 -0.259031 -0.953036 0.247124 -0.175077 -0.937787 0.338609 -0.0768111 -0.966124 0.156978 -0.204849 -0.968788 0.158642 -0.190482 -0.916405 0.400251 -0.000674103 -0.816054 0.563141 0.130107 -0.967707 0.0973668 -0.232515 -0.96345 0.164112 -0.211736 -0.714572 0.615472 -0.332537 -0.964856 -0.0353099 -0.260397 -0.988065 0.0144973 -0.153354 -0.966294 0.246097 0.0755833 -0.745121 0.627659 0.225477 -0.714879 0.533922 0.451525 -0.494891 0.615402 0.613485 0.600842 0.705829 0.375226 0.374046 0.765191 0.523996 0.395318 0.813317 0.426896 0.734274 0.514124 0.443304 0.969326 0.180254 0.167078 0.939452 0.138539 0.313427 0.922815 -0.327971 0.202107 0.447432 -0.892636 0.0548248 0.48089 0.297308 0.824835 7.96522e-008 -1 -1.5766e-005 -0.782107 0.386185 0.489051 -0.900041 -0.314072 0.302134 -0.696061 -0.705759 0.13192 -0.921243 0.246134 0.301214 -0.635775 0.650012 0.416264 -0.587894 0.576924 0.567045 -0.540398 0.485232 0.687401 -0.764341 0.51039 0.394062 -0.213062 0.591852 0.777377 -0.853891 0.139052 0.501533 -0.264637 0.906536 0.328876 -0.575088 0.802561 0.15865 -0.748968 0.655057 0.0997367 -0.940138 -0.0450633 0.3378 -0.0402972 0.975773 -0.215042 0.220809 0.952249 -0.21087 0.461846 0.81455 -0.351007 0.567851 0.823129 0.00216041 0.841005 0.530294 -0.107237 0.707868 0.676869 0.201919 0.845463 0.393254 -0.361307 0.950387 0.172241 -0.259031 0.953036 0.247123 -0.175077 0.937787 0.338609 -0.0768114 0.966124 0.156976 -0.204849 0.968788 0.158641 -0.190482 0.916405 0.400251 -0.000673656 0.816054 0.563142 0.130107 0.967707 0.097365 -0.232515 0.963449 0.164112 -0.211737 0.714572 0.615472 -0.332537 0.964856 -0.0353102 -0.260397 0.988065 0.0144969 -0.153354 0.969636 0.241994 0.0352795 0.738098 0.649496 0.182664 0.712577 0.62547 0.317839 0.395973 0.821757 0.40978 0.494891 0.615402 0.613484 0.696415 0.616325 0.367627 0.953563 0.187178 0.235968 0.838041 0.341965 0.425143 0.9518 0.0809118 0.295856 -6.10067e-007 0.450927 0.892561 0.596783 0.640655 0.483126 0.983285 0.0496244 0.175179 0.453714 0.815284 0.359801 -0.9518 0.080912 0.295856 -0.838042 0.341964 0.425143 -0.596784 0.640655 0.483125 -0.953563 0.187179 0.235969 -0.696416 0.616324 0.367627 -0.983285 0.0496242 0.175179 -0.453715 0.815283 0.3598 0.715704 0.140457 0.684134 0.991946 0.0729125 0.103574 0.946632 0.0569311 0.317248 0.98875 0.065767 -0.13434 0.838471 0.187144 -0.511804 0.692186 0.272309 -0.668376 0.510226 0.325846 -0.795923 0.52416 0.33629 -0.78241 0.418396 0.122729 0.899935 -2.06838e-005 -0.999898 -0.01428 -0.000114719 -0.999894 -0.0145669 -2.5552e-008 -0.999896 -0.0144457 -0.000330785 -0.999896 -0.0144429 -0.000313864 -0.99989 -0.014817 -0.000101801 -0.999892 -0.0146996 -0.000579589 -0.999892 -0.0147107 -0.000104097 -0.999902 -0.0140058 -0.000510371 -0.9999 -0.0141283 0.000143302 -0.999905 -0.0137712 0.467295 0.83959 -0.27699 0.296109 -0.426414 -0.854687 3.12016e-008 -0.446435 -0.894816 -0.296109 -0.426414 -0.854687 0.92848 0.223644 -0.296494 0.765549 0.329579 -0.55255 0.953127 0.200992 -0.226165 0.80875 0.17846 -0.560425 0.522808 0.200608 -0.82851 0.527265 0.31986 -0.787198 0.823601 -0.0239564 -0.566663 0.396068 0.155854 0.904898 -1.62283e-008 0.169735 0.98549 -0.396068 0.155855 0.904897 0.376454 0.88006 0.289442 -1.2356e-007 0.939442 0.342708 0.287712 0.917031 0.27618 -1.76234e-007 0.945927 0.324378 -0.058254 0.979309 0.193802 0.571075 0.779867 0.256284 0.809285 0.551986 0.20092 -0.376454 0.88006 0.289443 -0.287712 0.917031 0.276181 -0.571075 0.779867 0.256284 -0.809285 0.551986 0.20092 -0.278413 0.951454 -0.131231 -0.553943 0.83208 -0.028108 -0.673937 0.738332 0.0259734 -0.485868 0.873829 0.0188613 0.278412 0.951454 -0.131231 0.553942 0.83208 -0.0281081 0.673936 0.738333 0.0259734 0.485867 0.873829 0.0188612 -2.9104e-011 -0.9999 -0.0141288 0.00205929 -0.999892 -0.014584 0 -0.999912 -0.0132746 -0.000549382 -0.999899 -0.0141781 1.35818e-010 -0.999926 -0.012182 -0.000750411 -0.999938 -0.0110848 1.89175e-010 -0.999951 -0.00991603 -0.000784499 -0.99995 -0.0099268 -0.00205929 -0.999892 -0.0145841 0.000549382 -0.999899 -0.0141781 0.000750411 -0.999938 -0.0110848 0.000784499 -0.99995 -0.0099268 0.778378 0.617834 -0.111395 8.45377e-008 -1 -1.56182e-005 -0.61972 0.449266 0.643512 -0.769689 0.638412 0.00293046 -0.816715 0.576989 -0.00776314 0.0872637 0.996096 -0.0133587 -0.717969 0.695942 0.0136062 0.827989 0.559916 -0.0304485 -0.717397 0.69537 0.0424465 0.0875613 0.994399 0.0591823 0.786089 0.618007 -0.0114547 0.827929 0.559903 0.0322619 0.738717 0.671761 -0.0550906 0.619938 0.55004 0.559583 1.70096e-009 -1 -1.3271e-005 0 -1 -1.32701e-005 0 -1 -1.32698e-005 -2.33147e-015 -1 -1.32717e-005 5.10287e-009 -1 -1.3273e-005 -1.70096e-009 -1 -1.3271e-005 -5.10288e-009 -1 -1.3273e-005 4.99257e-010 0.00888165 0.999961 -0.665665 0.661935 0.344575 -0.511223 0.769964 0.381846 -0.751973 0.506103 0.42237 -0.501526 0.77886 0.376628 -0.961704 0.209421 0.176827 -0.931649 0.168092 0.322143 -0.922816 -0.327971 0.202107 -0.447432 -0.892636 0.0548243 -0.518134 0.115022 0.84753 -7.96521e-008 -1 -1.5766e-005 -0.472266 0.579651 0.664055 0.774857 0.391839 0.496043 0.900041 -0.314072 0.302134 0.696061 -0.705759 0.13192 0.921242 0.246135 0.301214 0.623694 0.653307 0.429181 0.595741 0.659954 0.457769 0.52302 0.501442 0.689207 -0.990592 0.0666737 0.119509 -0.71168 0.140635 0.688282 -0.944915 0.0511693 0.32329 -0.992137 0.055728 -0.112067 -0.828214 0.194937 -0.525415 -0.630572 0.292945 -0.718723 -0.392178 0.348336 -0.851386 -0.410413 0.360093 -0.837791 -0.418397 0.122729 0.899934 0.00011472 -0.999894 -0.0145669 2.06841e-005 -0.999898 -0.01428 2.59679e-008 -0.999896 -0.0144457 0.000330785 -0.999896 -0.0144429 0.000313865 -0.99989 -0.014817 0.000101801 -0.999892 -0.0146996 0.00057959 -0.999892 -0.0147107 0.000104097 -0.999902 -0.0140058 0.000510371 -0.9999 -0.0141283 -0.000143302 -0.999905 -0.0137712 -0.467296 0.83959 -0.27699 -0.755606 0.312806 -0.57551 -0.937209 0.220643 -0.270104 -0.956628 0.19361 -0.217666 -0.811953 0.149915 -0.564144 -0.489597 0.180048 -0.853157 -0.41318 0.342803 -0.843664 -0.823602 -0.0239548 -0.566663 -0.778378 0.617834 -0.111395 -8.45383e-008 -1 -1.56182e-005 0.619721 0.449266 0.643511 0.816715 0.576989 -0.00776311 0.769689 0.638412 0.00293049 -0.0872631 0.996096 -0.0133587 0.717969 0.695942 0.0136062 -0.827989 0.559917 -0.0304487 0.717398 0.695369 0.0424465 -0.0875606 0.9944 0.0591823 -0.827929 0.559904 0.0322618 -0.786089 0.618007 -0.0114547 -0.738717 0.671761 -0.0550906 -0.619937 0.550039 0.559584 0 0.00888166 0.999961 0.14965 0.969592 -0.193642 0.0728275 0.93048 -0.35903 0.0967753 0.983761 -0.151155 0.132624 0.825055 -0.549267 0.120973 0.558677 -0.820515 0.162471 0.417414 -0.894074 0.169876 -0.265294 -0.949084 0.169911 -0.25878 -0.950875 0.15669 -0.575414 -0.802712 0.163229 -0.580829 -0.797492 0.243451 0.839184 -0.486315 0.314026 0.899743 -0.303068 0.147112 0.638385 -0.755528 0.1779 0.853217 -0.490278 -0.225859 0.53734 -0.81256 -0.142477 0.844196 -0.516754 0.0771773 0.528379 -0.845494 -0.135631 0.0413236 -0.989897 -0.0887472 0.312711 -0.945693 -0.189071 -0.271535 -0.943674 -0.373098 0.792818 -0.481911 -0.197822 -0.0147337 -0.980127 -0.355316 0.280432 -0.891689 -0.155377 0.151042 -0.97624 -0.584045 0.789136 0.190146 -0.225859 0.53734 0.81256 -0.142477 0.844196 0.516753 0.177896 0.853218 0.490278 0.147263 0.638233 0.755627 0.313883 0.899725 0.303269 0.243351 0.838853 0.486934 0.0776331 0.527764 0.845836 -0.135386 0.0413283 0.989931 0.161583 0.965173 0.205746 0.146612 0.827066 0.542648 0.101697 0.927972 0.358506 0.0993523 0.975216 0.197694 0.132731 0.57407 0.807976 0.159876 0.42116 0.892784 0.170582 -0.224174 0.959504 0.178037 -0.225996 0.957721 0.167431 -0.513504 0.841594 0.15787 -0.506235 0.847823 -0.0878428 0.31281 0.945745 -0.188849 -0.271566 0.94371 -0.197823 -0.0147339 0.980127 -0.355316 0.280432 0.891689 -0.155377 0.151041 0.97624 0.37543 -0.177824 0.909633 0.322375 0.177741 0.929775 0.424786 -0.222396 0.877551 0.210961 -0.43564 0.87505 0.233912 -0.821849 0.519471 -0.1525 -0.903054 0.401543 -0.0580649 -0.68378 0.727374 0.397621 -0.822812 0.406051 0.140154 -0.980644 -0.136724 0.244387 -0.940763 -0.235032 0.180581 -0.8278 -0.531167 -0.148033 -0.988937 0.00944099 0.340798 -0.843465 0.415239 -0.237486 -0.971335 0.0104136 -0.25494 -0.8923 0.372566 -0.267018 -0.349863 0.89794 -0.376364 0.679624 0.629652 -0.203478 0.457042 0.865858 -0.265418 0.849307 0.456324 0.0355784 0.422503 0.905663 0.0154995 0.812999 0.582059 0.143682 0.639855 0.754944 0.0434417 0.875374 0.48149 0.0281797 0.747638 0.663508 -0.129361 0.959482 -0.250319 -0.237036 0.717348 -0.655153 -0.0195479 0.350681 -0.936291 -0.177631 0.36902 -0.912289 -0.454945 0.832136 -0.317136 -0.999394 -0.0347987 -0 -0.999274 -0.0347945 -0.0155006 -0.999274 -0.0347945 0.0155006 -0.43534 0.429478 -0.791219 -0.431257 0.71954 -0.544316 -0.892143 0.370873 -0.257942 -0.289883 0.0906448 -0.95276 -0.276695 0.474699 -0.835524 -0.444654 0.895702 3.78999e-008 -0.213773 0.136434 -0.967309 -0.43534 0.429477 0.791219 -0.289882 0.0906445 0.95276 -0.276695 0.474699 0.835524 -0.431257 0.71954 0.544315 -0.650362 0.610554 0.451944 -0.213773 0.136434 0.967309 -0.167773 -0.903568 -0.39423 0.177404 -0.476166 -0.861274 -0.116608 -0.68081 -0.723118 0.222863 -0.846184 -0.484051 0.432988 -0.289284 -0.853719 0.329584 0.141095 -0.933524 0.39647 -0.841155 -0.367791 0.140302 -0.980683 0.136298 0.244281 -0.941085 0.23385 0.180581 -0.8278 0.531167 -0.148033 -0.988937 -0.00944099 0.389606 -0.225389 -0.892976 0.341011 -0.854634 -0.391552 -0.237486 -0.971335 -0.0104136 -0.25494 -0.8923 -0.372566 -0.267019 -0.349864 -0.89794 -0.178767 0.459328 -0.870092 -0.376365 0.679623 -0.629652 -0.25377 0.850488 -0.460728 0.0622578 0.405573 -0.91194 0.0162133 0.806735 -0.590691 0.1435 0.633289 -0.760495 0.0427739 0.875472 -0.481372 0.0267415 0.747853 -0.663325 -0.129373 0.959481 0.250319 -0.237036 0.717348 0.655153 -0.0195479 0.350681 0.936291 -0.177631 0.36902 0.912289 -0.454945 0.832136 0.317136 -0.356287 -0.89837 -0.256886 -0.489067 -0.611447 -0.62205 -0.89132 -0.104681 -0.441125 -0.249159 -0.967854 0.034319 -0.323287 -0.812332 -0.485389 -0.180374 -0.983596 -0.00211045 -0.495449 0.814921 -0.300721 -0.388468 0.920879 0.0327805 -0.566808 0.186693 -0.802418 -0.507938 -0.120272 -0.852956 -0.311004 0.950358 -0.00980846 -0.443473 0.686562 -0.576164 -0.0895455 0.0278845 0.995592 -0.0365492 0.413813 0.909628 -0.098589 0.425124 0.89975 -0.0655418 -0.374014 0.925104 0.0274387 -0.118251 0.992604 0.0768368 0.0239443 0.996756 0.116416 -0.356547 0.926996 -0.133928 0.377275 0.916366 -0.0253591 -0.342997 0.938994 0.0407321 -0.325949 0.944509 -0.0539838 -0.335564 0.940469 -0.0738915 -0.35256 0.932867 -0.0146253 -0.30133 0.953408 -0.241588 -0.345603 0.906749 -0.393302 -0.285731 0.873883 -0.809036 -0.587759 -6.13044e-008 -0.393302 -0.285731 -0.873883 -0.121012 -0.946729 -0.29843 -0.0456431 -0.921199 -0.386406 -0.00624815 -0.937535 -0.347834 -0.0494867 -0.998775 3.2312e-008 -0.00624813 -0.937535 0.347834 -0.045643 -0.921199 0.386406 0.0348635 -0.999392 -0 -0.20446 -0.82935 -0.519976 -0.212234 -0.857538 -0.4686 -0.333869 -0.836968 -0.433609 0.0388431 -0.856341 -0.514948 -0.225198 -0.903663 -0.364251 -0.3538 -0.676577 0.645809 0.0228169 -0.991901 -0.124949 0.0243421 -0.999703 -0.000657644 -0.0604445 -0.99817 -0.00196521 0.107137 -0.99332 -0.0428502 0.0254892 -0.992006 0.123591 0.107189 -0.99326 0.0441058 -0.0649985 -0.857505 0.510353 -0.0749374 -0.997188 -9.73176e-005 -0.0638811 -0.85749 -0.51052 -0.308892 0.0250707 0.950766 -0.306712 0.402492 0.862513 -0.264665 -0.356117 0.896177 -0.408021 -0.912972 1.59858e-008 -0.380338 -0.851028 -0.362069 -0.380338 -0.851028 0.362069 -0.489068 -0.611445 0.622051 -0.356288 -0.89837 0.256886 -0.891319 -0.104681 0.441126 -0.249159 -0.967854 -0.034319 -0.323287 -0.812331 0.48539 -0.180374 -0.983596 0.00211044 -0.388468 0.920879 -0.0327805 -0.495449 0.814921 0.300722 -0.566808 0.186692 0.802418 -0.507939 -0.120271 0.852955 -0.311004 0.950358 0.00980848 -0.443472 0.686561 0.576165 -0.0365493 0.413813 -0.909628 -0.0895454 0.0278844 -0.995592 -0.098589 0.425124 -0.89975 0.0274387 -0.118251 -0.992605 -0.0655416 -0.374014 -0.925104 0.0768367 0.0239442 -0.996756 0.116416 -0.356547 -0.926996 -0.133928 0.377275 -0.916366 -0.0253593 -0.342997 -0.938994 0.0407321 -0.325949 -0.944509 -0.0539838 -0.335564 -0.940469 -0.0146254 -0.30133 -0.953408 -0.0738915 -0.352561 -0.932867 -0.241588 -0.345603 -0.906749 -0.121012 -0.946729 0.29843 -0.212234 -0.857537 0.4686 -0.20446 -0.82935 0.519976 -0.333869 -0.836968 0.433609 0.038843 -0.856341 0.514948 -0.225198 -0.903663 0.364251 -0.3538 -0.676577 -0.645809 -0.306712 0.402492 -0.862513 -0.308892 0.0250706 -0.950766 -0.264665 -0.356117 -0.896177 0.175075 -0.98364 -0.0424326 0.175447 -0.98352 0.0436732 -0.619858 0.00713621 0.784682 -0.332438 0.119224 0.935559 -0.34791 0.0757891 0.93446 -0.687677 0.00898679 0.725961 -0.618628 0.0962042 0.779772 -0.289649 0.107254 0.951104 -0.565432 0.0553564 0.822935 -0.798868 0.0309471 0.60071 -0.829828 0.0481213 0.55594 -0.28294 0.0782838 0.955938 -0.173592 0.104586 0.979248 -0.223359 0.0187131 0.974556 -0.142629 0.0466198 0.988678 -0.642145 -0.187165 0.743384 -0.78487 -0.170632 0.595704 -0.306278 -0.195847 0.931578 -0.501751 -0.514047 0.695702 -0.667125 -0.495801 0.555991 -0.240134 -0.518624 0.820588 -0.0997377 -0.282305 0.954126 -0.0918783 -0.611833 0.785633 -0.502333 -0.675001 0.540403 -0.429362 -0.769561 0.472678 -0.253853 -0.753941 0.605914 -0.177664 -0.859584 0.479115 -0.117532 -0.786923 0.605755 -0.801635 -0.1241 0.584791 -0.82963 -0.058838 0.555205 -0.206968 0.0795723 -0.975106 -0.618295 0.0411588 -0.784867 -0.473729 0.27628 -0.836212 -0.184517 0.293188 -0.93808 -0.271701 0.38884 -0.880331 -0.382818 0.298891 -0.874137 -0.819503 0.22654 -0.526398 -0.900939 0.0863053 -0.425277 -0.913248 0.224216 -0.340155 -0.874934 0.321309 -0.362285 -0.758958 0.351408 -0.548175 -0.831241 -0.0322431 -0.554976 -0.970487 0.0533595 -0.235178 -0.581361 0.344376 -0.737173 -0.195173 0.0795709 -0.977536 -0.638758 0.0504532 -0.767751 -0.549406 0.306699 -0.777231 -0.74387 0.0347758 -0.667418 -0.634953 0.521653 -0.569836 -0.49198 0.624329 -0.60677 -0.0205846 0.590445 -0.806815 -0.0113031 0.420878 -0.907047 0.207842 0.536944 -0.817614 0.257748 0.495259 -0.829629 0.147087 0.233989 -0.961049 -0.554545 0.656597 -0.511234 -0.503907 0.673141 -0.541257 0.00709512 0.0989749 -0.995065 -0.010077 0.632185 -0.774752 -0.445408 0.765554 -0.46426 -0.186083 0.664183 -0.72404 -0.575805 0.549249 -0.605619 -0.643229 0.72939 -0.232909 -0.861549 0.384347 -0.331677 0.0466809 0.64202 -0.765265 -0.518435 0.839517 -0.162593 -0.893202 0.0874938 -0.441061 -0.991452 -0.0104169 -0.130051 -0.520037 0.361823 -0.773722 -0.566068 0.391389 -0.725522 -0.260006 0.490174 -0.831941 -0.219278 0.427908 -0.876819 -0.0547641 0.502889 -0.862614 -0.0510581 0.434307 -0.899317 -0.982108 -0.117553 -0.147122 -0.849832 0.0771156 -0.521381 -0.954621 -0.145554 -0.259831 -0.779924 0.19209 -0.595668 -0.446356 0.517029 -0.730375 -0.291122 0.564202 -0.772609 -0.304797 0.912389 -0.273212 -0.399728 0.885636 -0.23636 -0.493335 0.828159 -0.266031 -0.960074 -0.0224424 0.278845 -0.925841 0.065461 0.372201 -0.974886 -0.0049141 0.222651 -0.922389 -0.0247163 0.38547 -0.976775 -0.132085 0.168714 -0.854646 0.187803 0.484056 -0.865885 0.259356 0.427759 -0.78897 0.275447 0.549231 -0.71249 0.214207 0.668187 -0.69376 -0.0132437 0.720084 -0.993512 0.0511222 0.101591 -0.744588 0.200492 0.636703 -0.981616 -0.188774 0.0281776 -0.198157 0.173019 0.964779 0.0365547 -0.0605829 0.997494 -0.595505 -0.0529083 0.801608 -0.953708 -0.243994 0.175804 -0.628353 -0.182414 0.756239 -0.0208501 0.0786784 0.996682 -0.00651852 -0.185075 0.982703 0.00590316 -0.514595 0.857413 -0.74374 -0.298839 0.597952 -0.991226 -0.102139 0.0839014 -0.991082 -0.023925 0.131092 -0.632283 -0.501467 0.59055 -0.804648 0.143192 -0.576227 -0.717968 0.454306 -0.527379 -0.708491 -0.324884 -0.626491 0.627595 -0.173065 0.75906 0.757635 -0.29587 0.581765 0.879616 -0.227855 0.417562 0.627407 -0.110131 0.770865 0.904145 -0.213252 0.370196 0.879939 -0.271736 0.3897 0.654775 -0.501923 0.565104 -0.0236043 -0.272479 -0.961872 -0.0342711 0.582922 -0.811805 0.723977 0.215523 -0.655292 0.70669 0.4588 -0.538601 0.970128 0.0841927 -0.227516 0.938015 -0.0703958 -0.339371 0.911821 -0.186239 -0.365921 -0.0162426 0.594101 -0.804227 0.804684 -0.216254 -0.552918 0.883384 -0.236566 -0.404561 -0.821169 0.133808 -0.554777 -0.149294 0.275957 -0.949505 0.760688 0.154203 -0.630536 0.0370785 0.17315 -0.984197 0.839655 0.0729507 -0.538198 0.654492 0.12438 -0.745768 -0.0711363 0.158241 -0.984835 0.965585 0.0260408 -0.258781 0.9712 -0.0263639 -0.236801 -0.701168 0.101347 -0.705757 -0.795006 0.0684251 -0.60273 -0.993296 -0.0565241 -0.100836 -0.985069 -0.171845 0.0104462 -0.79106 -0.259843 0.55381 -0.666938 -0.409924 0.622218 -0.00563454 -0.452304 0.891846 -0.106095 -0.533432 0.839163 0.628626 -0.414354 0.658134 0.792529 -0.287181 0.537983 0.891581 -0.274117 0.360477 0.918792 -0.206808 0.336231 0.718435 -0.502239 0.481255 0.081447 -0.71205 0.697389 0.0177221 -0.553503 0.832659 -0.63347 -0.496256 0.593672 -0.953904 -0.253549 0.160564 -0.439288 -0.431131 -0.788132 -0.0101676 -0.553667 -0.832676 0.428244 -0.601964 -0.673979 0.200529 -0.556756 -0.806109 -0.823317 -0.247095 -0.510973 -0.840134 -0.0877491 -0.535233 -0.960451 0.274526 0.0465804 -0.8287 0.124514 -0.545667 -0.497144 -0.252753 -0.830038 -0.611561 0.0278278 -0.790708 -0.809891 0.354482 -0.467352 -0.617555 0.246399 -0.746936 -0.528487 -0.0507096 -0.847426 -0.877498 0.467419 0.107315 -0.283325 -0.40698 -0.868386 -0.689247 0.33562 0.642104 -0.71999 0.414425 0.556657 -0.206314 0.291951 0.933916 -0.807798 0.439655 0.392641 0.480348 0.0452687 0.875909 0.651484 -0.0907933 0.75321 0.828025 -0.0852033 0.554179 0.829333 -0.199018 0.52211 -0.782775 0.492159 -0.380844 -0.852077 0.477816 -0.213673 -0.830842 0.530255 0.168911 -0.722111 0.415389 0.553179 -0.808238 0.583876 -0.07642 -0.727877 0.524143 0.442119 -0.673717 0.608073 -0.419944 -0.6238 0.516294 -0.586783 -0.601838 0.369543 -0.707975 -0.613239 0.30659 -0.72797 -0.591447 0.00575882 -0.806323 -0.600146 0.244854 -0.761493 -0.573209 -0.0895408 -0.814502 -0.518745 -0.242311 -0.819871 -0.285785 0.282885 0.915589 -0.190102 0.192153 0.962776 0.0184437 0.152848 0.988078 0.00158044 0.00974245 0.999951 -0.58 -0.804924 -0.125285 -0.708982 -0.679796 -0.187675 -0.815437 -0.556387 -0.159676 -0.583139 -0.784615 -0.210542 -0.34206 -0.93149 -0.123783 -0.173259 -0.982347 -0.0705358 -0.121199 -0.990332 -0.0674767 -0.099034 -0.993345 -0.0587986 -0.44052 -0.723682 -0.53125 0.112048 -0.610726 -0.783874 -0.401494 -0.718412 -0.568055 -0.0044763 -0.458764 -0.888547 0.90834 -0.274134 -0.315862 0.747733 -0.64072 -0.174281 0.953935 -0.124239 -0.273082 -0.139014 -0.989636 0.0359993 0.49434 -0.865308 -0.0828876 0.914768 -0.368267 -0.166072 -0.0899424 -0.877617 0.470848 -0.0760382 0.158941 0.984356 -0.328961 -0.603919 0.725994 -0.275252 -0.653262 0.705326 0.0271862 0.17255 0.984626 -0.452938 -0.819975 0.349983 -0.0833259 -0.937374 0.338212 -0.690742 -0.590485 0.417377 -0.258643 0.201995 0.944617 -0.1877 0.022011 0.98198 -0.034403 -0.705353 0.70802 0.0941743 0.020412 0.995346 0.0979178 -0.753115 0.650562 -0.0923383 0.742343 0.663626 0.0509357 0.758877 0.649239 0.00270285 0.99902 0.0441882 -0.255469 0.965846 0.043322 -0.226396 0.734938 0.639226 0.0161434 0.999667 0.020142 -0.0250105 0.80388 0.594265 0.159147 0.987232 0.00672326 0.0681824 0.759352 0.647098 0.042463 0.997506 0.056369 0.0842242 0.783083 -0.616187 -0.0733626 0.757189 -0.649063 0.0923016 0.195846 -0.976281 -0.147976 0.0996483 -0.983958 -0.198396 0.724584 -0.660012 -0.24294 0.321825 -0.9151 -0.023435 0.772544 -0.634529 -0.176909 0.272545 -0.945739 0.140173 0.855972 -0.497658 -0.0572147 0.492168 -0.868618 0.170376 -0.537886 -0.825622 -0.280189 -0.567932 -0.773917 -0.14345 -0.845047 -0.515091 0.0943845 -0.831941 -0.546778 -0.384731 -0.164355 -0.908278 -0.3977 -0.673977 -0.622567 -0.184509 -0.166362 -0.968649 -0.374848 -0.580802 -0.722605 -0.468835 -0.808434 -0.355847 -0.779583 -0.450271 -0.435323 -0.0522986 0.00293972 -0.998627 -0.117967 -0.500935 -0.857407 -0.0690385 -0.841891 -0.535214 -0.216834 -0.793483 -0.568654 0.0651748 -0.478051 -0.875911 0.00877003 -0.85747 -0.51446 0.0067821 -0.554262 -0.832315 -0.0050526 0.219682 -0.975558 -0.0642083 -0.464138 -0.883433 0.205723 -0.77629 -0.595862 -0.0638586 0.280252 -0.9578 0.073774 -0.404403 -0.911601 -0.0263315 0.308583 -0.950833 -0.0396289 -0.953191 -0.29976 0.0581224 0.380844 -0.922811 -0.148662 0.283164 -0.94748 -0.112082 0.288181 -0.950994 -0.0871643 -0.831258 -0.54901 -0.149778 -0.988718 -0.00172999 -0.0986991 -0.274129 -0.956615 -0.225171 0.843739 -0.487241 -0.138634 -0.969971 0.199844 -0.188604 0.777499 -0.599937 -0.171995 0.859465 -0.48139 -0.198507 0.980079 -0.00637915 -0.326192 0.926875 0.185746 -0.0476139 0.994342 0.0949537 -0.172667 0.652432 0.737915 -0.168299 0.774098 0.610285 -0.136816 0.0825197 0.987153 -0.129302 -0.0900525 0.987508 -0.0821564 -0.736864 0.671031 -0.106836 -0.792477 0.600471 0.11462 0.0139137 0.993312 -0.0969905 -0.924912 0.3676 -0.244538 -0.909651 0.335761 0.0366213 -0.963776 0.264186 0.183926 -0.809 0.558292 0.025709 -0.269807 0.962571 0.0383961 0.435917 0.899167 0.0445151 -0.770322 0.636099 -0.101695 -0.118609 0.98772 -0.14262 0.450407 0.881359 -0.141909 -0.67921 0.720094 -0.206769 0.871806 0.444073 0.0842523 0.877162 0.472744 -0.0495928 0.998471 -0.0244345 0.238224 0.964501 0.113963 0.13569 0.83247 -0.537198 -0.0327591 0.76834 -0.639203 0.0279151 0.827528 -0.56073 -0.22619 0.973803 0.0233492 0.211896 0.725458 0.654836 0.0799418 -0.972455 0.218952 0.235994 -0.930989 0.278508 -0.468867 0.549136 0.691819 -0.856942 0.0682206 0.510878 -0.486027 0.506025 0.712542 -0.32215 0.672824 0.665978 -0.310922 0.630493 0.7112 -0.0812855 0.80758 0.58413 -0.559156 0.716155 0.417692 -0.0295015 0.956775 0.289327 -0.48458 0.845123 0.225721 -0.952825 0.303274 0.012212 -0.984744 0.0386457 0.16966 -0.982707 -0.168348 0.0771087 -0.940968 -0.258047 0.219067 -0.902115 0.0843784 0.423166 -0.69079 0.0731263 0.719348 -0.672639 0.474962 0.567422 -0.525682 0.394349 0.753755 -0.168587 0.621216 0.76529 -0.126036 0.634699 0.762412 0.0224909 0.686599 0.726689 -0.308149 0.202916 0.929446 -0.00268601 0.513667 0.857985 -0.56071 -0.579451 0.591473 -0.485242 -0.634686 0.601427 -0.379824 -0.924967 -0.0129994 -0.339414 -0.0684271 0.938145 -0.957067 -0.23479 0.16999 -0.0997097 0.389233 0.915727 -0.17595 0.406866 0.896383 -0.284442 0.550596 0.784816 -0.919805 0.00721673 0.392309 -0.925801 0.0280105 0.376972 -0.913162 -0.0135821 0.40737 -0.309061 -0.949875 0.0470986 -0.65136 -0.21077 -0.728908 -0.598857 0.0401534 -0.799849 -0.503983 0.288236 -0.8142 -0.589924 0.385052 0.709735 0.0968557 -0.9297 0.355354 -0.85688 0.484598 0.175843 -0.872528 0.361569 0.328577 0.135331 0.451055 0.882176 -0.704759 0.536808 0.463846 -0.683175 0.725347 0.0845246 -0.109467 0.849077 0.516802 5.47489e-007 0.999949 -0.0100611 -0.412612 0.875756 -0.250605 -0.87519 0.482439 -0.0359977 -0.724886 0.409997 0.553573 -0.873125 0.22367 0.433156 -0.875945 -0.0440348 0.480397 -0.370469 0.553443 0.745958 0.683175 0.725346 0.0845246 0.412613 0.875756 -0.250605 0.764341 0.51039 0.394062 0.748968 0.655057 0.0997367 0.575088 0.802561 0.15865 0.264637 0.906536 0.328876 0.213062 0.591852 0.777377 0.853891 0.139052 0.501533 0.940138 -0.0450633 0.3378 0.0402972 0.975773 -0.215042 -0.220809 0.952249 -0.21087 -0.461847 0.81455 -0.351007 -0.567851 0.823129 0.0021604 -0.841005 0.530294 -0.107237 -0.707868 0.676869 0.201919 -0.845463 0.393254 -0.361307 -0.950387 0.172241 -0.259031 -0.953036 0.247123 -0.175077 -0.937787 0.338609 -0.0768114 -0.966124 0.156976 -0.204849 -0.968788 0.158641 -0.190482 -0.916405 0.400251 -0.000673656 -0.816054 0.563142 0.130107 -0.967707 0.097365 -0.232515 -0.963449 0.164112 -0.211737 -0.714572 0.615472 -0.332537 -0.964856 -0.0353103 -0.260397 -0.988065 0.0144969 -0.153354 -0.969636 0.241994 0.0352795 -0.738098 0.649496 0.182664 -0.712577 0.62547 0.317839 -0.395973 0.821757 0.40978 -0.494891 0.615402 0.613484 -0.600842 0.705829 0.375226 -0.374046 0.765191 0.523996 -0.734274 0.514124 0.443304 -0.395318 0.813317 0.426896 -0.969326 0.180254 0.167078 -0.939452 0.138539 0.313427 -0.922815 -0.327971 0.202107 -0.447432 -0.892636 0.0548248 -0.48089 0.297308 0.824835 -7.96522e-008 -1 -1.5766e-005 0.782107 0.386185 0.489051 0.900041 -0.314072 0.302134 0.696061 -0.705759 0.13192 0.921243 0.246134 0.301214 0.635775 0.650012 0.416264 0.587894 0.576924 0.567045 0.540398 0.485232 0.687401 -0.953563 0.187178 0.235968 -0.696415 0.616325 0.367627 -0.838041 0.341965 0.425143 -0.9518 0.0809118 0.295856 6.10067e-007 0.450927 0.892561 -0.596783 0.640655 0.483126 -0.983285 0.0496244 0.175179 -0.453714 0.815284 0.359801 0.838042 0.341964 0.425143 0.9518 0.0809119 0.295856 0.596784 0.640655 0.483125 0.953563 0.187179 0.235969 0.696416 0.616324 0.367627 0.983285 0.0496242 0.175179 0.453715 0.815283 0.3598 -0.991946 0.0729125 0.103574 -0.715704 0.140457 0.684134 -0.946632 0.0569311 0.317248 -0.98875 0.065767 -0.13434 -0.838471 0.187144 -0.511804 -0.692186 0.272309 -0.668376 -0.510226 0.325846 -0.795923 -0.52416 0.33629 -0.78241 -0.418396 0.122729 0.899935 0.00011472 -0.999894 -0.0145669 2.06842e-005 -0.999898 -0.01428 2.59679e-008 -0.999896 -0.0144457 0.000330785 -0.999896 -0.0144429 0.000313864 -0.99989 -0.014817 0.000101801 -0.999892 -0.0146996 0.000579589 -0.999892 -0.0147107 0.000104097 -0.999902 -0.0140058 0.000510371 -0.9999 -0.0141283 -0.000143302 -0.999905 -0.0137712 -0.467295 0.83959 -0.27699 -1.56008e-008 -0.446435 -0.894816 -0.296109 -0.426414 -0.854687 0.296109 -0.426414 -0.854687 -0.765549 0.329579 -0.55255 -0.92848 0.223644 -0.296494 -0.953127 0.200992 -0.226165 -0.80875 0.17846 -0.560425 -0.522808 0.200608 -0.82851 -0.527265 0.31986 -0.787198 -0.823601 -0.0239564 -0.566663 -0.396068 0.155854 0.904898 1.62283e-008 0.169735 0.98549 0.396068 0.155855 0.904897 1.2356e-007 0.939442 0.342708 -0.376454 0.88006 0.289442 -0.287712 0.917031 0.27618 1.76234e-007 0.945927 0.324378 -0.0582535 0.97931 0.193802 -0.571075 0.779867 0.256284 -0.809285 0.551986 0.20092 0.376454 0.88006 0.289443 0.287712 0.917031 0.276181 0.571075 0.779867 0.256284 0.809285 0.551986 0.20092 -0.278412 0.951454 -0.131231 -0.553942 0.83208 -0.0281081 -0.673936 0.738333 0.0259734 -0.485867 0.873829 0.0188612 -2.08578e-010 -0.9999 -0.0141288 -0.00205929 -0.999892 -0.0145841 0.000549382 -0.999899 -0.0141781 -6.98499e-010 -0.999912 -0.0132746 -1.64922e-010 -0.999926 -0.012182 0.000750411 -0.999938 -0.0110848 -2.32831e-010 -0.999951 -0.00991603 0.000784499 -0.99995 -0.0099268 0.00205929 -0.999892 -0.014584 -0.000549382 -0.999899 -0.0141781 -0.000750411 -0.999938 -0.0110848 -0.000784499 -0.99995 -0.0099268 -0.778378 0.617834 -0.111395 -8.45384e-008 -1 -1.56182e-005 0.61972 0.449266 0.643512 0.816715 0.576989 -0.00776315 0.769689 0.638412 0.00293046 -0.0872637 0.996096 -0.0133587 0.717969 0.695942 0.0136062 -0.827989 0.559916 -0.0304485 0.717397 0.69537 0.0424465 -0.0875613 0.994399 0.0591823 -0.827929 0.559903 0.0322619 -0.786089 0.618007 -0.0114547 -0.619938 0.55004 0.559583 -1.70096e-009 -1 -1.3271e-005 2.33147e-015 -1 -1.32717e-005 -5.10287e-009 -1 -1.3273e-005 1.70096e-009 -1 -1.3271e-005 5.10288e-009 -1 -1.3273e-005 0.872528 0.361569 0.328577 0.85688 0.484598 0.175843 -0.135331 0.451055 0.882176 0.704759 0.536807 0.463846 0.473844 0.834987 0.279764 0.875189 0.482439 -0.0359978 0.724886 0.409997 0.553573 0.873125 0.22367 0.433155 0.875945 -0.0440348 0.480397 0.37047 0.553443 0.745957 -0.748967 0.655057 0.0997369 -0.764341 0.51039 0.394062 -0.575088 0.802561 0.15865 -0.264637 0.906536 0.328876 -0.0240863 0.650114 0.759455 -0.853891 0.139053 0.501533 -0.940138 -0.0450633 0.337801 -0.0402971 0.975773 -0.215042 0.220808 0.952249 -0.21087 0.461846 0.81455 -0.351007 0.567851 0.823129 0.00216044 0.841004 0.530294 -0.107238 0.707868 0.676869 0.20192 0.845463 0.393254 -0.361307 0.950387 0.172241 -0.259031 0.953036 0.247124 -0.175077 0.937787 0.338609 -0.0768111 0.966124 0.156978 -0.204849 0.968788 0.158642 -0.190482 0.916405 0.400251 -0.000674103 0.816054 0.563141 0.130107 0.967707 0.0973668 -0.232515 0.96345 0.164112 -0.211736 0.714572 0.615472 -0.332537 0.964856 -0.0353099 -0.260397 0.988065 0.0144973 -0.153354 0.966294 0.246097 0.0755833 0.745121 0.627659 0.225477 0.714879 0.533923 0.451525 0.494891 0.615402 0.613485 0.665665 0.661935 0.344575 0.511223 0.769964 0.381846 0.501526 0.77886 0.376628 0.751973 0.506103 0.42237 0.961704 0.209421 0.176827 0.931649 0.168092 0.322143 0.922816 -0.327971 0.202107 0.447432 -0.892636 0.0548243 0.518133 0.115022 0.84753 7.96521e-008 -1 -1.5766e-005 0.472266 0.579651 0.664055 -0.774857 0.391839 0.496043 -0.900041 -0.314072 0.302134 -0.696061 -0.705759 0.13192 -0.921242 0.246135 0.301214 -0.623694 0.653307 0.429181 -0.595741 0.659954 0.457769 -0.523019 0.501441 0.689207 0.71168 0.140635 0.688282 0.990592 0.0666737 0.119509 0.944915 0.0511692 0.32329 0.992137 0.055728 -0.112067 0.828214 0.194937 -0.525415 0.630572 0.292945 -0.718723 0.392178 0.348336 -0.851386 0.410413 0.360093 -0.837791 0.418397 0.122729 0.899934 -2.06838e-005 -0.999898 -0.01428 -0.00011472 -0.999894 -0.0145669 -2.55519e-008 -0.999896 -0.0144457 -0.000330785 -0.999896 -0.0144429 -0.000313865 -0.99989 -0.014817 -0.000101801 -0.999892 -0.0146996 -0.00057959 -0.999892 -0.0147107 -0.000104097 -0.999902 -0.0140058 -0.000510372 -0.9999 -0.0141283 0.000143302 -0.999905 -0.0137712 0.467296 0.83959 -0.27699 0.937209 0.220643 -0.270104 0.755606 0.312806 -0.57551 0.956628 0.19361 -0.217666 0.811953 0.149915 -0.564144 0.489597 0.180048 -0.853157 0.41318 0.342803 -0.843664 0.823602 -0.0239547 -0.566663 0.278413 0.951454 -0.131231 0.553943 0.83208 -0.028108 0.673937 0.738332 0.0259734 0.485868 0.873829 0.0188613 0.778378 0.617834 -0.111395 8.45376e-008 -1 -1.56182e-005 -0.619721 0.449266 0.643511 -0.769689 0.638412 0.0029305 -0.816715 0.576989 -0.00776311 0.0872631 0.996096 -0.0133587 -0.717969 0.695942 0.0136062 0.827989 0.559917 -0.0304487 -0.717398 0.69537 0.0424465 0.0875606 0.9944 0.0591823 0.786089 0.618007 -0.0114547 0.827929 0.559904 0.0322618 0.619937 0.550039 0.559584 -0.554699 -0.808784 0.195393 -0.554883 -0.808621 0.195544 -0.554514 -0.808947 0.195241 0.0262237 -0.995937 0.0861527 0.0262184 -0.995937 0.0861563 0.0262289 -0.995937 0.0861491 0.602078 -0.798098 -0.0232838 0.601913 -0.798226 -0.0231527 0.602243 -0.79797 -0.0234148 0.94993 -0.299103 -0.0903857 0.949931 -0.2991 -0.0903875 0.94993 -0.299107 -0.0903839 0.947024 0.307898 -0.0913494 0.947023 0.3079 -0.0913483 0.947024 0.307896 -0.0913505 0.597647 0.801332 -0.0261955 0.597675 0.80131 -0.0262175 0.597618 0.801353 -0.0261736 0.0251516 0.996337 0.0817316 0.0252639 0.99634 0.0816551 0.0250393 0.996333 0.081808 -0.555427 0.809124 0.191881 -0.555397 0.809151 0.191856 -0.555457 0.809098 0.191905 -0.914765 0.30867 0.260631 -0.914765 0.30867 0.260631 -0.914765 0.30867 0.260631 -0.914139 -0.309514 0.261823 -0.914156 -0.309425 0.261866 -0.914121 -0.309603 0.26178 0.291044 0.0254126 0.956372 0.291414 0.0266346 0.956226 0.29104 0.0253954 0.956374 0.291038 0.0253982 0.956374 0.291052 0.0255327 0.956366 0.291092 0.0257609 0.956348 0.291109 0.0259107 0.956339 0.29116 0.0260804 0.956319 0.291789 0.0278725 0.956077 0.292537 0.0303469 0.955773 0.314022 0.128923 0.940622 0.231708 0.141465 0.962444 0.334157 0.12778 0.933816 0.254641 0.124304 0.959013 0.136596 0.136592 0.981165 0.11197 0.167611 0.979474 0.0966377 0.101712 0.990109 0.422146 0.0839864 0.902629 0.40525 0.0509697 0.912784 0.500755 0.000265106 0.865589 0.519238 0.0232501 0.854313 0.460417 -0.06586 0.885256 0.483264 -0.073775 0.872361 0.370766 -0.0500364 0.927377 0.321862 -0.0597131 0.944902 0.292099 0.00284824 0.956384 0.305763 0.0412705 0.951213 0.198109 0.0244753 0.979874 0.14996 -0.00062735 0.988692 0.10865 0.0192823 0.993893 0.0993137 0.0353866 0.994427 0.109703 -0.00564158 0.993948 0.0875394 0.0428682 0.995238 0.554703 -0.80878 0.195397 0.554523 -0.808939 0.195249 0.554883 -0.808621 0.195544 -0.0262237 -0.995937 0.0861527 -0.0262289 -0.995937 0.0861491 -0.0262184 -0.995937 0.0861563 -0.602078 -0.798098 -0.0232838 -0.602243 -0.79797 -0.0234148 -0.601913 -0.798226 -0.0231527 -0.94993 -0.299103 -0.0903857 -0.94993 -0.299107 -0.0903839 -0.949931 -0.2991 -0.0903875 -0.947024 0.307898 -0.0913494 -0.947023 0.3079 -0.0913483 -0.947024 0.307896 -0.0913505 -0.597647 0.801332 -0.0261955 -0.597675 0.80131 -0.0262175 -0.597618 0.801353 -0.0261736 -0.0251516 0.996337 0.0817316 -0.0252639 0.99634 0.0816551 -0.0250393 0.996333 0.081808 0.555427 0.809124 0.191881 0.555398 0.809151 0.191856 0.555457 0.809098 0.191905 0.914765 0.30867 0.260631 0.914765 0.30867 0.260631 0.914765 0.30867 0.260631 0.914134 -0.309525 0.261827 0.914114 -0.309624 0.261779 0.914154 -0.309425 0.261875 -0.291111 0.0257549 0.956342 -0.291081 0.0255937 0.956356 -0.29106 0.0256948 0.95636 -0.291164 0.0255895 0.956331 -0.291045 0.0254146 0.956372 -0.29104 0.0253953 0.956374 -0.291032 0.0263096 0.956352 -0.29155 0.0255726 0.956214 -0.291806 0.0256597 0.956133 -0.292593 0.0231839 0.955956 -0.314022 0.128923 0.940622 -0.231708 0.141465 0.962444 -0.254641 0.124304 0.959013 -0.334157 0.12778 0.933816 -0.136596 0.136592 0.981165 -0.11197 0.167611 0.979474 -0.0966377 0.101712 0.990109 -0.422146 0.0839864 0.902629 -0.40525 0.0509697 0.912784 -0.500755 0.00026509 0.865589 -0.519238 0.0232501 0.854313 -0.460417 -0.06586 0.885256 -0.483264 -0.073775 0.872361 -0.370766 -0.0500364 0.927377 -0.321862 -0.0597131 0.944902 -0.292286 0.0029445 0.956326 -0.306007 0.0412753 0.951134 -0.198233 0.024863 0.97984 -0.149928 -0.000340058 0.988697 -0.108449 0.0196692 0.993908 -0.0993137 0.0353866 0.994427 -0.109703 -0.00564159 0.993948 -0.0875394 0.0428682 0.995238 0.984503 -0.00309799 0.175338 0.987307 -0.0135293 0.158243 0.991257 -0.0216479 0.130157 0.995973 0.0173759 0.0879549 0.996625 0.0433652 0.0696991 0.994299 0.10279 -0.0283574 0.968181 0.00779515 0.250128 0.994729 0.0941382 0.0406373 -0.0958634 -0.797794 -0.59526 -0.295942 -0.759199 -0.579685 -0.152039 -0.795322 -0.586812 0.360146 -0.916345 0.174947 0.0986592 -0.977982 0.183897 0.3956 -0.914554 -0.0842134 0.864679 -0.322313 0.385286 0.617809 -0.315806 0.720124 -0.462599 -0.795829 -0.390714 0.949381 -0.244129 0.197681 0.245357 -0.438948 0.864364 0.310034 -0.256701 0.915415 0.615383 -0.232547 0.753144 0 -0.268446 0.963295 0.139192 -0.277605 0.950558 0.890986 -0.145474 0.430094 0.967394 -0.156543 0.199107 0.969861 -0.204623 0.132287 0.561633 -0.809737 -0.16998 0.186222 -0.976036 -0.112586 0.979025 -0.149472 0.138452 0.978748 -0.15312 0.13641 0.702182 -0.711432 -0.0283859 0.468603 -0.873523 -0.131793 0.586186 -0.770581 -0.25018 -0.348461 -0.838881 -0.418154 -0.314174 -0.852613 -0.417547 -0.503909 -0.807869 -0.305653 0.418465 -0.867706 -0.268278 -0.416542 -0.785186 -0.458231 0.993071 -0.010616 0.117037 -0.529394 -0.798239 -0.287326 -0.595208 -0.796202 0.108584 -0.496175 -0.762342 0.415505 -0.500166 0.228138 0.835337 0.113612 -0.918333 0.379152 -0.220027 0.0782158 0.972353 0.178198 0.780615 0.599071 -0.0544564 0.851269 0.521895 0.254897 0.885637 0.38817 0.540135 0.71329 0.446622 0.561821 0.63493 0.530303 0.355348 0.745747 0.563551 -0.315115 0.890026 0.329479 -0.304827 0.840677 0.447596 -0.43681 0.817731 0.37485 -0.337193 0.866881 0.367175 -0.0675295 0.890928 0.449096 -0.0659377 0.894446 0.442288 -0.34162 0.834945 0.431466 -0.278816 0.869374 0.407984 -0.316698 0.206983 0.925667 -0.588144 0.322696 0.741589 -0.095978 -0.897083 0.431313 -0.161788 -0.985699 -0.0471316 -0.206667 -0.94653 -0.247728 -0.466072 -0.828102 -0.311485 -0.581478 -0.740822 -0.336253 -0.561106 -0.764476 -0.31739 -0.615165 -0.735514 -0.283886 -0.57011 -0.754214 -0.325785 -0.20327 -0.926392 -0.316983 -0.549896 -0.678587 -0.486965 -0.0690066 -0.803835 -0.590836 -0.057898 -0.656932 -0.751723 0.0526223 -0.976935 0.206953 0.130663 -0.575179 0.807525 -0.0318832 -0.86932 -0.49322 0.20926 0.689432 0.693465 0.14645 0.506812 0.849526 0.0922605 0.599087 0.795351 0.449813 0.631927 0.631139 0.423356 0.752795 0.504053 0.79884 0.419755 0.430883 0.397274 0.724468 0.563311 0.668804 0.472119 0.574287 -0.376281 0.873267 0.309544 -0.346393 0.832125 0.433106 -0.344178 0.847061 0.405005 -0.270707 0.872462 0.40685 -0.433716 0.900195 -0.039247 -0.0713839 0.918858 0.388077 -0.120599 0.977075 0.175441 -0.160856 0.972699 0.16728 -0.0414955 0.880595 0.47205 -0.0260892 0.884729 0.465375 0.0415417 0.545823 0.83687 0.0448277 0.425218 0.90398 0.710574 -0.691235 -0.13145 0.39646 -0.917844 -0.0195315 0.733888 -0.541031 0.410724 0.96476 -0.190185 0.181845 0.958767 -0.236865 0.157036 0.960999 -0.167007 0.220429 0.972887 -0.135028 0.18777 0.822215 -0.431487 0.371189 0.705583 -0.55783 0.437011 0.659207 -0.333225 0.674097 0.823248 -0.56362 -0.0677956 0.200768 -0.756296 0.622663 0.155133 -0.987738 -0.0175106 0.233961 -0.911625 -0.337937 0.0373663 -0.915601 0.400347 0.24004 -0.753367 0.612225 0.0357916 -0.684076 0.728532 0.0464407 -0.749609 0.66025 0.268958 -0.677793 0.684294 0.172266 -0.535315 0.826899 0.0522506 -0.561681 0.825702 0.0411113 -0.538216 0.841803 0.336772 -0.888063 -0.312936 0.126881 -0.94933 -0.287531 0.022189 -0.96451 -0.263113 0.0552294 -0.968207 -0.243977 0.29432 -0.911992 -0.285737 0.164288 -0.943688 -0.287162 0.184096 -0.971968 -0.146243 0.429259 -0.897472 -0.101398 0.204377 -0.977798 0.0462776 0.527227 -0.840677 -0.123666 0.302604 -0.894687 -0.328583 0.238537 -0.926737 -0.290275 0.0307138 -0.901979 -0.430685 0.0992575 -0.949823 -0.296621 0.531242 -0.84176 -0.0960271 0.387274 -0.920282 -0.0556735 0.310597 -0.949581 -0.0427356 0.493072 -0.857882 0.144629 0.565284 -0.811258 0.149382 0.560511 -0.756763 0.33636 0.752372 -0.615514 0.23469 0.12039 -0.983069 -0.138137 0.831897 -0.55027 0.071764 0.733232 -0.677199 0.0614142 0.97115 -0.180774 0.155525 0.959801 -0.137545 0.244669 0.972546 -0.174533 0.153923 0.979623 -0.0399145 0.196837 0.973364 -0.150475 0.172971 0.947345 -0.126299 0.294255 0.958517 -0.253236 0.130833 0.959777 -0.123199 0.252289 0.742524 -0.662072 -0.10158 0.994446 -0.0350595 0.0992347 0.980985 -0.0439448 0.189042 0.990883 0.0250496 0.132375 0.995245 -0.011533 -0.0967202 0.996559 -0.0331561 0.0759648 0.948882 -0.0313764 -0.314068 0.988493 -0.151263 0.000993524 0.937181 -0.0815092 -0.339189 0.81261 -0.227892 -0.536405 0.638007 -0.123934 -0.759992 0.855936 -0.0334304 -0.516 0.859949 -0.0981393 -0.500856 0.807864 -0.238534 -0.53894 0.194108 -0.289764 -0.937208 0.135726 -0.323996 -0.936272 0.780555 -0.46282 -0.420157 0.806781 -0.584134 -0.0888347 0.00659413 -0.766785 -0.64187 0.187131 -0.960048 -0.20806 0.055963 -0.964543 -0.257924 -0.360783 -0.569689 -0.738437 -0.473221 -0.27997 -0.835272 0.88436 -0.466726 0.00864588 0.202385 -0.896943 -0.393107 0.192701 -0.901522 -0.387459 0.295891 -0.897618 -0.326695 0.102603 -0.926865 -0.361101 3.71357e-007 0.674073 -0.738665 0.158133 0.661894 -0.732728 0.204416 0.651343 -0.73073 8.21331e-008 0.679815 -0.733384 0.349324 0.620569 -0.702044 -0.158133 0.66189 -0.732731 -0.204416 0.651338 -0.730735 -0.349325 0.62056 -0.702052 -3.83408e-008 0.848812 0.528695 -0.23652 0.824728 0.513694 0.23652 0.824728 0.513694 0.241663 -0.947692 -0.208518 -0.0084078 -0.942074 0.3353 0.999774 0.0198366 0.00769866 0.997797 0.0512306 0.0421556 0.993648 0.082513 0.0765209 0.992659 0.0274484 0.117794 -0.987307 -0.0135293 0.158243 -0.984503 -0.00309799 0.175338 -0.991257 -0.0216479 0.130157 -0.995973 0.0173759 0.0879549 -0.996625 0.0433652 0.0696991 -0.994299 0.10279 -0.0283574 -0.968181 0.00779515 0.250128 -0.994731 0.0941465 0.0405728 0.295945 -0.759198 -0.579686 0.0958634 -0.797794 -0.59526 0.152039 -0.795322 -0.586812 -0.360137 -0.916349 0.174943 -0.0986592 -0.977982 0.183897 -0.395582 -0.91456 -0.0842305 -0.864676 -0.322325 0.385283 -0.617802 -0.315803 0.720132 0.462603 -0.795826 -0.390717 -0.949382 -0.244129 0.197673 -0.245357 -0.438948 0.864364 -0.310034 -0.256701 0.915415 -0.615383 -0.232547 0.753144 -0.139192 -0.277605 0.950558 -0.890985 -0.145461 0.430101 -0.967396 -0.15654 0.199099 -0.969863 -0.20461 0.132289 -0.561639 -0.809733 -0.16998 -0.186218 -0.976036 -0.112585 -0.979024 -0.149471 0.138454 -0.978754 -0.153063 0.136426 -0.702188 -0.711426 -0.0283792 -0.468598 -0.873531 -0.131754 -0.586223 -0.770553 -0.250181 0.34847 -0.838879 -0.418151 0.314193 -0.852598 -0.417563 0.503904 -0.807872 -0.305652 -0.418473 -0.867703 -0.268275 0.416551 -0.785181 -0.458231 -0.99307 -0.0106188 0.117047 0.529391 -0.798238 -0.287334 0.595222 -0.796188 0.108607 0.496157 -0.762345 0.415522 0.500154 0.228139 0.835344 -0.113623 -0.918323 0.379173 0.220024 0.0782156 0.972354 -0.178209 0.780611 0.599073 0.0544387 0.851265 0.521904 -0.254891 0.885639 0.388168 -0.54014 0.713292 0.446612 -0.561775 0.634962 0.530313 -0.355318 0.745757 0.563556 0.315115 0.890026 0.329479 0.304828 0.840677 0.447595 0.43681 0.817731 0.37485 0.337194 0.866881 0.367175 0.0675295 0.890928 0.449096 0.0659377 0.894446 0.442288 0.34162 0.834945 0.431466 0.278812 0.869373 0.407988 0.316699 0.206977 0.925669 0.588151 0.322681 0.74159 0.095979 -0.897083 0.431313 0.161789 -0.985699 -0.0471305 0.206667 -0.94653 -0.247728 0.466059 -0.828111 -0.311482 0.581482 -0.740819 -0.336252 0.561111 -0.764472 -0.317392 0.615165 -0.735514 -0.283886 0.570111 -0.754211 -0.32579 0.203269 -0.926392 -0.316985 0.549896 -0.678587 -0.486965 0.0690067 -0.803835 -0.590836 0.057898 -0.656932 -0.751723 -0.0526223 -0.976935 0.206953 0.0318832 -0.86932 -0.49322 -0.130663 -0.575179 0.807525 -0.14645 0.506812 0.849526 -0.20926 0.689432 0.693465 -0.0922605 0.599087 0.795351 -0.449814 0.631927 0.631139 -0.423356 0.752795 0.504053 -0.798839 0.419756 0.430883 -0.397273 0.724469 0.563311 -0.66878 0.472134 0.574302 0.0713839 0.918858 0.388077 0.376281 0.873267 0.309544 0.120599 0.977075 0.175441 0.433716 0.900195 -0.039247 0.270707 0.872462 0.40685 0.344178 0.847061 0.405005 0.346393 0.832124 0.433106 0.160856 0.972699 0.16728 0.0414955 0.880595 0.47205 0.0260892 0.884729 0.465375 -0.0415417 0.545823 0.83687 -0.0448277 0.425218 0.90398 -0.396463 -0.917843 -0.0195337 -0.710567 -0.691243 -0.131441 -0.733888 -0.541035 0.410718 -0.964759 -0.190196 0.181839 -0.958761 -0.236879 0.157052 -0.960995 -0.167014 0.220444 -0.972887 -0.135028 0.18777 -0.822215 -0.431487 0.371189 -0.705583 -0.55783 0.437011 -0.659207 -0.333225 0.674097 -0.823247 -0.563622 -0.0677799 -0.202381 -0.896945 -0.393105 -0.102609 -0.926865 -0.3611 -0.200768 -0.756296 0.622663 -0.155133 -0.987738 -0.0175106 -0.233964 -0.911625 -0.337937 -0.0373663 -0.915601 0.400347 -0.240039 -0.753367 0.612225 -0.0357916 -0.684076 0.728532 -0.0464406 -0.749609 0.66025 -0.268958 -0.677793 0.684294 -0.172266 -0.535315 0.826899 -0.0522506 -0.561681 0.825702 -0.0411113 -0.538216 0.841803 -0.1927 -0.901522 -0.387459 -0.302098 -0.895021 -0.328138 -0.429259 -0.897471 -0.101398 -0.527105 -0.840561 -0.124971 -0.2373 -0.926681 -0.291463 -0.0278131 -0.903743 -0.427171 -0.0964994 -0.950299 -0.296005 -0.204377 -0.977798 0.0462776 -0.184096 -0.971968 -0.146243 -0.533365 -0.839991 -0.0996879 -0.387276 -0.920281 -0.0556752 -0.493174 -0.857795 0.144803 -0.57628 -0.803418 0.149731 -0.568704 -0.752608 0.331899 -0.31687 -0.948035 -0.0286978 -0.755169 -0.612652 0.233191 -0.150373 -0.981032 -0.122329 -0.29432 -0.911992 -0.285737 -0.164288 -0.943688 -0.287162 -0.828264 -0.556749 0.0633155 -0.723375 -0.687645 0.0622395 -0.969921 -0.188317 0.154237 -0.959601 -0.141269 0.243329 -0.972666 -0.176063 0.151404 -0.979632 -0.0399399 0.19679 -0.973363 -0.150501 0.172956 -0.947343 -0.126389 0.294222 -0.958517 -0.253244 0.130818 -0.959817 -0.123544 0.251968 -0.742421 -0.661905 -0.103409 -0.994441 -0.0352106 0.0992329 -0.980986 -0.0439451 0.189038 -0.990883 0.0250453 0.132374 -0.995243 -0.0115427 -0.0967341 -0.996562 -0.0331396 0.0759376 -0.94889 -0.0313463 -0.314047 -0.988344 -0.152228 0.00166101 -0.937181 -0.0815092 -0.339186 -0.812518 -0.226618 -0.537083 -0.638039 -0.123948 -0.759963 -0.855962 -0.0334451 -0.515956 -0.859987 -0.0981711 -0.500785 -0.80788 -0.238561 -0.538906 -0.190911 -0.282167 -0.940178 -0.137723 -0.314869 -0.93909 -0.782269 -0.458826 -0.421349 -0.804281 -0.587874 -0.086815 -0.0506752 -0.755709 -0.652944 -0.25615 -0.947339 -0.192188 -0.13649 -0.959857 -0.24504 0.354196 -0.538221 -0.764763 0.461156 -0.269892 -0.845277 -0.87273 -0.487511 -0.0259772 -0.241663 -0.947692 -0.208518 0.0084078 -0.942074 0.3353 -0.022189 -0.96451 -0.263113 -0.126881 -0.94933 -0.287531 -0.0552294 -0.968207 -0.243977 -0.336772 -0.888063 -0.312936 -0.295891 -0.897618 -0.326695 -0.997797 0.0512306 0.0421556 -0.999774 0.0198366 0.00769866 -0.993648 0.082513 0.0765209 0.251408 0.496756 -0.830679 -0.992659 0.0274484 0.117794 0.368281 0.794576 -0.482718 -0.0655462 0.684521 -0.726041 0.418989 0.756289 -0.502469 0.767216 0.626719 -0.136394 0.686575 0.702889 -0.185908 0.291043 0.847481 -0.443925 -0.0693417 0.749821 -0.657997 0.668734 0.185492 0.719992 0.491489 -0.371323 0.787755 0.594098 -0.185518 0.782707 0.47914 0.0173791 0.877566 0.50149 -0.237425 0.831948 0.508538 0.425649 0.748473 0.620344 0.435233 0.652492 0.0243799 -0.641827 0.766461 0.461837 -0.327177 0.824416 0.400834 0.0175552 0.915983 0.321341 0.378399 0.868075 0.392978 0.0202415 0.919325 0.844647 0.477597 0.241811 0.339034 0.917453 0.208172 0.506676 0.612349 0.606884 0.874892 -0.100286 0.473822 0.472034 0.413243 0.778726 0.142755 0.777085 0.612993 0.603666 0.746689 -0.279361 0.860288 -0.317503 0.398869 -0.621381 -0.527586 -0.579257 -0.689636 -0.571827 -0.444316 -0.655191 -0.564297 -0.502288 -0.62802 -0.513566 -0.584671 -0.724909 -0.575393 -0.378722 -6.6399e-006 -0.837921 -0.545792 -0.600632 -0.4911 -0.630921 0.724906 -0.575399 -0.378719 0.689634 -0.571832 -0.444313 0.655193 -0.564297 -0.502286 0.621381 -0.527586 -0.579257 0.62802 -0.513566 -0.584671 0.600632 -0.4911 -0.630921 0.51181 0.788978 0.339947 0.481073 0.84322 0.239894 0.141762 0.726203 0.672706 0.662469 0.743485 0.0914624 0.513639 0.73415 0.444071 0.468478 0.760717 0.449264 0.461681 0.690107 0.557317 0.453685 0.66762 0.590299 0.458765 0.538769 0.706585 0.457444 -0.884145 -0.0950418 0.448557 -0.891721 -0.0602458 0.441381 -0.870791 -0.216579 0.39592 -0.90521 0.154408 0.433599 -0.894802 0.106403 0.334893 -0.897119 0.28814 0.230013 -0.900717 0.368515 0.435836 -0.606949 0.664575 0.00189605 -0.904642 0.426167 -0.38284 -0.876731 0.291163 0.437427 -0.644437 0.627182 -0.0664121 -0.988306 0.13726 -0.661889 -0.740875 -0.114047 -0.598034 -0.801096 0.0244991 -0.26533 -0.117572 -0.956962 -0.280946 -0.0414687 -0.958827 -0.250256 -0.354243 -0.901046 -0.334997 0.271336 -0.902305 -0.32862 0.280885 -0.901728 -0.285633 0.196261 -0.938027 -0.230295 -0.355908 -0.905701 -0.142384 -0.344012 -0.928107 -0.159577 -0.283496 -0.945603 -0.211407 -0.0863267 -0.973578 -0.224117 -0.0819282 -0.971112 -0.371341 -0.408774 -0.833673 -0.808779 0.231859 -0.540479 -0.857774 0.14928 -0.491873 -0.750417 0.311753 -0.582824 0.264178 -0.876222 -0.403046 0.343858 -0.785019 -0.515273 0.376132 -0.643029 -0.667112 0.363215 -0.649792 -0.667717 0.32672 -0.90408 -0.275488 -4.14296e-007 -0.377323 -0.926082 0.384156 -0.39688 -0.833613 0 -0.242987 -0.97003 -0.384156 -0.396881 -0.833613 0.398565 -0.552867 -0.731768 0.469764 -0.548542 -0.691681 -5.50762e-007 -0.696306 -0.717745 0.530964 -0.628604 -0.568273 -0.469765 -0.548542 -0.691681 -0.530966 -0.628602 -0.568273 -0.398565 -0.552869 -0.731767 -3.29352e-008 -0.804979 -0.593304 0.425672 -0.728407 -0.536867 -0.425672 -0.728407 -0.536867 -0.674065 0.393675 -0.625025 -0.585702 0.474597 -0.657048 -0.75206 0.306697 -0.583389 -0.14697 -0.982492 0.114494 -0.522361 -0.848446 -0.0853111 -0.201222 -0.930526 0.305992 -0.315066 -0.936448 -0.154267 -0.363565 -0.879525 0.307011 -0.0224776 -0.837819 0.545485 -0.0884922 -0.798828 0.595015 -0.531185 -0.847158 0.0128633 0.181718 -0.849238 0.495756 0.0604493 -0.989903 0.128209 0.404492 0.878213 0.255201 0.958508 0.00960127 0.284905 0.970881 -0.0457597 0.235153 0.435707 0.888406 0.14455 0.435918 0.875652 0.207868 0.954006 -0.172817 0.244964 -0.610924 0.789539 -0.0583052 0 0.999996 -0.00269591 0.38718 0.856509 0.341298 -0.591813 0.80575 -0.0228921 -0.435925 0.875649 0.207865 0.610909 0.789551 -0.0583009 -0.435716 0.8884 0.144559 -0.97088 -0.0457765 0.235152 -0.404529 0.878195 0.255205 -0.958519 0.00955136 0.284869 -0.95401 -0.172807 0.244956 -0.387237 0.856485 0.341293 0.591774 0.80578 -0.022855 0.614426 0.750637 -0.24295 0.622701 0.735361 -0.26737 0.630996 0.731147 -0.259362 0.620026 0.750229 -0.229618 0.614248 0.759627 -0.213696 0.619488 0.771867 -0.143024 6.42788e-006 0.958715 -0.28437 -0.427525 0.856904 -0.287987 -0.614421 0.750639 -0.242957 -0.630995 0.731145 -0.259368 -0.620026 0.750229 -0.229618 -0.614248 0.759627 -0.213696 -0.619488 0.771867 -0.143024 0.793883 0.306702 0.525055 0.749215 0.590831 0.299323 0.624516 0.743474 -0.239218 0.826491 0.379837 0.415494 0.725071 0.666724 0.172484 0.774457 0.567011 0.280559 0.669875 0.687282 0.280911 0.68967 0.641251 0.336381 0.358042 0.764901 -0.535473 -0.245038 0.218318 -0.944613 0.0127854 0.539284 -0.842027 -0.347399 0.215841 -0.912539 0.725556 0.682478 -0.0882694 -0.360907 0.248439 -0.898901 -0.35575 0.270781 -0.894494 0.0655472 0.68452 -0.726041 -0.368266 0.794579 -0.482726 -0.418964 0.756292 -0.502485 -0.767183 0.626753 -0.136425 -0.686558 0.702902 -0.185922 -0.291049 0.847477 -0.443929 0.0693423 0.749821 -0.657997 -0.491481 -0.371322 0.78776 -0.668723 0.185472 0.720007 -0.594102 -0.185521 0.782704 -0.479129 0.0173775 0.877572 -0.501475 -0.237421 0.831958 -0.508529 0.425618 0.748497 -0.620338 0.435208 0.652515 -0.0243842 -0.641827 0.766462 -0.461831 -0.327156 0.824428 -0.40083 0.0175704 0.915984 -0.321344 0.378396 0.868075 -0.392975 0.0202552 0.919326 -0.339034 0.917453 0.208172 -0.844647 0.477597 0.241811 -0.506677 0.612348 0.606884 -0.874892 -0.100286 0.473822 -0.472034 0.413243 0.778726 -0.142755 0.777085 0.612993 -0.603666 0.746689 -0.279361 -0.860288 -0.317502 0.398869 -0.481073 0.84322 0.239894 -0.511811 0.788978 0.339947 -0.141762 0.726203 0.672706 -0.662469 0.743485 0.0914618 -0.51364 0.734149 0.444071 -0.468478 0.760716 0.449265 -0.461682 0.690107 0.557317 -0.453685 0.66762 0.590299 -0.458765 0.538769 0.706585 -0.448557 -0.891721 -0.0602458 -0.457444 -0.884145 -0.0950418 -0.441381 -0.870791 -0.216579 -0.395919 -0.905211 0.154406 -0.433598 -0.894803 0.106399 -0.334891 -0.897121 0.288137 -0.230007 -0.900718 0.368515 -0.00188823 -0.904643 0.426166 -0.435827 -0.60695 0.66458 0.38284 -0.876731 0.291163 -0.437413 -0.644445 0.627184 0.0664183 -0.988306 0.137255 0.661889 -0.740875 -0.114047 0.598034 -0.801096 0.0244991 0.280958 -0.0414721 -0.958824 0.265314 -0.117573 -0.956966 0.250258 -0.354272 -0.901034 0.334999 0.271364 -0.902296 0.328611 0.280884 -0.901731 0.285615 0.196247 -0.938036 0.230272 -0.355936 -0.905696 0.142377 -0.344005 -0.928111 0.159609 -0.283542 -0.945584 0.211388 -0.0863403 -0.973581 0.224127 -0.081937 -0.971109 0.808777 0.231846 -0.540488 0.371332 -0.408782 -0.833673 0.85777 0.149269 -0.491884 0.750417 0.311739 -0.582832 -0.264183 -0.876222 -0.40304 -0.343865 -0.785019 -0.515268 -0.37614 -0.643029 -0.667107 -0.363221 -0.649793 -0.667713 -0.326725 -0.904079 -0.275485 0.674065 0.393663 -0.625032 0.585702 0.474587 -0.657054 0.75206 0.306683 -0.583396 0.522364 -0.848444 -0.0853177 0.146973 -0.982492 0.114493 0.201221 -0.930527 0.30599 0.315068 -0.936447 -0.154269 0.363566 -0.879527 0.307006 0.022475 -0.837818 0.545488 0.0884867 -0.798823 0.595023 0.5312 -0.847149 0.0128427 -0.181717 -0.849239 0.495753 -0.0604473 -0.989904 0.128205 -0.749217 0.590831 0.299319 -0.793886 0.306701 0.525052 -0.624517 0.743471 -0.239225 -0.826502 0.379826 0.415483 -0.725074 0.666725 0.172471 -0.774468 0.567016 0.280521 -0.669866 0.687299 0.280889 -0.68967 0.641251 0.336381 -0.358041 0.764899 -0.535477 0.245039 0.218319 -0.944612 -0.0127831 0.539283 -0.842027 0.347402 0.215842 -0.912537 -0.725556 0.682478 -0.0882708 0.360912 0.248438 -0.8989 0.355755 0.270776 -0.894494</float_array>
                    <technique_common>
                        <accessor count="6788" source="#ID63" stride="3">
                            <param name="X" type="float"/>
                            <param name="Y" type="float"/>
                            <param name="Z" type="float"/>
                        </accessor>
                    </technique_common>
                </source>
                <source id="ID64">
                    <float_array id="ID65" count="4538">0.0256493 1.14182 0.00639516 1.1208 0.0256493 1.1208 0.00639516 1.14182 0.00639516 1.07113 0.0256493 1.07113 0.00639516 1.05103 0.025643 1.0533 0.00639516 1.16428 0.0256493 1.16428 0.0327184 1.03591 0.0347442 1.1628 0.0301351 1.17291 0.0373608 1.1666 0.0523831 1.1555 0.0530356 1.15823 0.0334316 1.17451 0.0348494 1.14182 0.0512425 1.14182 0.0348494 1.1208 0.0512425 1.1208 0.0348494 1.07113 0.0512425 1.07113 0.0710487 1.1545 0.0710487 1.15662 0.127384 1.15662 0.127384 1.1545 0.145019 1.18123 0.144871 1.18257 0.127384 1.14182 0.162205 1.14182 0.127384 1.1208 0.159797 1.1208 0.18343 1.14182 0.1795 1.1214 0.127384 1.08931 0.16182 1.08478 0.1795 1.08166 0.226629 1.13189 0.0710487 1.1208 0.226629 1.14182 0.227698 1.15476 0.257335 1.14182 0.257906 1.12092 0.186564 1.15476 0.257316 1.16479 0.248616 1.17224 0.257305 1.17915 0.273926 1.10757 0.261773 1.16645 0.262383 1.16667 0.268446 1.14182 0.27016 1.14182 0.277205 1.10484 0.257304 1.18034 0.248077 1.1727 0.226629 1.15591 0.186822 1.15548 0.163293 1.15476 0.163812 1.15589 0.277388 1.09518 0.274241 1.09785 0.274493 1.09009 0.277534 1.08746 0.276059 1.07278 0.277813 1.07271 0.288666 1.07064 0.265022 1.06493 0.29748 1.06349 0.305157 1.06916 0.27928 1.04127 0.22578 1.04597 0.22578 1.03283 0.282134 1.03277 0.22578 1.0685 0.308795 1.05277 0.315061 1.0364 0.191163 1.0685 0.166055 1.04611 0.168521 1.0329 0.127384 1.04736 0.127384 1.0329 0.340394 1.06803 0.322403 1.06874 0.333531 1.08524 0.347987 1.04462 0.359919 1.0472 0.351043 1.08209 0.0788742 1.04736 0.127384 1.07113 0.072918 1.07113 0.0739302 1.02895 0.372377 1.05925 0.367961 1.10444 0.345756 1.11433 0.343272 1.16061 0.322529 1.12468 0.327158 1.16152 0.317618 1.0881 0.377539 1.00641 0.0538226 1.03506 0.316019 1.08839 0.304413 1.06945 0.320601 1.12554 0.325184 1.16268 0.343834 1.16183 0.370298 1.00641 0.356866 1.00641 0.322387 1.00641 0.287909 1.00641 0.22578 1.00641 0.171403 1.00641 0.127384 1.0184 0.0670321 1.01731 0.0521619 1.02532 0.0397328 1.04418 0.0344922 1.05374 0.0561302 1.05088 0.0710487 1.14182 0.162826 1.06959 0.1893 1.08166 0.22578 1.08166 0.257906 1.08166 0.257906 1.10129 0.257906 1.11001 0.273359 1.13425 0.273351 1.13412 0.273291 1.13415 0.273405 1.13422 0.273279 1.13406 0.273485 1.13435 0.273517 1.1343 0.273337 1.13397 0.273297 1.13397 0.273279 1.13389 0.273351 1.13383 0.273292 1.1338 0.273359 1.1337 0.273405 1.13373 0.273485 1.1336 0.273517 1.13365 0.274411 1.13453 0.274296 1.13456 0.274411 1.13456 0.274296 1.13451 0.274457 1.13454 0.274455 1.13456 0.274084 1.13447 0.273965 1.13449 0.274075 1.13452 0.27397 1.13444 0.273898 1.13445 0.273905 1.1344 0.273803 1.13439 0.273798 1.13444 0.189211 1.11758 0.226629 1.12625 0.248147 1.11897 0.189211 1.08969 0.195043 1.08969 0.248147 1.11083 0.248147 1.10433 0.248147 1.08969 0.22578 1.08969 0.27363 1.13187 0.273738 1.13161 0.273596 1.13186 0.273447 1.13218 0.273472 1.1322 0.273757 1.13164 0.273914 1.13151 0.273912 1.13153 0.274122 1.13153 0.274098 1.13155 0.274199 1.13162 0.27423 1.1316 0.274216 1.13177 0.274239 1.13177 0.274226 1.13185 0.274244 1.13185 0.274238 1.13196 0.274251 1.13196 0.274219 1.13211 0.274212 1.13211 0.274159 1.13238 0.274166 1.13238 0.274212 1.13244 0.274264 1.13252 0.342926 1.16437 0.339697 1.16446 0.323343 1.16492 0.164125 1.15652 0.127384 1.15843 0.144849 1.18253 0.0872289 1.00641 0.127384 1.00641 0.0754662 1.17515 0.0701718 1.17238 0.0702726 1.17553 0.0747946 1.17201 0.0616101 1.17543 0.0614815 1.17227 0.0810272 1.17475 0.0797444 1.17162 0.0874347 1.17383 0.0859256 1.1702 0.0921433 1.1726 0.09222 1.16813 0.0946728 1.17187 0.100525 1.17017 0.100517 1.16545 0.103629 1.16688 0.104321 1.17072 0.102639 1.16643 0.258733 1.17347 0.250417 1.17266 0.257688 1.17808 0.345084 1.15886 0.289218 1.07131 0.026391 1.18125 0.0314063 1.18031 0.274296 1.13339 0.274411 1.13341 0.274411 1.13339 0.274296 1.13344 0.273965 1.13346 0.274084 1.13348 0.274075 1.13343 0.27397 1.13351 0.273898 1.1335 0.273905 1.13355 0.273803 1.13356 0.273798 1.13351 0.106585 1.35808 0.171507 1.33577 0.171507 1.3544 0.106585 1.34077 0.106585 1.37662 0.0570083 1.36633 0.0582487 1.35527 0.0115937 1.34245 0.0591201 1.34369 0.171507 1.37505 0.171507 1.398 0.0598021 1.33318 0.171507 1.32038 0.106585 1.32726 0.0568327 1.37465 0.106585 1.39437 0.689076 1.03603 0.700358 1.02158 0.685072 1.02715 0.70321 1.0296 0.67966 1.01192 0.695921 1.0082 0.715437 1.01603 0.711981 1.0063 0.734939 1.00943 0.717624 1.02146 0.974917 1.01769 0.996589 1.00234 0.997563 1.01707 0.975062 1.00182 0.994409 1.0332 0.973501 1.03432 0.951096 1.01804 0.948452 1.00169 0.94853 1.03567 0.930198 1.02505 0.930686 1.01391 0.923593 1.00157 0.922791 1.0373 0.928612 1.02526 0.921204 1.03751 0.9291 1.01411 0.922006 1.00178 0.88062 1.58413 0.842256 1.7206 0.88062 1.7206 0.842256 1.58413 0.842256 1.7206 0.240913 1.7632 0.262017 1.76323 0.239673 1.7632 0.262017 1.76317 0.280512 1.76314 0.280512 1.76326 0.303602 1.76312 0.303602 1.76328 0.327564 1.76309 0.327564 1.76331 0.357997 1.76304 0.357997 1.76336 0.327564 1.75372 0.357997 1.7625 0.361616 1.75238 0.327564 1.7625 0.327564 1.74455 0.365409 1.74176 0.303602 1.75461 0.303602 1.7625 0.280793 1.75592 0.280468 1.7625 0.281134 1.74982 0.303602 1.74659 0.26226 1.75445 0.262154 1.75797 0.262052 1.7625 0.239804 1.7625 0.327564 1.74551 0.365012 1.74288 0.303602 1.74743 0.281098 1.75046 0.262249 1.75482 0.280791 1.75595 0.262154 1.75798 0.280468 1.7625 0.262052 1.7625 0.303602 1.75464 0.327564 1.75376 0.361599 1.75243 0.241023 1.76238 0.171997 1.90999 0.144452 1.90532 0.171971 1.90532 0.144139 1.90999 0.113592 1.90999 0.113709 1.90456 0.142142 1.94956 0.172161 1.94956 0.144381 1.96739 0.170604 1.96739 0.143354 1.94956 0.112846 1.94956 0.13806 1.96739 0.110506 1.96739 0.129773 1.9846 0.150015 1.9846 0.169057 1.9846 0.0757772 1.96739 0.0757772 1.94956 0.105565 1.98459 0.0757772 1.98459 0.0471265 1.98459 0.0426427 1.96739 0.0197436 1.9846 0.0402705 1.94956 0.00974669 1.96739 0.00525433 1.94956 0.0382464 1.90999 0.0037596 1.90999 0.00352544 1.90543 0.0381303 1.90456 0.0757772 1.90999 0.0757772 1.90371 0.219113 1.10385 0.218934 1.10362 0.218918 1.10388 0.219121 1.10356 0.219305 1.10382 0.219306 1.10351 0.219105 1.10412 0.219303 1.10412 0.218903 1.10412 0.199161 1.90532 0.199511 1.90999 0.204157 1.90999 0.204669 1.90532 0.200889 1.94956 0.208649 1.90999 0.208649 1.90532 0.195772 1.96739 0.18728 1.9846 0.20412 1.90999 0.204626 1.90532 0.157927 1.90493 0.113396 1.90451 0.144087 1.90454 0.123865 1.90495 0.0381445 1.90456 0.103057 1.90537 0.219114 1.10385 0.219122 1.10356 0.219106 1.10412 0.61528 1.4032 0.632612 1.43756 0.61528 1.4375 0.635544 1.4032 0.628194 1.45386 0.645122 1.45176 0.61528 1.45456 0.65489 1.43452 0.65489 1.4032 0.624016 1.46384 0.61528 1.46522 0.594509 1.4032 0.596841 1.43744 0.576583 1.43439 0.576583 1.4032 0.58608 1.45176 0.600446 1.45388 0.604647 1.46384 0.594509 1.37771 0.576583 1.36676 0.61528 1.37771 0.61528 1.36125 0.635544 1.37771 0.631629 1.36125 0.65489 1.36687 0.640214 1.34415 0.631629 1.34415 0.598758 1.36125 0.591833 1.34415 0.598758 1.34415 0.61528 1.34415 0.626064 1.35595 0.61528 1.35595 0.626064 1.34415 0.604178 1.35595 0.604178 1.34415 0.360078 1.59191 0.377505 1.60186 0.37014 1.60914 0.380201 1.59191 0.377505 1.58196 0.37014 1.57468 0.360078 1.57201 0.350016 1.57468 0.34265 1.58196 0.339954 1.59191 0.34265 1.60186 0.350016 1.60914 0.360078 1.61181 0.388126 1.60792 0.376271 1.61965 0.392465 1.59191 0.388126 1.5759 0.376271 1.56417 0.360078 1.55988 0.343884 1.56417 0.33203 1.5759 0.330123 1.59173 0.33203 1.60792 0.343884 1.61965 0.360078 1.62394 0.278157 1.81911 0.258509 1.82481 0.258509 1.81911 0.278157 1.82481 0.294719 1.81911 0.294719 1.82481 0.30693 1.81911 0.278157 1.80313 0.258509 1.80313 0.294719 1.80313 0.30693 1.80313 0.239768 1.81911 0.239768 1.80313 0.220306 1.81911 0.239768 1.82481 0.220306 1.82481 0.201379 1.82481 0.201379 1.81911 0.220306 1.80313 0.201379 1.80313 0.187886 1.82481 0.187294 1.81911 0.173924 1.81911 0.173924 1.82481 0.187314 1.80313 0.173924 1.80313 0.166305 1.82481 0.166305 1.81911 0.359832 1.54224 0.384622 1.54766 0.401698 1.56515 0.408783 1.59036 0.336186 1.5476 0.317133 1.56677 0.311911 1.59044 0.40331 1.61382 0.316617 1.61088 0.323323 1.62432 0.392978 1.63299 0.360294 1.63295 0.32761 1.6329 0.316546 1.82481 0.3351 1.81911 0.3351 1.82481 0.316546 1.81911 0.349864 1.81911 0.349864 1.82481 0.3351 1.80313 0.316546 1.80313 0.349864 1.80313 0.166305 1.80313 0.164629 1.42235 0.169261 1.43342 0.143583 1.42235 0.143583 1.43342 0.117173 1.43342 0.143583 1.45084 0.114189 1.45084 0.121268 1.42235 0.172814 1.45084 0.143583 1.47558 0.112237 1.47558 0.109876 1.51231 0.143583 1.51231 0.109339 1.54217 0.143583 1.54217 0.109339 1.57897 0.143583 1.57897 0.169495 1.57897 0.172877 1.54217 0.174221 1.51231 0.174766 1.47558 0.172877 1.54217 0.169494 1.57897 0.174766 1.47558 0.172814 1.45084 0.172814 1.45084 0.164629 1.42235 0.121454 1.57897 0.101285 1.54217 0.101285 1.57897 0.121454 1.54217 0.149931 1.57897 0.149931 1.54217 0.103172 1.51231 0.122815 1.51231 0.149931 1.51231 0.106401 1.47558 0.12489 1.47558 0.149931 1.47558 0.127575 1.45084 0.149931 1.45084 0.130352 1.43342 0.116515 1.43342 0.110721 1.45084 0.124443 1.42235 0.133686 1.42235 0.149931 1.43342 0.149931 1.42235 0.167762 1.45568 0.166371 1.45663 0.166263 1.45631 0.167757 1.45606 0.16527 1.45797 0.165065 1.4577 0.165061 1.46108 0.165272 1.46101 0.165273 1.46412 0.165058 1.46454 0.166167 1.46585 0.166292 1.46536 0.167758 1.46657 0.167755 1.46599 0.126668 1.57897 0.116061 1.57897 0.134847 1.57897 0.165501 1.57897 0.165933 1.57897 0.165129 1.57897 0.333594 1.51807 0.323439 1.51807 0.340137 1.51807 0.353196 1.51807 0.366343 1.51807 0.377303 1.51807 0.384711 1.51807 0.392646 1.51807 0.333594 1.52528 0.323439 1.52528 0.323439 1.53249 0.333594 1.53249 0.340137 1.52528 0.353196 1.52528 0.353196 1.53249 0.340137 1.53249 0.366343 1.53249 0.366343 1.52528 0.377303 1.53249 0.377303 1.52528 0.384711 1.52528 0.384711 1.53249 0.392646 1.52528 0.392646 1.53249 0.211366 1.74216 0.205859 1.64402 0.203875 1.64402 0.212663 1.74216 0.269556 1.64402 0.26504 1.74216 0.266042 1.74216 0.271088 1.64402 0.267341 2.03301 0.267425 1.88937 0.267337 1.88937 0.267422 2.03301 0.205696 1.64402 0.212557 1.74216 0.264903 1.74216 0.269346 1.64402 0.28469 1.88937 0.230261 2.03301 0.227438 1.88937 0.281472 2.03301 0.25514 1.86924 0.184915 1.86924 0.184915 1.87468 0.25514 1.87468 0.25514 1.88011 0.184915 1.88011 0.188975 1.41228 0.198038 1.40737 0.188975 1.40738 0.198061 1.41226 0.190288 1.46651 0.196729 1.46646 0.193512 1.49345 0.188975 1.40738 0.188952 1.41226 0.190288 1.46651 0.198038 1.40737 0.198038 1.41228 0.196736 1.46637 0.188986 1.40737 0.188963 1.41225 0.190296 1.46632 0.198049 1.40737 0.198072 1.41225 0.196736 1.46637 0.201379 1.83441 0.215619 1.86091 0.201379 1.86091 0.215619 1.83441 0.186078 1.83441 0.186078 1.86091 0.168061 1.83441 0.168061 1.86091 0.23422 1.83441 0.23422 1.86091 0.249649 1.86091 0.248829 1.83441 0.268843 1.83441 0.268843 1.86091 0.293101 1.86091 0.293101 1.83441 0.316546 1.86091 0.316546 1.83441 0.332355 1.83441 0.332355 1.86091 0.349864 1.86091 0.349864 1.83441 0.276088 1.83441 0.252937 1.86091 0.252937 1.83441 0.276088 1.86091 0.231738 1.86091 0.231738 1.83441 0.330238 1.6878 0.36556 1.6656 0.350922 1.65197 0.330238 1.64643 0.309554 1.65197 0.294412 1.66711 0.28887 1.6878 0.294412 1.70848 0.309554 1.72362 0.330238 1.72916 0.350922 1.72362 0.366063 1.70848 0.371605 1.6878 0.281668 1.55255 0.271365 1.52415 0.293139 1.54593 0.264742 1.53562 0.241621 1.51618 0.241621 1.52943 0.211877 1.52415 0.218499 1.53562 0.190103 1.54593 0.201574 1.55255 0.182133 1.57567 0.195378 1.57567 0.190103 1.60541 0.201574 1.59879 0.211877 1.62719 0.218499 1.61572 0.241621 1.63516 0.241621 1.62191 0.271365 1.62719 0.264742 1.61572 0.293139 1.60541 0.281668 1.59879 0.301109 1.57567 0.287863 1.57567 0.210699 1.59352 0.223768 1.60659 0.205916 1.57567 0.210699 1.55782 0.223768 1.54475 0.241621 1.53997 0.259473 1.54475 0.272542 1.55782 0.277326 1.57567 0.272542 1.59352 0.259473 1.60659 0.241621 1.61138 0.241621 1.57567 0.238252 1.32351 0.225729 1.34775 0.225811 1.32354 0.241046 1.34775 0.212303 1.32358 0.2091 1.34775 0.263197 1.32354 0.247109 1.34775 0.263082 1.34775 0.250134 1.32358 0.27626 1.32351 0.279054 1.34775 0.166011 1.29125 0.161727 1.29101 0.169284 1.29143 0.162155 1.3119 0.170844 1.3119 0.161649 1.29163 0.136924 1.3119 0.136924 1.29197 0.116103 1.29232 0.116103 1.3119 0.116103 1.29167 0.136924 1.29032 0.102598 1.29255 0.102598 1.3119 0.161689 1.29163 0.136924 1.29197 0.1622 1.3119 0.116103 1.29232 0.106168 1.29232 0.722086 1.38972 0.776069 1.43112 0.722086 1.43112 0.775581 1.38972 0.728782 1.39405 0.7762 1.39405 0.776653 1.42665 0.728782 1.42665 0.730219 1.44782 0.755354 1.44782 0.730219 1.44782 0.755354 1.45774 0.755354 1.46767 0.730219 1.46767 0.730219 1.46767 0.708148 1.46767 0.690786 1.46507 0.708148 1.44782 0.690784 1.45041 0.676698 1.45774 0.690781 1.45041 0.690783 1.46507 0.690786 1.45774 0.708148 1.45774 0.730219 1.45774 0.804393 1.34564 0.701336 1.37852 0.804393 1.37852 0.701336 1.34564 0.814909 1.34564 0.814909 1.37852 0.0918434 1.78447 0.0840851 1.74292 0.0918434 1.74292 0.0840851 1.78447 0.0986582 1.78447 0.0986582 1.74292 0.10728 1.74292 0.10728 1.78447 0.113231 1.74292 0.113231 1.78447 0.0840851 1.72632 0.0918434 1.72632 0.0840851 1.68072 0.0918434 1.68072 0.0918434 1.61496 0.0840851 1.61648 0.0986582 1.68072 0.0986582 1.72632 0.10728 1.72632 0.10728 1.68072 0.10728 1.61532 0.0986582 1.61363 0.113231 1.72632 0.113231 1.68072 0.113231 1.61648 0.127804 1.74292 0.127804 1.78447 0.127804 1.72632 0.127804 1.68072 0.127804 1.61648 0.0931247 1.78447 0.0931247 1.74292 0.1054 1.78447 0.1054 1.74292 0.1054 1.72632 0.1054 1.68072 0.1054 1.61495 0.0931247 1.68072 0.0931247 1.72632 0.0931247 1.61471 0.93077 1.69784 0.962505 1.61405 0.926292 1.6159 0.930238 1.55426 0.950072 1.55159 0.902403 1.61823 0.973565 1.61182 0.979231 1.6302 0.981514 1.6097 0.990457 1.54885 0.973114 1.54949 0.972288 1.50218 0.99314 1.50269 0.906263 1.56019 0.919664 1.52164 0.891517 1.51882 0.930666 1.54303 0.94272 1.53508 0.938553 1.5329 0.944189 1.50113 0.939732 1.49946 0.925202 1.52291 0.948651 1.4577 0.954087 1.45571 0.938441 1.44491 0.938329 1.43636 0.924292 1.4514 0.929659 1.45798 0.878061 1.43255 0.928656 1.49677 0.924791 1.49524 0.876021 1.48574 0.864495 1.4825 0.856228 1.43078 0.856332 1.4787 0.855505 1.50188 0.86179 1.50854 0.852071 1.54369 0.870641 1.51726 0.859043 1.33875 0.884671 1.34249 0.86998 1.31805 0.884395 1.56458 0.854575 1.33244 0.847091 1.35238 0.852526 1.32954 0.860039 1.30356 0.86318 1.30751 0.890455 1.27575 0.951143 1.27675 0.958214 1.344 0.975109 1.2782 0.960638 1.2115 0.970083 1.23094 0.92706 1.21675 0.909007 1.22259 0.914938 1.21631 0.905938 1.17943 0.911529 1.18255 0.896644 1.22441 0.92307 1.21195 0.933802 1.18276 0.928577 1.18455 0.925708 1.16365 0.929235 1.15238 0.964719 1.17813 0.95923 1.14623 0.9281 1.08898 0.953776 1.0958 0.935539 1.06606 0.955067 1.06931 0.910708 1.14221 0.926954 1.06271 0.914226 1.08614 0.888914 1.13286 0.87732 1.17325 0.869983 1.22546 0.865744 1.27268 0.937522 1.04403 0.943195 1.04574 0.957521 1.04981 0.982427 1.34555 0.967876 1.44031 0.989529 1.44132 0.986151 1.25499 0.978205 1.22429 0.974456 1.22673 0.357277 1.43548 0.365859 1.49464 0.385071 1.4868 0.333782 1.50773 0.385071 1.4473 0.412257 1.43581 0.412257 1.44708 0.329725 1.38432 0.357277 1.42028 0.364776 1.38441 0.384711 1.38447 0.384711 1.40832 0.400931 1.42024 0.400931 1.4083 0.279675 1.49985 0.279771 1.38418 0.256913 1.49654 0.258757 1.38412 0.231627 1.49699 0.234778 1.38376 0.205086 1.49746 0.205086 1.38332 0.36736 1.49403 0.331442 1.38432 0.28028 1.38418 0.365681 1.38442 0.229589 1.49702 0.232442 1.38373 0.426143 1.38459 0.426463 1.38453 0.425239 1.38462 0.427397 1.38446 0.430629 1.37104 0.428069 1.37167 0.429908 1.37094 0.429004 1.37168 0.427299 1.37236 0.42642 1.37233 0.45792 1.37075 0.454263 1.36962 0.458323 1.37067 0.45356 1.36962 0.446565 1.36764 0.446281 1.36775 0.458048 1.38289 0.457786 1.38081 0.458191 1.38083 0.457644 1.38284 0.432836 1.38418 0.444881 1.38351 0.445188 1.38355 0.433287 1.38411 0.453017 1.38308 0.453454 1.38313 0.42764 1.38445 0.428409 1.38436 0.435264 1.37007 0.43484 1.36996 0.454435 1.37904 0.454105 1.37732 0.454477 1.37731 0.454063 1.37903 0.462259 1.37731 0.462703 1.3773 0.462239 1.37546 0.462682 1.37543 0.457882 1.37537 0.458287 1.37534 0.460628 1.38081 0.460248 1.37902 0.460675 1.37902 0.460201 1.38078 0.405733 1.38461 0.434738 1.38479 0.440325 1.5115 0.480485 1.50104 0.482201 1.3851 0.407328 1.49675 0.385248 1.4473 0.505808 1.49444 0.51213 1.38529 0.534901 1.49444 0.536843 1.38655 0.565648 1.49444 0.567682 1.38811 0.405531 1.3846 0.433625 1.38479 0.406667 1.49646 0.481771 1.3851 0.538332 1.49444 0.540255 1.38672 0.456871 1.38405 0.456104 1.38364 0.456881 1.38371 0.456034 1.3839 0.451362 1.38389 0.450846 1.38375 0.442626 1.38363 0.442618 1.38351 0.437529 1.38348 0.43759 1.38336 0.433946 1.38325 0.433751 1.38337 0.45689 1.38339 0.456191 1.38332 0.456435 1.37415 0.455269 1.37398 0.456077 1.374 0.455737 1.37415 0.454825 1.37382 0.455652 1.37382 0.450837 1.37283 0.450362 1.37284 0.443201 1.37126 0.443283 1.37128 0.437572 1.37266 0.437303 1.37268 0.43372 1.3736 0.433518 1.3736 0.433865 1.38168 0.433667 1.38178 0.430626 1.37889 0.430429 1.3803 0.430389 1.37896 0.430664 1.38022 0.437517 1.37903 0.43767 1.37896 0.437663 1.37743 0.43751 1.37748 0.433776 1.37736 0.433801 1.37736 0.433576 1.37741 0.435923 1.38031 0.435782 1.38183 0.43575 1.3804 0.435955 1.38173 0.0752409 1.27784 0.125759 1.25365 0.0745171 1.23725 0.00647634 1.25362 0.00451241 1.21036 0.127391 1.20275 0.121982 1.19817 0.0725482 1.19644 0.0101316 1.20559 0.675636 1.70034 0.710093 1.66984 0.675636 1.66984 0.710093 1.70034 0.710093 1.64423 0.675636 1.63885 0.710093 1.61883 0.688377 1.59395 0.662869 1.62402 0.64672 1.60535 0.670587 1.57327 0.710093 1.64445 0.710093 1.61905 0.432757 1.09898 0.437489 1.07871 0.42291 1.09329 0.443174 1.08856 0.457404 1.07338 0.457404 1.08475 0.47732 1.07871 0.471635 1.08856 0.491899 1.09329 0.482052 1.09898 0.497235 1.11321 0.485865 1.11321 0.491899 1.13312 0.482052 1.12744 0.47732 1.1477 0.471635 1.13786 0.457404 1.15304 0.457404 1.14167 0.437489 1.1477 0.443174 1.13786 0.42291 1.13312 0.432757 1.12744 0.417574 1.11321 0.428944 1.11321 0.457404 1.11321 0.0324644 1.39919 0.0265549 1.42735 0.0428777 1.42843 0.0396631 1.45916 0.0696166 1.43004 0.0727505 1.46114 0.0486301 1.49235 0.0144913 1.47759 0.0788902 1.48724 0.0945711 1.46131 0.089353 1.4311 0.0842933 1.40255 0.0196032 1.45743 0.0459315 1.40017 0.0978793 1.48548 0.0688002 1.40132 0.0781226 1.50103 0.0960729 1.50589 0.00985276 1.49767 0.0418686 1.52201 0.053012 1.52434 0.0641589 1.52127 0.073021 1.51362 0.0557906 1.54282 0.0741747 1.53753 0.0884815 1.52433 0.00217203 1.52636 0.0202927 1.54103 0.0608531 1.59663 0.0910777 1.55989 0.0910774 1.59663 0.0608531 1.55989 0.0336575 1.59663 0.0336577 1.55989 0.00646091 1.55989 0.00646103 1.59663 0.0374869 1.7727 0.0491248 1.7136 0.0491248 1.7727 0.0374869 1.7136 0.0258492 1.7727 0.0258491 1.7136 0.0141219 1.7727 0.0141218 1.7136 0.0608521 1.7136 0.0608521 1.7727 0.0258491 1.6497 0.0374869 1.6497 0.0374869 1.64543 0.0491248 1.64543 0.0491248 1.64115 0.0374869 1.64115 0.0258492 1.64543 0.0258491 1.64115 0.0141219 1.64543 0.0141219 1.64115 0.060852 1.64115 0.0608521 1.64543 0.0491249 1.6497 0.060852 1.6497 0.0141218 1.6497 0.0374869 1.63668 0.0273586 1.63668 0.0374869 1.6319 0.0476153 1.63668 0.0171525 1.63668 0.0578214 1.63668 0.484188 1.03515 0.470052 1.02044 0.489006 1.02327 0.46446 1.03257 0.444246 1.0137 0.511151 1.03858 0.51177 1.02499 0.539344 1.03857 0.543163 1.02722 0.54399 1.01354 0.51232 1.02061 0.513352 1.01241 0.492054 1.0109 0.471292 1.00947 0.445958 1.00574 0.43114 1.00155 0.429767 1.01074 0.43678 1.01917 0.42729 1.00155 0.53689 1.0445 0.511151 1.04438 0.482253 1.04135 0.423819 1.01361 0.423414 1.00155 0.433816 1.02436 0.463468 1.0389 0.420906 1.00155 0.446341 1.00155 0.470642 1.00155 0.492738 1.00155 0.513565 1.00155 0.543755 1.00155 0.563398 1.01414 0.563915 1.00155 0.560718 1.02797 0.556558 1.03918 0.554003 1.0445 0.589009 1.01561 0.583364 1.00554 0.589009 1.00395 0.583364 1.01561 0.595992 1.01561 0.596297 1.00312 0.577997 1.00773 0.577997 1.01561 0.57187 1.01039 0.57187 1.01561 0.569887 1.01276 0.569887 1.01561 0.600447 1.01561 0.600752 1.00312 0.718058 1.50737 0.718056 1.50751 0.718148 1.5075 0.718054 1.50769 0.717226 1.50622 0.717201 1.50767 0.716255 1.50488 0.716205 1.50784 0.715504 1.50384 0.715434 1.50798 0.71614 1.51165 0.715343 1.51329 0.716066 1.51567 0.715238 1.51892 0.715997 1.51939 0.715141 1.52412 0.713981 1.50803 0.713877 1.51486 0.71267 1.50808 0.712553 1.51628 0.713673 1.5258 0.712259 1.53201 0.713551 1.53231 0.712115 1.53969 0.712761 1.50168 0.714063 1.5027 0.711484 1.50833 0.711355 1.51762 0.711585 1.50109 0.711004 1.53637 0.710837 1.54527 0.710097 1.51903 0.709687 1.54096 0.709497 1.55112 0.71024 1.5086 0.710351 1.50047 0.70848 1.54322 0.708276 1.55413 0.707298 1.54545 0.70708 1.55709 0.682439 1.54629 0.68221 1.55854 0.652162 1.54731 0.651919 1.56031 0.652705 1.51829 0.682962 1.51839 0.647065 1.54887 0.646861 1.56095 0.707802 1.51846 0.647455 1.51614 0.647732 1.50345 0.652902 1.50776 0.653055 1.49955 0.647825 1.49341 0.70837 1.5186 0.642245 1.514 0.640761 1.5508 0.639377 1.52559 0.638564 1.50663 0.63775 1.48767 0.638129 1.48528 0.642653 1.49922 0.638448 1.48327 0.642971 1.4877 0.708938 1.51874 0.709354 1.51884 0.640486 1.5565 0.640232 1.56179 0.718048 1.50805 0.717134 1.51148 0.717101 1.51329 0.71717 1.50952 0.718051 1.50788 0.176438 1.74914 0.162399 1.74914 0.162469 1.7619 0.15557 1.74855 0.161482 1.73772 0.15557 1.73772 0.149669 1.74855 0.135351 1.7619 0.141319 1.74953 0.135351 1.74953 0.149669 1.72853 0.141319 1.72853 0.197262 1.7619 0.193748 1.7249 0.183416 1.7249 0.190862 1.69343 0.183416 1.69343 0.183416 1.67763 0.188553 1.67763 0.187033 1.66183 0.180699 1.6611 0.180699 1.67763 0.185146 1.64997 0.172249 1.64997 0.172249 1.6611 0.181534 1.62959 0.164715 1.63697 0.164715 1.64997 0.15558 1.62959 0.158372 1.63697 0.14736 1.63478 0.135351 1.62959 0.135351 1.63478 0.164073 1.65054 0.171696 1.65054 0.159226 1.63804 0.164073 1.63804 0.135351 1.63564 0.146601 1.63564 0.14736 1.64989 0.146601 1.6509 0.14736 1.65763 0.158372 1.64943 0.158372 1.65763 0.159226 1.65867 0.146601 1.65867 0.159226 1.65077 0.159665 1.69343 0.176438 1.7249 0.159484 1.67763 0.145938 1.69343 0.146284 1.67763 0.145656 1.7243 0.160929 1.7243 0.161102 1.72853 0.15557 1.72853 0.135351 1.7243 0.146497 1.66183 0.159178 1.66183 0.171696 1.66183 0.135351 1.66183 0.135351 1.65059 0.135351 1.67763 0.179902 1.66183 0.135351 1.69343 0.135351 1.72824 0.179902 1.67763 0.159226 1.651 0.158372 1.65001 0.14736 1.65006 0.146601 1.65105 0.475335 1.38447 0.453903 1.36249 0.482992 1.36249 0.451773 1.38447 0.387053 1.38447 0.389385 1.36249 0.512607 1.36249 0.538453 1.38447 0.546628 1.36249 0.567084 1.36249 0.674572 1.32633 0.618442 1.32633 0.674572 1.29631 0.562313 1.29631 0.562313 1.32633 0.117814 1.87406 0.116465 1.87729 0.115478 1.87527 0.11881 1.87671 0.121523 1.87868 0.114119 1.87787 0.113143 1.87647 0.125186 1.87544 0.123568 1.87149 0.127829 1.87568 0.119321 1.87339 0.340821 1.94399 0.354631 1.88912 0.356217 1.952 0.367123 1.89743 0.328654 1.9742 0.322443 1.96823 0.30109 1.9964 0.30109 1.9676 0.30109 1.9388 0.32786 1.88006 0.30109 1.871 0.475704 1.38447 0.480996 1.36249 0.513812 1.36249 0.624562 1.32633 0.123461 1.87161 0.125107 1.87553 0.127436 1.8761 0.119878 1.87306 0.121736 1.87844 0.118051 1.8738 0.119018 1.87648 0.116569 1.87717 0.115735 1.87506 0.531213 1.24949 0.528765 1.21299 0.536936 1.23938 0.551376 1.21821 0.553817 1.18116 0.518692 1.18116 0.559801 1.18192 0.577174 1.21964 0.58745 1.18116 0.612055 1.22125 0.577575 1.25486 0.542601 1.25768 0.622832 1.24986 0.585847 1.28289 0.564224 1.27029 0.629209 1.27969 0.655523 1.21328 0.646523 1.18131 0.668145 1.24432 0.693047 1.21171 0.694167 1.18142 0.695046 1.23681 0.682311 1.27578 0.707676 1.26423 0.725539 1.20862 0.756966 1.18359 0.731629 1.22725 0.739048 1.24994 0.74782 1.21746 0.835692 1.62513 0.835773 1.67573 0.810571 1.62401 0.772973 1.67401 0.836491 1.70502 0.782768 1.62079 0.794092 1.7086 0.741233 1.67053 0.747337 1.6097 0.719249 1.56023 0.715893 1.59973 0.719004 1.66809 0.716072 1.68238 0.724526 1.69167 0.743788 1.71284 0.781201 1.58042 0.772911 1.56397 0.732132 1.5253 0.778627 1.52816 0.797974 1.52738 0.7985 1.56009 0.835632 1.55446 0.83335 1.52595 0.835662 1.58979 0.804535 1.59205 0.736944 1.50979 0.777414 1.51067 0.762715 1.49072 0.775937 1.48938 0.794587 1.49211 0.785365 1.51294 0.810464 1.49443 0.8033 1.51333 0.831068 1.49745 0.738623 1.49315 0.785759 1.47173 0.777256 1.46756 0.797903 1.47854 0.801219 1.46498 0.814522 1.46614 0.812493 1.48029 0.831068 1.46758 0.831068 1.48149 0.832471 1.51497 0.77823 1.46255 0.785914 1.45686 0.779221 1.45794 0.783405 1.44959 0.803337 1.45262 0.814296 1.45443 0.840492 1.25895 0.769642 1.23771 0.803339 1.17633 0.785431 1.2803 0.767514 1.17018 0.794148 1.30381 0.840739 1.27702 0.804543 1.32224 0.796659 1.3321 0.783748 1.13572 0.745786 1.1371 0.824914 1.14021 0.810888 1.10284 0.789099 1.09209 0.767815 1.09229 0.750984 1.1163 0.767385 1.17024 0.711346 1.17333 0.717814 1.12928 0.69624 1.13627 0.742632 1.11353 0.721608 1.10518 0.751973 1.09901 0.725748 1.08533 0.711355 1.07782 0.711419 1.1003 0.69405 1.09309 0.693035 1.10359 0.702645 1.11016 0.686359 1.11481 0.70959 1.11997 0.692108 1.12943 0.673764 1.13819 0.674488 1.14489 0.654421 1.13567 0.654871 1.11815 0.628106 1.12575 0.630052 1.11807 0.622787 1.14678 0.620075 1.15749 0.656138 1.14553 0.687586 1.09212 0.659334 1.16388 0.676864 1.1669 0.694099 1.16986 0.519176 1.67807 0.465687 1.7195 0.457259 1.66403 0.523804 1.72347 0.428809 1.65363 0.439891 1.71857 0.46939 1.7768 0.529034 1.77479 0.470612 1.80003 0.450021 1.77805 0.451665 1.80003 0.452247 1.83314 0.470003 1.83194 0.542219 1.81249 0.53804 1.85591 0.472199 1.85866 0.568472 1.81715 0.560642 1.85906 0.565017 1.78061 0.433448 1.80003 0.439218 1.83401 0.398953 1.78217 0.4322 1.77897 0.373794 1.82655 0.373838 1.86541 0.440253 1.86113 0.599219 1.78615 0.593425 1.82157 0.614976 1.83075 0.607089 1.86964 0.628011 1.87599 0.633036 1.83844 0.620219 1.7948 0.582124 1.86206 0.637817 1.80205 0.556232 1.89198 0.574784 1.89496 0.597685 1.90152 0.567444 1.92786 0.58828 1.9334 0.571183 1.99136 0.554099 1.98768 0.583749 1.99406 0.604825 1.93784 0.543805 1.98473 0.551822 1.92489 0.533511 1.98177 0.535668 1.92184 0.483026 1.97883 0.478695 1.93798 0.461603 1.98146 0.458289 1.94017 0.443317 1.94178 0.445884 1.9834 0.378855 1.9314 0.383415 1.99139 0.442404 1.896 0.456556 1.89475 0.453773 1.86009 0.475843 1.89303 0.537242 1.87809 0.586496 1.73308 0.613467 1.75614 0.637253 1.78902 0.559717 1.72944 0.554416 1.67827 0.506521 1.62001 0.56909 1.62709 0.589893 1.68263 0.612863 1.6317 0.581245 1.59019 0.637117 1.59501 0.639953 1.64469 0.498461 1.58304 0.64279 1.69437 0.440739 1.6157 0.43065 1.57526 0.423279 1.61585 0.493932 1.51434 0.41756 1.64734 0.423475 1.71789 0.391275 1.72279 0.395114 1.75248 0.528532 1.56051 0.579238 1.57662 0.989918 1.67063 0.990166 1.6702 0.990246 1.67031 0.989259 1.67001 0.990077 1.66993 0.990214 1.67006 0.990707 1.6701 0.990686 1.67013 0.990791 1.67049 0.990671 1.67016 0.99077 1.67053 0.990868 1.6709 0.989141 1.67005 0.989099 1.67049 0.989064 1.67048 0.989024 1.6708 0.989673 1.67143 0.989009 1.67079 0.989723 1.67139 0.989971 1.67137 0.989768 1.67137 0.989457 1.67134 0.990945 1.67131 0.990222 1.67137 0.990876 1.67089 0.990909 1.6714 0.990875 1.67149 0.990176 1.6712 0.651044 1.78435 0.65576 1.78275 0.624414 1.73308 0.646537 1.79251 0.655258 1.78297 0.988927 1.67128 0.989426 1.67136 0.989673 1.67142 0.989197 1.6701 0.59561 1.55005 0.57152 1.54588 0.59357 1.56566 0.604966 1.53305 0.585628 1.52879 0.617155 1.51237 0.57358 1.5151 0.6209 1.53656 0.615461 1.55349 0.609067 1.57339 0.626577 1.5189 0.605722 1.50445 0.572113 1.51345 0.593404 1.55079 0.566376 1.55211 0.616924 1.51221 0.616694 1.54965 0.572142 1.51347 0.568558 1.52872 0.544589 1.51941 0.54842 1.54328 0.536414 1.51392 0.564466 1.54614 0.5581 1.57324 0.553229 1.57324 0.538721 1.51755 0.543904 1.57324 0.530998 1.54578 0.530922 1.51508 0.530626 1.51003 0.531066 1.57324 0.5976 1.5486 0.594344 1.53068 0.586141 1.57332 0.609288 1.57339 0.616705 1.55001 0.607247 1.53038 0.622171 1.53278 0.752074 1.02631 0.724013 1.03194 0.747368 1.01543 0.726475 1.03911 0.757912 1.04087 0.730588 1.04753 0.735409 1.05926 0.765834 1.05926 0.683143 1.05926 0.734364 1.05926 0.730126 1.04834 0.733644 1.05926 0.766221 1.05926 0.757943 1.04058 0.753442 1.02938 0.759262 1.04311 0.725787 1.05026 0.724179 1.05926 0.681166 1.05926 0.724076 1.03141 0.766104 1.05926 0.989027 1.67044 0.990575 1.6704 0.98895 1.6712 0.990596 1.67146 0.990793 1.6704 0.9908 1.67131 0.99101 1.6704 0.991004 1.67116 0.989012 1.67044 0.722013 1.31231 0.722844 1.30466 0.722948 1.3123 0.72274 1.29702 0.737865 1.29691 0.736683 1.3123 0.739268 1.27863 0.702601 1.29712 0.705565 1.2786 0.700154 1.31241 0.531036 1.5462 0.530959 1.51218 0.531023 1.5486 0.530996 1.50927 0.536507 1.51398 0.544616 1.51943 0.544603 1.51942 0.57658 1.57204 0.576576 1.57205 0.576581 1.57205 0.576572 1.57204 0.576581 1.57203 0.57657 1.57203 0.576581 1.57203 0.576569 1.57203 0.682708 1.05926 0.736338 1.05926 0.568718 1.54927 0.572861 1.51429 0.544618 1.51943 0.725633 1.05926 0.682568 1.05926 0.766644 1.05945 0.606286 1.572 0.886254 1.01589 0.899628 1.02296 0.899633 1.01285 0.886265 1.02388 0.899625 1.02802 0.88627 1.02821 0.89963 1.0537 0.886261 1.05013 0.886251 1.07204 0.899634 1.07187 0.839367 1.02267 0.83683 1.01548 0.791312 1.0317 0.784431 1.01479 0.776636 1.03026 0.769408 1.01174 0.840294 1.02513 0.795932 1.04634 0.84761 1.04126 0.800477 1.05823 0.756187 1.01188 0.786237 1.05583 0.765815 1.03389 0.776594 1.05953 0.874842 1.04366 0.841428 1.02376 0.836004 1.03184 0.78446 1.01453 0.791317 1.0317 0.776437 1.03069 0.76805 1.01104 0.830809 1.04402 0.800478 1.05823 0.83327 1.0589 0.833548 1.06226 0.787192 1.05867 0.863413 1.05911 0.765999 1.03381 0.756216 1.01161 0.766382 1.03479 0.776559 1.03119 0.791163 1.03168 0.847591 1.04128 0.798756 1.05399 0.786356 1.05661 0.800455 1.05825 0.78718 1.05868 0.800431 1.05827 0.805711 1.06128 0.730721 1.04347 0.725901 1.0293 0.736756 1.05942 0.75566 1.03476 0.74728 1.01485 0.766163 1.05895 0.733562 1.04347 0.726521 1.02872 0.740906 1.0589 0.756585 1.03711 0.733701 1.04409 0.740648 1.0589 0.756935 1.03801 0.741548 1.05889 0.817526 1.0624 0.834552 1.06423 0.738563 1.05942 0.787449 1.05869 0.787439 1.05868 0.800455 1.05825 0.830461 1.06017 0.833249 1.05892 0.84751 1.06101 0.873505 1.06482 0.850602 1.06147 0.550985 1.21803 0.577031 1.21956 0.577541 1.25485 0.611994 1.22122 0.812592 1.6241 0.783458 1.6208 0.805292 1.59165 0.72584 1.54493 0.735044 1.52356 0.739049 1.50769 0.735511 1.50742 0.739812 1.51034 0.698077 1.92971 0.680914 1.96324 0.702251 1.96037 0.670442 1.92326 0.691484 1.9891 0.780996 1.97734 0.683548 1.99243 0.72129 1.92855 0.746764 1.9306 0.754773 1.9553 0.783939 1.92959 0.786657 1.95438 0.758948 1.8947 0.78686 1.8952 0.766528 1.86416 0.728908 1.8615 0.726578 1.89096 0.69876 1.85965 0.698187 1.89005 0.668996 1.85928 0.669895 1.88794 0.791172 1.86584 0.790081 1.83478 0.76489 1.8326 0.788498 1.80613 0.75904 1.8002 0.729729 1.83183 0.727131 1.79652 0.700103 1.83017 0.700994 1.79642 0.672148 1.83057 0.675781 1.79748 0.789096 1.78002 0.76039 1.77427 0.785052 1.73801 0.801335 1.73599 0.71849 1.77626 0.702925 1.75959 0.700003 1.77767 0.684813 1.76536 0.697084 1.7178 0.689468 1.71233 0.681044 1.77876 0.815927 1.7821 0.821607 1.73348 0.862441 1.74283 0.857798 1.78738 0.872199 1.74607 0.874684 1.79171 0.873452 1.81286 0.89307 1.7878 0.890271 1.74153 0.889786 1.81514 0.92567 1.78886 0.855689 1.81592 0.922158 1.74001 0.924388 1.81981 0.814255 1.81035 0.985085 1.82243 0.987253 1.76935 0.988515 1.74333 0.986355 1.79134 0.984048 1.83812 0.989643 1.72007 0.815167 1.83858 0.856266 1.84157 0.816828 1.86729 0.85602 1.86896 0.869844 1.86867 0.855599 1.89975 0.814596 1.89504 0.813155 1.92809 0.854973 1.92807 0.814456 1.95314 0.857135 1.95032 0.886955 1.9275 0.817562 1.98112 0.859112 1.97573 0.86909 1.97377 0.887263 1.95295 0.921775 1.92538 0.920695 1.90386 0.921687 1.95066 0.982685 1.91003 0.982418 1.89467 0.984692 1.95592 0.982198 1.88206 0.921172 1.88826 0.920989 1.86587 0.884103 1.86781 0.88753 1.83948 0.87204 1.83544 0.922475 1.84117 0.981978 1.86945 0.883997 1.89941 0.919869 1.9779 0.887055 1.97717 0.717925 1.12921 0.696262 1.13625 0.721788 1.1048 0.711542 1.10007 0.702726 1.11009 0.709684 1.11989 0.692136 1.12943 0.673768 1.13819 0.67456 1.14553 0.655677 1.14288 0.676867 1.1669 0.691671 1.16944 0.797284 1.97903 0.240954 1.69188 0.232638 1.71629 0.232638 1.69188 0.240954 1.71629 0.240954 1.71629 0.240954 1.69188 0.232638 1.71629 0.232638 1.69188 0.240954 1.69188 0.232638 1.71629 0.240954 1.69188 0.240954 1.71629 0.232638 1.69188 0.232638 1.71629 0.240954 1.71629 0.232638 1.69188 0.232638 1.71629 0.100979 1.83954 0.0822932 1.84562 0.0802757 1.83952 0.0990512 1.84554 0.0822804 1.83344 0.0990195 1.83355 0.0875022 1.82974 0.0938934 1.82974 0.0939355 1.84929 0.0875325 1.84934 0.10021 1.81083 0.0812148 1.8005 0.100496 1.79921 0.0815507 1.81083 0.0662404 1.82162 0.0263107 1.8053 0.0263107 1.82481 0.115119 1.82204 0.142016 1.797 0.142016 1.83496 0.12081 1.8395 0.115222 1.85696 0.142016 1.865 0.100339 1.88393 0.100339 1.86816 0.0816328 1.86816 0.0816328 1.88898 0.0560342 1.88184 0.0662668 1.85729 0.0263107 1.87385 0.0603414 1.83943 0.0263107 1.85774 0.0263107 1.84162 0.232638 1.71629 0.232638 1.71629 0.232638 1.69188 0.240954 1.69188 0.232638 1.71629 0.14382 1.10392 0.148961 1.11616 0.155178 1.10576 0.160683 1.11716 0.165677 1.10775 0.166459 1.11792 0.142004 1.11595 0.166009 1.11207 0.648625 1.02727 0.645191 1.036 0.642655 1.02661 0.650673 1.05039 0.654152 1.04111 0.642721 1.06629 0.656344 1.08963 0.66286 1.07693 0.636532 1.04312 0.628225 1.10531 0.664708 1.06663 0.667931 1.06888 0.667395 1.08015 0.673023 1.05381 0.670922 1.05021 0.660724 1.09252 0.631881 1.10791 0.61111 1.11598 0.613898 1.07752 0.625831 1.07287 0.613682 1.11807 0.589229 1.12207 0.602171 1.09914 0.589053 1.09992 0.583589 1.09958 0.589268 1.09647 0.584184 1.0905 0.599741 1.08534 0.60969 1.08528 0.607554 1.07135 0.593195 1.12605 0.591328 1.09058 0.57913 1.08303 0.579295 1.07581 0.571222 1.08329 0.578749 1.0989 0.568308 1.09657 0.557867 1.09423 0.560081 1.08575 0.54946 1.08591 0.547132 1.09183 0.505194 1.06742 0.507395 1.05991 0.554592 1.07286 0.510303 1.04998 0.554977 1.05704 0.509491 1.03874 0.556225 1.00584 0.507115 1.00584 0.567519 1.05727 0.56375 1.07171 0.580952 1.00584 0.574416 1.07308 0.585537 1.00584 0.588356 1.00584 0.59576 1.00584 0.599162 1.07377 0.6099 1.05558 0.61208 1.06324 0.622969 1.05428 0.621834 1.04896 0.624665 1.01067 0.639678 1.03905 0.645632 1.01417 0.653277 1.01545 0.658563 1.02935 0.413434 1.03966 0.392999 1.03208 0.408726 1.02538 0.399793 1.05657 0.478354 1.04927 0.47682 1.06502 0.491241 1.05399 0.489412 1.06609 0.483053 1.04217 0.495145 1.04564 0.498068 1.03569 0.488955 1.03326 0.445309 1.02289 0.42932 1.03107 0.417123 1.00584 0.433998 1.00584 0.493831 1.00584 0.483234 1.00584 0.402279 1.00584 0.385719 1.00584 0.306067 1.2285 0.21906 1.25204 0.212149 1.23915 0.301851 1.20847 0.325326 1.20133 0.322961 1.18264 0.29622 1.19049 0.208632 1.22872 0.195326 1.21653 0.186795 1.2023 0.330997 1.2224 0.191152 1.25826 0.202725 1.2692 0.254509 1.25954 0.175582 1.2757 0.180304 1.24461 0.158217 1.2604 0.146814 1.24954 0.167277 1.23457 0.158095 1.21904 0.136936 1.23261 0.252995 1.26419 0.2499 1.27083 0.189068 1.28759 0.242549 1.28804 0.299778 1.26757 0.293615 1.2885 0.323203 1.28439 0.330853 1.26252 0.357762 1.28029 0.363268 1.257 0.365482 1.24133 0.401832 1.23514 0.363122 1.23451 0.402975 1.22848 0.390787 1.24853 0.38179 1.26748 0.436473 1.22848 0.389128 1.26589 0.408477 1.24948 0.421483 1.25286 0.455486 1.23048 0.438594 1.22425 0.405057 1.21089 0.446157 1.20785 0.444533 1.18422 0.397591 1.1915 0.3715 1.19295 0.361511 1.17376 0.34419 1.17616 0.39022 1.17348 0.351606 1.19736 0.435473 1.15932 0.362514 1.21565 0.466148 1.15134 0.432156 1.15234 0.462334 1.14603 0.501254 1.14505 0.499045 1.13199 0.512528 1.1286 0.473706 1.17853 0.503595 1.16245 0.498422 1.18714 0.512422 1.15858 0.512496 1.14259 0.525557 1.14545 0.522241 1.16096 0.51035 1.18868 0.509417 1.18786 0.482453 1.19967 0.467877 1.20416 0.484524 1.21072 0.467691 1.21645 0.4652 1.22102 0.484927 1.21304 0.332412 1.24232 0.333069 1.24969 0.303355 1.25784 0.301932 1.24987 0.81351 1.45506 0.809695 1.45814 0.812978 1.45549 0.189068 1.28759 0.142218 1.11453 0.142517 1.11255 0.431496 1.15048 0.325321 1.20133 0.330927 1.2224 0.33237 1.24232 0.333028 1.24969 0.365046 1.24131 0.330885 1.26252 0.363315 1.25697 0.362658 1.23448 0.371133 1.19298 0.351453 1.19737 0.361924 1.21563 0.427583 1.30848 0.426968 1.27836 0.297895 1.34302 0.472687 1.33295 0.536854 1.32926 0.524437 1.28269 0.511935 1.2358 0.464847 1.2985 0.473 1.33244 0.498652 1.31077 0.389857 1.3185 0.40432 1.35051 0.379939 1.28505 0.455915 1.25269 0.491017 1.34148 0.366888 1.34787 0.357428 1.32714 0.338917 1.31403 0.482735 1.34226 0.6351 1.909 0.631373 1.93076 0.659816 1.94403 0.651214 1.9133 0.670071 1.99245 0.620806 1.99245 0.640761 1.87595 0.397825 1.34838 0.358057 1.34624 0.364194 1.32534 0.641559 1.92782 0.632886 1.92193 0.642108 1.96356 0.627442 1.95371 0.620806 1.99245 0.642553 1.99245 0.6423 1.95369 0.643194 1.99245 0.626164 1.96117 0.658436 1.94621 0.643024 1.93211 0.643299 1.99245 0.666105 1.97534 0.632146 1.94496 0.628114 1.96463 0.636454 1.91045 0.655416 1.93975 0.650262 1.91731 0.642283 1.91373 0.641851 1.96135 0.642609 1.99245 0.641402 1.94296 0.657208 1.94296 0.64141 1.90732 0.632155 1.92091 0.626466 1.95063 0.641967 1.9342 0.643173 1.99245 0.628948 1.94296 0.642521 1.91922 0.629032 1.94493 0.643526 1.94394 0.633784 1.91699 0.645371 1.99245 0.658101 1.94295 0.650248 1.91261 0.373021 1.32382 0.373041 1.34594 0.434884 1.34834 0.427459 1.30991 0.525048 1.28498 0.398595 1.29258 0.297895 1.34302 0.358611 1.3126 0.442238 1.30458 0.457391 1.33383 0.392199 1.33759 0.38306 1.32034 0.356126 1.34712 0.367437 1.3245 0.411166 1.31285 0.518242 1.25945 0.357162 1.31659 0.346702 1.30853 0.395692 1.29907</float_array>
                    <technique_common>
                        <accessor count="2269" source="#ID65" stride="2">
                            <param name="S" type="float"/>
                            <param name="T" type="float"/>
                        </accessor>
                    </technique_common>
                </source>
                <vertices id="ID66">
                    <input semantic="POSITION" source="#ID60"/>
                </vertices>
                <triangles count="7836" material="Material1">
                    <input offset="0" semantic="VERTEX" source="#ID66"/>
                    <input offset="1" semantic="NORMAL" source="#ID62"/>
                    <input offset="2" semantic="TEXCOORD" source="#ID64" set="0"/>
                    <p>0 2 2 2 1 1 1 0 0 1 0 0 2 1 1 3 3 3 2 1 1 0 2 2 4 4 4 4 4 4 0 2 2 5 5 5 5 5 5 6 6 6 4 4 4 7 7 7 6 6 6 5 5 5 3 3 3 8 8 8 1 0 0 1 0 0 8 8 8 9 9 9 7 7 7 10 10 10 6 6 6 11 11 11 1 0 0 9 9 9 12 12 12 11 11 11 9 9 9 12 12 12 13 13 13 11 11 11 13 13 13 14 14 14 11 11 11 15 15 15 14 14 14 13 13 13 16 16 16 13 13 13 12 12 12 11 11 11 14 14 14 17 17 17 17 17 17 14 14 14 18 18 18 17 17 17 18 18 18 19 19 19 19 19 19 18 18 18 20 20 20 19 19 19 20 20 20 21 21 21 21 21 21 20 20 20 22 22 22 15 15 15 23 23 23 14 14 14 14 14 14 23 23 23 18 18 18 24 24 24 23 23 23 15 15 15 24 24 24 25 25 25 23 23 23 23 23 23 25 25 25 26 26 26 25 25 25 27 27 27 26 26 26 28 28 28 27 27 27 25 25 25 26 26 26 29 29 29 23 23 23 26 26 26 30 30 30 29 29 29 30 30 30 31 31 31 29 29 29 32 32 32 31 31 31 30 30 30 30 30 30 33 33 33 32 32 32 32 32 32 33 33 33 34 34 34 32 32 32 35 35 35 31 31 31 36 36 36 35 35 35 32 32 32 37 37 37 32 32 32 34 34 34 37 37 37 36 36 36 32 32 32 38 38 38 34 34 34 33 33 33 31 31 31 39 39 39 29 29 29 31 31 31 35 35 35 39 39 39 40 40 40 38 38 38 33 33 33 40 40 40 33 33 33 41 41 41 42 42 42 40 40 40 41 41 41 38 38 38 40 40 40 42 42 42 43 43 43 38 38 38 42 42 42 41 41 41 33 33 33 44 44 44 30 30 30 44 44 44 33 33 33 42 42 42 41 41 41 45 45 45 45 45 45 41 41 41 46 46 46 45 45 45 46 46 46 47 47 47 43 43 43 42 42 42 48 48 48 45 45 45 49 49 49 42 42 42 47 47 47 49 49 49 45 45 45 49 49 49 47 47 47 50 50 50 49 49 49 50 50 50 51 51 51 42 42 42 49 49 49 51 51 51 48 48 48 42 42 42 51 51 51 51 51 51 50 50 50 52 52 52 48 48 48 51 51 51 53 53 53 53 53 53 51 51 51 52 52 52 50 50 50 47 47 47 54 54 54 46 46 46 55 55 55 47 47 47 47 47 47 55 55 55 54 54 54 46 46 46 56 56 56 55 55 55 41 41 41 44 44 44 56 56 56 46 46 46 41 41 41 56 56 56 56 56 56 44 44 44 57 57 57 58 58 58 57 57 57 44 44 44 59 59 59 57 57 57 58 58 58 58 58 58 44 44 44 30 30 30 27 27 27 59 59 59 58 58 58 58 58 58 30 30 30 26 26 26 26 26 26 60 60 27 58 58 58 61 61 28 59 59 59 60 60 27 53 53 53 62 62 60 48 48 48 48 48 48 62 62 60 63 63 61 63 63 61 62 62 60 64 64 62 64 64 62 62 62 60 65 65 63 65 65 63 66 66 64 64 64 62 67 67 65 66 66 64 65 65 63 67 67 65 68 68 66 66 66 64 66 66 64 68 68 66 69 69 67 69 69 67 68 68 66 70 70 68 70 70 68 68 68 66 71 71 69 72 72 70 69 69 67 70 70 68 72 72 70 73 73 71 69 69 67 73 73 71 72 72 70 74 74 72 74 74 72 72 72 70 75 75 73 69 69 67 73 73 71 76 76 74 72 72 70 77 77 75 75 75 73 72 72 70 70 70 68 77 77 75 75 75 73 77 77 75 78 78 76 73 73 71 79 79 77 76 76 74 74 74 72 80 80 78 73 73 71 80 80 78 79 79 77 73 73 71 81 81 79 80 80 78 74 74 72 81 81 79 82 82 80 80 80 78 83 83 81 82 82 80 81 81 79 77 77 75 84 84 82 78 78 76 85 85 83 84 84 82 77 77 75 85 85 83 70 70 68 71 71 69 85 85 83 77 77 75 70 70 68 86 86 84 84 84 82 85 85 83 78 78 76 84 84 82 87 87 85 84 84 82 88 88 86 87 87 85 89 89 87 88 88 86 84 84 82 86 86 84 89 89 87 84 84 82 83 83 81 90 90 88 82 82 80 82 82 80 90 90 88 91 91 89 82 82 80 91 91 89 80 80 78 91 91 89 90 90 88 92 92 90 93 93 91 90 90 88 83 83 81 92 92 90 35 35 35 91 91 89 89 89 87 94 94 92 88 88 86 95 95 93 94 94 92 89 89 87 89 89 87 96 96 94 95 95 93 89 89 87 86 86 84 96 96 94 97 97 95 95 95 93 96 96 94 96 96 94 98 98 96 97 97 95 97 97 95 98 98 96 99 99 97 98 98 96 96 96 94 100 100 98 100 100 98 96 96 94 86 86 84 86 86 84 85 85 83 100 100 98 100 100 98 85 85 83 71 71 69 94 94 92 101 101 99 88 88 86 102 102 100 90 90 88 93 93 91 100 100 98 71 71 69 103 103 101 103 103 101 71 71 69 104 104 102 103 103 101 105 105 103 100 100 98 100 100 98 105 105 103 98 98 96 98 98 96 105 105 103 99 99 97 99 99 97 105 105 103 106 106 104 106 106 104 107 107 105 99 99 97 99 99 97 107 107 105 97 97 95 107 107 105 95 95 93 97 97 95 88 88 86 101 101 99 108 108 106 88 88 86 108 108 106 87 87 85 87 87 85 108 108 106 109 109 107 109 109 107 78 78 76 87 87 85 110 110 108 78 78 76 109 109 107 111 111 109 78 78 76 110 110 108 75 75 73 78 78 76 111 111 109 112 112 110 75 75 73 111 111 109 74 74 72 75 75 73 112 112 110 112 112 110 81 81 79 74 74 72 113 113 111 81 81 79 112 112 110 113 113 111 114 114 112 81 81 79 81 81 79 114 114 112 83 83 81 114 114 112 93 93 91 83 83 81 115 115 113 93 93 91 114 114 112 93 93 91 115 115 113 116 116 114 93 93 91 116 116 114 102 102 100 102 102 100 116 116 114 117 117 115 10 10 10 117 117 115 116 116 114 117 117 115 118 118 116 102 102 100 118 118 116 119 119 117 102 102 100 118 118 116 22 22 22 119 119 117 22 22 22 92 92 90 119 119 117 22 22 22 39 39 39 92 92 90 20 20 20 39 39 39 22 22 22 20 20 20 120 120 118 39 39 39 120 120 118 29 29 29 39 39 39 23 23 23 29 29 29 120 120 118 18 18 18 23 23 23 120 120 118 18 18 18 120 120 118 20 20 20 119 119 117 92 92 90 90 90 88 102 102 100 119 119 117 90 90 88 39 39 39 35 35 35 92 92 90 118 118 116 21 21 21 22 22 22 118 118 116 7 7 7 21 21 21 7 7 7 117 117 115 10 10 10 7 7 7 118 118 116 117 117 115 21 21 21 7 7 7 5 5 5 5 5 5 19 19 19 21 21 21 0 2 2 19 19 19 5 5 5 19 19 19 0 2 2 17 17 17 17 17 17 0 2 2 1 0 0 17 17 17 1 0 0 11 11 11 35 35 35 36 36 36 91 91 89 91 91 89 36 36 36 121 121 119 80 80 78 91 91 89 121 121 119 80 80 78 121 121 119 79 79 77 37 37 37 79 79 77 121 121 119 37 37 37 121 121 119 36 36 36 122 122 120 79 79 77 37 37 37 122 122 120 123 123 121 79 79 77 79 79 77 123 123 121 76 76 74 124 124 122 76 76 74 123 123 121 124 124 122 69 69 67 76 76 74 124 124 122 66 66 64 69 69 67 66 66 64 124 124 122 125 125 123 125 125 123 64 64 62 66 66 64 126 126 124 64 64 62 125 125 123 126 126 124 63 63 61 64 64 62 43 43 43 63 63 61 126 126 124 43 43 43 48 48 48 63 63 61 127 129 127 129 128 126 128 127 125 128 127 125 129 128 126 130 130 128 129 128 126 127 129 127 131 131 129 128 127 125 130 130 128 132 132 130 132 132 130 130 130 128 133 133 131 129 128 126 131 131 129 134 134 132 134 134 132 131 131 129 135 135 133 134 134 132 135 135 133 136 136 134 137 137 135 134 134 132 136 136 134 137 137 135 136 136 134 138 138 136 139 139 137 137 137 135 138 138 136 140 140 138 137 137 135 139 139 137 141 141 139 140 140 138 139 139 137 142 142 140 140 140 138 141 141 139 143 145 143 145 144 142 144 143 141 144 143 141 145 144 142 146 146 144 147 147 145 143 145 143 144 143 141 148 148 146 143 145 143 147 147 145 149 151 149 151 150 148 150 149 147 150 149 147 151 150 148 152 152 150 153 153 151 152 152 150 151 150 148 154 154 152 152 152 150 153 153 151 154 154 152 153 153 151 155 155 153 155 155 153 153 153 151 156 156 154 157 158 130 159 157 131 158 157 154 158 157 154 159 157 131 160 159 153 161 162 34 163 161 38 162 160 155 162 160 155 163 161 38 164 163 156 163 161 38 165 164 157 164 163 156 166 165 43 165 164 157 163 161 38 167 166 158 161 162 34 162 160 155 168 167 37 161 162 34 167 166 158 168 167 37 167 166 158 169 168 120 169 168 120 167 166 158 170 169 159 166 165 43 171 170 160 165 164 157 172 171 124 171 170 160 166 165 43 172 171 124 173 172 161 171 170 160 174 173 123 173 172 161 172 171 124 173 172 161 174 173 123 175 174 162 175 174 162 174 173 123 176 175 122 176 175 122 177 176 121 175 174 162 175 174 162 177 176 121 178 177 163 177 176 121 169 168 120 178 177 163 178 177 163 169 168 120 170 169 159 179 180 166 181 179 165 180 178 164 180 178 164 182 181 167 179 180 166 183 182 168 182 181 167 180 178 164 184 185 164 186 184 165 185 183 169 187 186 170 185 183 169 186 184 165 188 187 171 185 183 169 187 186 170 189 188 172 188 187 171 187 186 170 190 189 173 188 187 171 189 188 172 189 188 172 191 190 174 190 189 173 192 191 175 191 190 174 189 188 172 192 191 175 193 192 176 191 190 174 194 193 177 193 192 176 192 191 175 194 193 177 195 194 178 193 192 176 196 195 179 195 194 178 194 193 177 196 195 179 197 196 180 195 194 178 198 197 181 197 196 180 196 195 179 199 198 182 197 196 180 198 197 181 200 199 183 197 196 180 199 198 182 201 200 184 200 199 183 199 198 182 202 201 185 200 199 183 201 200 184 203 202 186 202 201 185 201 200 184 204 203 187 203 202 186 201 200 184 205 204 189 207 205 188 206 204 104 208 206 190 205 204 189 206 204 104 209 207 193 211 207 192 210 207 191 212 209 142 214 208 149 213 208 144 213 208 144 214 208 149 215 210 147 216 212 195 217 211 194 115 115 113 216 212 195 115 115 113 114 114 112 113 113 111 216 212 195 114 114 112 218 215 198 220 214 197 219 213 196 219 213 196 220 214 197 221 216 199 222 217 200 220 214 197 218 215 198 223 218 201 220 214 197 222 217 200 219 213 196 221 216 199 224 219 202 224 219 202 221 216 199 225 220 203 224 219 202 225 220 203 226 221 204 226 221 204 225 220 203 227 222 205 226 221 204 227 222 205 228 223 206 228 223 206 227 222 205 229 224 207 228 223 206 229 224 207 230 225 208 230 225 208 229 224 207 231 226 209 231 226 209 229 224 207 232 227 210 231 226 209 232 227 210 233 228 211 231 226 209 233 228 211 234 229 212 235 230 210 237 230 213 236 230 211 238 231 215 240 232 56 239 231 214 241 233 216 238 231 215 239 231 214 242 234 105 244 234 217 243 234 93 245 235 218 68 68 66 67 67 65 68 68 66 245 235 218 71 71 69 71 71 69 245 235 218 246 236 102 247 237 219 9 9 9 8 8 8 247 237 219 12 12 12 9 9 9 247 237 219 16 16 16 12 12 12 248 238 220 250 238 16 249 238 219 251 241 2 253 240 0 252 239 1 252 239 1 253 240 0 254 242 3 255 243 4 251 241 2 252 239 1 256 244 5 251 241 2 255 243 4 257 245 6 256 244 5 255 243 4 258 246 7 256 244 5 257 245 6 253 240 0 259 247 8 254 242 3 260 248 9 259 247 8 253 240 0 258 246 7 257 245 6 261 249 10 253 240 0 262 250 11 260 248 9 263 251 12 260 248 9 262 250 11 264 252 13 263 251 12 262 250 11 265 253 14 264 252 13 262 250 11 266 254 15 264 252 13 265 253 14 267 255 16 263 251 12 264 252 13 262 250 11 268 256 17 265 253 14 268 256 17 262 250 11 253 240 0 265 253 14 268 256 17 269 257 18 268 256 17 270 258 19 269 257 18 269 257 18 270 258 19 271 259 20 272 260 21 271 259 20 270 258 19 273 261 22 271 259 20 272 260 21 274 262 23 266 254 15 265 253 14 269 257 18 274 262 23 265 253 14 275 263 24 266 254 15 274 262 23 275 263 24 274 262 23 276 264 25 276 264 25 274 262 23 277 265 26 277 265 26 278 266 27 276 264 25 276 264 25 278 266 27 279 267 28 274 262 23 280 268 29 277 265 26 281 269 30 277 265 26 280 268 29 280 268 29 282 270 31 281 269 30 281 269 30 282 270 31 283 271 32 281 269 30 283 271 32 284 272 33 284 272 33 283 271 32 285 273 34 282 270 31 286 274 35 283 271 32 283 271 32 286 274 35 287 275 36 288 276 37 285 273 34 283 271 32 288 276 37 283 271 32 287 275 36 289 277 38 284 272 33 285 273 34 282 270 31 280 268 29 290 278 39 282 270 31 290 278 39 286 274 35 291 279 40 284 272 33 289 277 38 292 280 41 284 272 33 291 279 40 293 281 42 292 280 41 291 279 40 289 277 38 293 281 42 291 279 40 294 282 43 293 281 42 289 277 38 295 283 44 284 272 33 292 280 41 295 283 44 281 269 30 284 272 33 293 281 42 296 284 45 292 280 41 296 284 45 297 285 46 292 280 41 296 284 45 298 286 47 297 285 46 294 282 43 299 287 48 293 281 42 293 281 42 300 288 49 296 284 45 298 286 47 296 284 45 300 288 49 301 289 50 298 286 47 300 288 49 302 290 51 301 289 50 300 288 49 302 290 51 300 288 49 293 281 42 299 287 48 302 290 51 293 281 42 303 291 52 301 289 50 302 290 51 299 287 48 304 292 53 302 290 51 302 290 51 304 292 53 303 291 52 305 293 54 298 286 47 301 289 50 305 293 54 306 294 55 298 286 47 298 286 47 306 294 55 297 285 46 297 285 46 306 294 55 307 295 56 307 295 56 295 283 44 292 280 41 297 285 46 307 295 56 292 280 41 308 296 57 295 283 44 307 295 56 308 296 57 309 297 58 295 283 44 310 298 59 309 297 58 308 296 57 309 297 58 281 269 30 295 283 44 309 297 58 310 298 59 278 266 27 309 297 58 277 265 26 281 269 30 277 265 26 309 297 58 311 299 27 311 299 27 310 298 59 312 300 28 299 287 48 313 301 60 304 292 53 314 302 61 313 301 60 299 287 48 314 302 61 315 303 62 313 301 60 313 301 60 315 303 62 316 304 63 317 305 64 316 304 63 315 303 62 318 306 65 316 304 63 317 305 64 317 305 64 319 307 66 318 306 65 317 305 64 320 308 67 319 307 66 320 308 67 321 309 68 319 307 66 321 309 68 322 310 69 319 307 66 323 311 70 321 309 68 320 308 67 320 308 67 324 312 71 323 311 70 325 313 72 323 311 70 324 312 71 326 314 73 323 311 70 325 313 72 327 315 74 324 312 71 320 308 67 326 314 73 328 316 75 323 311 70 323 311 70 328 316 75 321 309 68 329 317 76 328 316 75 326 314 73 324 312 71 327 315 74 330 318 77 331 319 78 325 313 72 324 312 71 331 319 78 324 312 71 330 318 77 332 320 79 325 313 72 331 319 78 331 319 78 333 321 80 332 320 79 332 320 79 333 321 80 334 322 81 329 317 76 335 323 82 328 316 75 336 324 83 328 316 75 335 323 82 336 324 83 322 310 69 321 309 68 336 324 83 321 309 68 328 316 75 337 325 84 336 324 83 335 323 82 338 326 85 335 323 82 329 317 76 339 327 86 335 323 82 338 326 85 340 328 87 335 323 82 339 327 86 337 325 84 335 323 82 340 328 87 333 321 80 341 329 88 334 322 81 342 330 89 341 329 88 333 321 80 333 321 80 331 319 78 342 330 89 343 331 90 341 329 88 342 330 89 334 322 81 341 329 88 344 332 91 343 331 90 342 330 89 286 274 35 345 333 92 340 328 87 339 327 86 346 334 93 340 328 87 345 333 92 340 328 87 346 334 93 347 335 94 340 328 87 347 335 94 337 325 84 348 336 95 347 335 94 346 334 93 348 336 95 349 337 96 347 335 94 350 338 97 349 337 96 348 336 95 337 325 84 347 335 94 351 339 98 351 339 98 347 335 94 349 337 96 351 339 98 336 324 83 337 325 84 322 310 69 336 324 83 351 339 98 345 333 92 339 327 86 352 340 99 352 340 99 339 327 86 353 341 106 339 327 86 338 326 85 353 341 106 353 341 106 338 326 85 354 342 107 329 317 76 354 342 107 338 326 85 355 343 108 354 342 107 329 317 76 355 343 108 329 317 76 356 344 109 356 344 109 329 317 76 326 314 73 356 344 109 326 314 73 357 345 110 357 345 110 326 314 73 325 313 72 332 320 79 357 345 110 325 313 72 358 346 111 357 345 110 332 320 79 358 346 111 332 320 79 359 347 112 332 320 79 334 322 81 359 347 112 334 322 81 344 332 91 359 347 112 359 347 112 344 332 91 360 348 113 344 332 91 361 349 114 360 348 113 344 332 91 362 350 100 361 349 114 362 350 100 344 332 91 341 329 88 362 350 100 363 351 115 361 349 114 362 350 100 341 329 88 364 352 117 341 329 88 343 331 90 364 352 117 364 352 117 343 331 90 273 261 22 365 353 116 364 352 117 273 261 22 365 353 116 362 350 100 364 352 117 363 351 115 362 350 100 365 353 116 343 331 90 290 278 39 273 261 22 273 261 22 290 278 39 271 259 20 290 278 39 366 354 118 271 259 20 366 354 118 290 278 39 280 268 29 366 354 118 280 268 29 274 262 23 366 354 118 274 262 23 269 257 18 271 259 20 366 354 118 269 257 18 261 249 10 361 349 114 363 351 115 290 278 39 343 331 90 286 274 35 365 353 116 273 261 22 272 260 21 365 353 116 272 260 21 258 246 7 258 246 7 261 249 10 363 351 115 258 246 7 363 351 115 365 353 116 258 246 7 272 260 21 256 244 5 272 260 21 270 258 19 256 244 5 256 244 5 270 258 19 251 241 2 270 258 19 268 256 17 251 241 2 251 241 2 268 256 17 253 240 0 286 274 35 342 330 89 287 275 36 287 275 36 342 330 89 367 355 119 342 330 89 331 319 78 367 355 119 331 319 78 330 318 77 367 355 119 367 355 119 330 318 77 288 276 37 288 276 37 287 275 36 367 355 119 288 276 37 330 318 77 368 356 120 330 318 77 369 357 121 368 356 120 327 315 74 369 357 121 330 318 77 370 358 122 369 357 121 327 315 74 370 358 122 327 315 74 320 308 67 370 358 122 320 308 67 317 305 64 317 305 64 371 359 123 370 358 122 371 359 123 317 305 64 315 303 62 372 360 124 371 359 123 315 303 62 372 360 124 315 303 62 314 302 61 294 282 43 372 360 124 314 302 61 294 282 43 314 302 61 299 287 48 373 363 223 375 362 222 374 361 221 374 361 221 375 362 222 376 146 224 373 363 223 377 364 186 375 362 222 378 365 187 377 364 186 373 363 223 378 365 187 379 366 184 377 364 186 377 364 186 379 366 184 380 367 185 379 366 184 381 368 183 380 367 185 382 369 182 381 368 183 379 366 184 381 368 183 382 369 182 383 370 180 383 370 180 382 369 182 384 371 181 384 371 181 385 372 179 383 370 180 383 370 180 385 372 179 386 373 178 385 372 179 387 374 177 386 373 178 386 373 178 387 374 177 388 375 176 387 374 177 389 376 175 388 375 176 388 375 176 389 376 175 390 377 174 389 376 175 391 378 172 390 377 174 390 377 174 391 378 172 392 379 173 391 378 172 393 380 171 392 379 173 394 381 170 393 380 171 391 378 172 394 381 170 395 382 169 393 380 171 396 383 165 395 382 169 394 381 170 395 382 169 396 383 165 397 384 164 398 387 227 400 386 226 399 385 225 399 385 225 400 386 226 401 388 228 399 385 225 401 388 228 402 389 229 402 389 229 401 388 228 403 390 230 404 391 231 402 389 229 403 390 230 405 392 232 402 389 229 404 391 231 406 394 231 408 393 140 407 393 232 407 393 232 408 393 140 409 395 139 410 398 34 412 397 155 411 396 38 411 396 38 412 397 155 413 399 156 413 399 156 414 400 157 411 396 38 411 396 38 414 400 157 415 401 43 410 398 34 416 402 158 412 397 155 417 403 37 416 402 158 410 398 34 418 404 120 416 402 158 417 403 37 419 405 159 416 402 158 418 404 120 420 406 160 415 401 43 414 400 157 421 407 124 415 401 43 420 406 160 422 408 161 421 407 124 420 406 160 423 409 123 421 407 124 422 408 161 422 408 161 424 410 162 423 409 123 424 410 162 425 411 122 423 409 123 425 411 122 424 410 162 426 412 121 426 412 121 424 410 162 427 413 163 426 412 121 427 413 163 418 404 120 418 404 120 427 413 163 419 405 159 428 416 164 430 415 165 429 414 166 429 414 166 431 417 167 428 416 164 428 416 164 431 417 167 432 418 168 433 420 189 435 420 104 434 419 188 436 421 190 435 420 104 433 420 189 437 422 193 439 422 191 438 422 192 440 209 221 442 423 224 441 423 227 441 423 227 442 423 224 443 424 226 444 426 195 360 348 113 445 425 194 444 426 195 359 347 112 360 348 113 358 346 111 359 347 112 444 426 195 446 429 198 448 428 196 447 427 197 447 427 197 448 428 196 449 430 199 446 429 198 447 427 197 450 431 200 450 431 200 447 427 197 451 432 201 448 428 196 452 433 202 449 430 199 449 430 199 452 433 202 453 434 203 452 433 202 454 435 204 453 434 203 453 434 203 454 435 204 455 436 205 454 435 204 456 437 206 455 436 205 455 436 205 456 437 206 457 438 207 456 437 206 458 439 208 457 438 207 458 439 208 459 440 209 457 438 207 457 438 207 459 440 209 460 441 210 459 440 209 461 442 211 460 441 210 459 440 209 462 443 212 461 442 211 463 444 210 465 444 211 464 444 213 466 446 215 468 446 214 467 445 56 469 447 216 468 446 214 466 446 215 470 448 105 472 448 93 471 448 217 318 306 65 319 307 66 473 449 218 322 310 69 473 449 218 319 307 66 474 450 102 473 449 218 322 310 69 475 452 102 322 310 69 476 451 101 476 451 101 322 310 69 351 339 98 476 451 101 351 339 98 477 453 103 477 453 103 351 339 98 349 337 96 350 338 97 477 453 103 349 337 96 478 454 104 477 453 103 350 338 97 478 454 104 350 338 97 479 455 105 479 455 105 350 338 97 348 336 95 479 455 105 348 336 95 346 334 93 480 456 219 259 247 8 260 248 9 480 456 219 260 248 9 263 251 12 267 255 16 480 456 219 263 251 12 481 457 220 483 457 219 482 457 16 484 460 235 486 459 234 485 458 233 485 458 233 486 459 234 487 461 236 485 458 233 488 462 237 484 460 235 485 458 233 489 463 238 488 462 237 490 464 239 489 463 238 485 458 233 485 458 233 487 461 236 490 464 239 489 463 238 490 464 239 491 465 240 490 464 239 492 466 241 491 465 240 490 464 239 487 461 236 492 466 241 484 460 235 488 462 237 493 467 242 493 467 242 488 462 237 494 468 243 492 466 241 495 469 244 491 465 240 486 459 234 496 470 245 487 461 236 487 461 236 496 470 245 497 471 246 487 461 236 497 471 246 492 466 241 492 466 241 497 471 246 495 469 244 489 463 238 498 472 247 488 462 237 488 462 237 498 472 247 499 473 248 494 468 243 488 462 237 499 473 248 498 472 247 489 463 238 500 474 240 501 476 239 491 465 240 502 475 241 503 477 238 491 465 240 501 476 239 504 478 233 503 477 238 501 476 239 505 479 237 503 477 238 504 478 233 504 478 233 506 480 235 505 479 237 506 480 235 504 478 233 507 481 234 507 481 234 504 478 233 508 482 236 504 478 233 501 476 239 508 482 236 508 482 236 501 476 239 502 475 241 505 479 237 506 480 235 509 483 242 509 483 242 510 484 243 505 479 237 502 475 241 500 474 240 511 485 244 507 481 234 508 482 236 512 486 245 512 486 245 508 482 236 513 487 246 508 482 236 502 475 241 513 487 246 513 487 246 502 475 241 511 485 244 503 477 238 505 479 237 514 488 247 514 488 247 505 479 237 515 489 248 505 479 237 510 484 243 515 489 248 514 488 247 491 465 240 503 477 238 516 492 251 518 491 250 517 490 249 517 490 249 518 491 250 519 493 252 516 492 251 520 494 253 518 491 250 518 491 250 520 494 253 521 495 254 518 491 250 521 495 254 522 496 255 522 496 255 521 495 254 523 497 256 522 496 255 523 497 256 524 498 257 518 491 250 522 496 255 525 499 252 519 493 252 522 496 255 526 500 258 527 501 258 522 496 255 528 501 257 529 504 251 531 503 250 530 502 253 530 502 253 531 503 250 532 505 254 529 504 251 533 506 249 531 503 250 531 503 250 533 506 249 534 507 252 531 503 250 535 508 255 532 505 254 531 503 250 536 509 252 535 508 255 535 508 255 536 509 252 537 510 258 532 505 254 535 508 255 538 511 256 538 511 256 535 508 255 539 512 257 535 508 255 541 513 258 540 513 257 542 516 251 544 515 250 543 514 249 543 514 249 544 515 250 545 517 252 542 516 251 546 518 253 544 515 250 544 515 250 546 518 253 547 519 254 544 515 250 547 519 254 548 520 255 548 520 255 547 519 254 549 521 256 548 520 255 549 521 256 550 522 257 544 515 250 548 520 255 551 523 252 551 523 252 548 520 255 552 524 258 552 524 258 548 520 255 553 525 257 554 528 251 556 527 250 555 526 253 555 526 253 556 527 250 557 529 254 554 528 251 558 530 249 556 527 250 556 527 250 558 530 249 559 531 252 556 527 250 560 532 255 557 529 254 556 527 250 561 533 252 560 532 255 560 532 255 561 533 252 562 534 258 560 532 255 562 534 258 563 535 257 557 529 254 560 532 255 564 536 256 564 536 256 560 532 255 565 537 257 566 540 251 568 539 250 567 538 249 567 538 249 568 539 250 569 541 252 566 540 251 570 542 253 568 539 250 568 539 250 570 542 253 571 543 254 568 539 250 571 543 254 572 544 255 572 544 255 571 543 254 573 545 256 572 544 255 573 545 256 574 546 257 568 539 250 572 544 255 575 547 252 575 547 252 572 544 255 576 548 258 576 548 258 572 544 255 577 549 257 578 552 251 580 551 250 579 550 253 579 550 253 580 551 250 581 553 254 578 552 251 582 554 249 580 551 250 580 551 250 582 554 249 583 555 252 580 551 250 584 556 255 581 553 254 580 551 250 585 557 252 584 556 255 584 556 255 585 557 252 586 558 258 584 556 255 586 558 258 587 559 257 581 553 254 584 556 255 588 560 256 588 560 256 584 556 255 589 561 257 590 564 251 592 563 250 591 562 249 591 562 249 592 563 250 593 565 252 590 564 251 594 566 253 592 563 250 592 563 250 594 566 253 595 567 254 592 563 250 595 567 254 596 568 255 592 563 250 596 568 255 593 565 252 596 568 255 595 567 254 597 569 256 596 568 255 597 569 256 598 570 257 593 565 252 596 568 255 599 571 258 600 572 258 596 568 255 601 572 257 602 575 251 604 574 250 603 573 253 603 573 253 604 574 250 605 576 254 602 575 251 606 577 249 604 574 250 604 574 250 606 577 249 607 578 252 604 574 250 607 578 252 608 579 255 604 574 250 608 579 255 605 576 254 608 579 255 607 578 252 609 580 258 608 579 255 609 580 258 610 581 257 605 576 254 608 579 255 611 582 256 611 582 256 608 579 255 612 583 257 613 586 251 615 585 250 614 584 249 614 584 249 615 585 250 616 587 252 613 586 251 617 588 253 615 585 250 615 585 250 617 588 253 618 589 254 615 585 250 618 589 254 619 590 255 619 590 255 618 589 254 620 591 256 619 590 255 620 591 256 621 592 257 615 585 250 619 590 255 622 593 252 616 587 252 619 590 255 623 594 258 624 595 258 619 590 255 625 595 257 626 598 251 628 597 250 627 596 253 627 596 253 628 597 250 629 599 254 626 598 251 630 600 249 628 597 250 628 597 250 630 600 249 631 601 252 628 597 250 632 602 255 629 599 254 628 597 250 633 603 252 632 602 255 632 602 255 633 603 252 634 604 258 629 599 254 632 602 255 635 605 256 635 605 256 632 602 255 636 606 257 632 602 255 638 607 258 637 607 257 639 610 251 641 609 250 640 608 249 640 608 249 641 609 250 642 611 252 639 610 251 643 612 253 641 609 250 641 609 250 643 612 253 644 613 254 641 609 250 644 613 254 645 614 255 645 614 255 644 613 254 646 615 256 645 614 255 646 615 256 647 616 257 641 609 250 645 614 255 648 617 252 648 617 252 645 614 255 649 618 258 649 618 258 645 614 255 650 619 257 651 622 251 653 621 250 652 620 253 652 620 253 653 621 250 654 623 254 651 622 251 655 624 249 653 621 250 653 621 250 655 624 249 656 625 252 653 621 250 657 626 255 654 623 254 653 621 250 658 627 252 657 626 255 657 626 255 658 627 252 659 628 258 657 626 255 659 628 258 660 629 257 654 623 254 657 626 255 661 630 256 661 630 256 657 626 255 662 631 257 663 634 251 665 633 250 664 632 249 664 632 249 665 633 250 666 635 252 663 634 251 667 636 253 665 633 250 665 633 250 667 636 253 668 637 254 665 633 250 668 637 254 669 638 255 665 633 250 669 638 255 666 635 252 669 638 255 668 637 254 670 639 256 669 638 255 670 639 256 671 640 257 666 635 252 669 638 255 672 641 258 673 642 258 669 638 255 674 642 257 675 645 251 677 644 250 676 643 253 676 643 253 677 644 250 678 646 254 675 645 251 679 647 249 677 644 250 677 644 250 679 647 249 680 648 252 677 644 250 680 648 252 681 649 255 677 644 250 681 649 255 678 646 254 681 649 255 680 648 252 682 650 258 678 646 254 681 649 255 683 651 256 683 651 256 681 649 255 684 652 257 681 649 255 686 653 258 685 653 257 687 656 251 689 655 250 688 654 249 688 654 249 689 655 250 690 657 252 687 656 251 691 658 253 689 655 250 689 655 250 691 658 253 692 659 254 689 655 250 692 659 254 693 660 255 693 660 255 692 659 254 694 661 256 693 660 255 694 661 256 695 662 257 689 655 250 693 660 255 696 663 252 690 657 252 693 660 255 697 664 258 698 665 258 693 660 255 699 665 257 700 668 251 702 667 250 701 666 253 701 666 253 702 667 250 703 669 254 700 668 251 704 670 249 702 667 250 702 667 250 704 670 249 705 671 252 702 667 250 706 672 255 703 669 254 702 667 250 707 673 252 706 672 255 706 672 255 707 673 252 708 674 258 703 669 254 706 672 255 709 675 256 709 675 256 706 672 255 710 676 257 706 672 255 712 677 258 711 677 257 713 680 251 715 679 250 714 678 249 714 678 249 715 679 250 716 681 252 713 680 251 717 682 253 715 679 250 715 679 250 717 682 253 718 683 254 715 679 250 718 683 254 719 684 255 715 679 250 719 684 255 716 681 252 719 684 255 718 683 254 720 685 256 719 684 255 720 685 256 721 686 257 716 681 252 719 684 255 722 687 258 723 688 258 719 684 255 724 688 257 725 691 251 727 690 250 726 689 253 726 689 253 727 690 250 728 692 254 725 691 251 729 693 249 727 690 250 727 690 250 729 693 249 730 694 252 727 690 250 730 694 252 731 695 255 727 690 250 731 695 255 728 692 254 731 695 255 730 694 252 732 696 258 728 692 254 731 695 255 733 697 256 733 697 256 731 695 255 734 698 257 731 695 255 736 699 258 735 699 257 737 702 251 739 701 250 738 700 249 738 700 249 739 701 250 740 703 252 737 702 251 741 704 253 739 701 250 739 701 250 741 704 253 742 705 254 739 701 250 742 705 254 743 706 255 743 706 255 742 705 254 744 707 256 743 706 255 744 707 256 745 708 257 739 701 250 743 706 255 746 709 252 740 703 252 743 706 255 747 710 258 748 711 258 743 706 255 749 711 257 750 714 251 752 713 250 751 712 253 751 712 253 752 713 250 753 715 254 750 714 251 754 716 249 752 713 250 752 713 250 754 716 249 755 717 252 752 713 250 756 718 255 753 715 254 752 713 250 757 719 252 756 718 255 756 718 255 757 719 252 758 720 258 753 715 254 756 718 255 759 721 256 759 721 256 756 718 255 760 722 257 756 718 255 762 723 258 761 723 257 763 726 252 765 725 250 764 724 249 764 724 249 765 725 250 766 727 251 766 727 251 765 725 250 767 728 253 767 728 253 765 725 250 768 729 254 765 725 250 769 730 255 768 729 254 768 729 254 769 730 255 770 731 256 769 730 255 771 732 257 770 731 256 772 733 258 769 730 255 763 726 252 773 734 252 769 730 255 765 725 250 774 735 258 775 735 257 769 730 255 776 738 254 778 737 250 777 736 253 777 736 253 778 737 250 779 739 251 779 739 251 778 737 250 780 740 249 780 740 249 778 737 250 781 741 252 776 738 254 782 742 255 778 737 250 778 737 250 782 742 255 783 743 252 783 743 252 782 742 255 784 744 258 785 745 256 782 742 255 776 738 254 785 745 256 786 746 257 782 742 255 782 742 255 788 747 257 787 747 258 789 750 252 791 749 250 790 748 249 790 748 249 791 749 250 792 751 251 792 751 251 791 749 250 793 752 253 793 752 253 791 749 250 794 753 254 791 749 250 795 754 255 794 753 254 794 753 254 795 754 255 796 755 256 795 754 255 797 756 257 796 755 256 798 757 258 795 754 255 789 750 252 799 758 252 795 754 255 791 749 250 800 759 258 801 759 257 795 754 255 802 762 254 804 761 250 803 760 253 803 760 253 804 761 250 805 763 251 805 763 251 804 761 250 806 764 249 806 764 249 804 761 250 807 765 252 802 762 254 808 766 255 804 761 250 804 761 250 808 766 255 809 767 252 809 767 252 808 766 255 810 768 258 811 769 256 808 766 255 802 762 254 811 769 256 812 770 257 808 766 255 808 766 255 814 771 257 813 771 258 815 774 252 817 773 250 816 772 249 816 772 249 817 773 250 818 775 251 818 775 251 817 773 250 819 776 253 819 776 253 817 773 250 820 777 254 817 773 250 821 778 255 820 777 254 815 774 252 821 778 255 817 773 250 820 777 254 821 778 255 822 779 256 821 778 255 823 780 257 822 779 256 824 781 258 821 778 255 815 774 252 825 782 258 826 782 257 821 778 255 827 785 254 829 784 250 828 783 253 828 783 253 829 784 250 830 786 251 830 786 251 829 784 250 831 787 249 831 787 249 829 784 250 832 788 252 829 784 250 833 789 255 832 788 252 827 785 254 833 789 255 829 784 250 832 788 252 833 789 255 834 790 258 835 791 256 833 789 255 827 785 254 835 791 256 836 792 257 833 789 255 833 789 255 838 793 257 837 793 258 839 796 252 841 795 250 840 794 249 840 794 249 841 795 250 842 797 251 842 797 251 841 795 250 843 798 253 843 798 253 841 795 250 844 799 254 841 795 250 845 800 255 844 799 254 839 796 252 845 800 255 841 795 250 844 799 254 845 800 255 846 801 256 845 800 255 847 802 257 846 801 256 848 803 258 845 800 255 839 796 252 849 804 258 850 804 257 845 800 255 851 807 254 853 806 250 852 805 253 852 805 253 853 806 250 854 808 251 854 808 251 853 806 250 855 809 249 855 809 249 853 806 250 856 810 252 853 806 250 857 811 255 856 810 252 851 807 254 857 811 255 853 806 250 856 810 252 857 811 255 858 812 258 859 813 256 857 811 255 851 807 254 859 813 256 860 814 257 857 811 255 857 811 255 862 815 257 861 815 258 863 818 252 865 817 250 864 816 249 864 816 249 865 817 250 866 819 251 866 819 251 865 817 250 867 820 253 867 820 253 865 817 250 868 821 254 865 817 250 869 822 255 868 821 254 868 821 254 869 822 255 870 823 256 869 822 255 871 824 257 870 823 256 872 825 252 869 822 255 865 817 250 873 826 258 869 822 255 872 825 252 873 826 258 874 827 257 869 822 255 875 830 254 877 829 250 876 828 253 876 828 253 877 829 250 878 831 251 878 831 251 877 829 250 879 832 249 879 832 249 877 829 250 880 833 252 875 830 254 881 834 255 877 829 250 877 829 250 881 834 255 882 835 252 882 835 252 881 834 255 883 836 258 881 834 255 884 837 257 883 836 258 885 838 256 881 834 255 875 830 254 885 838 256 886 839 257 881 834 255 887 842 252 889 841 250 888 840 249 888 840 249 889 841 250 890 843 251 890 843 251 889 841 250 891 844 253 891 844 253 889 841 250 892 845 254 889 841 250 893 846 255 892 845 254 892 845 254 893 846 255 894 847 256 893 846 255 895 848 257 894 847 256 896 849 258 893 846 255 887 842 252 897 850 252 893 846 255 889 841 250 898 851 258 899 851 257 893 846 255 900 854 254 902 853 250 901 852 253 901 852 253 902 853 250 903 855 251 903 855 251 902 853 250 904 856 249 904 856 249 902 853 250 905 857 252 900 854 254 906 858 255 902 853 250 902 853 250 906 858 255 907 859 252 907 859 252 906 858 255 908 860 258 909 861 256 906 858 255 900 854 254 909 861 256 910 862 257 906 858 255 906 858 255 912 863 257 911 863 258 913 866 252 915 865 250 914 864 249 914 864 249 915 865 250 916 867 251 916 867 251 915 865 250 917 868 253 917 868 253 915 865 250 918 869 254 915 865 250 919 870 255 918 869 254 918 869 254 919 870 255 920 871 256 919 870 255 921 872 257 920 871 256 922 873 252 919 870 255 915 865 250 923 874 258 919 870 255 922 873 252 923 874 258 924 875 257 919 870 255 925 878 254 927 877 250 926 876 253 926 876 253 927 877 250 928 879 251 928 879 251 927 877 250 929 880 249 929 880 249 927 877 250 930 881 252 925 878 254 931 882 255 927 877 250 927 877 250 931 882 255 932 883 252 932 883 252 931 882 255 933 884 258 931 882 255 934 885 257 933 884 258 935 886 256 931 882 255 925 878 254 935 886 256 936 887 257 931 882 255 937 890 252 939 889 250 938 888 249 938 888 249 939 889 250 940 891 251 940 891 251 939 889 250 941 892 253 941 892 253 939 889 250 942 893 254 939 889 250 943 894 255 942 893 254 937 890 252 943 894 255 939 889 250 942 893 254 943 894 255 944 895 256 943 894 255 945 896 257 944 895 256 946 897 258 943 894 255 937 890 252 947 898 258 948 898 257 943 894 255 949 901 254 951 900 250 950 899 253 950 899 253 951 900 250 952 902 251 952 902 251 951 900 250 953 903 249 953 903 249 951 900 250 954 904 252 951 900 250 955 905 255 954 904 252 949 901 254 955 905 255 951 900 250 954 904 252 955 905 255 956 906 258 955 905 255 957 907 257 956 906 258 958 908 256 955 905 255 949 901 254 958 908 256 959 909 257 955 905 255 960 912 252 962 911 250 961 910 249 961 910 249 962 911 250 963 913 251 963 913 251 962 911 250 964 914 253 964 914 253 962 911 250 965 915 254 962 911 250 966 916 255 965 915 254 965 915 254 966 916 255 967 917 256 966 916 255 968 918 257 967 917 256 969 919 252 966 916 255 962 911 250 970 920 258 966 916 255 969 919 252 970 920 258 971 921 257 966 916 255 972 924 254 974 923 250 973 922 253 973 922 253 974 923 250 975 925 251 975 925 251 974 923 250 976 926 249 976 926 249 974 923 250 977 927 252 972 924 254 978 928 255 974 923 250 974 923 250 978 928 255 979 929 252 979 929 252 978 928 255 980 930 258 978 928 255 981 931 257 980 930 258 982 932 256 978 928 255 972 924 254 982 932 256 983 933 257 978 928 255 984 936 252 986 935 250 985 934 249 985 934 249 986 935 250 987 937 251 987 937 251 986 935 250 988 938 253 988 938 253 986 935 250 989 939 254 986 935 250 990 940 255 989 939 254 989 939 254 990 940 255 991 941 256 990 940 255 992 942 257 991 941 256 993 943 258 990 940 255 984 936 252 994 944 252 990 940 255 986 935 250 995 945 258 996 945 257 990 940 255 997 948 254 999 947 250 998 946 253 998 946 253 999 947 250 1000 949 251 1000 949 251 999 947 250 1001 950 249 1001 950 249 999 947 250 1002 951 252 997 948 254 1003 952 255 999 947 250 999 947 250 1003 952 255 1004 953 252 1004 953 252 1003 952 255 1005 954 258 1006 955 256 1003 952 255 997 948 254 1006 955 256 1007 956 257 1003 952 255 1003 952 255 1009 957 257 1008 957 258 1010 960 261 1012 959 260 1011 958 259 1011 958 259 1012 959 260 1013 961 262 1011 958 259 1014 962 263 1010 960 261 1015 963 264 1014 962 263 1011 958 259 1016 964 265 1015 963 264 1011 958 259 1016 964 265 1011 958 259 1013 961 262 1016 964 265 1013 961 262 1017 965 266 1018 966 267 1015 963 264 1016 964 265 1019 967 268 1018 966 267 1016 964 265 1019 967 268 1016 964 265 1020 968 269 1020 968 269 1016 964 265 1017 965 266 1020 968 269 1017 965 266 1021 969 270 1022 970 271 1018 966 267 1019 967 268 1023 971 272 1022 970 271 1019 967 268 1024 972 273 1022 970 271 1023 971 272 1023 971 272 1025 973 271 1024 972 273 1026 974 268 1025 973 271 1023 971 272 1025 973 271 1026 974 268 1027 975 267 1026 974 268 1028 976 265 1027 975 267 1026 974 268 1029 977 269 1028 976 265 1027 975 267 1028 976 265 1030 978 264 1028 976 265 1031 979 259 1030 978 264 1030 978 264 1031 979 259 1032 980 263 1032 980 263 1031 979 259 1033 981 261 1031 979 259 1034 982 260 1033 981 261 1035 983 262 1034 982 260 1031 979 259 1028 976 265 1035 983 262 1031 979 259 1028 976 265 1036 984 266 1035 983 262 1029 977 269 1036 984 266 1028 976 265 1029 977 269 1037 985 270 1036 984 266 1029 977 269 1038 986 274 1037 985 270 1029 977 269 1026 974 268 1038 986 274 1038 986 274 1026 974 268 1023 971 272 1037 985 270 1038 986 274 1039 987 275 1039 987 275 1038 986 274 1021 969 270 1021 969 270 1038 986 274 1020 968 269 1038 986 274 1019 967 268 1020 968 269 1023 971 272 1019 967 268 1038 986 274 1040 990 262 1042 989 260 1041 988 259 1041 988 259 1042 989 260 1043 991 261 1044 992 263 1041 988 259 1043 991 261 1045 993 264 1041 988 259 1044 992 263 1046 994 265 1041 988 259 1045 993 264 1046 994 265 1040 990 262 1041 988 259 1046 994 265 1047 995 266 1040 990 262 1048 996 267 1046 994 265 1045 993 264 1049 997 268 1046 994 265 1048 996 267 1049 997 268 1050 998 269 1046 994 265 1050 998 269 1047 995 266 1046 994 265 1050 998 269 1051 999 270 1047 995 266 1052 1000 271 1049 997 268 1048 996 267 1049 997 268 1052 1000 271 1053 1001 272 1053 1001 272 1052 1000 271 1054 1002 273 1055 1003 271 1053 1001 272 1054 1002 273 1056 1004 268 1053 1001 272 1055 1003 271 1055 1003 271 1057 1005 267 1056 1004 268 1056 1004 268 1057 1005 267 1058 1006 265 1056 1004 268 1058 1006 265 1059 1007 269 1057 1005 267 1060 1008 264 1058 1006 265 1058 1006 265 1060 1008 264 1061 1009 259 1060 1008 264 1062 1010 263 1061 1009 259 1061 1009 259 1062 1010 263 1063 1011 261 1063 1011 261 1064 1012 260 1061 1009 259 1061 1009 259 1064 1012 260 1065 1013 262 1058 1006 265 1061 1009 259 1065 1013 262 1058 1006 265 1065 1013 262 1066 1014 266 1059 1007 269 1058 1006 265 1066 1014 266 1059 1007 269 1066 1014 266 1067 1015 270 1067 1015 270 1068 1016 274 1059 1007 269 1059 1007 269 1068 1016 274 1056 1004 268 1056 1004 268 1068 1016 274 1053 1001 272 1069 1017 275 1068 1016 274 1067 1015 270 1069 1017 275 1051 999 270 1068 1016 274 1068 1016 274 1051 999 270 1050 998 269 1050 998 269 1049 997 268 1068 1016 274 1068 1016 274 1049 997 268 1053 1001 272 1070 1018 278 1072 1018 277 1071 1018 276 1071 1018 276 1072 1018 277 1073 1018 279 1074 1019 278 1076 1019 277 1075 1019 276 1075 1019 276 1076 1019 277 1077 1019 279 1078 1021 277 1080 1020 279 1079 1020 278 1079 1020 278 1080 1020 279 1081 1022 276 1082 1023 280 1084 1023 279 1083 1023 278 1083 1023 278 1084 1023 279 1085 1023 276 1086 1024 277 1088 1024 279 1087 1024 278 1087 1024 278 1088 1024 279 1089 1024 276 1090 1025 277 1092 1025 279 1091 1025 278 1091 1025 278 1092 1025 279 1093 1025 276 1094 1027 277 1096 1026 279 1095 1026 278 1095 1026 278 1096 1026 279 1097 1028 276 1098 1029 277 1100 1029 279 1099 1029 278 1099 1029 278 1100 1029 279 1101 1029 276 1102 1030 278 1104 1030 276 1103 1030 277 1103 1030 277 1104 1030 276 1105 1030 279 1106 1031 278 1108 1031 276 1107 1031 277 1107 1031 277 1108 1031 276 1109 1031 279 1110 1033 277 1112 1032 278 1111 1032 279 1111 1032 279 1112 1032 278 1113 1034 276 1114 1035 280 1116 1035 278 1115 1035 279 1115 1035 279 1116 1035 278 1117 1035 276 1118 1036 277 1120 1036 278 1119 1036 279 1119 1036 279 1120 1036 278 1121 1036 276 1122 1037 277 1124 1037 278 1123 1037 279 1123 1037 279 1124 1037 278 1125 1037 276 1126 1039 277 1128 1038 278 1127 1038 279 1127 1038 279 1128 1038 278 1129 1040 276 1130 1041 277 1132 1041 278 1131 1041 279 1131 1041 279 1132 1041 278 1133 1041 276 1134 1042 283 1136 1043 282 1135 1042 281 1137 1045 281 1136 1043 282 1138 1044 284 1138 1044 284 1136 1043 282 1139 1046 285 1139 1046 285 1136 1043 282 1140 1047 286 1139 1046 285 1140 1047 286 1141 1048 287 1141 1048 287 1140 1047 286 1142 1049 288 1141 1048 287 1142 1049 288 1143 1050 289 1143 1050 289 1142 1049 288 1144 1051 290 1143 1050 289 1144 1051 290 1145 1052 291 1145 1052 291 1144 1051 290 1146 1053 292 1147 1056 295 1149 1055 294 1148 1054 293 1148 1054 293 1149 1055 294 1150 1057 296 1151 1058 297 1147 1056 295 1148 1054 293 1152 1059 298 1147 1056 295 1151 1058 297 1150 1057 296 1153 1060 299 1148 1054 293 1154 1061 300 1153 1060 299 1150 1057 296 1153 1060 299 1154 1061 300 1155 1062 301 1155 1062 301 1154 1061 300 1156 1063 302 1157 1064 303 1153 1060 299 1155 1062 301 1158 1065 304 1153 1060 299 1157 1064 303 1153 1060 299 1158 1065 304 1148 1054 293 1148 1054 293 1158 1065 304 1151 1058 297 1157 1064 303 1155 1062 301 1159 1066 305 1159 1066 305 1155 1062 301 1160 1067 306 1156 1063 302 1160 1067 306 1155 1062 301 1161 1068 307 1160 1067 306 1156 1063 302 1162 1069 308 1160 1067 306 1161 1068 307 1159 1066 305 1160 1067 306 1162 1069 308 1163 1072 310 1165 1071 298 1164 1070 309 1164 1070 309 1165 1071 298 1166 1073 297 1164 1070 309 1166 1073 297 1167 1074 311 1167 1074 311 1166 1073 297 1168 1075 304 1167 1074 311 1168 1075 304 1169 1076 312 1169 1076 312 1168 1075 304 1170 1077 303 1170 1077 303 1171 1078 313 1169 1076 312 1172 1079 305 1171 1078 313 1170 1077 303 1171 1078 313 1173 1080 314 1169 1076 312 1174 1081 315 1173 1080 314 1171 1078 313 1173 1080 314 1174 1081 315 1175 1082 316 1175 1082 316 1174 1081 315 1176 1083 317 1177 1084 300 1173 1080 314 1175 1082 316 1178 1085 318 1173 1080 314 1177 1084 300 1167 1074 311 1169 1076 312 1178 1085 318 1178 1085 318 1169 1076 312 1173 1080 314 1179 1086 296 1178 1085 318 1177 1084 300 1180 1087 319 1178 1085 318 1179 1086 296 1180 1087 319 1167 1074 311 1178 1085 318 1181 1088 294 1180 1087 319 1179 1086 296 1182 1089 320 1180 1087 319 1181 1088 294 1164 1070 309 1167 1074 311 1180 1087 319 1182 1089 320 1164 1070 309 1180 1087 319 1163 1072 310 1164 1070 309 1182 1089 320 1183 1090 308 1171 1078 313 1172 1079 305 1176 1083 317 1174 1081 315 1184 1091 321 1171 1078 313 1184 1091 321 1174 1081 315 1185 1092 308 1187 1092 321 1186 1092 313 1188 1093 283 1190 1094 282 1189 1093 281 1191 1045 281 1190 1094 282 1192 1044 284 1192 1044 284 1190 1094 282 1193 1095 285 1193 1095 285 1190 1094 282 1194 1096 286 1193 1095 285 1194 1096 286 1195 1097 287 1195 1097 287 1194 1096 286 1196 1098 288 1195 1097 287 1196 1098 288 1197 1050 289 1197 1050 289 1196 1098 288 1198 1051 290 1197 1050 289 1198 1051 290 1199 1052 291 1199 1052 291 1198 1051 290 1200 1053 292 1201 1056 295 1203 1055 294 1202 1099 293 1202 1099 293 1203 1055 294 1204 1100 296 1205 1058 297 1201 1056 295 1202 1099 293 1206 1059 298 1201 1056 295 1205 1058 297 1204 1100 296 1207 1101 299 1202 1099 293 1208 1102 300 1207 1101 299 1204 1100 296 1207 1101 299 1208 1102 300 1209 1103 301 1209 1103 301 1208 1102 300 1210 1104 302 1211 1105 303 1207 1101 299 1209 1103 301 1212 1106 304 1207 1101 299 1211 1105 303 1207 1101 299 1212 1106 304 1202 1099 293 1202 1099 293 1212 1106 304 1205 1058 297 1211 1105 303 1209 1103 301 1213 1107 305 1213 1107 305 1209 1103 301 1214 1108 306 1210 1104 302 1214 1108 306 1209 1103 301 1215 1109 307 1214 1108 306 1210 1104 302 1216 1110 308 1214 1108 306 1215 1109 307 1213 1107 305 1214 1108 306 1216 1110 308 1217 1112 310 1219 1071 298 1218 1111 309 1218 1111 309 1219 1071 298 1220 1073 297 1218 1111 309 1220 1073 297 1221 1113 311 1221 1113 311 1220 1073 297 1222 1114 304 1221 1113 311 1222 1114 304 1223 1115 312 1223 1115 312 1222 1114 304 1224 1116 303 1224 1116 303 1225 1117 313 1223 1115 312 1226 1118 305 1225 1117 313 1224 1116 303 1225 1117 313 1227 1119 314 1223 1115 312 1228 1081 315 1227 1119 314 1225 1117 313 1227 1119 314 1228 1081 315 1229 1082 316 1229 1082 316 1228 1081 315 1230 1083 317 1231 1084 300 1227 1119 314 1229 1082 316 1232 1120 318 1227 1119 314 1231 1084 300 1221 1113 311 1223 1115 312 1232 1120 318 1232 1120 318 1223 1115 312 1227 1119 314 1233 1121 296 1232 1120 318 1231 1084 300 1234 1122 319 1232 1120 318 1233 1121 296 1234 1122 319 1221 1113 311 1232 1120 318 1235 1123 294 1234 1122 319 1233 1121 296 1236 1124 320 1234 1122 319 1235 1123 294 1218 1111 309 1221 1113 311 1234 1122 319 1236 1124 320 1218 1111 309 1234 1122 319 1217 1112 310 1218 1111 309 1236 1124 320 1237 1090 308 1225 1117 313 1226 1118 305 1230 1083 317 1228 1081 315 1238 1091 321 1225 1117 313 1238 1091 321 1228 1081 315 1239 1125 308 1241 1125 321 1240 1125 313 1242 1042 283 1244 1126 282 1243 1042 281 1245 1128 281 1244 1126 282 1246 1127 284 1246 1127 284 1244 1126 282 1247 1129 285 1247 1129 285 1244 1126 282 1248 1130 286 1247 1129 285 1248 1130 286 1249 1131 287 1249 1131 287 1248 1130 286 1250 1132 288 1249 1131 287 1250 1132 288 1251 1133 289 1251 1133 289 1250 1132 288 1252 1134 290 1251 1133 289 1252 1134 290 1253 1135 291 1253 1135 291 1252 1134 290 1254 1136 292 1255 1139 295 1257 1138 294 1256 1137 293 1256 1137 293 1257 1138 294 1258 1140 296 1259 1141 297 1255 1139 295 1256 1137 293 1260 1142 298 1255 1139 295 1259 1141 297 1258 1140 296 1261 1143 299 1256 1137 293 1262 1144 300 1261 1143 299 1258 1140 296 1261 1143 299 1262 1144 300 1263 1145 301 1263 1145 301 1262 1144 300 1264 1146 302 1265 1147 303 1261 1143 299 1263 1145 301 1266 1148 304 1261 1143 299 1265 1147 303 1261 1143 299 1266 1148 304 1256 1137 293 1256 1137 293 1266 1148 304 1259 1141 297 1265 1147 303 1263 1145 301 1267 1149 305 1267 1149 305 1263 1145 301 1268 1150 306 1264 1146 302 1268 1150 306 1263 1145 301 1269 1151 307 1268 1150 306 1264 1146 302 1270 1152 308 1268 1150 306 1269 1151 307 1267 1149 305 1268 1150 306 1270 1152 308 1271 1155 310 1273 1154 298 1272 1153 309 1272 1153 309 1273 1154 298 1274 1156 297 1272 1153 309 1274 1156 297 1275 1157 311 1275 1157 311 1274 1156 297 1276 1158 304 1275 1157 311 1276 1158 304 1277 1159 312 1277 1159 312 1276 1158 304 1278 1160 303 1278 1160 303 1279 1161 313 1277 1159 312 1280 1162 305 1279 1161 313 1278 1160 303 1279 1161 313 1281 1163 314 1277 1159 312 1282 1164 315 1281 1163 314 1279 1161 313 1281 1163 314 1282 1164 315 1283 1165 316 1283 1165 316 1282 1164 315 1284 1166 317 1285 1167 300 1281 1163 314 1283 1165 316 1286 1168 318 1281 1163 314 1285 1167 300 1275 1157 311 1277 1159 312 1286 1168 318 1286 1168 318 1277 1159 312 1281 1163 314 1287 1169 296 1286 1168 318 1285 1167 300 1288 1170 319 1286 1168 318 1287 1169 296 1288 1170 319 1275 1157 311 1286 1168 318 1289 1171 294 1288 1170 319 1287 1169 296 1290 1172 320 1288 1170 319 1289 1171 294 1272 1153 309 1275 1157 311 1288 1170 319 1290 1172 320 1272 1153 309 1288 1170 319 1271 1155 310 1272 1153 309 1290 1172 320 1291 1173 308 1279 1161 313 1280 1162 305 1284 1166 317 1282 1164 315 1292 1174 321 1279 1161 313 1292 1174 321 1282 1164 315 1293 1092 308 1295 1092 321 1294 1092 313 1296 1177 324 1298 1176 323 1297 1175 322 1297 1175 322 1298 1176 323 1299 1178 325 1299 1178 325 1298 1176 323 1300 1179 326 1300 1179 326 1298 1176 323 1301 1180 327 1299 1178 325 1302 1181 328 1297 1175 322 1297 1175 322 1302 1181 328 1303 1182 329 1302 1181 328 1304 1183 330 1303 1182 329 1303 1182 329 1304 1183 330 1305 1184 331 1299 1178 325 1300 1179 326 1306 1185 332 1306 1185 332 1300 1179 326 1307 1186 333 1306 1185 332 1307 1186 333 1308 1187 334 1308 1187 334 1307 1186 333 1309 1188 335 1310 1189 336 1308 1187 334 1309 1188 335 1304 1183 330 1311 1190 337 1305 1184 331 1305 1184 331 1311 1190 337 1312 1191 338 1309 1188 335 1307 1186 333 1313 1192 339 1313 1192 339 1307 1186 333 1314 1193 340 1307 1186 333 1300 1179 326 1314 1193 340 1309 1188 335 1313 1192 339 1315 1194 341 1310 1189 336 1309 1188 335 1315 1194 341 1315 1194 341 1313 1192 339 1316 1195 342 1313 1192 339 1317 1196 343 1316 1195 342 1318 1197 344 1317 1196 343 1313 1192 339 1314 1193 340 1318 1197 344 1313 1192 339 1319 1198 345 1317 1196 343 1318 1197 344 1320 1199 346 1318 1197 344 1314 1193 340 1318 1197 344 1320 1199 346 1321 1200 347 1319 1198 345 1318 1197 344 1321 1200 347 1321 1200 347 1320 1199 346 1322 1201 348 1320 1199 346 1323 1202 349 1322 1201 348 1322 1201 348 1323 1202 349 1324 1203 350 1324 1203 350 1323 1202 349 1325 1204 351 1325 1204 351 1323 1202 349 1326 1205 352 1314 1193 340 1327 1206 353 1320 1199 346 1320 1199 346 1327 1206 353 1323 1202 349 1314 1193 340 1300 1179 326 1327 1206 353 1300 1179 326 1301 1180 327 1327 1206 353 1327 1206 353 1301 1180 327 1328 1207 354 1323 1202 349 1327 1206 353 1329 1208 352 1329 1208 352 1327 1206 353 1328 1207 354 1330 1211 357 1332 1210 356 1331 1209 355 1331 1209 355 1332 1210 356 1333 1212 358 1331 1209 355 1333 1212 358 1334 1213 359 1334 1213 359 1333 1212 358 1335 1214 360 1331 1209 355 1334 1213 359 1336 1215 361 1336 1215 361 1334 1213 359 1337 1216 362 1330 1211 357 1331 1209 355 1338 1217 363 1338 1217 363 1331 1209 355 1336 1215 361 1339 1220 324 1341 1219 322 1340 1218 323 1340 1218 323 1341 1219 322 1342 1221 325 1342 1221 325 1341 1219 322 1343 1222 328 1343 1222 328 1341 1219 322 1344 1223 329 1343 1222 328 1344 1223 329 1345 1224 330 1345 1224 330 1344 1223 329 1346 1225 331 1345 1224 330 1346 1225 331 1347 1226 337 1347 1226 337 1346 1225 331 1348 1227 338 1349 1228 364 1341 1219 322 1339 1220 324 1350 1229 365 1341 1219 322 1349 1228 364 1350 1229 365 1349 1228 364 1351 1230 366 1351 1230 366 1349 1228 364 1352 1231 367 1353 1232 368 1350 1229 365 1351 1230 366 1351 1230 366 1352 1231 367 1354 1233 369 1354 1233 369 1352 1231 367 1355 1234 370 1356 1235 368 1351 1230 366 1354 1233 369 1344 1223 329 1341 1219 322 1357 1236 368 1357 1236 368 1341 1219 322 1350 1229 365 1346 1225 331 1344 1223 329 1358 1237 371 1358 1237 371 1344 1223 329 1357 1236 368 1348 1227 338 1346 1225 331 1359 1238 372 1359 1238 372 1346 1225 331 1358 1237 371 1360 1240 368 1361 1239 371 1356 1235 368 1362 1241 371 1361 1239 371 1360 1240 368 1362 1241 371 1360 1240 368 1363 1242 371 1363 1242 371 1360 1240 368 1364 1243 368 1364 1243 368 1360 1240 368 1365 1244 365 1362 1241 371 1366 1245 372 1361 1239 371 1367 1246 372 1366 1245 372 1362 1241 371 1368 1247 372 1367 1246 372 1362 1241 371 1368 1247 372 1362 1241 371 1363 1242 371 1360 1240 368 1356 1235 368 1369 1248 373 1361 1239 371 1370 1249 371 1356 1235 368 1356 1235 368 1370 1249 371 1371 1250 368 1370 1249 371 1372 1251 371 1371 1250 368 1371 1250 368 1372 1251 371 1373 1252 368 1373 1252 368 1374 1253 365 1371 1250 368 1370 1249 371 1375 1254 372 1372 1251 371 1366 1245 372 1376 1255 372 1361 1239 371 1361 1239 371 1376 1255 372 1370 1249 371 1376 1255 372 1375 1254 372 1370 1249 371 1371 1250 368 1377 1256 366 1356 1235 368 1378 1259 365 1380 1258 373 1379 1257 364 1379 1257 364 1380 1258 373 1381 1260 374 1378 1259 365 1382 1261 368 1380 1258 373 1380 1258 373 1383 1262 369 1381 1260 374 1380 1258 373 1384 1263 368 1383 1262 369 1381 1260 374 1383 1262 369 1385 1264 370 1379 1257 364 1297 1175 322 1378 1259 365 1378 1259 365 1297 1175 322 1386 1265 368 1386 1265 368 1297 1175 322 1303 1182 329 1296 1177 324 1297 1175 322 1379 1257 364 1303 1182 329 1387 1266 371 1386 1265 368 1305 1184 331 1387 1266 371 1303 1182 329 1387 1266 371 1305 1184 331 1388 1267 372 1388 1267 372 1305 1184 331 1312 1191 338 1389 1270 324 1391 1269 375 1390 1268 323 1390 1268 323 1391 1269 375 1392 1271 376 1389 1270 324 1393 1272 364 1391 1269 375 1391 1269 375 1393 1272 364 1394 1273 374 1391 1269 375 1394 1273 374 1395 1274 377 1391 1269 375 1395 1274 377 1396 1275 376 1396 1275 376 1395 1274 377 1397 1276 354 1398 1277 377 1394 1273 374 1399 1277 370 1400 1280 379 1402 1279 378 1401 1278 351 1401 1278 351 1402 1279 378 1403 1281 380 1400 1280 379 1404 1282 377 1402 1279 378 1405 1283 354 1404 1282 377 1400 1280 379 1402 1279 378 1404 1282 377 1406 1284 367 1403 1281 380 1402 1279 378 1407 1285 364 1407 1285 364 1402 1279 378 1406 1284 367 1406 1284 367 1409 1286 377 1408 1286 370 1410 1289 357 1412 1288 381 1411 1287 356 1411 1287 356 1412 1288 381 1413 1290 382 1412 1288 381 1414 1291 359 1413 1290 382 1413 1290 382 1414 1291 359 1415 1292 360 1416 1293 363 1412 1288 381 1410 1289 357 1417 1294 383 1412 1288 381 1416 1293 363 1412 1288 381 1417 1294 383 1414 1291 359 1414 1291 359 1417 1294 383 1418 1295 362 1419 1298 386 1421 1297 385 1420 1296 384 1420 1296 384 1421 1297 385 1422 1299 387 1421 1297 385 1419 1298 386 1423 1300 388 1421 1297 385 1423 1300 388 1424 1301 389 1423 1300 388 1419 1298 386 1425 1302 390 1421 1297 385 1424 1301 389 1426 1303 391 1422 1299 387 1421 1297 385 1426 1303 391 1422 1299 387 1426 1303 391 1427 1304 392 1423 1300 388 1425 1302 390 1428 1305 393 1424 1301 389 1423 1300 388 1428 1305 393 1428 1305 393 1425 1302 390 1429 1306 394 1430 1307 395 1419 1298 386 1420 1296 384 1431 1308 396 1419 1298 386 1430 1307 395 1430 1307 395 1432 1309 397 1431 1308 396 1430 1307 395 1433 1310 398 1432 1309 397 1431 1308 396 1432 1309 397 1434 1311 399 1431 1308 396 1434 1311 399 1435 1312 400 1435 1312 400 1434 1311 399 1436 1313 401 1429 1306 394 1425 1302 390 1436 1313 401 1436 1313 401 1425 1302 390 1435 1312 400 1425 1302 390 1419 1298 386 1435 1312 400 1435 1312 400 1419 1298 386 1431 1308 396 1437 1315 403 1433 1310 398 1438 1314 402 1438 1314 402 1433 1310 398 1439 1316 395 1438 1314 402 1439 1316 395 1440 1317 404 1440 1317 404 1441 1318 405 1438 1314 402 1442 1319 406 1441 1318 405 1440 1317 404 1443 1320 407 1441 1318 405 1442 1319 406 1440 1317 404 1444 1321 387 1442 1319 406 1444 1321 387 1445 1322 392 1442 1319 406 1442 1319 406 1445 1322 392 1446 1323 408 1447 1324 384 1444 1321 387 1440 1317 404 1440 1317 404 1439 1316 395 1447 1324 384 1442 1319 406 1448 1325 409 1443 1320 407 1443 1320 407 1448 1325 409 1449 1326 410 1438 1314 402 1441 1318 405 1450 1327 411 1438 1314 402 1450 1327 411 1451 1328 412 1451 1328 412 1450 1327 411 1452 1329 413 1453 1332 416 1455 1331 415 1454 1330 414 1454 1330 414 1455 1331 415 1456 1333 417 1453 1332 416 1454 1330 414 1457 1334 418 1457 1334 418 1454 1330 414 1458 1335 419 1459 1338 407 1461 1337 415 1460 1336 405 1460 1336 405 1461 1337 415 1462 1339 416 1463 1340 418 1460 1336 405 1462 1339 416 1464 1341 411 1460 1336 405 1463 1340 418 1465 1343 410 1467 1342 417 1466 1342 407 1466 1342 407 1467 1342 417 1468 1344 415 1469 1347 410 1471 1346 414 1470 1345 417 1470 1345 417 1471 1346 414 1472 1348 414 1471 1346 414 1473 1349 419 1472 1348 414 1474 1350 413 1473 1349 419 1471 1346 414 1475 1352 413 1477 1351 411 1476 1351 419 1476 1351 419 1477 1351 411 1478 1353 418 1479 1356 422 1481 1355 421 1480 1354 420 1481 1355 421 1482 1357 423 1480 1354 420 1482 1357 423 1483 1358 424 1480 1354 420 1483 1358 424 1484 1359 425 1480 1354 420 1484 1359 425 1485 1360 426 1480 1354 420 1485 1360 426 1486 1361 427 1480 1354 420 1486 1361 427 1487 1362 428 1480 1354 420 1487 1362 428 1488 1363 429 1480 1354 420 1488 1363 429 1489 1364 430 1480 1354 420 1489 1364 430 1490 1365 431 1480 1354 420 1490 1365 431 1491 1366 432 1480 1354 420 1491 1366 432 1479 1356 422 1480 1354 420 1479 1356 422 1492 1367 433 1481 1355 421 1493 1368 434 1492 1367 433 1479 1356 422 1491 1366 432 1493 1368 434 1479 1356 422 1492 1367 433 1494 1369 435 1481 1355 421 1481 1355 421 1494 1369 435 1482 1357 423 1494 1369 435 1495 1370 436 1482 1357 423 1482 1357 423 1495 1370 436 1483 1358 424 1495 1370 436 1496 1371 437 1483 1358 424 1483 1358 424 1496 1371 437 1484 1359 425 1496 1371 437 1497 1372 438 1484 1359 425 1484 1359 425 1497 1372 438 1485 1360 426 1497 1372 438 1498 1373 439 1485 1360 426 1485 1360 426 1498 1373 439 1486 1361 427 1498 1373 439 1499 1374 440 1486 1361 427 1486 1361 427 1499 1374 440 1487 1362 428 1499 1374 440 1500 1375 441 1487 1362 428 1487 1362 428 1500 1375 441 1488 1363 429 1500 1375 441 1501 1376 442 1488 1363 429 1488 1363 429 1501 1376 442 1489 1364 430 1501 1376 442 1502 1377 443 1489 1364 430 1489 1364 430 1502 1377 443 1490 1365 431 1502 1377 443 1503 1378 444 1490 1365 431 1490 1365 431 1503 1378 444 1491 1366 432 1503 1378 444 1493 1368 434 1491 1366 432 1504 1381 447 1506 1380 446 1505 1379 445 1505 1379 445 1506 1380 446 1507 1382 448 1507 1382 448 1508 1383 449 1505 1379 445 1509 1384 450 1508 1383 449 1507 1382 448 1509 1384 450 1510 1385 451 1508 1383 449 1511 1386 452 1504 1381 447 1505 1379 445 1512 1387 453 1504 1381 447 1511 1386 452 1511 1386 452 1505 1379 445 1513 1388 454 1513 1388 454 1505 1379 445 1508 1383 449 1513 1388 454 1508 1383 449 1514 1389 455 1514 1389 455 1508 1383 449 1510 1385 451 1504 1381 447 1512 1387 453 1515 1390 456 1515 1390 456 1512 1387 453 1516 1391 457 1516 1391 457 1517 1392 458 1515 1390 456 1515 1390 456 1517 1392 458 1518 1393 459 1506 1380 446 1504 1381 447 1518 1393 459 1518 1393 459 1504 1381 447 1515 1390 456 1518 1393 459 1517 1392 458 1519 1394 460 1519 1394 460 1517 1392 458 1520 1395 461 1520 1395 461 1517 1392 458 1521 1396 462 1517 1392 458 1522 1397 463 1521 1396 462 1522 1397 463 1517 1392 458 1516 1391 457 1521 1396 462 1522 1397 463 1523 1398 464 1521 1396 462 1524 1399 465 1520 1395 461 1525 1400 466 1524 1399 465 1521 1396 462 1523 1398 464 1525 1400 466 1521 1396 462 1526 1401 467 1524 1399 465 1525 1400 466 1527 1402 468 1524 1399 465 1526 1401 467 1528 1403 469 1525 1400 466 1523 1398 464 1528 1403 469 1529 1404 467 1525 1400 466 1530 1405 470 1529 1404 467 1528 1403 469 1526 1401 467 1531 1406 471 1527 1402 468 1526 1401 467 1532 1407 472 1531 1406 471 1533 1410 474 1535 1409 473 1534 1408 437 1534 1408 437 1535 1409 473 1536 1411 438 1534 1408 437 1537 1412 475 1533 1410 474 1538 1413 436 1537 1412 475 1534 1408 437 1537 1412 475 1538 1413 436 1539 1414 476 1539 1414 476 1538 1413 436 1540 1415 435 1536 1411 438 1535 1409 473 1541 1416 439 1541 1416 439 1535 1409 473 1542 1417 477 1542 1417 477 1543 1418 478 1541 1416 439 1541 1416 439 1543 1418 478 1544 1419 440 1545 1420 479 1544 1419 440 1543 1418 478 1546 1421 441 1544 1419 440 1545 1420 479 1545 1420 479 1547 1422 442 1546 1421 441 1548 1423 433 1539 1414 476 1540 1415 435 1549 1424 480 1539 1414 476 1548 1423 433 1545 1420 479 1550 1425 481 1547 1422 442 1551 1426 482 1547 1422 442 1550 1425 481 1552 1427 443 1547 1422 442 1551 1426 482 1553 1428 483 1549 1424 480 1548 1423 433 1553 1428 483 1548 1423 433 1554 1429 434 1554 1429 434 1555 1430 484 1553 1428 483 1552 1427 443 1555 1430 484 1556 1431 444 1556 1431 444 1555 1430 484 1554 1429 434 1552 1427 443 1557 1432 485 1555 1430 484 1557 1432 485 1552 1427 443 1551 1426 482 1558 1435 488 1560 1434 487 1559 1433 486 1559 1433 486 1560 1434 487 1561 1436 489 1561 1436 489 1510 1385 451 1559 1433 486 1560 1434 487 1558 1435 488 1562 1437 490 1562 1437 490 1558 1435 488 1563 1438 491 1559 1433 486 1510 1385 451 1509 1384 450 1564 1441 493 1566 1440 489 1565 1439 492 1565 1439 492 1566 1440 489 1567 1442 487 1564 1441 493 1568 1443 455 1566 1440 489 1566 1440 489 1568 1443 455 1569 1444 451 1565 1439 492 1567 1442 487 1570 1445 494 1570 1445 494 1567 1442 487 1571 1446 490 1572 1448 467 1574 1447 470 1573 1447 472 1573 1447 472 1574 1447 470 1575 1449 495 1576 1452 498 1578 1451 497 1577 1450 496 1576 1452 498 1579 1453 499 1578 1451 497 1580 1454 500 1579 1453 499 1576 1452 498 1580 1454 500 1581 1455 501 1579 1453 499 1579 1453 499 1581 1455 501 1578 1451 497 1582 1456 502 1581 1455 501 1580 1454 500 1580 1454 500 1576 1452 498 1583 1457 503 1578 1451 497 1581 1455 501 1584 1458 504 1582 1456 502 1585 1459 505 1581 1455 501 1581 1455 501 1585 1459 505 1584 1458 504 1586 1460 506 1585 1459 505 1582 1456 502 1587 1461 507 1585 1459 505 1586 1460 506 1588 1462 508 1585 1459 505 1587 1461 507 1589 1463 509 1588 1462 508 1587 1461 507 1590 1464 510 1588 1462 508 1589 1463 509 1589 1463 509 1591 1465 511 1590 1464 510 1590 1464 510 1591 1465 511 1592 1466 512 1592 1466 512 1593 1467 513 1590 1464 510 1590 1464 510 1593 1467 513 1594 1468 514 1590 1464 510 1594 1468 514 1588 1462 508 1588 1462 508 1594 1468 514 1595 1469 515 1588 1462 508 1595 1469 515 1585 1459 505 1585 1459 505 1595 1469 515 1596 1470 516 1584 1458 504 1585 1459 505 1596 1470 516 1597 1473 518 1599 1472 518 1598 1471 517 1598 1471 517 1599 1472 518 1600 1474 517 1601 1475 517 1597 1473 518 1598 1471 517 1602 1476 518 1597 1473 518 1601 1475 517 1598 1471 517 1600 1474 517 1603 1477 515 1603 1477 515 1600 1474 517 1604 1478 515 1601 1475 517 1598 1471 517 1605 1479 515 1605 1479 515 1598 1471 517 1603 1477 515 1604 1478 515 1606 1480 519 1603 1477 515 1607 1481 519 1606 1480 519 1604 1478 515 1605 1479 515 1603 1477 515 1608 1482 516 1608 1482 516 1603 1477 515 1606 1480 519 1600 1474 517 1599 1472 518 1609 1483 517 1609 1483 517 1599 1472 518 1610 1484 518 1609 1483 517 1610 1484 518 1611 1485 517 1611 1485 517 1610 1484 518 1612 1486 518 1609 1483 517 1613 1487 515 1600 1474 517 1600 1474 517 1613 1487 515 1604 1478 515 1611 1485 517 1614 1488 515 1609 1483 517 1609 1483 517 1614 1488 515 1613 1487 515 1613 1487 515 1615 1489 519 1604 1478 515 1604 1478 515 1615 1489 519 1607 1481 519 1614 1488 515 1616 1490 516 1613 1487 515 1613 1487 515 1616 1490 516 1615 1489 519 1606 1480 519 1617 1491 520 1608 1482 516 1618 1492 521 1617 1491 520 1606 1480 519 1607 1481 519 1618 1492 521 1606 1480 519 1618 1492 521 1619 1493 497 1617 1491 520 1620 1494 497 1619 1493 497 1618 1492 521 1621 1495 520 1620 1494 497 1618 1492 521 1621 1495 520 1618 1492 521 1607 1481 519 1622 1496 497 1620 1494 497 1621 1495 520 1620 1494 497 1623 1497 522 1619 1493 497 1620 1494 497 1624 1498 522 1623 1497 522 1620 1494 497 1622 1496 497 1625 1499 522 1620 1494 497 1625 1499 522 1624 1498 522 1621 1495 520 1626 1500 497 1622 1496 497 1626 1500 497 1625 1499 522 1622 1496 497 1627 1501 521 1626 1500 497 1621 1495 520 1627 1501 521 1628 1502 497 1626 1500 497 1629 1503 520 1628 1502 497 1627 1501 521 1616 1490 516 1629 1503 520 1615 1489 519 1615 1489 519 1629 1503 520 1627 1501 521 1626 1500 497 1628 1502 497 1630 1504 522 1626 1500 497 1630 1504 522 1631 1505 522 1626 1500 497 1631 1505 522 1625 1499 522 1607 1481 519 1627 1501 521 1621 1495 520 1615 1489 519 1627 1501 521 1607 1481 519 1632 1508 525 1634 1507 524 1633 1506 523 1633 1506 523 1634 1507 524 1635 1509 526 1633 1506 523 1635 1509 526 1636 1510 527 1636 1510 527 1635 1509 526 1637 1511 528 1634 1507 524 1638 1512 529 1635 1509 526 1635 1509 526 1638 1512 529 1639 1513 530 1639 1513 530 1637 1511 528 1635 1509 526 1640 1514 531 1637 1511 528 1639 1513 530 1638 1512 529 1641 1515 532 1639 1513 530 1639 1513 530 1641 1515 532 1642 1516 533 1639 1513 530 1642 1516 533 1640 1514 531 1640 1514 531 1642 1516 533 1643 1517 534 1642 1516 533 1644 1518 535 1643 1517 534 1643 1517 534 1644 1518 535 1645 1519 536 1644 1518 535 1646 1520 537 1645 1519 536 1644 1518 535 1647 1521 538 1646 1520 537 1648 1522 539 1647 1521 538 1644 1518 535 1641 1515 532 1648 1522 539 1642 1516 533 1642 1516 533 1648 1522 539 1644 1518 535 1649 1523 540 1646 1520 537 1647 1521 538 1649 1523 540 1650 1524 541 1646 1520 537 1645 1519 536 1646 1520 537 1651 1525 542 1646 1520 537 1652 1526 543 1651 1525 542 1646 1520 537 1650 1524 541 1652 1526 543 1653 1529 546 1655 1528 545 1654 1527 544 1654 1527 544 1655 1528 545 1656 1530 547 1653 1529 546 1657 1531 548 1655 1528 545 1658 1532 549 1657 1531 548 1653 1529 546 1658 1532 549 1659 1533 550 1657 1531 548 1657 1531 548 1659 1533 550 1660 1534 551 1659 1533 550 1661 1535 552 1660 1534 551 1662 1536 553 1661 1535 552 1659 1533 550 1662 1536 553 1663 1537 554 1661 1535 552 1661 1535 552 1663 1537 554 1664 1538 555 1663 1537 554 1665 1539 556 1664 1538 555 1664 1538 555 1665 1539 556 1666 1540 557 1667 1543 559 1669 1542 558 1668 1541 525 1668 1541 525 1669 1542 558 1670 1544 560 1667 1543 559 1671 1545 511 1669 1542 558 1672 1546 527 1671 1545 511 1667 1543 559 1669 1542 558 1671 1545 511 1673 1547 561 1673 1547 561 1671 1545 511 1674 1548 562 1670 1544 560 1669 1542 558 1675 1549 563 1675 1549 563 1669 1542 558 1673 1547 561 1672 1546 527 1676 1550 559 1671 1545 511 1671 1545 511 1676 1550 559 1677 1551 558 1676 1550 559 1678 1552 525 1677 1551 558 1677 1551 558 1678 1552 525 1679 1553 560 1677 1551 558 1680 1554 561 1671 1545 511 1671 1545 511 1680 1554 561 1674 1548 562 1679 1553 560 1681 1555 563 1677 1551 558 1677 1551 558 1681 1555 563 1680 1554 561 1682 1558 387 1684 1557 385 1683 1556 384 1683 1556 384 1684 1557 385 1685 1559 386 1684 1557 385 1686 1560 388 1685 1559 386 1684 1557 385 1687 1561 389 1686 1560 388 1685 1559 386 1686 1560 388 1688 1562 390 1684 1557 385 1689 1563 391 1687 1561 389 1682 1558 387 1689 1563 391 1684 1557 385 1682 1558 387 1690 1564 392 1689 1563 391 1686 1560 388 1691 1565 393 1688 1562 390 1687 1561 389 1691 1565 393 1686 1560 388 1688 1562 390 1691 1565 393 1692 1566 394 1683 1556 384 1685 1559 386 1693 1567 395 1693 1567 395 1685 1559 386 1694 1568 396 1693 1567 395 1694 1568 396 1695 1569 397 1693 1567 395 1695 1569 397 1696 1570 398 1694 1568 396 1697 1571 399 1695 1569 397 1694 1568 396 1698 1572 400 1697 1571 399 1688 1562 390 1698 1572 400 1685 1559 386 1685 1559 386 1698 1572 400 1694 1568 396 1698 1572 400 1699 1573 401 1697 1571 399 1692 1566 394 1699 1573 401 1688 1562 390 1688 1562 390 1699 1573 401 1698 1572 400 1700 1575 395 1696 1570 398 1701 1574 402 1701 1574 402 1696 1570 398 1702 1576 403 1701 1574 402 1703 1577 404 1700 1575 395 1703 1577 404 1701 1574 402 1704 1578 405 1703 1577 404 1704 1578 405 1705 1579 406 1705 1579 406 1704 1578 405 1706 1580 407 1705 1579 406 1707 1581 387 1703 1577 404 1705 1579 406 1708 1582 392 1707 1581 387 1709 1583 408 1708 1582 392 1705 1579 406 1703 1577 404 1707 1581 387 1710 1584 384 1700 1575 395 1703 1577 404 1710 1584 384 1706 1580 407 1711 1585 409 1705 1579 406 1712 1586 410 1711 1585 409 1706 1580 407 1704 1578 405 1701 1574 402 1713 1587 411 1701 1574 402 1714 1588 412 1713 1587 411 1713 1587 411 1714 1588 412 1715 1589 413 1716 1592 416 1718 1591 414 1717 1590 415 1717 1590 415 1718 1591 414 1719 1593 417 1720 1594 418 1718 1591 414 1716 1592 416 1721 1595 419 1718 1591 414 1720 1594 418 1722 1598 416 1724 1597 415 1723 1596 405 1723 1596 405 1724 1597 415 1725 1599 407 1723 1596 405 1726 1600 418 1722 1598 416 1727 1601 411 1726 1600 418 1723 1596 405 1728 1603 415 1730 1602 417 1729 1602 407 1729 1602 407 1730 1602 417 1731 1604 410 1732 1607 410 1734 1606 417 1733 1605 414 1733 1605 414 1734 1606 417 1735 1608 414 1735 1608 414 1736 1609 419 1733 1605 414 1733 1605 414 1736 1609 419 1737 1610 413 1738 1612 413 1740 1611 419 1739 1611 411 1739 1611 411 1740 1611 419 1741 1613 418 1742 1616 422 1744 1615 420 1743 1614 421 1743 1614 421 1744 1615 420 1745 1617 423 1745 1617 423 1744 1615 420 1746 1618 424 1746 1618 424 1744 1615 420 1747 1619 425 1747 1619 425 1744 1615 420 1748 1620 426 1748 1620 426 1744 1615 420 1749 1621 427 1749 1621 427 1744 1615 420 1750 1622 428 1750 1622 428 1744 1615 420 1751 1623 429 1751 1623 429 1744 1615 420 1752 1624 430 1752 1624 430 1744 1615 420 1753 1625 431 1753 1625 431 1744 1615 420 1754 1626 432 1754 1626 432 1744 1615 420 1742 1616 422 1755 1627 433 1742 1616 422 1743 1614 421 1756 1628 434 1742 1616 422 1755 1627 433 1756 1628 434 1754 1626 432 1742 1616 422 1755 1627 433 1743 1614 421 1757 1629 435 1757 1629 435 1743 1614 421 1745 1617 423 1757 1629 435 1745 1617 423 1758 1630 436 1758 1630 436 1745 1617 423 1746 1618 424 1758 1630 436 1746 1618 424 1759 1631 437 1759 1631 437 1746 1618 424 1747 1619 425 1759 1631 437 1747 1619 425 1760 1632 438 1760 1632 438 1747 1619 425 1748 1620 426 1760 1632 438 1748 1620 426 1761 1633 439 1761 1633 439 1748 1620 426 1749 1621 427 1761 1633 439 1749 1621 427 1762 1634 440 1762 1634 440 1749 1621 427 1750 1622 428 1762 1634 440 1750 1622 428 1763 1635 441 1763 1635 441 1750 1622 428 1751 1623 429 1763 1635 441 1751 1623 429 1764 1636 442 1764 1636 442 1751 1623 429 1752 1624 430 1764 1636 442 1752 1624 430 1765 1637 443 1765 1637 443 1752 1624 430 1753 1625 431 1765 1637 443 1753 1625 431 1766 1638 444 1766 1638 444 1753 1625 431 1754 1626 432 1766 1638 444 1754 1626 432 1756 1628 434 1767 1641 448 1769 1640 446 1768 1639 445 1768 1639 445 1769 1640 446 1770 1642 447 1771 1643 449 1767 1641 448 1768 1639 445 1772 1644 450 1767 1641 448 1771 1643 449 1772 1644 450 1771 1643 449 1773 1645 451 1768 1639 445 1770 1642 447 1774 1646 452 1774 1646 452 1770 1642 447 1775 1647 453 1771 1643 449 1768 1639 445 1776 1648 454 1776 1648 454 1768 1639 445 1774 1646 452 1773 1645 451 1771 1643 449 1777 1649 455 1777 1649 455 1771 1643 449 1776 1648 454 1770 1642 447 1778 1650 456 1775 1647 453 1775 1647 453 1778 1650 456 1779 1651 457 1778 1650 456 1780 1652 458 1779 1651 457 1778 1650 456 1781 1653 459 1780 1652 458 1769 1640 446 1781 1653 459 1770 1642 447 1770 1642 447 1781 1653 459 1778 1650 456 1780 1652 458 1781 1653 459 1782 1654 460 1782 1654 460 1783 1655 461 1780 1652 458 1780 1652 458 1783 1655 461 1784 1656 462 1780 1652 458 1784 1656 462 1785 1657 463 1779 1651 457 1780 1652 458 1785 1657 463 1785 1657 463 1784 1656 462 1786 1658 464 1787 1659 465 1784 1656 462 1783 1655 461 1788 1660 466 1784 1656 462 1787 1659 465 1784 1656 462 1788 1660 466 1786 1658 464 1788 1660 466 1787 1659 465 1789 1661 467 1789 1661 467 1787 1659 465 1790 1662 468 1786 1658 464 1788 1660 466 1791 1663 469 1788 1660 466 1792 1664 467 1791 1663 469 1791 1663 469 1792 1664 467 1793 1665 470 1789 1661 467 1790 1662 468 1794 1666 471 1789 1661 467 1794 1666 471 1795 1667 472 1796 1670 474 1798 1669 437 1797 1668 473 1797 1668 473 1798 1669 437 1799 1671 438 1796 1670 474 1800 1672 475 1798 1669 437 1798 1669 437 1800 1672 475 1801 1673 436 1802 1674 476 1801 1673 436 1800 1672 475 1803 1675 435 1801 1673 436 1802 1674 476 1799 1671 438 1804 1676 439 1797 1668 473 1797 1668 473 1804 1676 439 1805 1677 477 1805 1677 477 1804 1676 439 1806 1678 478 1806 1678 478 1804 1676 439 1807 1679 440 1807 1679 440 1808 1680 479 1806 1678 478 1809 1681 441 1808 1680 479 1807 1679 440 1808 1680 479 1809 1681 441 1810 1682 442 1811 1683 433 1803 1675 435 1802 1674 476 1812 1684 480 1811 1683 433 1802 1674 476 1808 1680 479 1810 1682 442 1813 1685 481 1813 1685 481 1810 1682 442 1814 1686 482 1814 1686 482 1810 1682 442 1815 1687 443 1816 1688 483 1811 1683 433 1812 1684 480 1816 1688 483 1817 1689 434 1811 1683 433 1817 1689 434 1816 1688 483 1818 1690 484 1815 1687 443 1819 1691 444 1818 1690 484 1819 1691 444 1817 1689 434 1818 1690 484 1815 1687 443 1818 1690 484 1820 1692 485 1820 1692 485 1814 1686 482 1815 1687 443 1821 1695 489 1823 1694 487 1822 1693 486 1822 1693 486 1823 1694 487 1824 1696 488 1821 1695 489 1822 1693 486 1773 1645 451 1823 1694 487 1825 1697 490 1824 1696 488 1824 1696 488 1825 1697 490 1826 1698 491 1822 1693 486 1772 1644 450 1773 1645 451 1827 1701 487 1829 1700 489 1828 1699 492 1828 1699 492 1829 1700 489 1830 1702 493 1830 1702 493 1829 1700 489 1831 1703 455 1831 1703 455 1829 1700 489 1832 1704 451 1833 1705 494 1827 1701 487 1828 1699 492 1834 1706 490 1827 1701 487 1833 1705 494 1835 1708 467 1837 1707 472 1836 1707 470 1836 1707 470 1837 1707 472 1838 1709 495 1839 1712 498 1841 1711 496 1840 1710 497 1842 1713 499 1839 1712 498 1840 1710 497 1842 1713 499 1840 1710 497 1843 1714 501 1843 1714 501 1844 1715 500 1842 1713 499 1844 1715 500 1839 1712 498 1842 1713 499 1845 1716 502 1844 1715 500 1843 1714 501 1844 1715 500 1846 1717 503 1839 1712 498 1843 1714 501 1840 1710 497 1847 1718 504 1843 1714 501 1847 1718 504 1848 1719 505 1848 1719 505 1845 1716 502 1843 1714 501 1848 1719 505 1847 1718 504 1849 1720 516 1849 1720 516 1850 1721 515 1848 1719 505 1848 1719 505 1850 1721 515 1851 1722 508 1850 1721 515 1852 1723 514 1851 1722 508 1851 1722 508 1852 1723 514 1853 1724 510 1852 1723 514 1854 1725 513 1853 1724 510 1853 1724 510 1854 1725 513 1855 1726 512 1856 1727 511 1853 1724 510 1855 1726 512 1857 1728 509 1853 1724 510 1856 1727 511 1857 1728 509 1851 1722 508 1853 1724 510 1858 1729 507 1851 1722 508 1857 1728 509 1858 1729 507 1848 1719 505 1851 1722 508 1859 1730 506 1848 1719 505 1858 1729 507 1859 1730 506 1845 1716 502 1848 1719 505 1860 1733 526 1862 1732 524 1861 1731 523 1861 1731 523 1862 1732 524 1863 1734 525 1864 1735 527 1860 1733 526 1861 1731 523 1865 1736 528 1860 1733 526 1864 1735 527 1860 1733 526 1866 1737 529 1862 1732 524 1867 1738 530 1866 1737 529 1860 1733 526 1865 1736 528 1867 1738 530 1860 1733 526 1868 1739 531 1867 1738 530 1865 1736 528 1867 1738 530 1869 1740 532 1866 1737 529 1870 1741 533 1869 1740 532 1867 1738 530 1868 1739 531 1870 1741 533 1867 1738 530 1871 1742 534 1870 1741 533 1868 1739 531 1870 1741 533 1872 1743 539 1869 1740 532 1873 1744 535 1872 1743 539 1870 1741 533 1871 1742 534 1873 1744 535 1870 1741 533 1873 1744 535 1874 1745 538 1872 1743 539 1875 1746 537 1874 1745 538 1873 1744 535 1876 1747 540 1874 1745 538 1875 1746 537 1876 1747 540 1875 1746 537 1877 1748 541 1878 1749 536 1875 1746 537 1873 1744 535 1878 1749 536 1873 1744 535 1871 1742 534 1879 1750 542 1875 1746 537 1878 1749 536 1875 1746 537 1879 1750 542 1880 1751 543 1875 1746 537 1880 1751 543 1877 1748 541 1881 1754 546 1883 1753 544 1882 1752 545 1882 1752 545 1883 1753 544 1884 1755 547 1885 1756 548 1881 1754 546 1882 1752 545 1886 1757 549 1881 1754 546 1885 1756 548 1886 1757 549 1885 1756 548 1887 1758 550 1887 1758 550 1885 1756 548 1888 1759 551 1888 1759 551 1889 1760 552 1887 1758 550 1887 1758 550 1889 1760 552 1890 1761 553 1889 1760 552 1891 1762 554 1890 1761 553 1892 1763 555 1891 1762 554 1889 1760 552 1892 1763 555 1893 1764 556 1891 1762 554 1894 1765 557 1893 1764 556 1892 1763 555 1895 1768 565 1897 1767 565 1896 1766 564 1896 1766 564 1897 1767 565 1898 1769 564 1896 1766 564 1898 1769 564 1899 1770 566 1899 1770 566 1898 1769 564 1900 1771 566 1899 1770 566 1900 1771 566 1901 1772 567 1901 1772 567 1900 1771 566 1902 1773 567 1901 1772 567 1902 1773 567 1903 1774 568 1903 1774 568 1902 1773 567 1904 1775 568 1903 1774 568 1904 1775 568 1905 1776 569 1905 1776 569 1904 1775 568 1906 1777 569 1905 1776 569 1906 1777 569 1907 1778 570 1907 1778 570 1906 1777 569 1908 1779 570 1907 1778 570 1908 1779 570 1909 1780 571 1909 1780 571 1908 1779 570 1910 1780 571 1911 1783 573 1913 1782 572 1912 1781 565 1912 1781 565 1913 1782 572 1914 1784 564 1911 1783 573 1915 1785 574 1913 1782 572 1913 1782 572 1915 1785 574 1916 1786 575 1913 1782 572 1917 1787 576 1914 1784 564 1914 1784 564 1917 1787 576 1918 1788 566 1917 1787 576 1919 1789 577 1918 1788 566 1917 1787 576 1920 1790 578 1919 1789 577 1921 1791 579 1920 1790 578 1917 1787 576 1916 1786 575 1921 1791 579 1913 1782 572 1913 1782 572 1921 1791 579 1917 1787 576 1918 1788 566 1919 1789 577 1922 1792 567 1920 1790 578 1923 1793 580 1919 1789 577 1919 1789 577 1923 1793 580 1924 1794 581 1919 1789 577 1924 1794 581 1922 1792 567 1922 1792 567 1924 1794 581 1925 1795 568 1923 1793 580 1926 1796 582 1924 1794 581 1924 1794 581 1926 1796 582 1927 1797 583 1924 1794 581 1927 1797 583 1925 1795 568 1927 1797 583 1926 1796 582 1928 1798 584 1928 1798 584 1926 1796 582 1929 1799 585 1930 1800 570 1927 1797 583 1928 1798 584 1931 1801 569 1927 1797 583 1930 1800 570 1925 1795 568 1927 1797 583 1931 1801 569 1930 1800 570 1928 1798 584 1932 1802 571 1932 1802 571 1928 1798 584 1933 1803 586 1928 1798 584 1929 1799 585 1933 1803 586 1933 1803 586 1929 1799 585 1934 1804 587 1935 1806 574 1937 1806 574 1936 1805 575 1936 1805 575 1937 1806 574 1938 1807 575 1936 1805 575 1938 1807 575 1939 1808 579 1939 1808 579 1938 1807 575 1940 1809 579 1939 1808 579 1940 1809 579 1941 1810 578 1941 1810 578 1940 1809 579 1942 1811 578 1941 1810 578 1942 1811 578 1943 1812 580 1943 1812 580 1942 1811 578 1944 1813 580 1943 1812 580 1944 1813 580 1945 1814 582 1945 1814 582 1944 1813 580 1946 1815 582 1945 1814 582 1946 1815 582 1947 1816 585 1947 1816 585 1946 1815 582 1948 1817 585 1947 1816 585 1948 1817 585 1949 1818 587 1949 1818 587 1948 1817 585 1950 1818 587 1951 1821 573 1953 1820 572 1952 1819 574 1952 1819 574 1953 1820 572 1954 1822 575 1951 1821 573 1955 1823 565 1953 1820 572 1953 1820 572 1955 1823 565 1956 1824 564 1953 1820 572 1956 1824 564 1957 1825 576 1957 1825 576 1956 1824 564 1958 1826 566 1957 1825 576 1958 1826 566 1959 1827 577 1959 1827 577 1958 1826 566 1960 1828 567 1961 1829 578 1957 1825 576 1959 1827 577 1962 1830 579 1957 1825 576 1961 1829 578 1954 1822 575 1953 1820 572 1962 1830 579 1962 1830 579 1953 1820 572 1957 1825 576 1959 1827 577 1960 1828 567 1963 1831 581 1963 1831 581 1960 1828 567 1964 1832 568 1961 1829 578 1959 1827 577 1965 1833 580 1965 1833 580 1959 1827 577 1963 1831 581 1963 1831 581 1964 1832 568 1966 1834 583 1966 1834 583 1964 1832 568 1967 1835 569 1967 1835 569 1968 1836 570 1966 1834 583 1966 1834 583 1968 1836 570 1969 1837 584 1966 1834 583 1969 1837 584 1970 1838 582 1965 1833 580 1963 1831 581 1970 1838 582 1970 1838 582 1963 1831 581 1966 1834 583 1970 1838 582 1969 1837 584 1971 1839 585 1968 1836 570 1972 1840 571 1969 1837 584 1969 1837 584 1972 1840 571 1973 1841 586 1969 1837 584 1973 1841 586 1971 1839 585 1971 1839 585 1973 1841 586 1974 1842 587 1975 1845 590 1977 1844 589 1976 1843 588 1976 1843 588 1977 1844 589 1978 1846 591 1977 1844 589 1979 1847 592 1978 1846 591 1978 1846 591 1979 1847 592 1980 1848 593 1979 1847 592 1981 1849 594 1980 1848 593 1982 1850 595 1981 1849 594 1979 1847 592 1983 1852 598 1985 1851 597 1984 1851 596 1984 1851 596 1985 1851 597 1986 1853 599 1987 1856 590 1989 1855 588 1988 1854 600 1988 1854 600 1989 1855 588 1990 1857 601 1991 1858 602 1988 1854 600 1990 1857 601 1992 1859 603 1988 1854 600 1991 1858 602 1993 1860 594 1992 1859 603 1991 1858 602 1994 1861 595 1992 1859 603 1993 1860 594 1995 1863 606 1997 1862 605 1996 1862 604 1996 1862 604 1997 1862 605 1998 1864 607 1999 1866 609 2001 1865 609 2000 1865 608 2000 1865 608 2001 1865 609 2002 1867 608 2003 1870 609 2005 1869 610 2004 1868 608 2004 1868 608 2005 1869 610 2006 1871 611 2005 1869 610 2007 1872 612 2006 1871 611 2008 1873 613 2007 1872 612 2005 1869 610 2009 1875 613 2011 1874 612 2010 1874 613 2010 1874 613 2011 1874 612 2012 1876 612 2013 1879 610 2015 1878 611 2014 1877 613 2014 1877 613 2015 1878 611 2016 1880 612 2013 1879 610 2017 1881 609 2015 1878 611 2015 1878 611 2017 1881 609 2018 1882 608 2019 1884 609 2021 1883 608 2020 1883 609 2020 1883 609 2021 1883 608 2022 1885 608 2023 1888 610 2025 1887 611 2024 1886 609 2024 1886 609 2025 1887 611 2026 1889 608 2023 1888 610 2027 1890 613 2025 1887 611 2025 1887 611 2027 1890 613 2028 1891 612 2029 1893 613 2031 1892 613 2030 1892 612 2030 1892 612 2031 1892 613 2032 1894 612 2033 1897 613 2035 1896 610 2034 1895 612 2034 1895 612 2035 1896 610 2036 1898 611 2035 1896 610 2037 1899 608 2036 1898 611 2038 1900 609 2037 1899 608 2035 1896 610 2039 1903 616 2041 1902 615 2040 1901 614 2040 1901 614 2041 1902 615 2042 1904 617 2040 1901 614 2042 1904 617 2043 1905 618 2043 1905 618 2042 1904 617 2044 1906 619 2043 1905 618 2044 1906 619 2045 1907 620 2046 1910 615 2048 1909 621 2047 1908 617 2047 1908 617 2048 1909 621 2049 1911 622 2047 1908 617 2049 1911 622 2050 1912 619 2050 1912 619 2049 1911 622 2051 1913 623 2050 1912 619 2051 1913 623 2052 1914 620 2053 1917 621 2055 1916 624 2054 1915 622 2054 1915 622 2055 1916 624 2056 1918 625 2054 1915 622 2056 1918 625 2057 1919 623 2057 1919 623 2056 1918 625 2058 1920 626 2057 1919 623 2058 1920 626 2059 1921 620 2060 1924 624 2062 1923 627 2061 1922 625 2061 1922 625 2062 1923 627 2063 1925 628 2061 1922 625 2063 1925 628 2064 1926 626 2064 1926 626 2063 1925 628 2065 1927 629 2064 1926 626 2065 1927 629 2066 1928 620 2067 1931 627 2069 1930 630 2068 1929 628 2068 1929 628 2069 1930 630 2070 1932 631 2068 1929 628 2070 1932 631 2071 1933 629 2071 1933 629 2070 1932 631 2072 1934 632 2071 1933 629 2072 1934 632 2073 1935 620 2074 1938 630 2076 1937 616 2075 1936 631 2075 1936 631 2076 1937 616 2077 1939 614 2075 1936 631 2077 1939 614 2078 1940 632 2078 1940 632 2077 1939 614 2079 1941 618 2078 1940 632 2079 1941 618 2080 1942 620 2081 1945 635 2083 1944 634 2082 1943 633 2082 1943 633 2083 1944 634 2084 1946 636 2085 1947 637 2081 1945 635 2082 1943 633 2086 1948 638 2081 1945 635 2085 1947 637 2087 1949 639 2086 1948 638 2085 1947 637 2088 1950 640 2086 1948 638 2087 1949 639 2083 1944 634 2089 1951 641 2084 1946 636 2090 1952 642 2089 1951 641 2083 1944 634 2090 1952 642 2091 1953 643 2089 1951 641 2089 1951 641 2091 1953 643 2092 1954 644 2092 1954 644 2091 1953 643 2093 1955 645 2093 1955 645 2091 1953 643 2094 1956 646 2094 1956 646 2095 1957 647 2093 1955 645 2093 1955 645 2095 1957 647 2096 1958 648 2095 1957 647 2097 1959 649 2096 1958 648 2096 1958 648 2097 1959 649 2098 1960 650 2097 1959 649 2099 1961 651 2098 1960 650 2100 1962 652 2099 1961 651 2097 1959 649 2100 1962 652 2101 1963 653 2099 1961 651 2099 1961 651 2101 1963 653 2102 1964 654 2103 1967 657 2105 1966 656 2104 1965 655 2104 1965 655 2105 1966 656 2106 1968 658 2103 1967 657 2107 1969 659 2105 1966 656 2108 1970 660 2107 1969 659 2103 1967 657 2109 1971 663 2111 1971 662 2110 1971 661 2112 1971 664 2109 1971 663 2110 1971 661 2113 1971 665 2112 1971 664 2110 1971 661 2114 1971 666 2113 1971 665 2110 1971 661 2115 1971 667 2114 1971 666 2110 1971 661 2116 1971 668 2115 1971 667 2110 1971 661 2117 1971 669 2116 1971 668 2110 1971 661 2118 1971 670 2117 1971 669 2110 1971 661 2119 1971 671 2118 1971 670 2110 1971 661 2120 1971 672 2119 1971 671 2110 1971 661 2121 1971 673 2120 1971 672 2110 1971 661 2111 1971 662 2121 1971 673 2110 1971 661 2122 1974 676 2124 1973 675 2123 1972 674 2123 1972 674 2124 1973 675 2125 1975 677 2124 1973 675 2126 1976 678 2125 1975 677 2125 1975 677 2126 1976 678 2127 1977 679 2126 1976 678 2128 1978 680 2127 1977 679 2127 1977 679 2128 1978 680 2129 1979 681 2128 1978 680 2130 1980 682 2129 1979 681 2129 1979 681 2130 1980 682 2131 1981 683 2130 1980 682 2132 1982 684 2131 1981 683 2131 1981 683 2132 1982 684 2133 1983 685 2132 1982 684 2134 1984 686 2133 1983 685 2133 1983 685 2134 1984 686 2135 1985 687 2134 1984 686 2136 1986 688 2135 1985 687 2135 1985 687 2136 1986 688 2137 1987 689 2136 1986 688 2138 1988 690 2137 1987 689 2137 1987 689 2138 1988 690 2139 1989 691 2138 1988 690 2140 1990 692 2139 1989 691 2139 1989 691 2140 1990 692 2141 1991 693 2140 1990 692 2142 1992 694 2141 1991 693 2141 1991 693 2142 1992 694 2143 1993 695 2142 1992 694 2144 1994 696 2143 1993 695 2143 1993 695 2144 1994 696 2145 1995 697 2144 1994 696 2122 1974 676 2145 1995 697 2145 1995 697 2122 1974 676 2123 1972 674 2135 1985 687 2137 1987 689 2146 1996 698 2146 1996 698 2137 1987 689 2147 1997 699 2137 1987 689 2139 1989 691 2147 1997 699 2148 1998 700 2135 1985 687 2146 1996 698 2133 1983 685 2135 1985 687 2148 1998 700 2149 1999 701 2133 1983 685 2148 1998 700 2131 1981 683 2133 1983 685 2149 1999 701 2150 2000 702 2131 1981 683 2149 1999 701 2129 1979 681 2131 1981 683 2150 2000 702 2151 2001 703 2129 1979 681 2150 2000 702 2127 1977 679 2129 1979 681 2151 2001 703 2152 2002 704 2127 1977 679 2151 2001 703 2125 1975 677 2127 1977 679 2152 2002 704 2123 1972 674 2125 1975 677 2153 2003 705 2153 2003 705 2125 1975 677 2152 2002 704 2154 2004 706 2123 1972 674 2153 2003 705 2145 1995 697 2123 1972 674 2154 2004 706 2155 2005 707 2145 1995 697 2154 2004 706 2143 1993 695 2145 1995 697 2155 2005 707 2156 2006 708 2143 1993 695 2155 2005 707 2141 1991 693 2143 1993 695 2156 2006 708 2157 2007 709 2141 1991 693 2156 2006 708 2139 1989 691 2141 1991 693 2157 2007 709 2147 1997 699 2139 1989 691 2157 2007 709 2158 2010 705 2160 2009 704 2159 2008 710 2160 2009 704 2161 2011 703 2159 2008 710 2161 2011 703 2162 2012 702 2159 2008 710 2162 2012 702 2163 2013 701 2159 2008 710 2163 2013 701 2164 2014 700 2159 2008 710 2164 2014 700 2165 2015 698 2159 2008 710 2165 2015 698 2166 2016 699 2159 2008 710 2166 2016 699 2167 2017 709 2159 2008 710 2167 2017 709 2168 2018 708 2159 2008 710 2168 2018 708 2169 2019 707 2159 2008 710 2169 2019 707 2170 2020 706 2159 2008 710 2170 2020 706 2158 2010 705 2159 2008 710 2171 2023 713 2173 2022 712 2172 2021 711 2172 2021 711 2173 2022 712 2174 2024 714 2171 2023 713 2175 2025 715 2173 2022 712 2173 2022 712 2175 2025 715 2176 2026 716 2177 2029 719 2179 2028 718 2178 2027 717 2178 2027 717 2179 2028 718 2180 2030 720 2181 2031 721 2177 2029 719 2178 2027 717 2182 2032 722 2177 2029 719 2181 2031 721 2183 2035 725 2185 2034 724 2184 2033 723 2184 2033 723 2185 2034 724 2186 2036 725 2187 2037 725 2184 2033 723 2186 2036 725 2183 2035 725 2184 2033 723 2187 2037 725 2188 2040 727 2190 2039 725 2189 2038 726 2189 2038 726 2190 2039 725 2191 2041 728 2190 2039 725 2192 2042 724 2191 2041 728 2189 2038 726 2191 2041 728 2193 2043 729 2193 2043 729 2191 2041 728 2194 2044 730 2191 2041 728 2192 2042 724 2194 2044 730 2194 2044 730 2195 2045 731 2193 2043 729 2193 2043 729 2195 2045 731 2196 2046 732 2194 2044 730 2197 2047 733 2195 2045 731 2198 2048 734 2197 2047 733 2194 2044 730 2194 2044 730 2192 2042 724 2198 2048 734 2195 2045 731 2199 2049 735 2196 2046 732 2195 2045 731 2197 2047 733 2199 2049 735 2196 2046 732 2199 2049 735 2200 2050 736 2201 2053 738 2203 2052 737 2202 2051 729 2202 2051 729 2203 2052 737 2204 2054 739 2202 2051 729 2205 2055 740 2201 2053 738 2206 2056 733 2201 2053 738 2205 2055 740 2207 2057 734 2201 2053 738 2206 2056 733 2206 2056 733 2205 2055 740 2208 2058 735 2209 2059 732 2208 2058 735 2205 2055 740 2209 2059 732 2205 2055 740 2202 2051 729 2210 2060 736 2208 2058 735 2209 2059 732 2203 2052 737 2211 2061 725 2204 2054 739 2211 2061 725 2203 2052 737 2212 2062 724 2203 2052 737 2201 2053 738 2212 2062 724 2212 2062 724 2201 2053 738 2207 2057 734 2204 2054 739 2211 2061 725 2213 2063 727 2214 2066 735 2216 2065 741 2215 2064 735 2217 2067 735 2216 2065 741 2214 2066 735 2217 2067 735 2218 2068 733 2216 2065 741 2215 2064 735 2216 2065 741 2218 2068 733 2219 2071 744 2221 2070 743 2220 2069 742 2220 2069 742 2221 2070 743 2222 2072 745 2220 2069 742 2222 2072 745 2223 2073 746 2223 2073 746 2219 2071 744 2220 2069 742 2223 2073 746 2222 2072 745 2224 2074 747 2224 2074 747 2225 2075 748 2223 2073 746 2223 2073 746 2225 2075 748 2226 2076 749 2225 2075 748 2221 2070 743 2226 2076 749 2226 2076 749 2221 2070 743 2219 2071 744 2226 2076 749 2219 2071 744 2223 2073 746 2227 2079 751 2229 2078 751 2228 2077 750 2228 2077 750 2229 2078 751 2230 2080 752 2229 2078 751 2227 2079 751 2231 2081 753 2232 2082 754 2229 2078 751 2231 2081 753 2233 2083 754 2229 2078 751 2232 2082 754 2232 2082 754 2234 2084 755 2233 2083 754 2233 2083 754 2234 2084 755 2235 2085 756 2234 2084 755 2236 2086 757 2235 2085 756 2235 2085 756 2236 2086 757 2237 2087 757 2236 2086 757 2238 2088 758 2237 2087 757 2228 2077 750 2230 2080 752 2239 2089 759 2239 2089 759 2230 2080 752 2240 2090 759 2239 2089 759 2240 2090 759 2241 2091 760 2241 2091 760 2243 2093 762 2242 2092 761 2244 2094 763 2238 2088 758 2242 2092 761 2245 2097 752 2247 2096 751 2246 2095 756 2246 2095 756 2247 2096 751 2248 2098 754 2249 2099 757 2245 2097 752 2246 2095 756 2250 2100 759 2245 2097 752 2249 2099 757 2251 2101 763 2250 2100 759 2249 2099 757 2249 2099 757 2252 2102 758 2251 2101 763 2253 2103 762 2250 2100 759 2251 2101 763 2254 2104 760 2250 2100 759 2253 2103 762 2255 2105 761 2253 2103 762 2251 2101 763 2256 2107 758 2257 2106 764 2255 2105 761 2256 2107 758 2258 2108 765 2257 2106 764 2259 2109 757 2258 2108 765 2256 2107 758 2258 2108 765 2260 2110 759 2257 2106 764 2257 2106 764 2260 2110 759 2261 2111 760 2257 2106 764 2261 2111 760 2255 2105 761 2259 2109 757 2262 2112 766 2258 2108 765 2262 2112 766 2260 2110 759 2258 2108 765 2263 2113 755 2262 2112 766 2259 2109 757 2263 2113 755 2264 2114 754 2262 2112 766 2262 2112 766 2264 2114 754 2265 2115 753 2265 2115 753 2266 2116 751 2262 2112 766 2262 2112 766 2266 2116 751 2267 2117 750 2267 2117 750 2260 2110 759 2262 2112 766 2268 2120 751 2270 2119 751 2269 2118 750 2269 2118 750 2270 2119 751 2271 2121 752 2270 2119 751 2268 2120 751 2272 2122 754 2273 2123 754 2270 2119 751 2272 2122 754 2272 2122 754 2274 2124 755 2273 2123 754 2273 2123 754 2274 2124 755 2275 2125 756 2272 2122 754 2268 2120 751 2276 2126 753 2275 2125 756 2274 2124 755 2277 2127 757 2277 2127 757 2274 2124 755 2278 2128 757 2277 2127 757 2278 2128 757 2279 2129 763 2271 2121 752 2280 2130 759 2269 2118 750 2269 2118 750 2280 2130 759 2281 2131 759 2280 2130 759 2282 2132 762 2281 2131 759 2283 2134 760 2282 2132 762 2284 2133 761 2279 2129 763 2285 2135 758 2284 2133 761 2286 2138 752 2288 2137 751 2287 2136 756 2287 2136 756 2288 2137 751 2289 2139 754 2290 2140 757 2286 2138 752 2287 2136 756 2291 2141 759 2286 2138 752 2290 2140 757 2292 2142 763 2291 2141 759 2290 2140 757 2293 2143 762 2291 2141 759 2292 2142 763 2294 2144 761 2293 2143 762 2292 2142 763 2295 2145 759 2293 2143 762 2296 2145 760 2292 2142 763 2298 2146 757 2297 2146 758 2299 2148 758 2300 2147 764 2294 2144 761 2299 2148 758 2301 2149 765 2300 2147 764 2302 2150 757 2301 2149 765 2299 2148 758 2301 2149 765 2303 2151 759 2300 2147 764 2300 2147 764 2303 2151 759 2304 2152 760 2300 2147 764 2304 2152 760 2294 2144 761 2302 2150 757 2305 2153 766 2301 2149 765 2305 2153 766 2303 2151 759 2301 2149 765 2306 2154 755 2305 2153 766 2302 2150 757 2306 2154 755 2307 2155 754 2305 2153 766 2305 2153 766 2307 2155 754 2308 2156 753 2308 2156 753 2309 2157 751 2305 2153 766 2305 2153 766 2309 2157 751 2310 2158 750 2310 2158 750 2303 2151 759 2305 2153 766 2311 2161 769 2313 2160 768 2312 2159 767 2312 2159 767 2313 2160 768 2314 2162 770 2315 2163 771 2311 2161 769 2312 2159 767 2316 2164 772 2311 2161 769 2315 2163 771 2317 2167 769 2319 2166 767 2318 2165 768 2318 2165 768 2319 2166 767 2320 2168 770 2319 2166 767 2317 2167 769 2321 2169 771 2321 2169 771 2317 2167 769 2322 2170 772 2323 2173 767 2325 2172 767 2324 2171 770 2324 2171 770 2325 2172 767 2326 2174 770 2326 2174 770 2327 2175 768 2324 2171 770 2324 2171 770 2327 2175 768 2328 2176 768 2327 2175 768 2329 2177 769 2328 2176 768 2328 2176 768 2329 2177 769 2330 2178 769 2331 2179 771 2325 2172 767 2323 2173 767 2332 2180 771 2325 2172 767 2331 2179 771 2330 2178 769 2329 2177 769 2333 2181 772 2333 2181 772 2329 2177 769 2334 2182 772 2333 2181 772 2334 2182 772 2331 2179 771 2331 2179 771 2334 2182 772 2332 2180 771 2335 2185 775 2337 2184 774 2336 2183 773 2336 2183 773 2337 2184 774 2338 2186 776 2339 2187 777 2335 2185 775 2336 2183 773 2340 2188 778 2335 2185 775 2339 2187 777 2339 2187 777 2341 2189 779 2340 2188 778 2342 2190 780 2341 2189 779 2339 2187 777 2342 2190 780 2343 2191 781 2341 2189 779 2344 2192 782 2343 2191 781 2342 2190 780 2335 2185 775 2345 2193 783 2337 2184 774 2346 2194 784 2345 2193 783 2335 2185 775 2340 2188 778 2346 2194 784 2335 2185 775 2346 2194 784 2347 2195 785 2345 2193 783 2348 2196 786 2347 2195 785 2346 2194 784 2349 2197 787 2347 2195 785 2348 2196 786 2350 2198 788 2347 2195 785 2349 2197 787 2348 2196 786 2346 2194 784 2351 2199 789 2351 2199 789 2346 2194 784 2352 2200 790 2352 2200 790 2346 2194 784 2340 2188 778 2352 2200 790 2353 2201 791 2351 2199 789 2341 2189 779 2343 2191 781 2353 2201 791 2341 2189 779 2353 2201 791 2340 2188 778 2340 2188 778 2353 2201 791 2352 2200 790 2351 2199 789 2353 2201 791 2354 2202 792 2354 2202 792 2355 2203 793 2351 2199 789 2351 2199 789 2355 2203 793 2356 2204 794 2349 2197 787 2348 2196 786 2356 2204 794 2356 2204 794 2348 2196 786 2351 2199 789 2353 2201 791 2357 2205 795 2354 2202 792 2353 2201 791 2343 2191 781 2357 2205 795 2354 2202 792 2357 2205 795 2358 2206 796 2358 2206 796 2355 2203 793 2354 2202 792 2359 2207 797 2355 2203 793 2358 2206 796 2360 2209 781 2344 2192 782 2361 2208 798 2361 2208 798 2344 2192 782 2362 2210 799 2363 2211 800 2360 2209 781 2361 2208 798 2364 2212 795 2360 2209 781 2363 2211 800 2364 2212 795 2363 2211 800 2365 2213 801 2364 2212 795 2365 2213 801 2366 2214 796 2366 2214 796 2365 2213 801 2367 2215 802 2366 2214 796 2367 2215 802 2368 2216 797 2369 2219 776 2371 2218 803 2370 2217 774 2370 2217 774 2371 2218 803 2372 2220 804 2371 2218 803 2373 2221 777 2372 2220 804 2372 2220 804 2373 2221 777 2374 2222 778 2375 2223 805 2374 2222 778 2373 2221 777 2376 2224 806 2374 2222 778 2375 2223 805 2377 2225 782 2376 2224 806 2375 2223 805 2378 2226 781 2376 2224 806 2377 2225 782 2378 2226 781 2379 2227 795 2376 2224 806 2376 2224 806 2379 2227 795 2380 2228 807 2376 2224 806 2380 2228 807 2374 2222 778 2380 2228 807 2379 2227 795 2381 2229 808 2380 2228 807 2381 2229 808 2382 2230 790 2374 2222 778 2380 2228 807 2382 2230 790 2382 2230 790 2381 2229 808 2383 2231 789 2383 2231 789 2381 2229 808 2384 2232 794 2384 2232 794 2381 2229 808 2385 2233 809 2386 2234 810 2382 2230 790 2383 2231 789 2384 2232 794 2386 2234 810 2383 2231 789 2387 2235 811 2382 2230 790 2386 2234 810 2372 2220 804 2374 2222 778 2387 2235 811 2387 2235 811 2374 2222 778 2382 2230 790 2388 2236 785 2387 2235 811 2386 2234 810 2389 2237 783 2387 2235 811 2388 2236 785 2386 2234 810 2390 2238 812 2388 2236 785 2390 2238 812 2386 2234 810 2384 2232 794 2388 2236 785 2390 2238 812 2391 2239 788 2381 2229 808 2379 2227 795 2392 2240 796 2381 2229 808 2392 2240 796 2385 2233 809 2389 2237 783 2372 2220 804 2387 2235 811 2370 2217 774 2372 2220 804 2389 2237 783 2385 2233 809 2394 2241 796 2393 2241 797 2395 2244 799 2397 2243 798 2396 2242 782 2396 2242 782 2397 2243 798 2398 2245 781 2397 2243 798 2399 2246 800 2398 2245 781 2398 2245 781 2399 2246 800 2400 2247 795 2400 2247 795 2399 2246 800 2401 2248 801 2400 2247 795 2401 2248 801 2402 2249 796 2402 2249 796 2401 2248 801 2403 2250 797 2404 2251 797 2401 2248 801 2405 2251 802 2406 2254 815 2408 2253 814 2407 2252 813 2406 2254 815 2409 2255 816 2408 2253 814 2408 2253 814 2409 2255 816 2410 2256 817 2411 2257 818 2406 2254 815 2407 2252 813 2408 2253 814 2410 2256 817 2412 2258 819 2408 2253 814 2412 2258 819 2413 2259 820 2412 2258 819 2414 2260 821 2413 2259 820 2412 2258 819 2415 2261 822 2414 2260 821 2412 2258 819 2416 2262 823 2415 2261 822 2412 2258 819 2410 2256 817 2416 2262 823 2417 2263 824 2415 2261 822 2416 2262 823 2418 2264 825 2415 2261 822 2417 2263 824 2419 2265 826 2409 2255 816 2406 2254 815 2411 2257 818 2419 2265 826 2406 2254 815 2419 2265 826 2420 2266 827 2409 2255 816 2421 2267 828 2420 2266 827 2419 2265 826 2420 2266 827 2422 2268 829 2409 2255 816 2409 2255 816 2422 2268 829 2423 2269 830 2423 2269 830 2417 2263 824 2416 2262 823 2410 2256 817 2409 2255 816 2423 2269 830 2416 2262 823 2410 2256 817 2423 2269 830 2423 2269 830 2422 2268 829 2424 2270 831 2424 2270 831 2425 2271 832 2423 2269 830 2425 2271 832 2417 2263 824 2423 2269 830 2426 2272 833 2425 2271 832 2424 2270 831 2427 2273 834 2422 2268 829 2420 2266 827 2428 2274 835 2425 2271 832 2426 2272 833 2429 2275 836 2425 2271 832 2428 2274 835 2429 2275 836 2417 2263 824 2425 2271 832 2430 2276 837 2429 2275 836 2428 2274 835 2431 2277 838 2429 2275 836 2430 2276 837 2431 2277 838 2430 2276 837 2432 2278 839 2432 2278 839 2430 2276 837 2433 2279 840 2431 2277 838 2432 2278 839 2434 2280 841 2420 2266 827 2435 2281 842 2427 2273 834 2436 2282 843 2435 2281 842 2420 2266 827 2432 2278 839 2433 2279 840 2436 2282 843 2436 2282 843 2433 2279 840 2435 2281 842 2434 2280 841 2432 2278 839 2437 2283 844 2437 2283 844 2432 2278 839 2436 2282 843 2436 2282 843 2421 2267 828 2437 2283 844 2436 2282 843 2420 2266 827 2421 2267 828 2438 2284 845 2434 2280 841 2437 2283 844 2439 2285 846 2434 2280 841 2438 2284 845 2439 2285 846 2438 2284 845 2440 2286 847 2440 2286 847 2438 2284 845 2441 2287 848 2441 2287 848 2438 2284 845 2442 2288 849 2438 2284 845 2437 2283 844 2442 2288 849 2441 2287 848 2442 2288 849 2443 2289 850 2442 2288 849 2444 2290 851 2443 2289 850 2442 2288 849 2437 2283 844 2444 2290 851 2437 2283 844 2421 2267 828 2444 2290 851 2445 2291 852 2434 2280 841 2439 2285 846 2446 2292 853 2434 2280 841 2445 2291 852 2447 2293 854 2446 2292 853 2445 2291 852 2444 2290 851 2421 2267 828 2448 2294 855 2448 2294 855 2421 2267 828 2419 2265 826 2448 2294 855 2419 2265 826 2411 2257 818 2449 2295 856 2447 2293 854 2445 2291 852 2449 2295 856 2445 2291 852 2450 2296 857 2451 2297 858 2449 2295 856 2450 2296 857 2452 2298 859 2449 2295 856 2451 2297 858 2452 2298 859 2453 2299 860 2449 2295 856 2449 2295 856 2453 2299 860 2447 2293 854 2454 2300 861 2446 2292 853 2447 2293 854 2453 2299 860 2454 2300 861 2447 2293 854 2455 2301 862 2446 2292 853 2454 2300 861 2455 2301 862 2456 2302 863 2446 2292 853 2456 2302 863 2431 2277 838 2446 2292 853 2457 2303 864 2456 2302 863 2455 2301 862 2455 2301 862 2458 2304 865 2457 2303 864 2459 2305 866 2457 2303 864 2458 2304 865 2458 2304 865 2455 2301 862 2460 2306 867 2460 2306 867 2455 2301 862 2461 2307 868 2461 2307 868 2455 2301 862 2454 2300 861 2461 2307 868 2462 2308 869 2460 2306 867 2461 2307 868 2463 2309 870 2462 2308 869 2462 2308 869 2463 2309 870 2464 2310 871 2461 2307 868 2465 2311 872 2463 2309 870 2454 2300 861 2465 2311 872 2461 2307 868 2460 2306 867 2462 2308 869 2466 2312 873 2460 2306 867 2466 2312 873 2467 2313 874 2458 2304 865 2460 2306 867 2467 2313 874 2467 2313 874 2466 2312 873 2468 2314 875 2468 2314 875 2469 2315 876 2467 2313 874 2463 2309 870 2469 2315 876 2464 2310 871 2467 2313 874 2469 2315 876 2470 2316 877 2470 2316 877 2469 2315 876 2463 2309 870 2467 2313 874 2470 2316 877 2471 2317 878 2458 2304 865 2467 2313 874 2471 2317 878 2471 2317 878 2470 2316 877 2472 2318 879 2470 2316 877 2473 2319 880 2472 2318 879 2472 2318 879 2473 2319 880 2474 2320 881 2473 2319 880 2475 2321 882 2474 2320 881 2474 2320 881 2475 2321 882 2476 2322 883 2473 2319 880 2470 2316 877 2477 2323 884 2477 2323 884 2470 2316 877 2463 2309 870 2475 2321 882 2473 2319 880 2478 2324 885 2478 2324 885 2473 2319 880 2479 2325 886 2473 2319 880 2480 2326 887 2479 2325 886 2473 2319 880 2477 2323 884 2480 2326 887 2480 2326 887 2477 2323 884 2463 2309 870 2463 2309 870 2481 2327 888 2480 2326 887 2463 2309 870 2465 2311 872 2481 2327 888 2481 2327 888 2465 2311 872 2482 2328 889 2454 2300 861 2482 2328 889 2465 2311 872 2454 2300 861 2483 2329 890 2482 2328 889 2484 2330 891 2475 2321 882 2478 2324 885 2485 2331 892 2475 2321 882 2484 2330 891 2475 2321 882 2485 2331 892 2476 2322 883 2476 2322 883 2485 2331 892 2486 2332 893 2453 2299 860 2483 2329 890 2454 2300 861 2483 2329 890 2453 2299 860 2452 2298 859 2487 2335 896 2489 2334 895 2488 2333 894 2488 2333 894 2489 2334 895 2456 2302 863 2489 2334 895 2487 2335 896 2417 2263 824 2417 2263 824 2487 2335 896 2418 2264 825 2488 2333 894 2456 2302 863 2457 2303 864 2489 2334 895 2417 2263 824 2429 2275 836 2489 2334 895 2429 2275 836 2431 2277 838 2456 2302 863 2489 2334 895 2431 2277 838 2446 2292 853 2431 2277 838 2434 2280 841 2490 2338 899 2492 2337 898 2491 2336 897 2490 2338 899 2471 2317 878 2492 2337 898 2459 2305 866 2490 2338 899 2491 2336 897 2459 2305 866 2458 2304 865 2490 2338 899 2490 2338 899 2458 2304 865 2471 2317 878 2493 2341 815 2495 2340 813 2494 2339 814 2493 2341 815 2494 2339 814 2496 2342 816 2496 2342 816 2494 2339 814 2497 2343 817 2498 2344 818 2495 2340 813 2493 2341 815 2494 2339 814 2499 2345 819 2497 2343 817 2494 2339 814 2500 2346 820 2499 2345 819 2499 2345 819 2500 2346 820 2501 2347 821 2499 2345 819 2501 2347 821 2502 2348 822 2499 2345 819 2502 2348 822 2503 2349 823 2499 2345 819 2503 2349 823 2497 2343 817 2503 2349 823 2502 2348 822 2504 2350 824 2504 2350 824 2502 2348 822 2505 2351 825 2506 2352 826 2493 2341 815 2496 2342 816 2498 2344 818 2493 2341 815 2506 2352 826 2496 2342 816 2507 2353 827 2506 2352 826 2506 2352 826 2507 2353 827 2508 2354 828 2496 2342 816 2509 2355 829 2507 2353 827 2496 2342 816 2510 2356 830 2509 2355 829 2510 2356 830 2503 2349 823 2504 2350 824 2497 2343 817 2510 2356 830 2496 2342 816 2503 2349 823 2510 2356 830 2497 2343 817 2509 2355 829 2510 2356 830 2511 2357 831 2512 2358 832 2511 2357 831 2510 2356 830 2512 2358 832 2510 2356 830 2504 2350 824 2513 2359 833 2511 2357 831 2512 2358 832 2507 2353 827 2509 2355 829 2514 2360 834 2513 2359 833 2512 2358 832 2515 2361 835 2515 2361 835 2512 2358 832 2516 2362 836 2512 2358 832 2504 2350 824 2516 2362 836 2516 2362 836 2517 2363 837 2515 2361 835 2518 2364 838 2517 2363 837 2516 2362 836 2518 2364 838 2519 2365 839 2517 2363 837 2519 2365 839 2520 2366 840 2517 2363 837 2518 2364 838 2521 2367 841 2519 2365 839 2522 2368 842 2507 2353 827 2514 2360 834 2523 2369 843 2507 2353 827 2522 2368 842 2519 2365 839 2523 2369 843 2520 2366 840 2520 2366 840 2523 2369 843 2522 2368 842 2521 2367 841 2524 2370 844 2519 2365 839 2519 2365 839 2524 2370 844 2523 2369 843 2523 2369 843 2524 2370 844 2508 2354 828 2523 2369 843 2508 2354 828 2507 2353 827 2525 2371 845 2524 2370 844 2521 2367 841 2526 2372 846 2525 2371 845 2521 2367 841 2526 2372 846 2527 2373 847 2525 2371 845 2527 2373 847 2528 2374 848 2525 2371 845 2525 2371 845 2528 2374 848 2529 2375 849 2525 2371 845 2529 2375 849 2524 2370 844 2528 2374 848 2530 2376 850 2529 2375 849 2529 2375 849 2530 2376 850 2531 2377 851 2529 2375 849 2531 2377 851 2524 2370 844 2524 2370 844 2531 2377 851 2508 2354 828 2521 2367 841 2532 2378 852 2526 2372 846 2533 2379 853 2532 2378 852 2521 2367 841 2534 2380 854 2532 2378 852 2533 2379 853 2531 2377 851 2535 2381 855 2508 2354 828 2508 2354 828 2535 2381 855 2506 2352 826 2535 2381 855 2498 2344 818 2506 2352 826 2536 2382 856 2532 2378 852 2534 2380 854 2536 2382 856 2537 2383 857 2532 2378 852 2538 2384 858 2537 2383 857 2536 2382 856 2539 2385 859 2538 2384 858 2536 2382 856 2539 2385 859 2536 2382 856 2540 2386 860 2536 2382 856 2534 2380 854 2540 2386 860 2541 2387 861 2534 2380 854 2533 2379 853 2540 2386 860 2534 2380 854 2541 2387 861 2542 2388 862 2541 2387 861 2533 2379 853 2542 2388 862 2533 2379 853 2543 2389 863 2543 2389 863 2533 2379 853 2518 2364 838 2543 2389 863 2544 2390 864 2542 2388 862 2542 2388 862 2544 2390 864 2545 2391 865 2546 2392 866 2545 2391 865 2544 2390 864 2545 2391 865 2547 2393 867 2542 2388 862 2547 2393 867 2548 2394 868 2542 2388 862 2548 2394 868 2541 2387 861 2542 2388 862 2547 2393 867 2549 2395 869 2548 2394 868 2548 2394 868 2549 2395 869 2550 2396 870 2550 2396 870 2549 2395 869 2551 2397 871 2548 2394 868 2550 2396 870 2552 2398 872 2541 2387 861 2548 2394 868 2552 2398 872 2553 2399 873 2549 2395 869 2547 2393 867 2547 2393 867 2554 2400 874 2553 2399 873 2545 2391 865 2554 2400 874 2547 2393 867 2553 2399 873 2554 2400 874 2555 2401 875 2554 2400 874 2556 2402 876 2555 2401 875 2556 2402 876 2550 2396 870 2551 2397 871 2557 2403 877 2556 2402 876 2554 2400 874 2557 2403 877 2550 2396 870 2556 2402 876 2558 2404 878 2557 2403 877 2554 2400 874 2545 2391 865 2558 2404 878 2554 2400 874 2559 2405 879 2557 2403 877 2558 2404 878 2559 2405 879 2560 2406 880 2557 2403 877 2561 2407 881 2560 2406 880 2559 2405 879 2561 2407 881 2562 2408 882 2560 2406 880 2563 2409 883 2562 2408 882 2561 2407 881 2560 2406 880 2564 2410 884 2557 2403 877 2564 2410 884 2550 2396 870 2557 2403 877 2562 2408 882 2565 2411 885 2560 2406 880 2560 2406 880 2565 2411 885 2566 2412 886 2560 2406 880 2566 2412 886 2567 2413 887 2560 2406 880 2567 2413 887 2564 2410 884 2567 2413 887 2550 2396 870 2564 2410 884 2550 2396 870 2567 2413 887 2568 2414 888 2550 2396 870 2568 2414 888 2552 2398 872 2568 2414 888 2569 2415 889 2552 2398 872 2541 2387 861 2552 2398 872 2569 2415 889 2541 2387 861 2569 2415 889 2570 2416 890 2562 2408 882 2571 2417 891 2565 2411 885 2572 2418 892 2571 2417 891 2562 2408 882 2563 2409 883 2572 2418 892 2562 2408 882 2573 2419 893 2572 2418 892 2563 2409 883 2540 2386 860 2541 2387 861 2570 2416 890 2570 2416 890 2539 2385 859 2540 2386 860 2543 2389 863 2575 2421 895 2574 2420 894 2574 2420 894 2575 2421 895 2576 2422 896 2575 2421 895 2504 2350 824 2576 2422 896 2576 2422 896 2504 2350 824 2505 2351 825 2574 2420 894 2544 2390 864 2543 2389 863 2516 2362 836 2504 2350 824 2575 2421 895 2575 2421 895 2518 2364 838 2516 2362 836 2543 2389 863 2518 2364 838 2575 2421 895 2533 2379 853 2521 2367 841 2518 2364 838 2577 2425 899 2579 2424 897 2578 2423 898 2577 2425 899 2578 2423 898 2558 2404 878 2546 2392 866 2579 2424 897 2577 2425 899 2546 2392 866 2577 2425 899 2545 2391 865 2577 2425 899 2558 2404 878 2545 2391 865 2580 2428 815 2582 2427 814 2581 2426 813 2580 2428 815 2583 2429 816 2582 2427 814 2582 2427 814 2583 2429 816 2584 2430 817 2585 2431 818 2580 2428 815 2581 2426 813 2582 2427 814 2584 2430 817 2586 2432 819 2582 2427 814 2586 2432 819 2587 2433 820 2586 2432 819 2588 2434 821 2587 2433 820 2586 2432 819 2589 2435 822 2588 2434 821 2586 2432 819 2590 2436 823 2589 2435 822 2586 2432 819 2584 2430 817 2590 2436 823 2591 2437 824 2589 2435 822 2590 2436 823 2592 2438 825 2589 2435 822 2591 2437 824 2593 2439 826 2583 2429 816 2580 2428 815 2585 2431 818 2593 2439 826 2580 2428 815 2593 2439 826 2594 2440 827 2583 2429 816 2595 2441 828 2594 2440 827 2593 2439 826 2594 2440 827 2596 2442 829 2583 2429 816 2583 2429 816 2596 2442 829 2597 2443 830 2597 2443 830 2591 2437 824 2590 2436 823 2584 2430 817 2583 2429 816 2597 2443 830 2590 2436 823 2584 2430 817 2597 2443 830 2597 2443 830 2596 2442 829 2598 2444 831 2598 2444 831 2599 2445 832 2597 2443 830 2599 2445 832 2591 2437 824 2597 2443 830 2600 2446 833 2599 2445 832 2598 2444 831 2601 2447 834 2596 2442 829 2594 2440 827 2602 2448 835 2599 2445 832 2600 2446 833 2603 2449 836 2599 2445 832 2602 2448 835 2603 2449 836 2591 2437 824 2599 2445 832 2604 2450 837 2603 2449 836 2602 2448 835 2605 2451 838 2603 2449 836 2604 2450 837 2605 2451 838 2604 2450 837 2606 2452 839 2606 2452 839 2604 2450 837 2607 2453 840 2605 2451 838 2606 2452 839 2608 2454 841 2594 2440 827 2609 2455 842 2601 2447 834 2610 2456 843 2609 2455 842 2594 2440 827 2606 2452 839 2607 2453 840 2610 2456 843 2610 2456 843 2607 2453 840 2609 2455 842 2608 2454 841 2606 2452 839 2611 2457 844 2611 2457 844 2606 2452 839 2610 2456 843 2610 2456 843 2595 2441 828 2611 2457 844 2610 2456 843 2594 2440 827 2595 2441 828 2612 2458 845 2608 2454 841 2611 2457 844 2613 2459 846 2608 2454 841 2612 2458 845 2613 2459 846 2612 2458 845 2614 2460 847 2614 2460 847 2612 2458 845 2615 2461 848 2615 2461 848 2612 2458 845 2616 2462 849 2612 2458 845 2611 2457 844 2616 2462 849 2615 2461 848 2616 2462 849 2617 2463 850 2616 2462 849 2618 2464 851 2617 2463 850 2616 2462 849 2611 2457 844 2618 2464 851 2611 2457 844 2595 2441 828 2618 2464 851 2608 2454 841 2613 2459 846 2619 2465 853 2619 2465 853 2613 2459 846 2620 2466 852 2621 2467 854 2619 2465 853 2620 2466 852 2618 2464 851 2595 2441 828 2622 2468 855 2622 2468 855 2595 2441 828 2593 2439 826 2622 2468 855 2593 2439 826 2585 2431 818 2623 2469 856 2621 2467 854 2620 2466 852 2623 2469 856 2620 2466 852 2624 2470 857 2625 2471 858 2623 2469 856 2624 2470 857 2626 2472 859 2623 2469 856 2625 2471 858 2626 2472 859 2627 2473 860 2623 2469 856 2623 2469 856 2627 2473 860 2621 2467 854 2628 2474 861 2619 2465 853 2621 2467 854 2627 2473 860 2628 2474 861 2621 2467 854 2629 2475 862 2619 2465 853 2628 2474 861 2629 2475 862 2630 2476 863 2619 2465 853 2630 2476 863 2605 2451 838 2619 2465 853 2631 2477 864 2630 2476 863 2629 2475 862 2629 2475 862 2632 2478 865 2631 2477 864 2633 2479 866 2631 2477 864 2632 2478 865 2632 2478 865 2629 2475 862 2634 2480 867 2634 2480 867 2629 2475 862 2635 2481 868 2635 2481 868 2629 2475 862 2628 2474 861 2635 2481 868 2636 2482 869 2634 2480 867 2635 2481 868 2637 2483 870 2636 2482 869 2636 2482 869 2637 2483 870 2638 2484 871 2635 2481 868 2639 2485 872 2637 2483 870 2628 2474 861 2639 2485 872 2635 2481 868 2634 2480 867 2636 2482 869 2640 2486 873 2634 2480 867 2640 2486 873 2641 2487 874 2632 2478 865 2634 2480 867 2641 2487 874 2641 2487 874 2640 2486 873 2642 2488 875 2642 2488 875 2643 2489 876 2641 2487 874 2637 2483 870 2643 2489 876 2638 2484 871 2641 2487 874 2643 2489 876 2644 2490 877 2644 2490 877 2643 2489 876 2637 2483 870 2641 2487 874 2644 2490 877 2645 2491 878 2632 2478 865 2641 2487 874 2645 2491 878 2645 2491 878 2644 2490 877 2646 2492 879 2646 2492 879 2644 2490 877 2647 2493 881 2647 2493 881 2644 2490 877 2648 2494 880 2647 2493 881 2648 2494 880 2649 2495 883 2649 2495 883 2648 2494 880 2650 2496 882 2648 2494 880 2644 2490 877 2651 2497 884 2651 2497 884 2644 2490 877 2637 2483 870 2650 2496 882 2648 2494 880 2652 2498 885 2652 2498 885 2648 2494 880 2653 2499 886 2648 2494 880 2654 2500 887 2653 2499 886 2648 2494 880 2651 2497 884 2654 2500 887 2654 2500 887 2651 2497 884 2637 2483 870 2637 2483 870 2655 2501 888 2654 2500 887 2637 2483 870 2639 2485 872 2655 2501 888 2655 2501 888 2639 2485 872 2656 2502 889 2628 2474 861 2656 2502 889 2639 2485 872 2628 2474 861 2657 2503 890 2656 2502 889 2658 2504 891 2650 2496 882 2652 2498 885 2659 2505 892 2650 2496 882 2658 2504 891 2650 2496 882 2659 2505 892 2649 2495 883 2649 2495 883 2659 2505 892 2660 2506 893 2627 2473 860 2657 2503 890 2628 2474 861 2657 2503 890 2627 2473 860 2626 2472 859 2661 2509 896 2663 2508 895 2662 2507 894 2662 2507 894 2663 2508 895 2630 2476 863 2663 2508 895 2661 2509 896 2591 2437 824 2591 2437 824 2661 2509 896 2592 2438 825 2662 2507 894 2630 2476 863 2631 2477 864 2663 2508 895 2591 2437 824 2603 2449 836 2663 2508 895 2603 2449 836 2605 2451 838 2630 2476 863 2663 2508 895 2605 2451 838 2619 2465 853 2605 2451 838 2608 2454 841 2664 2512 899 2666 2511 898 2665 2510 897 2664 2512 899 2645 2491 878 2666 2511 898 2633 2479 866 2664 2512 899 2665 2510 897 2633 2479 866 2632 2478 865 2664 2512 899 2664 2512 899 2632 2478 865 2645 2491 878 2667 2515 815 2669 2514 813 2668 2513 814 2667 2515 815 2668 2513 814 2670 2516 816 2670 2516 816 2668 2513 814 2671 2517 817 2672 2518 818 2669 2514 813 2667 2515 815 2668 2513 814 2673 2519 819 2671 2517 817 2668 2513 814 2674 2520 820 2673 2519 819 2673 2519 819 2674 2520 820 2675 2521 821 2673 2519 819 2675 2521 821 2676 2522 822 2673 2519 819 2676 2522 822 2677 2523 823 2673 2519 819 2677 2523 823 2671 2517 817 2677 2523 823 2676 2522 822 2678 2524 824 2678 2524 824 2676 2522 822 2679 2525 825 2680 2526 826 2667 2515 815 2670 2516 816 2672 2518 818 2667 2515 815 2680 2526 826 2670 2516 816 2681 2527 827 2680 2526 826 2680 2526 826 2681 2527 827 2682 2528 828 2670 2516 816 2683 2529 829 2681 2527 827 2670 2516 816 2684 2530 830 2683 2529 829 2684 2530 830 2677 2523 823 2678 2524 824 2671 2517 817 2684 2530 830 2670 2516 816 2677 2523 823 2684 2530 830 2671 2517 817 2683 2529 829 2684 2530 830 2685 2531 831 2686 2532 832 2685 2531 831 2684 2530 830 2686 2532 832 2684 2530 830 2678 2524 824 2687 2533 833 2685 2531 831 2686 2532 832 2681 2527 827 2683 2529 829 2688 2534 834 2687 2533 833 2686 2532 832 2689 2535 835 2689 2535 835 2686 2532 832 2690 2536 836 2686 2532 832 2678 2524 824 2690 2536 836 2690 2536 836 2691 2537 837 2689 2535 835 2692 2538 838 2691 2537 837 2690 2536 836 2692 2538 838 2693 2539 839 2691 2537 837 2693 2539 839 2694 2540 840 2691 2537 837 2692 2538 838 2695 2541 841 2693 2539 839 2696 2542 842 2681 2527 827 2688 2534 834 2697 2543 843 2681 2527 827 2696 2542 842 2693 2539 839 2697 2543 843 2694 2540 840 2694 2540 840 2697 2543 843 2696 2542 842 2695 2541 841 2698 2544 844 2693 2539 839 2693 2539 839 2698 2544 844 2697 2543 843 2697 2543 843 2698 2544 844 2682 2528 828 2697 2543 843 2682 2528 828 2681 2527 827 2699 2545 845 2698 2544 844 2695 2541 841 2700 2546 846 2699 2545 845 2695 2541 841 2700 2546 846 2701 2547 847 2699 2545 845 2701 2547 847 2702 2548 848 2699 2545 845 2699 2545 845 2702 2548 848 2703 2549 849 2699 2545 845 2703 2549 849 2698 2544 844 2702 2548 848 2704 2550 850 2703 2549 849 2703 2549 849 2704 2550 850 2705 2551 851 2703 2549 849 2705 2551 851 2698 2544 844 2698 2544 844 2705 2551 851 2682 2528 828 2706 2552 853 2700 2546 846 2695 2541 841 2707 2553 852 2700 2546 846 2706 2552 853 2708 2554 854 2707 2553 852 2706 2552 853 2705 2551 851 2709 2555 855 2682 2528 828 2682 2528 828 2709 2555 855 2680 2526 826 2709 2555 855 2672 2518 818 2680 2526 826 2710 2556 856 2707 2553 852 2708 2554 854 2710 2556 856 2711 2557 857 2707 2553 852 2712 2558 858 2711 2557 857 2710 2556 856 2713 2559 859 2712 2558 858 2710 2556 856 2713 2559 859 2710 2556 856 2714 2560 860 2710 2556 856 2708 2554 854 2714 2560 860 2715 2561 861 2708 2554 854 2706 2552 853 2714 2560 860 2708 2554 854 2715 2561 861 2716 2562 862 2715 2561 861 2706 2552 853 2716 2562 862 2706 2552 853 2717 2563 863 2717 2563 863 2706 2552 853 2692 2538 838 2717 2563 863 2718 2564 864 2716 2562 862 2716 2562 862 2718 2564 864 2719 2565 865 2720 2566 866 2719 2565 865 2718 2564 864 2719 2565 865 2721 2567 867 2716 2562 862 2721 2567 867 2722 2568 868 2716 2562 862 2722 2568 868 2715 2561 861 2716 2562 862 2721 2567 867 2723 2569 869 2722 2568 868 2722 2568 868 2723 2569 869 2724 2570 870 2724 2570 870 2723 2569 869 2725 2571 871 2722 2568 868 2724 2570 870 2726 2572 872 2715 2561 861 2722 2568 868 2726 2572 872 2727 2573 873 2723 2569 869 2721 2567 867 2721 2567 867 2728 2574 874 2727 2573 873 2719 2565 865 2728 2574 874 2721 2567 867 2727 2573 873 2728 2574 874 2729 2575 875 2728 2574 874 2730 2576 876 2729 2575 875 2730 2576 876 2724 2570 870 2725 2571 871 2731 2577 877 2730 2576 876 2728 2574 874 2731 2577 877 2724 2570 870 2730 2576 876 2732 2578 878 2731 2577 877 2728 2574 874 2719 2565 865 2732 2578 878 2728 2574 874 2733 2579 879 2731 2577 877 2732 2578 878 2733 2579 879 2734 2580 881 2731 2577 877 2731 2577 877 2734 2580 881 2735 2581 880 2734 2580 881 2736 2582 883 2735 2581 880 2735 2581 880 2736 2582 883 2737 2583 882 2735 2581 880 2738 2584 884 2731 2577 877 2738 2584 884 2724 2570 870 2731 2577 877 2737 2583 882 2739 2585 885 2735 2581 880 2735 2581 880 2739 2585 885 2740 2586 886 2735 2581 880 2740 2586 886 2741 2587 887 2735 2581 880 2741 2587 887 2738 2584 884 2741 2587 887 2724 2570 870 2738 2584 884 2724 2570 870 2741 2587 887 2742 2588 888 2724 2570 870 2742 2588 888 2726 2572 872 2742 2588 888 2743 2589 889 2726 2572 872 2715 2561 861 2726 2572 872 2743 2589 889 2715 2561 861 2743 2589 889 2744 2590 890 2737 2583 882 2745 2591 891 2739 2585 885 2746 2592 892 2745 2591 891 2737 2583 882 2736 2582 883 2746 2592 892 2737 2583 882 2747 2593 893 2746 2592 892 2736 2582 883 2714 2560 860 2715 2561 861 2744 2590 890 2744 2590 890 2713 2559 859 2714 2560 860 2717 2563 863 2749 2595 895 2748 2594 894 2748 2594 894 2749 2595 895 2750 2596 896 2749 2595 895 2678 2524 824 2750 2596 896 2750 2596 896 2678 2524 824 2679 2525 825 2748 2594 894 2718 2564 864 2717 2563 863 2690 2536 836 2678 2524 824 2749 2595 895 2749 2595 895 2692 2538 838 2690 2536 836 2717 2563 863 2692 2538 838 2749 2595 895 2706 2552 853 2695 2541 841 2692 2538 838 2751 2599 899 2753 2598 897 2752 2597 898 2751 2599 899 2752 2597 898 2732 2578 878 2720 2566 866 2753 2598 897 2751 2599 899 2720 2566 866 2751 2599 899 2719 2565 865 2751 2599 899 2732 2578 878 2719 2565 865 2754 2602 815 2756 2601 814 2755 2600 813 2754 2602 815 2757 2603 816 2756 2601 814 2756 2601 814 2757 2603 816 2758 2604 817 2759 2605 818 2754 2602 815 2755 2600 813 2756 2601 814 2758 2604 817 2760 2606 819 2756 2601 814 2760 2606 819 2761 2607 820 2760 2606 819 2762 2608 821 2761 2607 820 2760 2606 819 2763 2609 822 2762 2608 821 2760 2606 819 2764 2610 823 2763 2609 822 2760 2606 819 2758 2604 817 2764 2610 823 2765 2611 824 2763 2609 822 2764 2610 823 2766 2612 825 2763 2609 822 2765 2611 824 2767 2613 826 2757 2603 816 2754 2602 815 2759 2605 818 2767 2613 826 2754 2602 815 2767 2613 826 2768 2614 827 2757 2603 816 2769 2615 828 2768 2614 827 2767 2613 826 2768 2614 827 2770 2616 829 2757 2603 816 2757 2603 816 2770 2616 829 2771 2617 830 2771 2617 830 2765 2611 824 2764 2610 823 2758 2604 817 2757 2603 816 2771 2617 830 2764 2610 823 2758 2604 817 2771 2617 830 2771 2617 830 2770 2616 829 2772 2618 831 2772 2618 831 2773 2619 832 2771 2617 830 2773 2619 832 2765 2611 824 2771 2617 830 2774 2620 833 2773 2619 832 2772 2618 831 2775 2621 834 2770 2616 829 2768 2614 827 2776 2622 835 2773 2619 832 2774 2620 833 2777 2623 836 2773 2619 832 2776 2622 835 2777 2623 836 2765 2611 824 2773 2619 832 2778 2624 837 2777 2623 836 2776 2622 835 2779 2625 838 2777 2623 836 2778 2624 837 2779 2625 838 2778 2624 837 2780 2626 839 2780 2626 839 2778 2624 837 2781 2627 840 2779 2625 838 2780 2626 839 2782 2628 841 2768 2614 827 2783 2629 842 2775 2621 834 2784 2630 843 2783 2629 842 2768 2614 827 2780 2626 839 2781 2627 840 2784 2630 843 2784 2630 843 2781 2627 840 2783 2629 842 2782 2628 841 2780 2626 839 2785 2631 844 2785 2631 844 2780 2626 839 2784 2630 843 2784 2630 843 2769 2615 828 2785 2631 844 2784 2630 843 2768 2614 827 2769 2615 828 2786 2632 845 2782 2628 841 2785 2631 844 2787 2633 846 2782 2628 841 2786 2632 845 2787 2633 846 2786 2632 845 2788 2634 847 2788 2634 847 2786 2632 845 2789 2635 848 2789 2635 848 2786 2632 845 2790 2636 849 2786 2632 845 2785 2631 844 2790 2636 849 2789 2635 848 2790 2636 849 2791 2637 850 2790 2636 849 2792 2638 851 2791 2637 850 2790 2636 849 2785 2631 844 2792 2638 851 2785 2631 844 2769 2615 828 2792 2638 851 2782 2628 841 2787 2633 846 2793 2639 853 2793 2639 853 2787 2633 846 2794 2640 852 2795 2641 854 2793 2639 853 2794 2640 852 2792 2638 851 2769 2615 828 2796 2642 855 2796 2642 855 2769 2615 828 2767 2613 826 2796 2642 855 2767 2613 826 2759 2605 818 2797 2643 856 2795 2641 854 2794 2640 852 2797 2643 856 2794 2640 852 2798 2644 857 2799 2645 858 2797 2643 856 2798 2644 857 2800 2646 859 2797 2643 856 2799 2645 858 2800 2646 859 2801 2647 860 2797 2643 856 2797 2643 856 2801 2647 860 2795 2641 854 2802 2648 861 2793 2639 853 2795 2641 854 2801 2647 860 2802 2648 861 2795 2641 854 2803 2649 862 2793 2639 853 2802 2648 861 2803 2649 862 2804 2650 863 2793 2639 853 2804 2650 863 2779 2625 838 2793 2639 853 2805 2651 864 2804 2650 863 2803 2649 862 2803 2649 862 2806 2652 865 2805 2651 864 2807 2653 866 2805 2651 864 2806 2652 865 2806 2652 865 2803 2649 862 2808 2654 867 2808 2654 867 2803 2649 862 2809 2655 868 2809 2655 868 2803 2649 862 2802 2648 861 2809 2655 868 2810 2656 869 2808 2654 867 2809 2655 868 2811 2657 870 2810 2656 869 2810 2656 869 2811 2657 870 2812 2658 871 2809 2655 868 2813 2659 872 2811 2657 870 2802 2648 861 2813 2659 872 2809 2655 868 2808 2654 867 2810 2656 869 2814 2660 873 2808 2654 867 2814 2660 873 2815 2661 874 2806 2652 865 2808 2654 867 2815 2661 874 2815 2661 874 2814 2660 873 2816 2662 875 2816 2662 875 2817 2663 876 2815 2661 874 2811 2657 870 2817 2663 876 2812 2658 871 2815 2661 874 2817 2663 876 2818 2664 877 2818 2664 877 2817 2663 876 2811 2657 870 2815 2661 874 2818 2664 877 2819 2665 878 2806 2652 865 2815 2661 874 2819 2665 878 2819 2665 878 2818 2664 877 2820 2666 879 2820 2666 879 2818 2664 877 2821 2667 881 2821 2667 881 2818 2664 877 2822 2668 880 2821 2667 881 2822 2668 880 2823 2669 883 2823 2669 883 2822 2668 880 2824 2670 882 2822 2668 880 2818 2664 877 2825 2671 884 2825 2671 884 2818 2664 877 2811 2657 870 2824 2670 882 2822 2668 880 2826 2672 885 2826 2672 885 2822 2668 880 2827 2673 886 2822 2668 880 2828 2674 887 2827 2673 886 2822 2668 880 2825 2671 884 2828 2674 887 2828 2674 887 2825 2671 884 2811 2657 870 2811 2657 870 2829 2675 888 2828 2674 887 2811 2657 870 2813 2659 872 2829 2675 888 2829 2675 888 2813 2659 872 2830 2676 889 2802 2648 861 2830 2676 889 2813 2659 872 2802 2648 861 2831 2677 890 2830 2676 889 2832 2678 891 2824 2670 882 2826 2672 885 2833 2679 892 2824 2670 882 2832 2678 891 2823 2669 883 2824 2670 882 2834 2680 893 2834 2680 893 2824 2670 882 2833 2679 892 2801 2647 860 2831 2677 890 2802 2648 861 2831 2677 890 2801 2647 860 2800 2646 859 2835 2683 896 2837 2682 895 2836 2681 894 2836 2681 894 2837 2682 895 2804 2650 863 2837 2682 895 2835 2683 896 2765 2611 824 2765 2611 824 2835 2683 896 2766 2612 825 2836 2681 894 2804 2650 863 2805 2651 864 2837 2682 895 2765 2611 824 2777 2623 836 2837 2682 895 2777 2623 836 2779 2625 838 2804 2650 863 2837 2682 895 2779 2625 838 2793 2639 853 2779 2625 838 2782 2628 841 2838 2686 899 2840 2685 898 2839 2684 897 2838 2686 899 2819 2665 878 2840 2685 898 2807 2653 866 2838 2686 899 2839 2684 897 2807 2653 866 2806 2652 865 2838 2686 899 2838 2686 899 2806 2652 865 2819 2665 878 2841 2689 815 2843 2688 813 2842 2687 814 2841 2689 815 2842 2687 814 2844 2690 816 2844 2690 816 2842 2687 814 2845 2691 817 2846 2692 818 2843 2688 813 2841 2689 815 2842 2687 814 2847 2693 819 2845 2691 817 2842 2687 814 2848 2694 820 2847 2693 819 2847 2693 819 2848 2694 820 2849 2695 821 2847 2693 819 2849 2695 821 2850 2696 822 2847 2693 819 2850 2696 822 2851 2697 823 2847 2693 819 2851 2697 823 2845 2691 817 2851 2697 823 2850 2696 822 2852 2698 824 2852 2698 824 2850 2696 822 2853 2699 825 2854 2700 826 2841 2689 815 2844 2690 816 2846 2692 818 2841 2689 815 2854 2700 826 2844 2690 816 2855 2701 827 2854 2700 826 2854 2700 826 2855 2701 827 2856 2702 828 2844 2690 816 2857 2703 829 2855 2701 827 2844 2690 816 2858 2704 830 2857 2703 829 2858 2704 830 2851 2697 823 2852 2698 824 2845 2691 817 2858 2704 830 2844 2690 816 2851 2697 823 2858 2704 830 2845 2691 817 2857 2703 829 2858 2704 830 2859 2705 831 2860 2706 832 2859 2705 831 2858 2704 830 2860 2706 832 2858 2704 830 2852 2698 824 2861 2707 833 2859 2705 831 2860 2706 832 2855 2701 827 2857 2703 829 2862 2708 834 2861 2707 833 2860 2706 832 2863 2709 835 2863 2709 835 2860 2706 832 2864 2710 836 2860 2706 832 2852 2698 824 2864 2710 836 2864 2710 836 2865 2711 837 2863 2709 835 2866 2712 838 2865 2711 837 2864 2710 836 2866 2712 838 2867 2713 839 2865 2711 837 2867 2713 839 2868 2714 840 2865 2711 837 2866 2712 838 2869 2715 841 2867 2713 839 2870 2716 842 2855 2701 827 2862 2708 834 2871 2717 843 2855 2701 827 2870 2716 842 2867 2713 839 2871 2717 843 2868 2714 840 2868 2714 840 2871 2717 843 2870 2716 842 2869 2715 841 2872 2718 844 2867 2713 839 2867 2713 839 2872 2718 844 2871 2717 843 2871 2717 843 2872 2718 844 2856 2702 828 2871 2717 843 2856 2702 828 2855 2701 827 2873 2719 845 2872 2718 844 2869 2715 841 2874 2720 846 2873 2719 845 2869 2715 841 2874 2720 846 2875 2721 847 2873 2719 845 2875 2721 847 2876 2722 848 2873 2719 845 2873 2719 845 2876 2722 848 2877 2723 849 2873 2719 845 2877 2723 849 2872 2718 844 2876 2722 848 2878 2724 850 2877 2723 849 2877 2723 849 2878 2724 850 2879 2725 851 2877 2723 849 2879 2725 851 2872 2718 844 2872 2718 844 2879 2725 851 2856 2702 828 2880 2726 853 2874 2720 846 2869 2715 841 2881 2727 852 2874 2720 846 2880 2726 853 2882 2728 854 2881 2727 852 2880 2726 853 2879 2725 851 2883 2729 855 2856 2702 828 2856 2702 828 2883 2729 855 2854 2700 826 2883 2729 855 2846 2692 818 2854 2700 826 2884 2730 856 2881 2727 852 2882 2728 854 2884 2730 856 2885 2731 857 2881 2727 852 2886 2732 858 2885 2731 857 2884 2730 856 2887 2733 859 2886 2732 858 2884 2730 856 2887 2733 859 2884 2730 856 2888 2734 860 2884 2730 856 2882 2728 854 2888 2734 860 2889 2735 861 2882 2728 854 2880 2726 853 2888 2734 860 2882 2728 854 2889 2735 861 2890 2736 862 2889 2735 861 2880 2726 853 2890 2736 862 2880 2726 853 2891 2737 863 2891 2737 863 2880 2726 853 2866 2712 838 2891 2737 863 2892 2738 864 2890 2736 862 2890 2736 862 2892 2738 864 2893 2739 865 2894 2740 866 2893 2739 865 2892 2738 864 2893 2739 865 2895 2741 867 2890 2736 862 2895 2741 867 2896 2742 868 2890 2736 862 2896 2742 868 2889 2735 861 2890 2736 862 2895 2741 867 2897 2743 869 2896 2742 868 2896 2742 868 2897 2743 869 2898 2744 870 2898 2744 870 2897 2743 869 2899 2745 871 2896 2742 868 2898 2744 870 2900 2746 872 2889 2735 861 2896 2742 868 2900 2746 872 2901 2747 873 2897 2743 869 2895 2741 867 2895 2741 867 2902 2748 874 2901 2747 873 2893 2739 865 2902 2748 874 2895 2741 867 2901 2747 873 2902 2748 874 2903 2749 875 2902 2748 874 2904 2750 876 2903 2749 875 2904 2750 876 2898 2744 870 2899 2745 871 2905 2751 877 2904 2750 876 2902 2748 874 2905 2751 877 2898 2744 870 2904 2750 876 2906 2752 878 2905 2751 877 2902 2748 874 2893 2739 865 2906 2752 878 2902 2748 874 2907 2753 879 2905 2751 877 2906 2752 878 2907 2753 879 2908 2754 881 2905 2751 877 2905 2751 877 2908 2754 881 2909 2755 880 2908 2754 881 2910 2756 883 2909 2755 880 2909 2755 880 2910 2756 883 2911 2757 882 2909 2755 880 2912 2758 884 2905 2751 877 2912 2758 884 2898 2744 870 2905 2751 877 2911 2757 882 2913 2759 885 2909 2755 880 2909 2755 880 2913 2759 885 2914 2760 886 2909 2755 880 2914 2760 886 2915 2761 887 2909 2755 880 2915 2761 887 2912 2758 884 2915 2761 887 2898 2744 870 2912 2758 884 2898 2744 870 2915 2761 887 2916 2762 888 2898 2744 870 2916 2762 888 2900 2746 872 2916 2762 888 2917 2763 889 2900 2746 872 2889 2735 861 2900 2746 872 2917 2763 889 2889 2735 861 2917 2763 889 2918 2764 890 2911 2757 882 2919 2765 891 2913 2759 885 2920 2766 892 2919 2765 891 2911 2757 882 2910 2756 883 2921 2767 893 2911 2757 882 2911 2757 882 2921 2767 893 2920 2766 892 2888 2734 860 2889 2735 861 2918 2764 890 2918 2764 890 2887 2733 859 2888 2734 860 2891 2737 863 2923 2769 895 2922 2768 894 2922 2768 894 2923 2769 895 2924 2770 896 2923 2769 895 2852 2698 824 2924 2770 896 2924 2770 896 2852 2698 824 2853 2699 825 2922 2768 894 2892 2738 864 2891 2737 863 2864 2710 836 2852 2698 824 2923 2769 895 2923 2769 895 2866 2712 838 2864 2710 836 2891 2737 863 2866 2712 838 2923 2769 895 2880 2726 853 2869 2715 841 2866 2712 838 2925 2773 899 2927 2772 897 2926 2771 898 2925 2773 899 2926 2771 898 2906 2752 878 2894 2740 866 2927 2772 897 2925 2773 899 2894 2740 866 2925 2773 899 2893 2739 865 2925 2773 899 2906 2752 878 2893 2739 865 2928 2776 815 2930 2775 813 2929 2774 814 2928 2776 815 2929 2774 814 2931 2777 816 2931 2777 816 2929 2774 814 2932 2778 817 2933 2779 818 2930 2775 813 2928 2776 815 2929 2774 814 2934 2780 819 2932 2778 817 2929 2774 814 2935 2781 820 2934 2780 819 2934 2780 819 2935 2781 820 2936 2782 821 2934 2780 819 2936 2782 821 2937 2783 822 2934 2780 819 2937 2783 822 2938 2784 823 2934 2780 819 2938 2784 823 2932 2778 817 2938 2784 823 2937 2783 822 2939 2785 824 2939 2785 824 2937 2783 822 2940 2786 825 2941 2787 826 2928 2776 815 2931 2777 816 2933 2779 818 2928 2776 815 2941 2787 826 2931 2777 816 2942 2788 827 2941 2787 826 2941 2787 826 2942 2788 827 2943 2789 828 2931 2777 816 2944 2790 829 2942 2788 827 2931 2777 816 2945 2791 830 2944 2790 829 2945 2791 830 2938 2784 823 2939 2785 824 2932 2778 817 2945 2791 830 2931 2777 816 2938 2784 823 2945 2791 830 2932 2778 817 2944 2790 829 2945 2791 830 2946 2792 831 2947 2793 832 2946 2792 831 2945 2791 830 2947 2793 832 2945 2791 830 2939 2785 824 2948 2794 833 2946 2792 831 2947 2793 832 2942 2788 827 2944 2790 829 2949 2795 834 2948 2794 833 2947 2793 832 2950 2796 835 2950 2796 835 2947 2793 832 2951 2797 836 2947 2793 832 2939 2785 824 2951 2797 836 2951 2797 836 2952 2798 837 2950 2796 835 2953 2799 838 2952 2798 837 2951 2797 836 2953 2799 838 2954 2800 839 2952 2798 837 2954 2800 839 2955 2801 840 2952 2798 837 2953 2799 838 2956 2802 841 2954 2800 839 2957 2803 842 2942 2788 827 2949 2795 834 2958 2804 843 2942 2788 827 2957 2803 842 2954 2800 839 2958 2804 843 2955 2801 840 2955 2801 840 2958 2804 843 2957 2803 842 2956 2802 841 2959 2805 844 2954 2800 839 2954 2800 839 2959 2805 844 2958 2804 843 2958 2804 843 2959 2805 844 2943 2789 828 2958 2804 843 2943 2789 828 2942 2788 827 2960 2806 845 2959 2805 844 2956 2802 841 2961 2807 846 2960 2806 845 2956 2802 841 2961 2807 846 2962 2808 847 2960 2806 845 2962 2808 847 2963 2809 848 2960 2806 845 2960 2806 845 2963 2809 848 2964 2810 849 2960 2806 845 2964 2810 849 2959 2805 844 2963 2809 848 2965 2811 850 2964 2810 849 2964 2810 849 2965 2811 850 2966 2812 851 2964 2810 849 2966 2812 851 2959 2805 844 2959 2805 844 2966 2812 851 2943 2789 828 2956 2802 841 2967 2813 852 2961 2807 846 2968 2814 853 2967 2813 852 2956 2802 841 2969 2815 854 2967 2813 852 2968 2814 853 2966 2812 851 2970 2816 855 2943 2789 828 2943 2789 828 2970 2816 855 2941 2787 826 2970 2816 855 2933 2779 818 2941 2787 826 2971 2817 856 2967 2813 852 2969 2815 854 2971 2817 856 2972 2818 857 2967 2813 852 2973 2819 858 2972 2818 857 2971 2817 856 2974 2820 859 2973 2819 858 2971 2817 856 2974 2820 859 2971 2817 856 2975 2821 860 2971 2817 856 2969 2815 854 2975 2821 860 2976 2822 861 2969 2815 854 2968 2814 853 2975 2821 860 2969 2815 854 2976 2822 861 2977 2823 862 2976 2822 861 2968 2814 853 2977 2823 862 2968 2814 853 2978 2824 863 2978 2824 863 2968 2814 853 2953 2799 838 2978 2824 863 2979 2825 864 2977 2823 862 2977 2823 862 2979 2825 864 2980 2826 865 2981 2827 866 2980 2826 865 2979 2825 864 2980 2826 865 2982 2828 867 2977 2823 862 2982 2828 867 2983 2829 868 2977 2823 862 2983 2829 868 2976 2822 861 2977 2823 862 2982 2828 867 2984 2830 869 2983 2829 868 2983 2829 868 2984 2830 869 2985 2831 870 2985 2831 870 2984 2830 869 2986 2832 871 2983 2829 868 2985 2831 870 2987 2833 872 2976 2822 861 2983 2829 868 2987 2833 872 2988 2834 873 2984 2830 869 2982 2828 867 2982 2828 867 2989 2835 874 2988 2834 873 2980 2826 865 2989 2835 874 2982 2828 867 2988 2834 873 2989 2835 874 2990 2836 875 2989 2835 874 2991 2837 876 2990 2836 875 2991 2837 876 2985 2831 870 2986 2832 871 2992 2838 877 2991 2837 876 2989 2835 874 2992 2838 877 2985 2831 870 2991 2837 876 2993 2839 878 2992 2838 877 2989 2835 874 2980 2826 865 2993 2839 878 2989 2835 874 2994 2840 879 2992 2838 877 2993 2839 878 2994 2840 879 2995 2841 880 2992 2838 877 2996 2842 881 2995 2841 880 2994 2840 879 2996 2842 881 2997 2843 882 2995 2841 880 2998 2844 883 2997 2843 882 2996 2842 881 2995 2841 880 2999 2845 884 2992 2838 877 2999 2845 884 2985 2831 870 2992 2838 877 2997 2843 882 3000 2846 885 2995 2841 880 2995 2841 880 3000 2846 885 3001 2847 886 2995 2841 880 3001 2847 886 3002 2848 887 2995 2841 880 3002 2848 887 2999 2845 884 3002 2848 887 2985 2831 870 2999 2845 884 2985 2831 870 3002 2848 887 3003 2849 888 2985 2831 870 3003 2849 888 2987 2833 872 3003 2849 888 3004 2850 889 2987 2833 872 2976 2822 861 2987 2833 872 3004 2850 889 2976 2822 861 3004 2850 889 3005 2851 890 2997 2843 882 3006 2852 891 3000 2846 885 3007 2853 892 3006 2852 891 2997 2843 882 2998 2844 883 3007 2853 892 2997 2843 882 3008 2854 893 3007 2853 892 2998 2844 883 2975 2821 860 2976 2822 861 3005 2851 890 3005 2851 890 2974 2820 859 2975 2821 860 2978 2824 863 3010 2856 895 3009 2855 894 3009 2855 894 3010 2856 895 3011 2857 896 3010 2856 895 2939 2785 824 3011 2857 896 3011 2857 896 2939 2785 824 2940 2786 825 3009 2855 894 2979 2825 864 2978 2824 863 2951 2797 836 2939 2785 824 3010 2856 895 3010 2856 895 2953 2799 838 2951 2797 836 2978 2824 863 2953 2799 838 3010 2856 895 2968 2814 853 2956 2802 841 2953 2799 838 3012 2860 899 3014 2859 897 3013 2858 898 3012 2860 899 3013 2858 898 2993 2839 878 2981 2827 866 3014 2859 897 3012 2860 899 2981 2827 866 3012 2860 899 2980 2826 865 3012 2860 899 2993 2839 878 2980 2826 865 3015 2863 815 3017 2862 814 3016 2861 813 3015 2863 815 3018 2864 816 3017 2862 814 3017 2862 814 3018 2864 816 3019 2865 817 3020 2866 818 3015 2863 815 3016 2861 813 3017 2862 814 3019 2865 817 3021 2867 819 3017 2862 814 3021 2867 819 3022 2868 820 3021 2867 819 3023 2869 821 3022 2868 820 3021 2867 819 3024 2870 822 3023 2869 821 3021 2867 819 3025 2871 823 3024 2870 822 3021 2867 819 3019 2865 817 3025 2871 823 3026 2872 824 3024 2870 822 3025 2871 823 3027 2873 825 3024 2870 822 3026 2872 824 3028 2874 826 3018 2864 816 3015 2863 815 3020 2866 818 3028 2874 826 3015 2863 815 3028 2874 826 3029 2875 827 3018 2864 816 3030 2876 828 3029 2875 827 3028 2874 826 3029 2875 827 3031 2877 829 3018 2864 816 3018 2864 816 3031 2877 829 3032 2878 830 3032 2878 830 3026 2872 824 3025 2871 823 3019 2865 817 3018 2864 816 3032 2878 830 3025 2871 823 3019 2865 817 3032 2878 830 3032 2878 830 3031 2877 829 3033 2879 831 3033 2879 831 3034 2880 832 3032 2878 830 3034 2880 832 3026 2872 824 3032 2878 830 3035 2881 833 3034 2880 832 3033 2879 831 3036 2882 834 3031 2877 829 3029 2875 827 3037 2883 835 3034 2880 832 3035 2881 833 3038 2884 836 3034 2880 832 3037 2883 835 3038 2884 836 3026 2872 824 3034 2880 832 3039 2885 837 3038 2884 836 3037 2883 835 3040 2886 838 3038 2884 836 3039 2885 837 3040 2886 838 3039 2885 837 3041 2887 839 3041 2887 839 3039 2885 837 3042 2888 840 3040 2886 838 3041 2887 839 3043 2889 841 3029 2875 827 3044 2890 842 3036 2882 834 3045 2891 843 3044 2890 842 3029 2875 827 3041 2887 839 3042 2888 840 3045 2891 843 3045 2891 843 3042 2888 840 3044 2890 842 3043 2889 841 3041 2887 839 3046 2892 844 3046 2892 844 3041 2887 839 3045 2891 843 3045 2891 843 3030 2876 828 3046 2892 844 3045 2891 843 3029 2875 827 3030 2876 828 3047 2893 845 3043 2889 841 3046 2892 844 3048 2894 846 3043 2889 841 3047 2893 845 3048 2894 846 3047 2893 845 3049 2895 847 3049 2895 847 3047 2893 845 3050 2896 848 3050 2896 848 3047 2893 845 3051 2897 849 3047 2893 845 3046 2892 844 3051 2897 849 3050 2896 848 3051 2897 849 3052 2898 850 3051 2897 849 3053 2899 851 3052 2898 850 3051 2897 849 3046 2892 844 3053 2899 851 3046 2892 844 3030 2876 828 3053 2899 851 3054 2900 852 3043 2889 841 3048 2894 846 3055 2901 853 3043 2889 841 3054 2900 852 3056 2902 854 3055 2901 853 3054 2900 852 3053 2899 851 3030 2876 828 3057 2903 855 3057 2903 855 3030 2876 828 3028 2874 826 3057 2903 855 3028 2874 826 3020 2866 818 3058 2904 856 3056 2902 854 3054 2900 852 3058 2904 856 3054 2900 852 3059 2905 857 3060 2906 858 3058 2904 856 3059 2905 857 3061 2907 859 3058 2904 856 3060 2906 858 3061 2907 859 3062 2908 860 3058 2904 856 3058 2904 856 3062 2908 860 3056 2902 854 3063 2909 861 3055 2901 853 3056 2902 854 3062 2908 860 3063 2909 861 3056 2902 854 3064 2910 862 3055 2901 853 3063 2909 861 3064 2910 862 3065 2911 863 3055 2901 853 3065 2911 863 3040 2886 838 3055 2901 853 3066 2912 864 3065 2911 863 3064 2910 862 3064 2910 862 3067 2913 865 3066 2912 864 3068 2914 866 3066 2912 864 3067 2913 865 3067 2913 865 3064 2910 862 3069 2915 867 3069 2915 867 3064 2910 862 3070 2916 868 3070 2916 868 3064 2910 862 3063 2909 861 3070 2916 868 3071 2917 869 3069 2915 867 3070 2916 868 3072 2918 870 3071 2917 869 3071 2917 869 3072 2918 870 3073 2919 871 3070 2916 868 3074 2920 872 3072 2918 870 3063 2909 861 3074 2920 872 3070 2916 868 3069 2915 867 3071 2917 869 3075 2921 873 3069 2915 867 3075 2921 873 3076 2922 874 3067 2913 865 3069 2915 867 3076 2922 874 3076 2922 874 3075 2921 873 3077 2923 875 3077 2923 875 3078 2924 876 3076 2922 874 3072 2918 870 3078 2924 876 3073 2919 871 3076 2922 874 3078 2924 876 3079 2925 877 3079 2925 877 3078 2924 876 3072 2918 870 3076 2922 874 3079 2925 877 3080 2926 878 3067 2913 865 3076 2922 874 3080 2926 878 3080 2926 878 3079 2925 877 3081 2927 879 3079 2925 877 3082 2928 880 3081 2927 879 3081 2927 879 3082 2928 880 3083 2929 881 3082 2928 880 3084 2930 882 3083 2929 881 3083 2929 881 3084 2930 882 3085 2931 883 3082 2928 880 3079 2925 877 3086 2932 884 3086 2932 884 3079 2925 877 3072 2918 870 3084 2930 882 3082 2928 880 3087 2933 885 3087 2933 885 3082 2928 880 3088 2934 886 3082 2928 880 3089 2935 887 3088 2934 886 3082 2928 880 3086 2932 884 3089 2935 887 3089 2935 887 3086 2932 884 3072 2918 870 3072 2918 870 3090 2936 888 3089 2935 887 3072 2918 870 3074 2920 872 3090 2936 888 3090 2936 888 3074 2920 872 3091 2937 889 3063 2909 861 3091 2937 889 3074 2920 872 3063 2909 861 3092 2938 890 3091 2937 889 3093 2939 891 3084 2930 882 3087 2933 885 3094 2940 892 3084 2930 882 3093 2939 891 3084 2930 882 3094 2940 892 3085 2931 883 3085 2931 883 3094 2940 892 3095 2941 893 3062 2908 860 3092 2938 890 3063 2909 861 3092 2938 890 3062 2908 860 3061 2907 859 3096 2944 896 3098 2943 895 3097 2942 894 3097 2942 894 3098 2943 895 3065 2911 863 3098 2943 895 3096 2944 896 3026 2872 824 3026 2872 824 3096 2944 896 3027 2873 825 3097 2942 894 3065 2911 863 3066 2912 864 3098 2943 895 3026 2872 824 3038 2884 836 3098 2943 895 3038 2884 836 3040 2886 838 3065 2911 863 3098 2943 895 3040 2886 838 3055 2901 853 3040 2886 838 3043 2889 841 3099 2947 899 3101 2946 898 3100 2945 897 3099 2947 899 3080 2926 878 3101 2946 898 3068 2914 866 3099 2947 899 3100 2945 897 3068 2914 866 3067 2913 865 3099 2947 899 3099 2947 899 3067 2913 865 3080 2926 878 3102 2950 815 3104 2949 813 3103 2948 814 3102 2950 815 3103 2948 814 3105 2951 816 3105 2951 816 3103 2948 814 3106 2952 817 3107 2953 818 3104 2949 813 3102 2950 815 3103 2948 814 3108 2954 819 3106 2952 817 3103 2948 814 3109 2955 820 3108 2954 819 3108 2954 819 3109 2955 820 3110 2956 821 3108 2954 819 3110 2956 821 3111 2957 822 3108 2954 819 3111 2957 822 3112 2958 823 3108 2954 819 3112 2958 823 3106 2952 817 3112 2958 823 3111 2957 822 3113 2959 824 3113 2959 824 3111 2957 822 3114 2960 825 3115 2961 826 3102 2950 815 3105 2951 816 3107 2953 818 3102 2950 815 3115 2961 826 3105 2951 816 3116 2962 827 3115 2961 826 3115 2961 826 3116 2962 827 3117 2963 828 3105 2951 816 3118 2964 829 3116 2962 827 3105 2951 816 3119 2965 830 3118 2964 829 3119 2965 830 3112 2958 823 3113 2959 824 3106 2952 817 3119 2965 830 3105 2951 816 3112 2958 823 3119 2965 830 3106 2952 817 3118 2964 829 3119 2965 830 3120 2966 831 3121 2967 832 3120 2966 831 3119 2965 830 3121 2967 832 3119 2965 830 3113 2959 824 3122 2968 833 3120 2966 831 3121 2967 832 3116 2962 827 3118 2964 829 3123 2969 834 3122 2968 833 3121 2967 832 3124 2970 835 3124 2970 835 3121 2967 832 3125 2971 836 3121 2967 832 3113 2959 824 3125 2971 836 3125 2971 836 3126 2972 837 3124 2970 835 3127 2973 838 3126 2972 837 3125 2971 836 3127 2973 838 3128 2974 839 3126 2972 837 3128 2974 839 3129 2975 840 3126 2972 837 3127 2973 838 3130 2976 841 3128 2974 839 3131 2977 842 3116 2962 827 3123 2969 834 3132 2978 843 3116 2962 827 3131 2977 842 3128 2974 839 3132 2978 843 3129 2975 840 3129 2975 840 3132 2978 843 3131 2977 842 3130 2976 841 3133 2979 844 3128 2974 839 3128 2974 839 3133 2979 844 3132 2978 843 3132 2978 843 3133 2979 844 3117 2963 828 3132 2978 843 3117 2963 828 3116 2962 827 3134 2980 845 3133 2979 844 3130 2976 841 3135 2981 846 3134 2980 845 3130 2976 841 3135 2981 846 3136 2982 847 3134 2980 845 3136 2982 847 3137 2983 848 3134 2980 845 3134 2980 845 3137 2983 848 3138 2984 849 3134 2980 845 3138 2984 849 3133 2979 844 3137 2983 848 3139 2985 850 3138 2984 849 3138 2984 849 3139 2985 850 3140 2986 851 3138 2984 849 3140 2986 851 3133 2979 844 3133 2979 844 3140 2986 851 3117 2963 828 3141 2987 853 3135 2981 846 3130 2976 841 3142 2988 852 3135 2981 846 3141 2987 853 3143 2989 854 3142 2988 852 3141 2987 853 3140 2986 851 3144 2990 855 3117 2963 828 3117 2963 828 3144 2990 855 3115 2961 826 3144 2990 855 3107 2953 818 3115 2961 826 3145 2991 856 3142 2988 852 3143 2989 854 3145 2991 856 3146 2992 857 3142 2988 852 3147 2993 858 3146 2992 857 3145 2991 856 3148 2994 859 3147 2993 858 3145 2991 856 3148 2994 859 3145 2991 856 3149 2995 860 3145 2991 856 3143 2989 854 3149 2995 860 3150 2996 861 3143 2989 854 3141 2987 853 3149 2995 860 3143 2989 854 3150 2996 861 3151 2997 862 3150 2996 861 3141 2987 853 3151 2997 862 3141 2987 853 3152 2998 863 3152 2998 863 3141 2987 853 3127 2973 838 3152 2998 863 3153 2999 864 3151 2997 862 3151 2997 862 3153 2999 864 3154 3000 865 3155 3001 866 3154 3000 865 3153 2999 864 3154 3000 865 3156 3002 867 3151 2997 862 3156 3002 867 3157 3003 868 3151 2997 862 3157 3003 868 3150 2996 861 3151 2997 862 3156 3002 867 3158 3004 869 3157 3003 868 3157 3003 868 3158 3004 869 3159 3005 870 3159 3005 870 3158 3004 869 3160 3006 871 3157 3003 868 3159 3005 870 3161 3007 872 3150 2996 861 3157 3003 868 3161 3007 872 3162 3008 873 3158 3004 869 3156 3002 867 3156 3002 867 3163 3009 874 3162 3008 873 3154 3000 865 3163 3009 874 3156 3002 867 3162 3008 873 3163 3009 874 3164 3010 875 3163 3009 874 3165 3011 876 3164 3010 875 3165 3011 876 3159 3005 870 3160 3006 871 3166 3012 877 3165 3011 876 3163 3009 874 3166 3012 877 3159 3005 870 3165 3011 876 3167 3013 878 3166 3012 877 3163 3009 874 3154 3000 865 3167 3013 878 3163 3009 874 3168 3014 879 3166 3012 877 3167 3013 878 3168 3014 879 3169 3015 881 3166 3012 877 3166 3012 877 3169 3015 881 3170 3016 880 3169 3015 881 3171 3017 883 3170 3016 880 3170 3016 880 3171 3017 883 3172 3018 882 3170 3016 880 3173 3019 884 3166 3012 877 3173 3019 884 3159 3005 870 3166 3012 877 3172 3018 882 3174 3020 885 3170 3016 880 3170 3016 880 3174 3020 885 3175 3021 886 3170 3016 880 3175 3021 886 3176 3022 887 3170 3016 880 3176 3022 887 3173 3019 884 3176 3022 887 3159 3005 870 3173 3019 884 3159 3005 870 3176 3022 887 3177 3023 888 3159 3005 870 3177 3023 888 3161 3007 872 3177 3023 888 3178 3024 889 3161 3007 872 3150 2996 861 3161 3007 872 3178 3024 889 3150 2996 861 3178 3024 889 3179 3025 890 3172 3018 882 3180 3026 891 3174 3020 885 3181 3027 892 3180 3026 891 3172 3018 882 3171 3017 883 3181 3027 892 3172 3018 882 3182 3028 893 3181 3027 892 3171 3017 883 3149 2995 860 3150 2996 861 3179 3025 890 3179 3025 890 3148 2994 859 3149 2995 860 3152 2998 863 3184 3030 895 3183 3029 894 3183 3029 894 3184 3030 895 3185 3031 896 3184 3030 895 3113 2959 824 3185 3031 896 3185 3031 896 3113 2959 824 3114 2960 825 3183 3029 894 3153 2999 864 3152 2998 863 3125 2971 836 3113 2959 824 3184 3030 895 3184 3030 895 3127 2973 838 3125 2971 836 3152 2998 863 3127 2973 838 3184 3030 895 3141 2987 853 3130 2976 841 3127 2973 838 3186 3034 899 3188 3033 897 3187 3032 898 3186 3034 899 3187 3032 898 3167 3013 878 3155 3001 866 3188 3033 897 3186 3034 899 3155 3001 866 3186 3034 899 3154 3000 865 3186 3034 899 3167 3013 878 3154 3000 865 3189 3037 815 3191 3036 814 3190 3035 813 3189 3037 815 3192 3038 816 3191 3036 814 3191 3036 814 3192 3038 816 3193 3039 817 3194 3040 818 3189 3037 815 3190 3035 813 3191 3036 814 3193 3039 817 3195 3041 819 3191 3036 814 3195 3041 819 3196 3042 820 3195 3041 819 3197 3043 821 3196 3042 820 3195 3041 819 3198 3044 822 3197 3043 821 3195 3041 819 3199 3045 823 3198 3044 822 3195 3041 819 3193 3039 817 3199 3045 823 3200 3046 824 3198 3044 822 3199 3045 823 3201 3047 825 3198 3044 822 3200 3046 824 3202 3048 826 3192 3038 816 3189 3037 815 3194 3040 818 3202 3048 826 3189 3037 815 3202 3048 826 3203 3049 827 3192 3038 816 3204 3050 828 3203 3049 827 3202 3048 826 3203 3049 827 3205 3051 829 3192 3038 816 3192 3038 816 3205 3051 829 3206 3052 830 3206 3052 830 3200 3046 824 3199 3045 823 3193 3039 817 3192 3038 816 3206 3052 830 3199 3045 823 3193 3039 817 3206 3052 830 3206 3052 830 3205 3051 829 3207 3053 831 3207 3053 831 3208 3054 832 3206 3052 830 3208 3054 832 3200 3046 824 3206 3052 830 3209 3055 833 3208 3054 832 3207 3053 831 3210 3056 834 3205 3051 829 3203 3049 827 3211 3057 835 3208 3054 832 3209 3055 833 3212 3058 836 3208 3054 832 3211 3057 835 3212 3058 836 3200 3046 824 3208 3054 832 3213 3059 837 3212 3058 836 3211 3057 835 3214 3060 838 3212 3058 836 3213 3059 837 3214 3060 838 3213 3059 837 3215 3061 839 3215 3061 839 3213 3059 837 3216 3062 840 3214 3060 838 3215 3061 839 3217 3063 841 3203 3049 827 3218 3064 842 3210 3056 834 3219 3065 843 3218 3064 842 3203 3049 827 3215 3061 839 3216 3062 840 3219 3065 843 3219 3065 843 3216 3062 840 3218 3064 842 3217 3063 841 3215 3061 839 3220 3066 844 3220 3066 844 3215 3061 839 3219 3065 843 3219 3065 843 3204 3050 828 3220 3066 844 3219 3065 843 3203 3049 827 3204 3050 828 3221 3067 845 3217 3063 841 3220 3066 844 3222 3068 846 3217 3063 841 3221 3067 845 3222 3068 846 3221 3067 845 3223 3069 847 3223 3069 847 3221 3067 845 3224 3070 848 3224 3070 848 3221 3067 845 3225 3071 849 3221 3067 845 3220 3066 844 3225 3071 849 3224 3070 848 3225 3071 849 3226 3072 850 3225 3071 849 3227 3073 851 3226 3072 850 3225 3071 849 3220 3066 844 3227 3073 851 3220 3066 844 3204 3050 828 3227 3073 851 3217 3063 841 3222 3068 846 3228 3074 853 3228 3074 853 3222 3068 846 3229 3075 852 3230 3076 854 3228 3074 853 3229 3075 852 3227 3073 851 3204 3050 828 3231 3077 855 3231 3077 855 3204 3050 828 3202 3048 826 3231 3077 855 3202 3048 826 3194 3040 818 3232 3078 856 3230 3076 854 3229 3075 852 3232 3078 856 3229 3075 852 3233 3079 857 3234 3080 858 3232 3078 856 3233 3079 857 3235 3081 859 3232 3078 856 3234 3080 858 3235 3081 859 3236 3082 860 3232 3078 856 3232 3078 856 3236 3082 860 3230 3076 854 3237 3083 861 3228 3074 853 3230 3076 854 3236 3082 860 3237 3083 861 3230 3076 854 3238 3084 862 3228 3074 853 3237 3083 861 3238 3084 862 3239 3085 863 3228 3074 853 3239 3085 863 3214 3060 838 3228 3074 853 3240 3086 864 3239 3085 863 3238 3084 862 3238 3084 862 3241 3087 865 3240 3086 864 3242 3088 866 3240 3086 864 3241 3087 865 3241 3087 865 3238 3084 862 3243 3089 867 3243 3089 867 3238 3084 862 3244 3090 868 3244 3090 868 3238 3084 862 3237 3083 861 3244 3090 868 3245 3091 869 3243 3089 867 3244 3090 868 3246 3092 870 3245 3091 869 3245 3091 869 3246 3092 870 3247 3093 871 3244 3090 868 3248 3094 872 3246 3092 870 3237 3083 861 3248 3094 872 3244 3090 868 3243 3089 867 3245 3091 869 3249 3095 873 3243 3089 867 3249 3095 873 3250 3096 874 3241 3087 865 3243 3089 867 3250 3096 874 3250 3096 874 3249 3095 873 3251 3097 875 3251 3097 875 3252 3098 876 3250 3096 874 3246 3092 870 3252 3098 876 3247 3093 871 3250 3096 874 3252 3098 876 3253 3099 877 3253 3099 877 3252 3098 876 3246 3092 870 3250 3096 874 3253 3099 877 3254 3100 878 3241 3087 865 3250 3096 874 3254 3100 878 3254 3100 878 3253 3099 877 3255 3101 879 3255 3101 879 3253 3099 877 3256 3102 881 3256 3102 881 3253 3099 877 3257 3103 880 3256 3102 881 3257 3103 880 3258 3104 883 3258 3104 883 3257 3103 880 3259 3105 882 3257 3103 880 3253 3099 877 3260 3106 884 3260 3106 884 3253 3099 877 3246 3092 870 3259 3105 882 3257 3103 880 3261 3107 885 3261 3107 885 3257 3103 880 3262 3108 886 3257 3103 880 3263 3109 887 3262 3108 886 3257 3103 880 3260 3106 884 3263 3109 887 3263 3109 887 3260 3106 884 3246 3092 870 3246 3092 870 3264 3110 888 3263 3109 887 3246 3092 870 3248 3094 872 3264 3110 888 3264 3110 888 3248 3094 872 3265 3111 889 3237 3083 861 3265 3111 889 3248 3094 872 3237 3083 861 3266 3112 890 3265 3111 889 3267 3113 891 3259 3105 882 3261 3107 885 3268 3114 892 3259 3105 882 3267 3113 891 3259 3105 882 3268 3114 892 3258 3104 883 3258 3104 883 3268 3114 892 3269 3115 893 3236 3082 860 3266 3112 890 3237 3083 861 3266 3112 890 3236 3082 860 3235 3081 859 3270 3118 896 3272 3117 895 3271 3116 894 3271 3116 894 3272 3117 895 3239 3085 863 3272 3117 895 3270 3118 896 3200 3046 824 3200 3046 824 3270 3118 896 3201 3047 825 3271 3116 894 3239 3085 863 3240 3086 864 3272 3117 895 3200 3046 824 3212 3058 836 3272 3117 895 3212 3058 836 3214 3060 838 3239 3085 863 3272 3117 895 3214 3060 838 3228 3074 853 3214 3060 838 3217 3063 841 3273 3121 899 3275 3120 898 3274 3119 897 3273 3121 899 3254 3100 878 3275 3120 898 3242 3088 866 3273 3121 899 3274 3119 897 3242 3088 866 3241 3087 865 3273 3121 899 3273 3121 899 3241 3087 865 3254 3100 878 3276 3124 815 3278 3123 813 3277 3122 814 3276 3124 815 3277 3122 814 3279 3125 816 3279 3125 816 3277 3122 814 3280 3126 817 3281 3127 818 3278 3123 813 3276 3124 815 3277 3122 814 3282 3128 819 3280 3126 817 3277 3122 814 3283 3129 820 3282 3128 819 3282 3128 819 3283 3129 820 3284 3130 821 3282 3128 819 3284 3130 821 3285 3131 822 3282 3128 819 3285 3131 822 3286 3132 823 3282 3128 819 3286 3132 823 3280 3126 817 3286 3132 823 3285 3131 822 3287 3133 824 3287 3133 824 3285 3131 822 3288 3134 825 3289 3135 826 3276 3124 815 3279 3125 816 3281 3127 818 3276 3124 815 3289 3135 826 3279 3125 816 3290 3136 827 3289 3135 826 3289 3135 826 3290 3136 827 3291 3137 828 3279 3125 816 3292 3138 829 3290 3136 827 3279 3125 816 3293 3139 830 3292 3138 829 3293 3139 830 3286 3132 823 3287 3133 824 3280 3126 817 3293 3139 830 3279 3125 816 3286 3132 823 3293 3139 830 3280 3126 817 3292 3138 829 3293 3139 830 3294 3140 831 3295 3141 832 3294 3140 831 3293 3139 830 3295 3141 832 3293 3139 830 3287 3133 824 3296 3142 833 3294 3140 831 3295 3141 832 3290 3136 827 3292 3138 829 3297 3143 834 3296 3142 833 3295 3141 832 3298 3144 835 3298 3144 835 3295 3141 832 3299 3145 836 3295 3141 832 3287 3133 824 3299 3145 836 3299 3145 836 3300 3146 837 3298 3144 835 3301 3147 838 3300 3146 837 3299 3145 836 3301 3147 838 3302 3148 839 3300 3146 837 3302 3148 839 3303 3149 840 3300 3146 837 3301 3147 838 3304 3150 841 3302 3148 839 3305 3151 842 3290 3136 827 3297 3143 834 3306 3152 843 3290 3136 827 3305 3151 842 3302 3148 839 3306 3152 843 3303 3149 840 3303 3149 840 3306 3152 843 3305 3151 842 3304 3150 841 3307 3153 844 3302 3148 839 3302 3148 839 3307 3153 844 3306 3152 843 3306 3152 843 3307 3153 844 3291 3137 828 3306 3152 843 3291 3137 828 3290 3136 827 3308 3154 845 3307 3153 844 3304 3150 841 3309 3155 846 3308 3154 845 3304 3150 841 3309 3155 846 3310 3156 847 3308 3154 845 3310 3156 847 3311 3157 848 3308 3154 845 3308 3154 845 3311 3157 848 3312 3158 849 3308 3154 845 3312 3158 849 3307 3153 844 3311 3157 848 3313 3159 850 3312 3158 849 3312 3158 849 3313 3159 850 3314 3160 851 3312 3158 849 3314 3160 851 3307 3153 844 3307 3153 844 3314 3160 851 3291 3137 828 3315 3161 853 3309 3155 846 3304 3150 841 3316 3162 852 3309 3155 846 3315 3161 853 3317 3163 854 3316 3162 852 3315 3161 853 3314 3160 851 3318 3164 855 3291 3137 828 3291 3137 828 3318 3164 855 3289 3135 826 3318 3164 855 3281 3127 818 3289 3135 826 3319 3165 856 3316 3162 852 3317 3163 854 3319 3165 856 3320 3166 857 3316 3162 852 3321 3167 858 3320 3166 857 3319 3165 856 3322 3168 859 3321 3167 858 3319 3165 856 3322 3168 859 3319 3165 856 3323 3169 860 3319 3165 856 3317 3163 854 3323 3169 860 3324 3170 861 3317 3163 854 3315 3161 853 3323 3169 860 3317 3163 854 3324 3170 861 3325 3171 862 3324 3170 861 3315 3161 853 3325 3171 862 3315 3161 853 3326 3172 863 3326 3172 863 3315 3161 853 3301 3147 838 3326 3172 863 3327 3173 864 3325 3171 862 3325 3171 862 3327 3173 864 3328 3174 865 3329 3175 866 3328 3174 865 3327 3173 864 3328 3174 865 3330 3176 867 3325 3171 862 3330 3176 867 3331 3177 868 3325 3171 862 3331 3177 868 3324 3170 861 3325 3171 862 3330 3176 867 3332 3178 869 3331 3177 868 3331 3177 868 3332 3178 869 3333 3179 870 3333 3179 870 3332 3178 869 3334 3180 871 3331 3177 868 3333 3179 870 3335 3181 872 3324 3170 861 3331 3177 868 3335 3181 872 3336 3182 873 3332 3178 869 3330 3176 867 3330 3176 867 3337 3183 874 3336 3182 873 3328 3174 865 3337 3183 874 3330 3176 867 3336 3182 873 3337 3183 874 3338 3184 875 3337 3183 874 3339 3185 876 3338 3184 875 3339 3185 876 3333 3179 870 3334 3180 871 3340 3186 877 3339 3185 876 3337 3183 874 3340 3186 877 3333 3179 870 3339 3185 876 3341 3187 878 3340 3186 877 3337 3183 874 3328 3174 865 3341 3187 878 3337 3183 874 3342 3188 879 3340 3186 877 3341 3187 878 3342 3188 879 3343 3189 881 3340 3186 877 3340 3186 877 3343 3189 881 3344 3190 880 3343 3189 881 3345 3191 883 3344 3190 880 3344 3190 880 3345 3191 883 3346 3192 882 3344 3190 880 3347 3193 884 3340 3186 877 3347 3193 884 3333 3179 870 3340 3186 877 3346 3192 882 3348 3194 885 3344 3190 880 3344 3190 880 3348 3194 885 3349 3195 886 3344 3190 880 3349 3195 886 3350 3196 887 3344 3190 880 3350 3196 887 3347 3193 884 3350 3196 887 3333 3179 870 3347 3193 884 3333 3179 870 3350 3196 887 3351 3197 888 3333 3179 870 3351 3197 888 3335 3181 872 3351 3197 888 3352 3198 889 3335 3181 872 3324 3170 861 3335 3181 872 3352 3198 889 3324 3170 861 3352 3198 889 3353 3199 890 3346 3192 882 3354 3200 891 3348 3194 885 3355 3201 892 3354 3200 891 3346 3192 882 3345 3191 883 3356 3202 893 3346 3192 882 3346 3192 882 3356 3202 893 3355 3201 892 3323 3169 860 3324 3170 861 3353 3199 890 3353 3199 890 3322 3168 859 3323 3169 860 3326 3172 863 3358 3204 895 3357 3203 894 3357 3203 894 3358 3204 895 3359 3205 896 3358 3204 895 3287 3133 824 3359 3205 896 3359 3205 896 3287 3133 824 3288 3134 825 3357 3203 894 3327 3173 864 3326 3172 863 3299 3145 836 3287 3133 824 3358 3204 895 3358 3204 895 3301 3147 838 3299 3145 836 3326 3172 863 3301 3147 838 3358 3204 895 3315 3161 853 3304 3150 841 3301 3147 838 3360 3208 899 3362 3207 897 3361 3206 898 3360 3208 899 3361 3206 898 3341 3187 878 3329 3175 866 3362 3207 897 3360 3208 899 3329 3175 866 3360 3208 899 3328 3174 865 3360 3208 899 3341 3187 878 3328 3174 865 3363 3211 815 3365 3210 814 3364 3209 813 3363 3211 815 3366 3212 816 3365 3210 814 3365 3210 814 3366 3212 816 3367 3213 817 3368 3214 818 3363 3211 815 3364 3209 813 3365 3210 814 3367 3213 817 3369 3215 819 3365 3210 814 3369 3215 819 3370 3216 820 3369 3215 819 3371 3217 821 3370 3216 820 3369 3215 819 3372 3218 822 3371 3217 821 3369 3215 819 3373 3219 823 3372 3218 822 3369 3215 819 3367 3213 817 3373 3219 823 3374 3220 824 3372 3218 822 3373 3219 823 3375 3221 825 3372 3218 822 3374 3220 824 3376 3222 826 3366 3212 816 3363 3211 815 3368 3214 818 3376 3222 826 3363 3211 815 3376 3222 826 3377 3223 827 3366 3212 816 3378 3224 828 3377 3223 827 3376 3222 826 3377 3223 827 3379 3225 829 3366 3212 816 3366 3212 816 3379 3225 829 3380 3226 830 3380 3226 830 3374 3220 824 3373 3219 823 3367 3213 817 3366 3212 816 3380 3226 830 3373 3219 823 3367 3213 817 3380 3226 830 3380 3226 830 3379 3225 829 3381 3227 831 3381 3227 831 3382 3228 832 3380 3226 830 3382 3228 832 3374 3220 824 3380 3226 830 3383 3229 833 3382 3228 832 3381 3227 831 3384 3230 834 3379 3225 829 3377 3223 827 3385 3231 835 3382 3228 832 3383 3229 833 3386 3232 836 3382 3228 832 3385 3231 835 3386 3232 836 3374 3220 824 3382 3228 832 3387 3233 837 3386 3232 836 3385 3231 835 3388 3234 838 3386 3232 836 3387 3233 837 3388 3234 838 3387 3233 837 3389 3235 839 3389 3235 839 3387 3233 837 3390 3236 840 3388 3234 838 3389 3235 839 3391 3237 841 3377 3223 827 3392 3238 842 3384 3230 834 3393 3239 843 3392 3238 842 3377 3223 827 3389 3235 839 3390 3236 840 3393 3239 843 3393 3239 843 3390 3236 840 3392 3238 842 3391 3237 841 3389 3235 839 3394 3240 844 3394 3240 844 3389 3235 839 3393 3239 843 3393 3239 843 3378 3224 828 3394 3240 844 3393 3239 843 3377 3223 827 3378 3224 828 3395 3241 845 3391 3237 841 3394 3240 844 3396 3242 846 3391 3237 841 3395 3241 845 3396 3242 846 3395 3241 845 3397 3243 847 3397 3243 847 3395 3241 845 3398 3244 848 3398 3244 848 3395 3241 845 3399 3245 849 3395 3241 845 3394 3240 844 3399 3245 849 3398 3244 848 3399 3245 849 3400 3246 850 3399 3245 849 3401 3247 851 3400 3246 850 3399 3245 849 3394 3240 844 3401 3247 851 3394 3240 844 3378 3224 828 3401 3247 851 3391 3237 841 3396 3242 846 3402 3248 853 3402 3248 853 3396 3242 846 3403 3249 852 3404 3250 854 3402 3248 853 3403 3249 852 3401 3247 851 3378 3224 828 3405 3251 855 3405 3251 855 3378 3224 828 3376 3222 826 3405 3251 855 3376 3222 826 3368 3214 818 3406 3252 856 3404 3250 854 3403 3249 852 3406 3252 856 3403 3249 852 3407 3253 857 3408 3254 858 3406 3252 856 3407 3253 857 3409 3255 859 3406 3252 856 3408 3254 858 3409 3255 859 3410 3256 860 3406 3252 856 3406 3252 856 3410 3256 860 3404 3250 854 3411 3257 861 3402 3248 853 3404 3250 854 3410 3256 860 3411 3257 861 3404 3250 854 3412 3258 862 3402 3248 853 3411 3257 861 3412 3258 862 3413 3259 863 3402 3248 853 3413 3259 863 3388 3234 838 3402 3248 853 3414 3260 864 3413 3259 863 3412 3258 862 3412 3258 862 3415 3261 865 3414 3260 864 3416 3262 866 3414 3260 864 3415 3261 865 3415 3261 865 3412 3258 862 3417 3263 867 3417 3263 867 3412 3258 862 3418 3264 868 3418 3264 868 3412 3258 862 3411 3257 861 3418 3264 868 3419 3265 869 3417 3263 867 3418 3264 868 3420 3266 870 3419 3265 869 3419 3265 869 3420 3266 870 3421 3267 871 3418 3264 868 3422 3268 872 3420 3266 870 3411 3257 861 3422 3268 872 3418 3264 868 3417 3263 867 3419 3265 869 3423 3269 873 3417 3263 867 3423 3269 873 3424 3270 874 3415 3261 865 3417 3263 867 3424 3270 874 3424 3270 874 3423 3269 873 3425 3271 875 3425 3271 875 3426 3272 876 3424 3270 874 3420 3266 870 3426 3272 876 3421 3267 871 3424 3270 874 3426 3272 876 3427 3273 877 3427 3273 877 3426 3272 876 3420 3266 870 3424 3270 874 3427 3273 877 3428 3274 878 3415 3261 865 3424 3270 874 3428 3274 878 3428 3274 878 3427 3273 877 3429 3275 879 3429 3275 879 3427 3273 877 3430 3276 881 3430 3276 881 3427 3273 877 3431 3277 880 3430 3276 881 3431 3277 880 3432 3278 883 3432 3278 883 3431 3277 880 3433 3279 882 3431 3277 880 3427 3273 877 3434 3280 884 3434 3280 884 3427 3273 877 3420 3266 870 3433 3279 882 3431 3277 880 3435 3281 885 3435 3281 885 3431 3277 880 3436 3282 886 3431 3277 880 3437 3283 887 3436 3282 886 3431 3277 880 3434 3280 884 3437 3283 887 3437 3283 887 3434 3280 884 3420 3266 870 3420 3266 870 3438 3284 888 3437 3283 887 3420 3266 870 3422 3268 872 3438 3284 888 3438 3284 888 3422 3268 872 3439 3285 889 3411 3257 861 3439 3285 889 3422 3268 872 3411 3257 861 3440 3286 890 3439 3285 889 3441 3287 891 3433 3279 882 3435 3281 885 3442 3288 892 3433 3279 882 3441 3287 891 3432 3278 883 3433 3279 882 3443 3289 893 3443 3289 893 3433 3279 882 3442 3288 892 3410 3256 860 3440 3286 890 3411 3257 861 3440 3286 890 3410 3256 860 3409 3255 859 3444 3292 896 3446 3291 895 3445 3290 894 3445 3290 894 3446 3291 895 3413 3259 863 3446 3291 895 3444 3292 896 3374 3220 824 3374 3220 824 3444 3292 896 3375 3221 825 3445 3290 894 3413 3259 863 3414 3260 864 3446 3291 895 3374 3220 824 3386 3232 836 3446 3291 895 3386 3232 836 3388 3234 838 3413 3259 863 3446 3291 895 3388 3234 838 3402 3248 853 3388 3234 838 3391 3237 841 3447 3295 899 3449 3294 898 3448 3293 897 3447 3295 899 3428 3274 878 3449 3294 898 3416 3262 866 3447 3295 899 3448 3293 897 3416 3262 866 3415 3261 865 3447 3295 899 3447 3295 899 3415 3261 865 3428 3274 878 3450 3298 902 3452 3297 901 3451 3296 900 3451 3296 900 3452 3297 901 3453 3299 903 3454 3300 904 3450 3298 902 3451 3296 900 3454 3300 904 3451 3296 900 3455 3301 905 3454 3300 904 3455 3301 905 3456 3302 906 3453 3299 903 3457 3303 907 3451 3296 900 3457 3303 907 3458 3304 908 3451 3296 900 3458 3304 908 3457 3303 907 3459 3305 909 3458 3304 908 3459 3305 909 3460 3306 910 3461 3307 911 3458 3304 908 3460 3306 910 3458 3304 908 3461 3307 911 3462 3308 912 3462 3308 912 3461 3307 911 3463 3309 913 3464 3310 914 3457 3303 907 3453 3299 903 3465 3311 915 3457 3303 907 3464 3310 914 3466 3312 916 3465 3311 915 3464 3310 914 3467 3313 917 3465 3311 915 3466 3312 916 3466 3312 916 3468 3314 918 3467 3313 917 3467 3313 917 3468 3314 918 3469 3315 919 3468 3314 918 3470 3316 920 3469 3315 919 3469 3315 919 3470 3316 920 3471 3317 921 3472 3320 902 3474 3319 900 3473 3318 922 3475 3321 904 3474 3319 900 3472 3320 902 3475 3321 904 3476 3322 905 3474 3319 900 3475 3321 904 3477 3323 906 3476 3322 905 3473 3318 922 3474 3319 900 3478 3324 903 3478 3324 903 3474 3319 900 3479 3325 923 3480 3326 924 3478 3324 903 3479 3325 923 3479 3325 923 3474 3319 900 3481 3327 908 3479 3325 923 3481 3327 908 3482 3328 925 3481 3327 908 3483 3329 911 3482 3328 925 3481 3327 908 3484 3330 912 3483 3329 911 3484 3330 912 3485 3331 913 3483 3329 911 3486 3332 910 3482 3328 925 3483 3329 911 3480 3326 924 3487 3333 914 3478 3324 903 3480 3326 924 3488 3334 916 3487 3333 914 3489 3335 917 3488 3334 916 3480 3326 924 3489 3335 917 3490 3336 926 3488 3334 916 3491 3337 927 3490 3336 926 3489 3335 917 3490 3336 926 3491 3337 927 3492 3338 920 3492 3338 920 3491 3337 927 3493 3339 921 3494 3341 930 3496 3340 929 3495 3340 928 3495 3340 928 3496 3340 929 3497 3342 931 3498 3345 934 3500 3344 933 3499 3343 932 3499 3343 932 3500 3344 933 3501 3346 935 3501 3346 935 3500 3344 933 3502 3347 936 3502 3347 936 3500 3344 933 3503 3348 937 3504 3351 940 3506 3350 939 3505 3349 938 3505 3349 938 3506 3350 939 3507 3352 941 3506 3350 939 3508 3353 942 3507 3352 941 3507 3352 941 3508 3353 942 3509 3354 943 3510 3355 946 3512 3355 945 3511 3355 944 3511 3355 944 3512 3355 945 3513 3355 947 3514 3358 950 3516 3357 949 3515 3356 948 3515 3356 948 3516 3357 949 3517 3359 951 3516 3357 949 3514 3358 950 3518 3360 952 3518 3360 952 3514 3358 950 3519 3361 953 3518 3360 952 3519 3361 953 3520 3362 947 3520 3362 947 3519 3361 953 3521 3363 944 3515 3356 948 3517 3359 951 3522 3364 954 3522 3364 954 3517 3359 951 3523 3365 955 3524 3368 957 3526 3367 956 3525 3366 942 3525 3366 942 3526 3367 956 3527 3369 943 3524 3368 957 3528 3370 934 3526 3367 956 3526 3367 956 3528 3370 934 3529 3371 932 3530 3373 930 3532 3372 928 3531 3372 937 3531 3372 937 3532 3372 928 3533 3374 936 3534 3375 960 3536 3375 959 3535 3375 958 3535 3375 958 3536 3375 959 3537 3375 961 3538 3377 963 3540 3376 962 3539 3376 960 3539 3376 960 3540 3376 962 3541 3378 959 3542 3375 965 3544 3375 964 3543 3375 963 3543 3375 963 3544 3375 964 3545 3375 962 3546 3379 967 3548 3379 966 3547 3379 965 3547 3379 965 3548 3379 966 3549 3379 964 3550 3375 940 3552 3380 938 3551 3380 967 3551 3380 967 3552 3380 938 3553 3381 966 3554 3375 970 3556 3375 969 3555 3375 968 3555 3375 968 3556 3375 969 3557 3375 971 3558 3383 968 3560 3382 971 3559 3382 946 3559 3382 946 3560 3382 971 3561 3384 945 3562 3385 970 3564 3385 958 3563 3385 969 3563 3385 969 3564 3385 958 3565 3386 961 3566 3388 929 3568 3387 954 3567 3387 931 3567 3387 931 3568 3387 954 3569 3389 955 3570 3392 905 3572 3391 913 3571 3390 972 3571 3390 972 3572 3391 913 3573 3393 911 3574 3394 910 3571 3390 972 3573 3393 911 3570 3392 905 3575 3395 912 3572 3391 913 3570 3392 905 3576 3396 900 3575 3395 912 3576 3396 900 3577 3397 908 3575 3395 912 3578 3398 973 3570 3392 905 3571 3390 972 3578 3398 973 3579 3399 906 3570 3392 905 3580 3400 974 3579 3399 906 3578 3398 973 3578 3398 973 3581 3401 975 3580 3400 974 3582 3402 976 3581 3401 975 3578 3398 973 3583 3403 977 3579 3399 906 3580 3400 974 3584 3404 902 3579 3399 906 3583 3403 977 3584 3404 902 3585 3405 978 3579 3399 906 3586 3406 904 3585 3405 978 3584 3404 902 3582 3402 976 3587 3407 979 3581 3401 975 3588 3408 980 3587 3407 979 3582 3402 976 3588 3408 980 3589 3409 981 3587 3407 979 3590 3410 982 3589 3409 981 3588 3408 980 3589 3409 981 3590 3410 982 3591 3411 983 3591 3411 983 3590 3410 982 3592 3412 984 3593 3415 985 3595 3414 910 3594 3413 913 3594 3413 913 3595 3414 910 3596 3416 911 3593 3415 985 3594 3413 913 3597 3417 905 3597 3417 905 3594 3413 913 3598 3418 912 3597 3417 905 3598 3418 912 3599 3419 900 3599 3419 900 3598 3418 912 3600 3420 908 3597 3417 905 3601 3421 986 3593 3415 985 3601 3421 986 3597 3417 905 3602 3422 906 3603 3423 974 3601 3421 986 3602 3422 906 3604 3424 987 3603 3423 974 3602 3422 906 3603 3423 974 3605 3425 988 3601 3421 986 3606 3426 902 3604 3424 987 3602 3422 906 3606 3426 902 3602 3422 906 3607 3427 904 3608 3428 975 3605 3425 988 3603 3423 974 3609 3429 979 3605 3425 988 3608 3428 975 3610 3430 980 3605 3425 988 3609 3429 979 3611 3431 989 3610 3430 980 3609 3429 979 3612 3432 990 3610 3430 980 3611 3431 989 3613 3433 983 3612 3432 990 3611 3431 989 3614 3434 984 3612 3432 990 3613 3433 983 3615 3437 993 3617 3436 992 3616 3435 991 3616 3435 991 3617 3436 992 3618 3438 994 3618 3438 994 3619 3439 995 3616 3435 991 3620 3440 996 3619 3439 995 3618 3438 994 3620 3440 996 3621 3441 997 3619 3439 995 3622 3442 998 3621 3441 997 3620 3440 996 3622 3442 998 3623 3443 999 3621 3441 997 3624 3444 1000 3623 3443 999 3622 3442 998 3625 3445 1001 3623 3443 999 3624 3444 1000 3626 3446 1002 3623 3443 999 3625 3445 1001 3615 3437 993 3627 3447 1003 3617 3436 992 3617 3436 992 3627 3447 1003 3628 3448 1004 3629 3451 1007 3631 3450 1006 3630 3449 1005 3630 3449 1005 3631 3450 1006 3632 3452 1008 3631 3450 1006 3629 3451 1007 3633 3453 1009 3633 3453 1009 3629 3451 1007 3634 3454 1010 3634 3454 1010 3635 3455 1011 3633 3453 1009 3633 3453 1009 3635 3455 1011 3636 3456 1012 3635 3455 1011 3637 3457 1013 3636 3456 1012 3636 3456 1012 3637 3457 1013 3638 3458 1014 3639 3461 1016 3641 3460 1015 3640 3459 1013 3640 3459 1013 3641 3460 1015 3642 3462 1014 3641 3460 1015 3639 3461 1016 3643 3463 1017 3643 3463 1017 3639 3461 1016 3644 3464 1018 3645 3465 1020 3647 3465 1002 3646 3465 1019 3646 3465 1019 3647 3465 1002 3648 3465 1001 3649 3467 1005 3651 3466 1008 3650 3466 1003 3650 3466 1003 3651 3466 1008 3652 3468 1004 3653 3469 1023 3655 3469 1022 3654 3469 1021 3654 3469 1021 3655 3469 1022 3656 3469 1024 3657 3471 1023 3659 3470 1021 3658 3470 1025 3658 3470 1025 3659 3470 1021 3660 3472 1026 3661 3469 1028 3663 3469 1025 3662 3469 1027 3662 3469 1027 3663 3469 1025 3664 3469 1026 3665 3473 1031 3667 3473 1030 3666 3473 1029 3668 3474 1031 3670 3469 1029 3669 3469 1018 3669 3469 1018 3670 3469 1029 3671 3469 1017 3668 3474 1031 3673 3475 1028 3672 3475 1030 3672 3475 1030 3673 3475 1028 3674 3476 1027 3675 3469 1034 3677 3469 1033 3676 3469 1032 3676 3469 1032 3677 3469 1033 3678 3469 1035 3679 3478 1033 3681 3477 1020 3680 3477 1035 3680 3477 1035 3681 3477 1020 3682 3477 1019 3683 3480 1034 3685 3479 1032 3684 3479 1022 3684 3479 1022 3685 3479 1032 3686 3481 1024 3687 3484 1038 3689 3483 1037 3688 3482 1036 3690 3485 1039 3687 3484 1038 3688 3482 1036 3690 3485 1039 3691 3486 1040 3687 3484 1038 3687 3484 1038 3692 3487 1041 3689 3483 1037 3687 3484 1038 3693 3488 1042 3692 3487 1041 3687 3484 1038 3694 3489 1043 3693 3488 1042 3687 3484 1038 3695 3490 1044 3694 3489 1043 3687 3484 1038 3691 3486 1040 3695 3490 1044 3696 3493 1038 3698 3492 1036 3697 3491 1037 3699 3494 1039 3698 3492 1036 3696 3493 1038 3699 3494 1039 3696 3493 1038 3700 3495 1040 3696 3493 1038 3697 3491 1037 3701 3496 1041 3696 3493 1038 3701 3496 1041 3702 3497 1042 3696 3493 1038 3702 3497 1042 3703 3498 1043 3696 3493 1038 3703 3498 1043 3704 3499 1044 3696 3493 1038 3704 3499 1044 3700 3495 1040 3705 3502 1047 3707 3501 1046 3706 3500 1045 3707 3501 1046 3708 3503 1048 3706 3500 1045 3709 3504 1049 3707 3501 1046 3705 3502 1047 3709 3504 1049 3705 3502 1047 3710 3505 1050 3710 3505 1050 3711 3506 1051 3709 3504 1049 3711 3506 1051 3710 3505 1050 3712 3507 1052 3712 3507 1052 3710 3505 1050 3713 3508 1053 3713 3508 1053 3714 3509 1054 3712 3507 1052 3715 3510 1055 3712 3507 1052 3714 3509 1054 3716 3513 1047 3718 3512 1045 3717 3511 1046 3717 3511 1046 3718 3512 1045 3719 3514 1048 3720 3515 1056 3716 3513 1047 3717 3511 1046 3720 3515 1056 3721 3516 1050 3716 3513 1047 3721 3516 1050 3720 3515 1056 3722 3517 1057 3722 3517 1057 3723 3518 1052 3721 3516 1050 3723 3518 1052 3724 3519 1053 3721 3516 1050 3724 3519 1053 3723 3518 1052 3725 3520 1054 3726 3521 1055 3725 3520 1054 3723 3518 1052 3727 3524 1047 3729 3523 1047 3728 3522 1045 3728 3522 1045 3729 3523 1047 3730 3525 1045 3727 3524 1047 3731 3526 1050 3729 3523 1047 3732 3527 1050 3731 3526 1050 3727 3524 1047 3733 3530 1046 3735 3529 1048 3734 3528 1046 3734 3528 1046 3735 3529 1048 3736 3531 1048 3737 3532 1049 3733 3530 1046 3734 3528 1046 3738 3533 1056 3733 3530 1046 3737 3532 1049 3739 3534 1051 3738 3533 1056 3737 3532 1049 3740 3535 1057 3738 3533 1056 3739 3534 1051 3741 3537 1048 3743 3536 1045 3742 3536 1048 3742 3536 1048 3743 3536 1045 3744 3538 1045 3745 3541 1054 3747 3540 1054 3746 3539 1053 3746 3539 1053 3747 3540 1054 3748 3542 1053 3746 3539 1053 3748 3542 1053 3749 3543 1050 3749 3543 1050 3748 3542 1053 3750 3544 1050 3751 3547 1052 3753 3546 1052 3752 3545 1055 3752 3545 1055 3753 3546 1052 3754 3548 1055 3751 3547 1052 3755 3549 1057 3753 3546 1052 3753 3546 1052 3755 3549 1057 3756 3550 1051 3757 3552 1055 3759 3551 1055 3758 3551 1054 3758 3551 1054 3759 3551 1055 3760 3553 1054 3761 3556 1047 3763 3555 1045 3762 3554 1046 3762 3554 1046 3763 3555 1045 3764 3557 1048 3765 3558 1049 3761 3556 1047 3762 3554 1046 3765 3558 1049 3766 3559 1050 3761 3556 1047 3766 3559 1050 3765 3558 1049 3767 3560 1051 3767 3560 1051 3768 3561 1052 3766 3559 1050 3768 3561 1052 3769 3562 1053 3766 3559 1050 3769 3562 1053 3768 3561 1052 3770 3563 1054 3771 3564 1055 3770 3563 1054 3768 3561 1052 3772 3567 1047 3774 3566 1046 3773 3565 1045 3774 3566 1046 3775 3568 1048 3773 3565 1045 3776 3569 1056 3774 3566 1046 3772 3567 1047 3776 3569 1056 3772 3567 1047 3777 3570 1050 3777 3570 1050 3778 3571 1057 3776 3569 1056 3778 3571 1057 3777 3570 1050 3779 3572 1052 3779 3572 1052 3777 3570 1050 3780 3573 1053 3780 3573 1053 3781 3574 1054 3779 3572 1052 3782 3575 1055 3779 3572 1052 3781 3574 1054 3783 3578 1045 3785 3577 1047 3784 3576 1045 3784 3576 1045 3785 3577 1047 3786 3579 1047 3785 3577 1047 3787 3580 1050 3786 3579 1047 3786 3579 1047 3787 3580 1050 3788 3581 1050 3789 3584 1046 3791 3583 1046 3790 3582 1048 3790 3582 1048 3791 3583 1046 3792 3585 1048 3789 3584 1046 3793 3586 1049 3791 3583 1046 3794 3587 1056 3793 3586 1049 3789 3584 1046 3794 3587 1056 3795 3588 1051 3793 3586 1049 3796 3589 1057 3795 3588 1051 3794 3587 1056 3797 3591 1048 3799 3590 1048 3798 3590 1045 3798 3590 1045 3799 3590 1048 3800 3592 1045 3801 3595 1053 3803 3594 1054 3802 3593 1053 3802 3593 1053 3803 3594 1054 3804 3596 1054 3805 3597 1050 3801 3595 1053 3802 3593 1053 3806 3598 1050 3801 3595 1053 3805 3597 1050 3807 3601 1055 3809 3600 1052 3808 3599 1055 3808 3599 1055 3809 3600 1052 3810 3602 1052 3810 3602 1052 3809 3600 1052 3811 3603 1057 3812 3605 1054 3814 3604 1055 3813 3604 1054 3813 3604 1054 3814 3604 1055 3815 3606 1055 3816 3607 1057 3818 3607 1052 3817 3607 1051 3819 3610 1060 3821 3609 1059 3820 3608 1058 3820 3608 1058 3821 3609 1059 3822 3611 1061 3821 3609 1059 3823 3612 1062 3822 3611 1061 3822 3611 1061 3823 3612 1062 3824 3613 1063 3823 3612 1062 3825 3614 1064 3824 3613 1063 3824 3613 1063 3825 3614 1064 3826 3615 1065 3825 3614 1064 3827 3616 1066 3826 3615 1065 3826 3615 1065 3827 3616 1066 3828 3617 1067 3827 3616 1066 3829 3618 1068 3828 3617 1067 3828 3617 1067 3829 3618 1068 3830 3619 1069 3829 3618 1068 3831 3620 1070 3830 3619 1069 3830 3619 1069 3831 3620 1070 3832 3621 1071 3831 3620 1070 3833 3622 1072 3832 3621 1071 3832 3621 1071 3833 3622 1072 3834 3623 1073 3833 3622 1072 3835 3624 1074 3834 3623 1073 3834 3623 1073 3835 3624 1074 3836 3625 1075 3835 3624 1074 3837 3626 1076 3836 3625 1075 3836 3625 1075 3837 3626 1076 3838 3627 1077 3837 3626 1076 3839 3628 1078 3838 3627 1077 3838 3627 1077 3839 3628 1078 3840 3629 1079 3839 3628 1078 3841 3630 1080 3840 3629 1079 3840 3629 1079 3841 3630 1080 3842 3631 1081 3841 3630 1080 3819 3610 1060 3842 3631 1081 3842 3631 1081 3819 3610 1060 3820 3608 1058 3838 3627 1077 3840 3629 1079 3843 3632 1082 3820 3608 1058 3844 3633 1061 3843 3632 1082 3844 3633 1061 3845 3634 1063 3843 3632 1082 3845 3634 1063 3846 3635 1065 3843 3632 1082 3846 3635 1065 3847 3636 1067 3843 3632 1082 3847 3636 1067 3848 3637 1069 3843 3632 1082 3848 3637 1069 3849 3638 1071 3843 3632 1082 3849 3638 1071 3850 3639 1073 3843 3632 1082 3850 3639 1073 3851 3640 1075 3843 3632 1082 3851 3640 1075 3838 3627 1077 3843 3632 1082 3840 3629 1079 3852 3641 1081 3843 3632 1082 3852 3641 1081 3820 3608 1058 3843 3632 1082 3853 3644 1059 3855 3643 1060 3854 3642 1082 3856 3645 1062 3853 3644 1059 3854 3642 1082 3857 3646 1064 3856 3645 1062 3854 3642 1082 3858 3647 1066 3857 3646 1064 3854 3642 1082 3859 3648 1068 3858 3647 1066 3854 3642 1082 3860 3649 1070 3859 3648 1068 3854 3642 1082 3861 3650 1072 3860 3649 1070 3854 3642 1082 3862 3651 1074 3861 3650 1072 3854 3642 1082 3863 3652 1076 3862 3651 1074 3854 3642 1082 3864 3653 1078 3863 3652 1076 3854 3642 1082 3865 3654 1080 3864 3653 1078 3854 3642 1082 3855 3643 1060 3865 3654 1080 3854 3642 1082 3866 3657 1060 3868 3656 1058 3867 3655 1059 3867 3655 1059 3868 3656 1058 3869 3658 1061 3867 3655 1059 3869 3658 1061 3870 3659 1062 3870 3659 1062 3869 3658 1061 3871 3660 1063 3870 3659 1062 3871 3660 1063 3872 3661 1064 3872 3661 1064 3871 3660 1063 3873 3662 1065 3872 3661 1064 3873 3662 1065 3874 3663 1066 3874 3663 1066 3873 3662 1065 3875 3664 1067 3874 3663 1066 3875 3664 1067 3876 3665 1068 3876 3665 1068 3875 3664 1067 3877 3666 1069 3876 3665 1068 3877 3666 1069 3878 3667 1070 3878 3667 1070 3877 3666 1069 3879 3668 1071 3878 3667 1070 3879 3668 1071 3880 3669 1072 3880 3669 1072 3879 3668 1071 3881 3670 1073 3880 3669 1072 3881 3670 1073 3882 3671 1074 3882 3671 1074 3881 3670 1073 3883 3672 1075 3882 3671 1074 3883 3672 1075 3884 3673 1076 3884 3673 1076 3883 3672 1075 3885 3674 1077 3884 3673 1076 3885 3674 1077 3886 3675 1078 3886 3675 1078 3885 3674 1077 3887 3676 1079 3886 3675 1078 3887 3676 1079 3888 3677 1080 3888 3677 1080 3887 3676 1079 3889 3678 1081 3888 3677 1080 3889 3678 1081 3866 3657 1060 3866 3657 1060 3889 3678 1081 3868 3656 1058 3885 3674 1077 3890 3679 1082 3887 3676 1079 3891 3680 1075 3890 3679 1082 3885 3674 1077 3892 3681 1073 3890 3679 1082 3891 3680 1075 3893 3682 1071 3890 3679 1082 3892 3681 1073 3894 3683 1069 3890 3679 1082 3893 3682 1071 3895 3684 1067 3890 3679 1082 3894 3683 1069 3896 3685 1065 3890 3679 1082 3895 3684 1067 3897 3686 1063 3890 3679 1082 3896 3685 1065 3898 3687 1061 3890 3679 1082 3897 3686 1063 3899 3688 1058 3890 3679 1082 3898 3687 1061 3887 3676 1079 3890 3679 1082 3900 3689 1081 3900 3689 1081 3890 3679 1082 3899 3688 1058 3901 3692 1059 3903 3691 1082 3902 3690 1060 3904 3693 1062 3903 3691 1082 3901 3692 1059 3905 3694 1064 3903 3691 1082 3904 3693 1062 3906 3695 1066 3903 3691 1082 3905 3694 1064 3907 3696 1068 3903 3691 1082 3906 3695 1066 3908 3697 1070 3903 3691 1082 3907 3696 1068 3909 3698 1072 3903 3691 1082 3908 3697 1070 3910 3699 1074 3903 3691 1082 3909 3698 1072 3911 3700 1076 3903 3691 1082 3910 3699 1074 3912 3701 1078 3903 3691 1082 3911 3700 1076 3913 3702 1080 3903 3691 1082 3912 3701 1078 3902 3690 1060 3903 3691 1082 3913 3702 1080 3914 3705 1085 3916 3704 1084 3915 3703 1083 3917 3706 1086 3916 3704 1084 3914 3705 1085 3914 3705 1085 3918 3707 1087 3917 3706 1086 3917 3706 1086 3918 3707 1087 3919 3708 1088 3920 3709 1089 3917 3706 1086 3919 3708 1088 3920 3709 1089 3921 3710 1090 3917 3706 1086 3919 3708 1088 3922 3711 1091 3920 3709 1089 3923 3712 1092 3922 3711 1091 3919 3708 1088 3923 3712 1092 3919 3708 1088 3924 3713 1093 3924 3713 1093 3919 3708 1088 3918 3707 1087 3925 3714 1094 3924 3713 1093 3918 3707 1087 3926 3715 1095 3916 3704 1084 3917 3706 1086 3917 3706 1086 3921 3710 1090 3926 3715 1095 3914 3705 1085 3915 3703 1083 3927 3716 1096 3923 3712 1092 3928 3717 1097 3922 3711 1091 3918 3707 1087 3929 3718 1098 3925 3714 1094 3918 3707 1087 3914 3705 1085 3929 3718 1098 3929 3718 1098 3914 3705 1085 3927 3716 1096 3928 3717 1097 3930 3719 1099 3922 3711 1091 3922 3711 1091 3930 3719 1099 3920 3709 1089 3931 3720 1100 3930 3719 1099 3928 3717 1097 3920 3709 1089 3932 3721 1101 3921 3710 1090 3933 3722 1102 3932 3721 1101 3920 3709 1089 3933 3722 1102 3920 3709 1089 3934 3723 1103 3920 3709 1089 3935 3724 1104 3934 3723 1103 3936 3725 1105 3935 3724 1104 3920 3709 1089 3930 3719 1099 3931 3720 1100 3936 3725 1105 3930 3719 1099 3936 3725 1105 3920 3709 1089 3935 3724 1104 3937 3726 1106 3934 3723 1103 3938 3727 1107 3937 3726 1106 3935 3724 1104 3935 3724 1104 3936 3725 1105 3938 3727 1107 3938 3727 1107 3936 3725 1105 3939 3728 1108 3936 3725 1105 3931 3720 1100 3939 3728 1108 3933 3722 1102 3940 3729 1109 3932 3721 1101 3940 3729 1109 3933 3722 1102 3941 3730 1110 3942 3733 1085 3944 3732 1083 3943 3731 1084 3942 3733 1085 3943 3731 1084 3945 3734 1086 3945 3734 1086 3946 3735 1087 3942 3733 1085 3947 3736 1088 3946 3735 1087 3945 3734 1086 3948 3737 1089 3947 3736 1088 3945 3734 1086 3948 3737 1089 3945 3734 1086 3949 3738 1090 3947 3736 1088 3948 3737 1089 3950 3739 1091 3951 3740 1092 3947 3736 1088 3950 3739 1091 3946 3735 1087 3947 3736 1088 3952 3741 1093 3952 3741 1093 3947 3736 1088 3951 3740 1092 3953 3742 1094 3946 3735 1087 3952 3741 1093 3945 3734 1086 3943 3731 1084 3954 3743 1095 3945 3734 1086 3954 3743 1095 3949 3738 1090 3942 3733 1085 3955 3744 1096 3944 3732 1083 3951 3740 1092 3950 3739 1091 3956 3745 1097 3946 3735 1087 3953 3742 1094 3957 3746 1098 3946 3735 1087 3957 3746 1098 3942 3733 1085 3942 3733 1085 3957 3746 1098 3955 3744 1096 3950 3739 1091 3958 3747 1099 3956 3745 1097 3950 3739 1091 3948 3737 1089 3958 3747 1099 3956 3745 1097 3958 3747 1099 3959 3748 1100 3948 3737 1089 3949 3738 1090 3960 3749 1101 3961 3750 1102 3948 3737 1089 3960 3749 1101 3961 3750 1102 3962 3751 1103 3948 3737 1089 3948 3737 1089 3962 3751 1103 3963 3752 1104 3964 3753 1105 3948 3737 1089 3963 3752 1104 3964 3753 1105 3959 3748 1100 3958 3747 1099 3958 3747 1099 3948 3737 1089 3964 3753 1105 3965 3754 1106 3963 3752 1104 3962 3751 1103 3966 3755 1107 3963 3752 1104 3965 3754 1106 3963 3752 1104 3966 3755 1107 3964 3753 1105 3964 3753 1105 3966 3755 1107 3967 3756 1108 3967 3756 1108 3959 3748 1100 3964 3753 1105 3961 3750 1102 3960 3749 1101 3968 3757 1109 3968 3757 1109 3969 3758 1110 3961 3750 1102 3970 3759 1083 3972 3760 1084 3971 3759 1083 3971 3759 1083 3972 3760 1084 3973 3761 1084 3972 3760 1084 3974 3762 1095 3973 3761 1084 3973 3761 1084 3974 3762 1095 3975 3763 1095 3974 3762 1095 3976 3764 1090 3975 3763 1095 3975 3763 1095 3976 3764 1090 3977 3765 1090 3976 3764 1090 3978 3766 1101 3977 3765 1090 3977 3765 1090 3978 3766 1101 3979 3767 1101 3979 3767 1101 3978 3766 1101 3980 3768 1109 3980 3768 1109 3978 3766 1101 3981 3769 1109 3982 3772 1093 3984 3771 1093 3983 3770 1094 3983 3770 1094 3984 3771 1093 3985 3770 1094 3982 3772 1093 3986 3773 1092 3984 3771 1093 3987 3774 1092 3986 3773 1092 3982 3772 1093 3987 3774 1092 3988 3775 1097 3986 3773 1092 3989 3775 1097 3988 3775 1097 3987 3774 1092 3990 3778 1096 3992 3777 1096 3991 3776 1083 3991 3776 1083 3992 3777 1096 3993 3779 1083 3990 3778 1096 3994 3780 1098 3992 3777 1096 3995 3781 1098 3994 3780 1098 3990 3778 1096 3996 3782 1094 3994 3780 1098 3995 3781 1098 3997 3782 1094 3994 3780 1098 3996 3782 1094 3998 3785 1100 4000 3784 1100 3999 3783 1097 3999 3783 1097 4000 3784 1100 4001 3783 1097 3998 3785 1100 4002 3786 1108 4000 3784 1100 4003 3787 1108 4002 3786 1108 3998 3785 1100 4004 3788 1107 4002 3786 1108 4003 3787 1108 4005 3789 1107 4002 3786 1108 4004 3788 1107 4006 3790 1106 4005 3789 1107 4004 3788 1107 4007 3791 1106 4005 3789 1107 4006 3790 1106 4008 3793 1109 4010 3792 1110 4009 3792 1109 4009 3792 1109 4010 3792 1110 4011 3794 1110 4012 3796 1110 4014 3795 1102 4013 3795 1110 4013 3795 1110 4014 3795 1102 4015 3797 1102 4016 3799 1102 4018 3798 1103 4017 3798 1102 4017 3798 1102 4018 3798 1103 4019 3800 1103 4020 3801 1103 4022 3801 1103 4021 3801 1106 4021 3801 1106 4022 3801 1103 4023 3801 1106 4024 3804 1085 4026 3803 1083 4025 3802 1084 4024 3804 1085 4025 3802 1084 4027 3805 1086 4027 3805 1086 4028 3806 1087 4024 3804 1085 4029 3807 1088 4028 3806 1087 4027 3805 1086 4030 3808 1089 4029 3807 1088 4027 3805 1086 4030 3808 1089 4027 3805 1086 4031 3809 1090 4029 3807 1088 4030 3808 1089 4032 3810 1091 4033 3811 1092 4029 3807 1088 4032 3810 1091 4028 3806 1087 4029 3807 1088 4034 3812 1093 4034 3812 1093 4029 3807 1088 4033 3811 1092 4035 3813 1094 4028 3806 1087 4034 3812 1093 4027 3805 1086 4025 3802 1084 4036 3814 1095 4027 3805 1086 4036 3814 1095 4031 3809 1090 4024 3804 1085 4037 3815 1096 4026 3803 1083 4033 3811 1092 4032 3810 1091 4038 3816 1097 4028 3806 1087 4035 3813 1094 4039 3817 1098 4028 3806 1087 4039 3817 1098 4024 3804 1085 4024 3804 1085 4039 3817 1098 4037 3815 1096 4032 3810 1091 4040 3818 1099 4038 3816 1097 4032 3810 1091 4030 3808 1089 4040 3818 1099 4038 3816 1097 4040 3818 1099 4041 3819 1100 4030 3808 1089 4031 3809 1090 4042 3820 1101 4043 3821 1102 4030 3808 1089 4042 3820 1101 4043 3821 1102 4044 3822 1103 4030 3808 1089 4030 3808 1089 4044 3822 1103 4045 3823 1104 4046 3824 1105 4030 3808 1089 4045 3823 1104 4046 3824 1105 4041 3819 1100 4040 3818 1099 4040 3818 1099 4030 3808 1089 4046 3824 1105 4047 3825 1106 4045 3823 1104 4044 3822 1103 4048 3826 1107 4045 3823 1104 4047 3825 1106 4045 3823 1104 4048 3826 1107 4046 3824 1105 4046 3824 1105 4048 3826 1107 4049 3827 1108 4049 3827 1108 4041 3819 1100 4046 3824 1105 4043 3821 1102 4042 3820 1101 4050 3828 1109 4050 3828 1109 4051 3829 1110 4043 3821 1102 4052 3832 1085 4054 3831 1084 4053 3830 1083 4055 3833 1086 4054 3831 1084 4052 3832 1085 4052 3832 1085 4056 3834 1087 4055 3833 1086 4055 3833 1086 4056 3834 1087 4057 3835 1088 4058 3836 1089 4055 3833 1086 4057 3835 1088 4058 3836 1089 4059 3837 1090 4055 3833 1086 4057 3835 1088 4060 3838 1091 4058 3836 1089 4061 3839 1092 4060 3838 1091 4057 3835 1088 4061 3839 1092 4057 3835 1088 4062 3840 1093 4062 3840 1093 4057 3835 1088 4056 3834 1087 4063 3841 1094 4062 3840 1093 4056 3834 1087 4064 3842 1095 4054 3831 1084 4055 3833 1086 4055 3833 1086 4059 3837 1090 4064 3842 1095 4052 3832 1085 4053 3830 1083 4065 3843 1096 4061 3839 1092 4066 3844 1097 4060 3838 1091 4056 3834 1087 4067 3845 1098 4063 3841 1094 4056 3834 1087 4052 3832 1085 4067 3845 1098 4067 3845 1098 4052 3832 1085 4065 3843 1096 4066 3844 1097 4068 3846 1099 4060 3838 1091 4060 3838 1091 4068 3846 1099 4058 3836 1089 4069 3847 1100 4068 3846 1099 4066 3844 1097 4058 3836 1089 4070 3848 1101 4059 3837 1090 4071 3849 1102 4070 3848 1101 4058 3836 1089 4071 3849 1102 4058 3836 1089 4072 3850 1103 4058 3836 1089 4073 3851 1104 4072 3850 1103 4074 3852 1105 4073 3851 1104 4058 3836 1089 4068 3846 1099 4069 3847 1100 4074 3852 1105 4068 3846 1099 4074 3852 1105 4058 3836 1089 4073 3851 1104 4075 3853 1106 4072 3850 1103 4076 3854 1107 4075 3853 1106 4073 3851 1104 4073 3851 1104 4074 3852 1105 4076 3854 1107 4076 3854 1107 4074 3852 1105 4077 3855 1108 4074 3852 1105 4069 3847 1100 4077 3855 1108 4071 3849 1102 4078 3856 1109 4070 3848 1101 4078 3856 1109 4071 3849 1102 4079 3857 1110 4080 3761 1084 4082 3859 1084 4081 3858 1083 4081 3858 1083 4082 3859 1084 4083 3759 1083 4080 3761 1084 4084 3860 1095 4082 3859 1084 4085 3763 1095 4084 3860 1095 4080 3761 1084 4085 3763 1095 4086 3764 1090 4084 3860 1095 4087 3861 1090 4086 3764 1090 4085 3763 1095 4087 3861 1090 4088 3766 1101 4086 3764 1090 4089 3766 1101 4088 3766 1101 4087 3861 1090 4089 3766 1101 4090 3862 1109 4088 3766 1101 4088 3766 1101 4090 3862 1109 4091 3769 1109 4092 3865 1093 4094 3864 1094 4093 3863 1093 4093 3863 1093 4094 3864 1094 4095 3770 1094 4096 3773 1092 4092 3865 1093 4093 3863 1093 4097 3774 1092 4092 3865 1093 4096 3773 1092 4098 3775 1097 4097 3774 1092 4096 3773 1092 4099 3866 1097 4097 3774 1092 4098 3775 1097 4100 3778 1096 4102 3776 1083 4101 3777 1096 4101 3777 1096 4102 3776 1083 4103 3779 1083 4104 3780 1098 4100 3778 1096 4101 3777 1096 4105 3867 1098 4100 3778 1096 4104 3780 1098 4105 3867 1098 4104 3780 1098 4106 3868 1094 4106 3868 1094 4104 3780 1098 4107 3782 1094 4108 3869 1100 4110 3783 1097 4109 3784 1100 4109 3784 1100 4110 3783 1097 4111 3783 1097 4112 3870 1108 4108 3869 1100 4109 3784 1100 4113 3871 1108 4108 3869 1100 4112 3870 1108 4113 3871 1108 4112 3870 1108 4114 3788 1107 4114 3788 1107 4112 3870 1108 4115 3789 1107 4114 3788 1107 4115 3789 1107 4116 3790 1106 4116 3790 1106 4115 3789 1107 4117 3791 1106 4118 3873 1110 4120 3872 1110 4119 3872 1109 4119 3872 1109 4120 3872 1110 4121 3874 1109 4122 3876 1102 4124 3875 1102 4123 3875 1110 4123 3875 1110 4124 3875 1102 4125 3877 1110 4126 3800 1103 4128 3798 1103 4127 3798 1102 4127 3798 1102 4128 3798 1103 4129 3798 1102 4130 3801 1103 4132 3801 1106 4131 3801 1103 4131 3801 1103 4132 3801 1106 4133 3801 1106 4134 3880 1113 4136 3879 1112 4135 3878 1111 4135 3878 1111 4136 3879 1112 4137 3881 1114 4135 3878 1111 4137 3881 1114 4138 3882 1115 4138 3882 1115 4137 3881 1114 4139 3883 1116 4140 3884 1117 4138 3882 1115 4139 3883 1116 4141 3885 1118 4138 3882 1115 4140 3884 1117 4142 3888 1114 4144 3887 1112 4143 3886 1111 4143 3886 1111 4144 3887 1112 4145 3889 1113 4146 3890 1115 4142 3888 1114 4143 3886 1111 4147 3891 1116 4142 3888 1114 4146 3890 1115 4146 3890 1115 4148 3892 1117 4147 3891 1116 4149 3893 1118 4148 3892 1117 4146 3890 1115 4150 3896 1113 4152 3895 1113 4151 3894 1111 4151 3894 1111 4152 3895 1113 4153 3897 1111 4151 3894 1111 4153 3897 1111 4154 3898 1115 4154 3898 1115 4153 3897 1111 4155 3899 1115 4154 3898 1115 4155 3899 1115 4156 3900 1118 4156 3900 1118 4155 3899 1115 4157 3901 1118 4158 3904 1112 4160 3903 1114 4159 3902 1112 4159 3902 1112 4160 3903 1114 4161 3905 1114 4160 3903 1114 4162 3906 1116 4161 3905 1114 4161 3905 1114 4162 3906 1116 4163 3907 1116 4162 3906 1116 4164 3908 1117 4163 3907 1116 4163 3907 1116 4164 3908 1117 4165 3909 1117 4166 3911 1118 4168 3910 1118 4167 3910 1117 4167 3910 1117 4168 3910 1118 4169 3912 1117 4170 3915 1114 4172 3914 1112 4171 3913 1111 4171 3913 1111 4172 3914 1112 4173 3916 1113 4174 3917 1115 4170 3915 1114 4171 3913 1111 4175 3918 1116 4170 3915 1114 4174 3917 1115 4174 3917 1115 4176 3919 1117 4175 3918 1116 4177 3920 1118 4176 3919 1117 4174 3917 1115 4178 3923 1113 4180 3922 1112 4179 3921 1111 4179 3921 1111 4180 3922 1112 4181 3924 1114 4179 3921 1111 4181 3924 1114 4182 3925 1115 4182 3925 1115 4181 3924 1114 4183 3926 1116 4184 3927 1117 4182 3925 1115 4183 3926 1116 4185 3928 1118 4182 3925 1115 4184 3927 1117 4186 3931 1111 4188 3930 1113 4187 3929 1111 4187 3929 1111 4188 3930 1113 4189 3932 1113 4190 3933 1115 4186 3931 1111 4187 3929 1111 4191 3934 1115 4186 3931 1111 4190 3933 1115 4192 3935 1118 4191 3934 1115 4190 3933 1115 4193 3936 1118 4191 3934 1115 4192 3935 1118 4194 3939 1112 4196 3938 1112 4195 3937 1114 4195 3937 1114 4196 3938 1112 4197 3940 1114 4195 3937 1114 4197 3940 1114 4198 3941 1116 4198 3941 1116 4197 3940 1114 4199 3942 1116 4198 3941 1116 4199 3942 1116 4200 3943 1117 4200 3943 1117 4199 3942 1116 4201 3944 1117 4202 3946 1117 4204 3945 1118 4203 3945 1117 4203 3945 1117 4204 3945 1118 4205 3947 1118 4206 3950 1121 4208 3949 1120 4207 3948 1119 4207 3948 1119 4208 3949 1120 4209 3951 1122 4207 3948 1119 4209 3951 1122 4210 3952 1123 4210 3952 1123 4209 3951 1122 4211 3953 1124 4210 3952 1123 4211 3953 1124 4212 3954 1125 4212 3954 1125 4211 3953 1124 4213 3955 1126 4206 3950 1121 4214 3956 1127 4208 3949 1120 4215 3957 1128 4214 3956 1127 4206 3950 1121 4209 3951 1122 4216 3958 1129 4211 3953 1124 4217 3959 1130 4216 3958 1129 4209 3951 1122 4217 3959 1130 4218 3960 1131 4216 3958 1129 4217 3959 1130 4219 3961 1132 4218 3960 1131 4219 3961 1132 4220 3962 1133 4218 3960 1131 4218 3960 1131 4220 3962 1133 4221 3963 1134 4218 3960 1131 4221 3963 1134 4222 3964 1135 4216 3958 1129 4218 3960 1131 4222 3964 1135 4222 3964 1135 4221 3963 1134 4223 3965 1136 4222 3964 1135 4223 3965 1136 4224 3966 1137 4222 3964 1135 4224 3966 1137 4216 3958 1129 4224 3966 1137 4223 3965 1136 4225 3967 1138 4219 3961 1132 4226 3968 1139 4220 3962 1133 4227 3969 1140 4226 3968 1139 4219 3961 1132 4228 3970 1141 4219 3961 1132 4217 3959 1130 4227 3969 1140 4219 3961 1132 4229 3971 1142 4229 3971 1142 4219 3961 1132 4228 3970 1141 4216 3958 1129 4224 3966 1137 4230 3972 1143 4209 3951 1122 4228 3970 1141 4217 3959 1130 4208 3949 1120 4228 3970 1141 4209 3951 1122 4208 3949 1120 4229 3971 1142 4228 3970 1141 4214 3956 1127 4229 3971 1142 4208 3949 1120 4221 3963 1134 4231 3973 1144 4223 3965 1136 4223 3965 1136 4231 3973 1144 4232 3974 1145 4231 3973 1144 4233 3975 1146 4232 3974 1145 4221 3963 1134 4234 3976 1147 4231 3973 1144 4234 3976 1147 4235 3977 1146 4231 3973 1144 4232 3974 1145 4236 3978 1148 4223 3965 1136 4232 3974 1145 4237 3979 1146 4236 3978 1148 4223 3965 1136 4236 3978 1148 4225 3967 1138 4238 3981 1145 4235 3977 1146 4239 3980 1144 4239 3980 1144 4233 3975 1146 4240 3982 1147 4240 3982 1147 4237 3979 1146 4241 3983 1149 4242 3984 1139 4240 3982 1147 4241 3983 1149 4243 3985 1133 4240 3982 1147 4242 3984 1139 4243 3985 1133 4242 3984 1139 4244 3986 1132 4244 3986 1132 4242 3984 1139 4245 3987 1140 4246 3988 1131 4243 3985 1133 4244 3986 1132 4247 3989 1134 4243 3985 1133 4246 3988 1131 4239 3980 1144 4240 3982 1147 4247 3989 1134 4247 3989 1134 4240 3982 1147 4243 3985 1133 4248 3990 1135 4247 3989 1134 4246 3988 1131 4249 3991 1136 4247 3989 1134 4248 3990 1135 4238 3981 1145 4239 3980 1144 4249 3991 1136 4249 3991 1136 4239 3980 1144 4247 3989 1134 4250 3992 1137 4249 3991 1136 4248 3990 1135 4251 3993 1138 4249 3991 1136 4250 3992 1137 4251 3993 1138 4238 3981 1145 4249 3991 1136 4252 3994 1142 4244 3986 1132 4245 3987 1140 4253 3995 1141 4244 3986 1132 4252 3994 1142 4253 3995 1141 4246 3988 1131 4244 3986 1132 4254 3996 1130 4246 3988 1131 4253 3995 1141 4248 3990 1135 4246 3988 1131 4255 3997 1129 4255 3997 1129 4246 3988 1131 4254 3996 1130 4250 3992 1137 4248 3990 1135 4256 3998 1143 4256 3998 1143 4248 3990 1135 4255 3997 1129 4253 3995 1141 4252 3994 1142 4257 3999 1120 4257 3999 1120 4252 3994 1142 4258 4000 1127 4257 3999 1120 4258 4000 1127 4259 4001 1121 4260 4002 1119 4257 3999 1120 4259 4001 1121 4261 4003 1122 4257 3999 1120 4260 4002 1119 4254 3996 1130 4253 3995 1141 4261 4003 1122 4261 4003 1122 4253 3995 1141 4257 3999 1120 4261 4003 1122 4255 3997 1129 4254 3996 1130 4262 4004 1123 4261 4003 1122 4260 4002 1119 4263 4005 1124 4261 4003 1122 4262 4004 1123 4263 4005 1124 4255 3997 1129 4261 4003 1122 4263 4005 1124 4256 3998 1143 4255 3997 1129 4264 4006 1125 4263 4005 1124 4262 4004 1123 4265 4007 1126 4263 4005 1124 4264 4006 1125 4265 4007 1126 4256 3998 1143 4263 4005 1124 4259 4001 1121 4258 4000 1127 4266 4008 1128 4267 4009 1148 4238 3981 1145 4251 3993 1138 4267 4009 1148 4268 4010 1146 4238 3981 1145 4269 4011 1149 4268 4010 1146 4234 3976 1147 4220 3962 1133 4269 4011 1149 4234 3976 1147 4220 3962 1133 4234 3976 1147 4221 3963 1134 4226 3968 1139 4269 4011 1149 4220 3962 1133 4216 3958 1129 4230 3972 1143 4211 3953 1124 4211 3953 1124 4230 3972 1143 4213 3955 1126 4270 4014 1121 4272 4013 1119 4271 4012 1120 4271 4012 1120 4272 4013 1119 4273 4015 1122 4272 4013 1119 4274 4016 1123 4273 4015 1122 4273 4015 1122 4274 4016 1123 4275 4017 1124 4274 4016 1123 4276 4018 1125 4275 4017 1124 4275 4017 1124 4276 4018 1125 4277 4019 1126 4278 4020 1127 4270 4014 1121 4271 4012 1120 4279 4021 1128 4270 4014 1121 4278 4020 1127 4275 4017 1124 4280 4022 1129 4273 4015 1122 4273 4015 1122 4280 4022 1129 4281 4023 1130 4281 4023 1130 4280 4022 1129 4282 4024 1131 4283 4025 1132 4281 4023 1130 4282 4024 1131 4283 4025 1132 4282 4024 1131 4284 4026 1133 4284 4026 1133 4282 4024 1131 4285 4027 1134 4282 4024 1131 4286 4028 1135 4285 4027 1134 4282 4024 1131 4280 4022 1129 4286 4028 1135 4285 4027 1134 4286 4028 1135 4287 4029 1136 4286 4028 1135 4288 4030 1137 4287 4029 1136 4280 4022 1129 4288 4030 1137 4286 4028 1135 4287 4029 1136 4288 4030 1137 4289 4031 1138 4290 4032 1139 4283 4025 1132 4284 4026 1133 4291 4033 1140 4283 4025 1132 4290 4032 1139 4292 4034 1141 4281 4023 1130 4283 4025 1132 4292 4034 1141 4283 4025 1132 4293 4035 1142 4293 4035 1142 4283 4025 1132 4291 4033 1140 4294 4036 1143 4288 4030 1137 4280 4022 1129 4292 4034 1141 4273 4015 1122 4281 4023 1130 4271 4012 1120 4273 4015 1122 4292 4034 1141 4293 4035 1142 4271 4012 1120 4292 4034 1141 4278 4020 1127 4271 4012 1120 4293 4035 1142 4285 4027 1134 4287 4029 1136 4295 4037 1144 4295 4037 1144 4287 4029 1136 4296 4038 1145 4295 4037 1144 4296 4038 1145 4297 4039 1146 4298 4040 1147 4285 4027 1134 4295 4037 1144 4298 4040 1147 4295 4037 1144 4299 4041 1146 4284 4026 1133 4285 4027 1134 4298 4040 1147 4290 4032 1139 4284 4026 1133 4300 4042 1149 4300 4042 1149 4284 4026 1133 4298 4040 1147 4300 4042 1149 4298 4040 1147 4301 4043 1146 4296 4038 1145 4303 4045 1148 4302 4044 1146 4287 4029 1136 4303 4045 1148 4296 4038 1145 4289 4031 1138 4303 4045 1148 4287 4029 1136 4304 4047 1148 4305 4046 1145 4301 4043 1146 4305 4046 1145 4306 4048 1144 4299 4041 1146 4306 4048 1144 4307 4049 1147 4297 4039 1146 4307 4049 1147 4308 4050 1149 4302 4044 1146 4307 4049 1147 4309 4051 1139 4308 4050 1149 4310 4052 1133 4309 4051 1139 4307 4049 1147 4311 4053 1132 4309 4051 1139 4310 4052 1133 4312 4054 1140 4309 4051 1139 4311 4053 1132 4311 4053 1132 4310 4052 1133 4313 4055 1131 4313 4055 1131 4310 4052 1133 4314 4056 1134 4310 4052 1133 4307 4049 1147 4314 4056 1134 4314 4056 1134 4307 4049 1147 4306 4048 1144 4313 4055 1131 4314 4056 1134 4315 4057 1135 4315 4057 1135 4314 4056 1134 4316 4058 1136 4314 4056 1134 4306 4048 1144 4316 4058 1136 4316 4058 1136 4306 4048 1144 4305 4046 1145 4315 4057 1135 4316 4058 1136 4317 4059 1137 4317 4059 1137 4316 4058 1136 4318 4060 1138 4316 4058 1136 4305 4046 1145 4318 4060 1138 4318 4060 1138 4305 4046 1145 4304 4047 1148 4311 4053 1132 4319 4061 1142 4312 4054 1140 4320 4062 1141 4319 4061 1142 4311 4053 1132 4313 4055 1131 4320 4062 1141 4311 4053 1132 4321 4063 1130 4320 4062 1141 4313 4055 1131 4321 4063 1130 4313 4055 1131 4322 4064 1129 4322 4064 1129 4313 4055 1131 4315 4057 1135 4322 4064 1129 4315 4057 1135 4323 4065 1143 4323 4065 1143 4315 4057 1135 4317 4059 1137 4324 4066 1120 4319 4061 1142 4320 4062 1141 4325 4067 1127 4319 4061 1142 4324 4066 1120 4326 4068 1121 4325 4067 1127 4324 4066 1120 4326 4068 1121 4324 4066 1120 4327 4069 1119 4327 4069 1119 4324 4066 1120 4328 4070 1122 4324 4066 1120 4320 4062 1141 4328 4070 1122 4328 4070 1122 4320 4062 1141 4321 4063 1130 4322 4064 1129 4328 4070 1122 4321 4063 1130 4327 4069 1119 4328 4070 1122 4329 4071 1123 4329 4071 1123 4328 4070 1122 4330 4072 1124 4330 4072 1124 4328 4070 1122 4322 4064 1129 4323 4065 1143 4330 4072 1124 4322 4064 1129 4329 4071 1123 4330 4072 1124 4331 4073 1125 4331 4073 1125 4330 4072 1124 4332 4074 1126 4332 4074 1126 4330 4072 1124 4323 4065 1143 4333 4075 1128 4325 4067 1127 4326 4068 1121 4277 4019 1126 4294 4036 1143 4275 4017 1124 4275 4017 1124 4294 4036 1143 4280 4022 1129 4334 4078 1152 4336 4077 1151 4335 4076 1150 4335 4076 1150 4336 4077 1151 4337 4079 1153 4337 4079 1153 4336 4077 1151 4338 4080 1154 4335 4076 1150 4339 4081 1155 4334 4078 1152 4334 4078 1152 4339 4081 1155 4340 4082 1156 4341 4083 1157 4340 4082 1156 4339 4081 1155 4342 4084 1158 4340 4082 1156 4341 4083 1157 4342 4084 1158 4343 4085 1159 4340 4082 1156 4340 4082 1156 4343 4085 1159 4344 4086 1160 4343 4085 1159 4345 4087 1161 4344 4086 1160 4334 4078 1152 4340 4082 1156 4346 4088 1162 4340 4082 1156 4344 4086 1160 4346 4088 1162 4346 4088 1162 4344 4086 1160 4345 4087 1161 4336 4077 1151 4334 4078 1152 4347 4089 1163 4347 4089 1163 4334 4078 1152 4346 4088 1162 4336 4077 1151 4347 4089 1163 4338 4080 1154 4338 4080 1154 4347 4089 1163 4348 4090 1164 4348 4090 1164 4349 4091 1165 4338 4080 1154 4349 4091 1165 4350 4092 1166 4338 4080 1154 4337 4079 1153 4338 4080 1154 4351 4093 1167 4338 4080 1154 4350 4092 1166 4351 4093 1167 4349 4091 1165 4352 4094 1168 4350 4092 1166 4341 4083 1157 4339 4081 1155 4353 4095 1169 4353 4095 1169 4339 4081 1155 4354 4096 1170 4339 4081 1155 4355 4097 1171 4354 4096 1170 4350 4092 1166 4356 4098 1172 4351 4093 1167 4350 4092 1166 4357 4099 1173 4356 4098 1172 4352 4094 1168 4357 4099 1173 4358 4100 1166 4351 4093 1167 4356 4098 1172 4359 4101 1174 4351 4093 1167 4359 4101 1174 4337 4079 1153 4337 4079 1153 4359 4101 1174 4360 4102 1175 4337 4079 1153 4360 4102 1175 4335 4076 1150 4335 4076 1150 4360 4102 1175 4355 4097 1171 4335 4076 1150 4355 4097 1171 4339 4081 1155 4356 4098 1172 4357 4099 1173 4361 4103 1176 4362 4104 1177 4349 4091 1165 4348 4090 1164 4348 4090 1164 4347 4089 1163 4362 4104 1177 4362 4104 1177 4347 4089 1163 4363 4105 1178 4347 4089 1163 4364 4106 1179 4363 4105 1178 4346 4088 1162 4364 4106 1179 4347 4089 1163 4364 4106 1179 4346 4088 1162 4365 4107 1180 4365 4107 1180 4346 4088 1162 4345 4087 1161 4345 4087 1161 4366 4108 1181 4365 4107 1180 4343 4085 1159 4366 4108 1181 4345 4087 1161 4343 4085 1159 4367 4109 1182 4366 4108 1181 4366 4108 1181 4367 4109 1182 4368 4110 1183 4343 4085 1159 4369 4111 1184 4367 4109 1182 4342 4084 1158 4369 4111 1184 4343 4085 1159 4342 4084 1158 4370 4112 1185 4369 4111 1184 4341 4083 1157 4370 4112 1185 4342 4084 1158 4341 4083 1157 4371 4113 1186 4370 4112 1185 4353 4095 1169 4371 4113 1186 4341 4083 1157 4372 4116 1189 4374 4115 1188 4373 4114 1187 4373 4114 1187 4374 4115 1188 4375 4117 1190 4376 4118 1191 4372 4116 1189 4373 4114 1187 4377 4119 1192 4372 4116 1189 4376 4118 1191 4374 4115 1188 4378 4120 1193 4375 4117 1190 4375 4117 1190 4378 4120 1193 4379 4121 1194 4378 4120 1193 4380 4122 1195 4379 4121 1194 4379 4121 1194 4380 4122 1195 4381 4123 1196 4380 4122 1195 4382 4124 1197 4381 4123 1196 4381 4123 1196 4382 4124 1197 4383 4125 1198 4376 4118 1191 4384 4126 1199 4377 4119 1192 4377 4119 1192 4384 4126 1199 4385 4127 1200 4386 4130 1153 4388 4129 1151 4387 4128 1150 4387 4128 1150 4388 4129 1151 4389 4131 1152 4386 4130 1153 4390 4132 1154 4388 4129 1151 4389 4131 1152 4391 4133 1155 4387 4128 1150 4392 4134 1156 4391 4133 1155 4389 4131 1152 4391 4133 1155 4392 4134 1156 4393 4135 1157 4393 4135 1157 4392 4134 1156 4394 4136 1158 4394 4136 1158 4392 4134 1156 4395 4137 1159 4395 4137 1159 4392 4134 1156 4396 4138 1161 4396 4138 1161 4392 4134 1156 4397 4139 1162 4397 4139 1162 4392 4134 1156 4389 4131 1152 4388 4129 1151 4398 4140 1163 4389 4131 1152 4389 4131 1152 4398 4140 1163 4397 4139 1162 4388 4129 1151 4390 4132 1154 4398 4140 1163 4398 4140 1163 4390 4132 1154 4399 4141 1164 4399 4141 1164 4390 4132 1154 4400 4142 1165 4400 4142 1165 4390 4132 1154 4401 4143 1166 4386 4130 1153 4402 4144 1167 4390 4132 1154 4390 4132 1154 4402 4144 1167 4401 4143 1166 4400 4142 1165 4401 4143 1166 4403 4145 1168 4393 4135 1157 4404 4146 1169 4391 4133 1155 4391 4133 1155 4404 4146 1169 4405 4147 1170 4405 4147 1170 4406 4148 1171 4391 4133 1155 4391 4133 1155 4406 4148 1171 4387 4128 1150 4406 4148 1171 4407 4149 1175 4387 4128 1150 4387 4128 1150 4407 4149 1175 4386 4130 1153 4407 4149 1175 4408 4150 1174 4386 4130 1153 4386 4130 1153 4408 4150 1174 4402 4144 1167 4408 4150 1174 4409 4151 1172 4402 4144 1167 4402 4144 1167 4409 4151 1172 4401 4143 1166 4409 4151 1172 4410 4152 1173 4401 4143 1166 4411 4153 1166 4410 4152 1173 4403 4145 1168 4409 4151 1172 4412 4154 1176 4410 4152 1173 4413 4155 1177 4399 4141 1164 4400 4142 1165 4399 4141 1164 4413 4155 1177 4398 4140 1163 4413 4155 1177 4414 4156 1178 4398 4140 1163 4414 4156 1178 4415 4157 1179 4398 4140 1163 4398 4140 1163 4415 4157 1179 4397 4139 1162 4415 4157 1179 4416 4158 1180 4397 4139 1162 4397 4139 1162 4416 4158 1180 4396 4138 1161 4417 4159 1181 4396 4138 1161 4416 4158 1180 4395 4137 1159 4396 4138 1161 4417 4159 1181 4417 4159 1181 4418 4160 1182 4395 4137 1159 4419 4161 1183 4418 4160 1182 4417 4159 1181 4418 4160 1182 4420 4162 1184 4395 4137 1159 4395 4137 1159 4420 4162 1184 4394 4136 1158 4420 4162 1184 4421 4163 1185 4394 4136 1158 4394 4136 1158 4421 4163 1185 4393 4135 1157 4421 4163 1185 4422 4164 1186 4393 4135 1157 4393 4135 1157 4422 4164 1186 4404 4146 1169 4423 4167 1189 4425 4166 1187 4424 4165 1188 4424 4165 1188 4425 4166 1187 4426 4168 1190 4423 4167 1189 4427 4169 1191 4425 4166 1187 4428 4170 1192 4427 4169 1191 4423 4167 1189 4424 4165 1188 4426 4168 1190 4429 4171 1193 4429 4171 1193 4426 4168 1190 4430 4172 1194 4429 4171 1193 4430 4172 1194 4431 4173 1195 4431 4173 1195 4430 4172 1194 4432 4174 1196 4431 4173 1195 4432 4174 1196 4433 4175 1197 4433 4175 1197 4432 4174 1196 4434 4176 1198 4428 4170 1192 4435 4177 1199 4427 4169 1191 4436 4178 1200 4435 4177 1199 4428 4170 1192 4437 4181 1203 4439 4180 1202 4438 4179 1201 4437 4181 1203 4440 4182 1204 4439 4180 1202 4438 4179 1201 4439 4180 1202 4441 4183 1205 4441 4183 1205 4439 4180 1202 4442 4184 1206 4439 4180 1202 4440 4182 1204 4442 4184 1206 4441 4183 1205 4442 4184 1206 4443 4185 1207 4443 4185 1207 4442 4184 1206 4444 4186 1208 4443 4185 1207 4444 4186 1208 4445 4187 1209 4445 4187 1209 4444 4186 1208 4446 4188 1210 4444 4186 1208 4447 4189 1211 4446 4188 1210 4446 4188 1210 4447 4189 1211 4448 4190 1212 4447 4189 1211 4449 4191 1213 4448 4190 1212 4448 4190 1212 4449 4191 1213 4450 4192 1214 4449 4191 1213 4451 4193 1215 4450 4192 1214 4450 4192 1214 4451 4193 1215 4452 4194 1216 4446 4188 1210 4448 4190 1212 4453 4195 1217 4453 4195 1217 4448 4190 1212 4454 4196 1218 4448 4190 1212 4450 4192 1214 4454 4196 1218 4453 4195 1217 4454 4196 1218 4455 4197 1219 4455 4197 1219 4454 4196 1218 4456 4198 1220 4457 4199 1221 4456 4198 1220 4454 4196 1218 4450 4192 1214 4452 4194 1216 4457 4199 1221 4454 4196 1218 4450 4192 1214 4457 4199 1221 4458 4200 1222 4456 4198 1220 4457 4199 1221 4457 4199 1221 4459 4201 1223 4458 4200 1222 4457 4199 1221 4452 4194 1216 4459 4201 1223 4458 4200 1222 4459 4201 1223 4460 4202 1224 4461 4203 1225 4453 4195 1217 4455 4197 1219 4462 4204 1226 4453 4195 1217 4461 4203 1225 4455 4197 1219 4456 4198 1220 4463 4205 1227 4463 4205 1227 4456 4198 1220 4464 4206 1228 4456 4198 1220 4458 4200 1222 4464 4206 1228 4461 4203 1225 4455 4197 1219 4465 4207 1229 4465 4207 1229 4455 4197 1219 4463 4205 1227 4460 4202 1224 4466 4208 1230 4458 4200 1222 4464 4206 1228 4458 4200 1222 4466 4208 1230 4467 4209 1231 4466 4208 1230 4460 4202 1224 4462 4204 1226 4446 4188 1210 4453 4195 1217 4445 4187 1209 4446 4188 1210 4462 4204 1226 4464 4206 1228 4466 4208 1230 4468 4210 1232 4468 4210 1232 4466 4208 1230 4469 4211 1233 4467 4209 1231 4469 4211 1233 4466 4208 1230 4470 4212 1234 4469 4211 1233 4467 4209 1231 4463 4205 1227 4464 4206 1228 4471 4213 1235 4471 4213 1235 4464 4206 1228 4468 4210 1232 4465 4207 1229 4463 4205 1227 4472 4214 1236 4472 4214 1236 4463 4205 1227 4471 4213 1235 4470 4212 1234 4473 4215 1237 4469 4211 1233 4474 4216 1238 4473 4215 1237 4470 4212 1234 4474 4216 1238 4475 4217 1239 4473 4215 1237 4476 4218 1240 4475 4217 1239 4474 4216 1238 4476 4218 1240 4477 4219 1241 4475 4217 1239 4478 4220 1242 4477 4219 1241 4476 4218 1240 4478 4220 1242 4479 4221 1243 4477 4219 1241 4480 4222 1244 4479 4221 1243 4478 4220 1242 4479 4221 1243 4481 4223 1245 4477 4219 1241 4477 4219 1241 4481 4223 1245 4482 4224 1246 4477 4219 1241 4482 4224 1246 4475 4217 1239 4479 4221 1243 4480 4222 1244 4483 4225 1247 4483 4225 1247 4480 4222 1244 4484 4226 1248 4475 4217 1239 4482 4224 1246 4485 4227 1249 4483 4225 1247 4486 4228 1250 4479 4221 1243 4479 4221 1243 4486 4228 1250 4481 4223 1245 4486 4228 1250 4487 4229 1251 4481 4223 1245 4481 4223 1245 4487 4229 1251 4488 4230 1252 4488 4230 1252 4487 4229 1251 4489 4231 1253 4489 4231 1253 4487 4229 1251 4490 4232 1254 4475 4217 1239 4485 4227 1249 4491 4233 1255 4486 4228 1250 4483 4225 1247 4492 4234 1256 4492 4234 1256 4483 4225 1247 4493 4235 1257 4494 4236 1258 4492 4234 1256 4493 4235 1257 4492 4234 1256 4494 4236 1258 4495 4237 1259 4492 4234 1256 4495 4237 1259 4496 4238 1260 4497 4239 1261 4492 4234 1256 4496 4238 1260 4498 4240 1262 4492 4234 1256 4497 4239 1261 4487 4229 1251 4486 4228 1250 4498 4240 1262 4498 4240 1262 4486 4228 1250 4492 4234 1256 4487 4229 1251 4498 4240 1262 4490 4232 1254 4499 4241 1263 4498 4240 1262 4497 4239 1261 4490 4232 1254 4498 4240 1262 4500 4242 1264 4500 4242 1264 4498 4240 1262 4501 4243 1263 4473 4215 1237 4491 4233 1255 4502 4244 1265 4473 4215 1237 4502 4244 1265 4503 4245 1266 4469 4211 1233 4473 4215 1237 4503 4245 1266 4469 4211 1233 4503 4245 1266 4468 4210 1232 4475 4217 1239 4491 4233 1255 4473 4215 1237 4504 4246 1267 4493 4235 1257 4483 4225 1247 4504 4246 1267 4483 4225 1247 4484 4226 1248 4504 4246 1267 4484 4226 1248 4505 4247 1268 4506 4250 1271 4508 4249 1270 4507 4248 1269 4508 4249 1270 4506 4250 1271 4449 4191 1213 4449 4191 1213 4506 4250 1271 4451 4193 1215 4447 4189 1211 4508 4249 1270 4449 4191 1213 4509 4251 1272 4508 4249 1270 4447 4189 1211 4508 4249 1270 4509 4251 1272 4510 4252 1273 4511 4253 1269 4508 4249 1270 4510 4252 1273 4510 4252 1273 4509 4251 1272 4440 4182 1204 4444 4186 1208 4509 4251 1272 4447 4189 1211 4442 4184 1206 4509 4251 1272 4444 4186 1208 4442 4184 1206 4440 4182 1204 4509 4251 1272 4511 4253 1269 4510 4252 1273 4512 4254 1203 4510 4252 1273 4440 4182 1204 4513 4255 1203 4514 4258 1276 4516 4257 1275 4515 4256 1274 4517 4259 1277 4516 4257 1275 4514 4258 1276 4516 4257 1275 4517 4259 1277 4518 4260 1278 4518 4260 1278 4517 4259 1277 4519 4261 1279 4517 4259 1277 4514 4258 1276 4520 4262 1280 4520 4262 1280 4514 4258 1276 4521 4263 1281 4520 4262 1280 4521 4263 1281 4522 4264 1282 4521 4263 1281 4523 4265 1283 4522 4264 1282 4520 4262 1280 4522 4264 1282 4524 4266 1284 4524 4266 1284 4522 4264 1282 4525 4267 1285 4526 4268 1286 4514 4258 1276 4515 4256 1274 4526 4268 1286 4515 4256 1274 4527 4269 1287 4527 4269 1287 4515 4256 1274 4528 4270 1288 4527 4269 1287 4528 4270 1288 4529 4271 1289 4529 4271 1289 4528 4270 1288 4530 4272 1290 4531 4273 1291 4529 4271 1289 4530 4272 1290 4531 4273 1291 4532 4274 1292 4529 4271 1289 4533 4275 1293 4532 4274 1292 4531 4273 1291 4533 4275 1293 4531 4273 1291 4534 4276 1294 4534 4276 1294 4531 4273 1291 4535 4277 1295 4533 4275 1293 4534 4276 1294 4536 4278 1296 4536 4278 1296 4534 4276 1294 4537 4279 1297 4534 4276 1294 4538 4280 1298 4537 4279 1297 4539 4281 1299 4536 4278 1296 4537 4279 1297 4539 4281 1299 4537 4279 1297 4540 4282 1300 4537 4279 1297 4541 4283 1301 4540 4282 1300 4539 4281 1299 4540 4282 1300 4542 4284 1302 4542 4284 1302 4540 4282 1300 4543 4285 1303 4542 4284 1302 4543 4285 1303 4544 4286 1304 4542 4284 1302 4544 4286 1304 4545 4287 1305 4545 4287 1305 4544 4286 1304 4546 4288 1306 4537 4279 1297 4547 4289 1307 4541 4283 1301 4548 4290 1308 4547 4289 1307 4537 4279 1297 4540 4282 1300 4549 4291 1309 4543 4285 1303 4550 4292 1310 4549 4291 1309 4540 4282 1300 4544 4286 1304 4551 4293 1311 4546 4288 1306 4552 4294 1312 4551 4293 1311 4544 4286 1304 4553 4295 1313 4552 4294 1312 4544 4286 1304 4544 4286 1304 4543 4285 1303 4553 4295 1313 4554 4296 1314 4552 4294 1312 4553 4295 1313 4555 4297 1315 4554 4296 1314 4553 4295 1313 4553 4295 1313 4556 4298 1316 4555 4297 1315 4553 4295 1313 4543 4285 1303 4556 4298 1316 4555 4297 1315 4556 4298 1316 4557 4299 1317 4557 4299 1317 4558 4300 1318 4555 4297 1315 4555 4297 1315 4558 4300 1318 4559 4301 1319 4559 4301 1319 4554 4296 1314 4555 4297 1315 4549 4291 1309 4560 4302 1320 4543 4285 1303 4543 4285 1303 4560 4302 1320 4561 4303 1316 4560 4302 1320 4562 4304 1318 4561 4303 1316 4561 4303 1316 4562 4304 1318 4563 4305 1317 4564 4308 1295 4566 4307 1290 4565 4306 1321 4566 4307 1290 4567 4309 1322 4565 4306 1321 4568 4310 1323 4564 4308 1295 4565 4306 1321 4569 4311 1324 4568 4310 1323 4565 4306 1321 4570 4312 1325 4568 4310 1323 4569 4311 1324 4565 4306 1321 4571 4313 1326 4569 4311 1324 4572 4314 1327 4571 4313 1326 4565 4306 1321 4567 4309 1322 4572 4314 1327 4565 4306 1321 4566 4307 1290 4573 4315 1288 4567 4309 1322 4564 4308 1295 4574 4316 1291 4566 4307 1290 4567 4309 1322 4575 4317 1328 4572 4314 1327 4567 4309 1322 4576 4318 1278 4575 4317 1328 4576 4318 1278 4577 4319 1279 4575 4317 1328 4575 4317 1328 4577 4319 1279 4578 4320 1329 4572 4314 1327 4575 4317 1328 4578 4320 1329 4572 4314 1327 4578 4320 1329 4571 4313 1326 4567 4309 1322 4579 4321 1274 4576 4318 1278 4579 4321 1274 4580 4322 1275 4576 4318 1278 4578 4320 1329 4577 4319 1279 4581 4323 1284 4571 4313 1326 4578 4320 1329 4581 4323 1284 4581 4323 1284 4582 4324 1285 4571 4313 1326 4583 4325 1330 4571 4313 1326 4582 4324 1285 4584 4326 1331 4568 4310 1323 4570 4312 1325 4584 4326 1331 4585 4327 1332 4568 4310 1323 4585 4327 1332 4586 4328 1333 4568 4310 1323 4587 4329 1319 4585 4327 1332 4584 4326 1331 4587 4329 1319 4588 4330 1318 4585 4327 1332 4589 4331 1307 4585 4327 1332 4588 4330 1318 4589 4331 1307 4586 4328 1333 4585 4327 1332 4589 4331 1307 4590 4332 1308 4586 4328 1333 4591 4333 1320 4589 4331 1307 4588 4330 1318 4587 4329 1319 4584 4326 1331 4592 4334 1334 4593 4335 1335 4587 4329 1319 4592 4334 1334 4594 4336 1314 4587 4329 1319 4593 4335 1335 4592 4334 1334 4584 4326 1331 4595 4337 1336 4586 4328 1333 4564 4308 1295 4568 4310 1323 4586 4328 1333 4596 4338 1337 4564 4308 1295 4584 4326 1331 4570 4312 1325 4595 4337 1336 4595 4337 1336 4570 4312 1325 4597 4339 1338 4597 4339 1338 4570 4312 1325 4569 4311 1324 4571 4313 1326 4597 4339 1338 4569 4311 1324 4583 4325 1330 4597 4339 1338 4571 4313 1326 4598 4340 1311 4594 4336 1314 4593 4335 1335 4599 4341 1312 4594 4336 1314 4598 4340 1311 4591 4333 1320 4600 4342 1310 4589 4331 1307 4601 4343 1309 4600 4342 1310 4591 4333 1320 4582 4324 1285 4602 4344 1339 4583 4325 1330 4582 4324 1285 4603 4345 1283 4602 4344 1339 4604 4346 1282 4603 4345 1283 4582 4324 1285 4577 4319 1279 4606 4348 1277 4605 4347 1280 4577 4319 1279 4605 4347 1280 4581 4323 1284 4515 4256 1274 4607 4349 1322 4528 4270 1288 4608 4351 1298 4610 4350 1333 4609 4350 1297 4609 4350 1297 4610 4350 1333 4611 4352 1308 4612 4355 1284 4614 4354 1280 4613 4353 1284 4613 4353 1284 4614 4354 1280 4615 4356 1280 4615 4356 1280 4614 4354 1280 4616 4357 1277 4616 4357 1277 4614 4354 1280 4617 4358 1277 4616 4357 1277 4617 4358 1277 4618 4359 1279 4618 4359 1279 4617 4358 1277 4619 4360 1279 4619 4360 1279 4620 4361 1278 4618 4359 1279 4618 4359 1279 4620 4361 1278 4621 4362 1278 4620 4361 1278 4622 4363 1275 4621 4362 1278 4621 4362 1278 4622 4363 1275 4623 4364 1275 4623 4364 1275 4622 4363 1275 4624 4365 1274 4624 4365 1274 4622 4363 1275 4625 4366 1274 4624 4365 1274 4625 4366 1274 4626 4367 1322 4626 4367 1322 4625 4366 1274 4627 4368 1322 4626 4367 1322 4627 4368 1322 4628 4369 1288 4628 4369 1288 4627 4368 1322 4629 4370 1288 4628 4369 1288 4629 4370 1288 4630 4371 1290 4630 4371 1290 4629 4370 1288 4631 4372 1290 4630 4371 1290 4631 4372 1290 4632 4373 1291 4632 4373 1291 4631 4372 1290 4633 4374 1291 4633 4374 1291 4634 1029 1340 4632 4373 1291 4632 4373 1291 4634 1029 1340 4635 1029 1295 4636 4376 1307 4638 4375 1310 4637 4375 1301 4637 4375 1301 4638 4375 1310 4639 4377 1300 4640 4380 1283 4642 4379 1283 4641 4378 1282 4641 4378 1282 4642 4379 1283 4643 4381 1282 4641 4378 1282 4643 4381 1282 4644 4382 1285 4644 4382 1285 4643 4381 1282 4645 4383 1285 4644 4382 1285 4645 4383 1285 4613 4353 1284 4613 4353 1284 4645 4383 1285 4612 4355 1284 4640 4380 1283 4646 4384 1282 4642 4379 1283 4642 4379 1283 4646 4384 1282 4647 4385 1282 4646 4384 1282 4648 4386 1285 4647 4385 1282 4647 4385 1282 4648 4386 1285 4649 4387 1285 4648 4386 1285 4650 4388 1284 4649 4387 1285 4649 4387 1285 4650 4388 1284 4651 4389 1284 4650 4388 1284 4652 4390 1280 4651 4389 1284 4653 4391 1280 4652 4390 1280 4650 4388 1284 4653 4391 1280 4654 4392 1277 4652 4390 1280 4652 4390 1280 4654 4392 1277 4655 4393 1277 4654 4392 1277 4656 4394 1279 4655 4393 1277 4655 4393 1277 4656 4394 1279 4657 4395 1279 4656 4394 1279 4658 4396 1278 4657 4395 1279 4659 4397 1278 4658 4396 1278 4656 4394 1279 4659 4397 1278 4660 4398 1275 4658 4396 1278 4661 4399 1275 4660 4398 1275 4659 4397 1278 4661 4399 1275 4662 4400 1274 4660 4398 1275 4660 4398 1275 4662 4400 1274 4663 4401 1274 4662 4400 1274 4664 4402 1322 4663 4401 1274 4663 4401 1274 4664 4402 1322 4665 4403 1322 4664 4402 1322 4666 4404 1288 4665 4403 1322 4665 4403 1322 4666 4404 1288 4667 4405 1288 4666 4404 1288 4668 4406 1290 4667 4405 1288 4667 4405 1288 4668 4406 1290 4669 4407 1290 4668 4406 1290 4670 4408 1291 4669 4407 1290 4669 4407 1290 4670 4408 1291 4671 4409 1291 4670 4408 1291 4672 1029 1340 4671 4409 1291 4673 1029 1295 4672 1029 1340 4670 4408 1291 4674 4411 1295 4676 4410 1340 4675 4410 1294 4675 4410 1294 4676 4410 1340 4677 4412 1337 4678 4414 1337 4679 4413 1333 4534 4276 1294 4534 4276 1294 4679 4413 1333 4538 4280 1298 4680 4417 1203 4682 4416 1201 4681 4415 1202 4680 4417 1203 4681 4415 1202 4683 4418 1204 4682 4416 1201 4684 4419 1205 4681 4415 1202 4681 4415 1202 4684 4419 1205 4685 4420 1206 4681 4415 1202 4685 4420 1206 4683 4418 1204 4684 4419 1205 4686 4421 1207 4685 4420 1206 4685 4420 1206 4686 4421 1207 4687 4422 1208 4686 4421 1207 4688 4423 1209 4687 4422 1208 4687 4422 1208 4688 4423 1209 4689 4424 1210 4687 4422 1208 4689 4424 1210 4690 4425 1211 4690 4425 1211 4689 4424 1210 4691 4426 1212 4691 4426 1212 4692 4427 1213 4690 4425 1211 4693 4428 1214 4692 4427 1213 4691 4426 1212 4693 4428 1214 4694 4429 1215 4692 4427 1213 4695 4430 1216 4694 4429 1215 4693 4428 1214 4689 4424 1210 4696 4431 1217 4691 4426 1212 4691 4426 1212 4696 4431 1217 4697 4432 1218 4691 4426 1212 4697 4432 1218 4693 4428 1214 4696 4431 1217 4698 4433 1219 4697 4432 1218 4697 4432 1218 4698 4433 1219 4699 4434 1220 4697 4432 1218 4699 4434 1220 4700 4435 1221 4693 4428 1214 4700 4435 1221 4695 4430 1216 4693 4428 1214 4697 4432 1218 4700 4435 1221 4700 4435 1221 4699 4434 1220 4701 4436 1222 4700 4435 1221 4701 4436 1222 4702 4437 1223 4695 4430 1216 4700 4435 1221 4702 4437 1223 4702 4437 1223 4701 4436 1222 4703 4438 1224 4696 4431 1217 4704 4439 1225 4698 4433 1219 4705 4440 1226 4704 4439 1225 4696 4431 1217 4698 4433 1219 4706 4441 1227 4699 4434 1220 4699 4434 1220 4706 4441 1227 4707 4442 1228 4707 4442 1228 4701 4436 1222 4699 4434 1220 4704 4439 1225 4708 4443 1229 4698 4433 1219 4698 4433 1219 4708 4443 1229 4706 4441 1227 4701 4436 1222 4709 4444 1230 4703 4438 1224 4709 4444 1230 4701 4436 1222 4707 4442 1228 4703 4438 1224 4709 4444 1230 4710 4445 1231 4689 4424 1210 4705 4440 1226 4696 4431 1217 4688 4423 1209 4705 4440 1226 4689 4424 1210 4711 4446 1232 4709 4444 1230 4707 4442 1228 4712 4447 1233 4709 4444 1230 4711 4446 1232 4709 4444 1230 4712 4447 1233 4710 4445 1231 4710 4445 1231 4712 4447 1233 4713 4448 1234 4706 4441 1227 4714 4449 1235 4707 4442 1228 4707 4442 1228 4714 4449 1235 4711 4446 1232 4708 4443 1229 4715 4450 1236 4706 4441 1227 4706 4441 1227 4715 4450 1236 4714 4449 1235 4712 4447 1233 4716 4451 1237 4713 4448 1234 4713 4448 1234 4716 4451 1237 4717 4452 1238 4718 4453 1239 4717 4452 1238 4716 4451 1237 4719 4454 1240 4717 4452 1238 4718 4453 1239 4718 4453 1239 4720 4455 1241 4719 4454 1240 4719 4454 1240 4720 4455 1241 4721 4456 1242 4720 4455 1241 4722 4457 1243 4721 4456 1242 4721 4456 1242 4722 4457 1243 4723 4458 1244 4720 4455 1241 4724 4459 1245 4722 4457 1243 4725 4460 1246 4724 4459 1245 4720 4455 1241 4718 4453 1239 4725 4460 1246 4720 4455 1241 4726 4461 1247 4723 4458 1244 4722 4457 1243 4727 4462 1248 4723 4458 1244 4726 4461 1247 4728 4463 1249 4725 4460 1246 4718 4453 1239 4726 4461 1247 4722 4457 1243 4729 4464 1250 4729 4464 1250 4722 4457 1243 4724 4459 1245 4724 4459 1245 4730 4465 1251 4729 4464 1250 4731 4466 1252 4730 4465 1251 4724 4459 1245 4731 4466 1252 4732 4467 1253 4730 4465 1251 4730 4465 1251 4732 4467 1253 4733 4468 1254 4718 4453 1239 4734 4469 1255 4728 4463 1249 4735 4470 1256 4726 4461 1247 4729 4464 1250 4729 4464 1250 4730 4465 1251 4735 4470 1256 4736 4471 1257 4726 4461 1247 4735 4470 1256 4737 4472 1258 4736 4471 1257 4735 4470 1256 4735 4470 1256 4738 4473 1259 4737 4472 1258 4735 4470 1256 4739 4474 1260 4738 4473 1259 4739 4474 1260 4735 4470 1256 4740 4475 1261 4740 4475 1261 4735 4470 1256 4741 4476 1262 4735 4470 1256 4730 4465 1251 4741 4476 1262 4730 4465 1251 4733 4468 1254 4741 4476 1262 4741 4476 1262 4742 4477 1263 4740 4475 1261 4741 4476 1262 4733 4468 1254 4743 4478 1264 4743 4478 1264 4744 4479 1263 4741 4476 1262 4716 4451 1237 4745 4480 1265 4734 4469 1255 4716 4451 1237 4746 4481 1266 4745 4480 1265 4712 4447 1233 4746 4481 1266 4716 4451 1237 4712 4447 1233 4711 4446 1232 4746 4481 1266 4718 4453 1239 4716 4451 1237 4734 4469 1255 4747 4482 1267 4726 4461 1247 4736 4471 1257 4747 4482 1267 4727 4462 1248 4726 4461 1247 4747 4482 1267 4748 4483 1268 4727 4462 1248 4749 4486 1271 4751 4485 1269 4750 4484 1270 4692 4427 1213 4749 4486 1271 4750 4484 1270 4694 4429 1215 4749 4486 1271 4692 4427 1213 4692 4427 1213 4750 4484 1270 4690 4425 1211 4690 4425 1211 4750 4484 1270 4752 4487 1272 4750 4484 1270 4753 4488 1273 4752 4487 1272 4750 4484 1270 4754 4489 1269 4753 4488 1273 4752 4487 1272 4753 4488 1273 4683 4418 1204 4752 4487 1272 4687 4422 1208 4690 4425 1211 4685 4420 1206 4687 4422 1208 4752 4487 1272 4683 4418 1204 4685 4420 1206 4752 4487 1272 4753 4488 1273 4754 4489 1269 4755 4490 1203 4683 4418 1204 4753 4488 1273 4756 4491 1203 4757 4494 1276 4759 4493 1274 4758 4492 1275 4760 4495 1277 4757 4494 1276 4758 4492 1275 4761 4496 1278 4760 4495 1277 4758 4492 1275 4762 4497 1279 4760 4495 1277 4761 4496 1278 4763 4498 1280 4757 4494 1276 4760 4495 1277 4764 4499 1281 4757 4494 1276 4763 4498 1280 4763 4498 1280 4765 4500 1282 4764 4499 1281 4764 4499 1281 4765 4500 1282 4766 4501 1283 4763 4498 1280 4767 4502 1284 4765 4500 1282 4765 4500 1282 4767 4502 1284 4768 4503 1285 4769 4504 1286 4759 4493 1274 4757 4494 1276 4770 4505 1287 4759 4493 1274 4769 4504 1286 4771 4506 1288 4759 4493 1274 4770 4505 1287 4772 4507 1289 4771 4506 1288 4770 4505 1287 4773 4508 1290 4771 4506 1288 4772 4507 1289 4774 4509 1291 4773 4508 1290 4772 4507 1289 4774 4509 1291 4772 4507 1289 4775 4510 1292 4776 4511 1293 4774 4509 1291 4775 4510 1292 4777 4512 1294 4774 4509 1291 4776 4511 1293 4778 4513 1295 4774 4509 1291 4777 4512 1294 4779 4514 1296 4777 4512 1294 4776 4511 1293 4780 4515 1297 4777 4512 1294 4779 4514 1296 4777 4512 1294 4780 4515 1297 4781 4516 1298 4782 4517 1299 4780 4515 1297 4779 4514 1296 4782 4517 1299 4783 4518 1300 4780 4515 1297 4780 4515 1297 4783 4518 1300 4784 4519 1301 4782 4517 1299 4785 4520 1302 4783 4518 1300 4785 4520 1302 4786 4521 1303 4783 4518 1300 4785 4520 1302 4787 4522 1304 4786 4521 1303 4788 4523 1305 4787 4522 1304 4785 4520 1302 4789 4524 1306 4787 4522 1304 4788 4523 1305 4784 4519 1301 4790 4525 1307 4780 4515 1297 4780 4515 1297 4790 4525 1307 4791 4526 1308 4786 4521 1303 4792 4527 1309 4783 4518 1300 4783 4518 1300 4792 4527 1309 4793 4528 1310 4789 4524 1306 4794 4529 1311 4787 4522 1304 4787 4522 1304 4794 4529 1311 4795 4530 1312 4786 4521 1303 4796 4531 1341 4792 4527 1309 4797 4532 1342 4796 4531 1341 4786 4521 1303 4797 4532 1342 4798 4533 1318 4796 4531 1341 4799 4534 1317 4798 4533 1318 4797 4532 1342 4787 4522 1304 4800 4535 1343 4786 4521 1303 4795 4530 1312 4800 4535 1343 4787 4522 1304 4786 4521 1303 4800 4535 1343 4801 4536 1342 4800 4535 1343 4802 4537 1315 4801 4536 1342 4801 4536 1342 4802 4537 1315 4803 4538 1317 4803 4538 1317 4802 4537 1315 4804 4539 1318 4804 4539 1318 4802 4537 1315 4805 4540 1319 4800 4535 1343 4806 4541 1344 4802 4537 1315 4802 4537 1315 4806 4541 1344 4805 4540 1319 4806 4541 1344 4800 4535 1343 4795 4530 1312 4807 4544 1295 4809 4543 1321 4808 4542 1290 4808 4542 1290 4809 4543 1321 4810 4545 1322 4811 4546 1323 4809 4543 1321 4807 4544 1295 4811 4546 1323 4812 4547 1324 4809 4543 1321 4813 4548 1325 4812 4547 1324 4811 4546 1323 4812 4547 1324 4814 4549 1326 4809 4543 1321 4809 4543 1321 4814 4549 1326 4815 4550 1327 4810 4545 1322 4809 4543 1321 4815 4550 1327 4808 4542 1290 4810 4545 1322 4816 4551 1288 4807 4544 1295 4808 4542 1290 4817 4552 1291 4810 4545 1322 4815 4550 1327 4818 4553 1328 4810 4545 1322 4818 4553 1328 4819 4554 1278 4818 4553 1328 4820 4555 1279 4819 4554 1278 4821 4556 1329 4820 4555 1279 4818 4553 1328 4815 4550 1327 4821 4556 1329 4818 4553 1328 4815 4550 1327 4814 4549 1326 4821 4556 1329 4810 4545 1322 4819 4554 1278 4822 4557 1274 4822 4557 1274 4819 4554 1278 4823 4558 1275 4821 4556 1329 4824 4559 1284 4820 4555 1279 4821 4556 1329 4814 4549 1326 4824 4559 1284 4824 4559 1284 4814 4549 1326 4825 4560 1285 4826 4561 1330 4825 4560 1285 4814 4549 1326 4827 4562 1331 4813 4548 1325 4811 4546 1323 4827 4562 1331 4811 4546 1323 4828 4563 1332 4828 4563 1332 4811 4546 1323 4829 4564 1333 4830 4565 1319 4827 4562 1331 4828 4563 1332 4830 4565 1319 4828 4563 1332 4831 4566 1318 4832 4567 1307 4831 4566 1318 4828 4563 1332 4832 4567 1307 4828 4563 1332 4829 4564 1333 4832 4567 1307 4829 4564 1333 4833 4568 1308 4834 4569 1341 4831 4566 1318 4832 4567 1307 4830 4565 1319 4835 4570 1334 4827 4562 1331 4835 4570 1334 4830 4565 1319 4836 4571 1335 4836 4571 1335 4830 4565 1319 4837 4572 1344 4835 4570 1334 4838 4573 1336 4827 4562 1331 4829 4564 1333 4811 4546 1323 4807 4544 1295 4829 4564 1333 4807 4544 1295 4839 4574 1337 4827 4562 1331 4838 4573 1336 4813 4548 1325 4838 4573 1336 4840 4575 1338 4813 4548 1325 4813 4548 1325 4840 4575 1338 4812 4547 1324 4812 4547 1324 4840 4575 1338 4814 4549 1326 4814 4549 1326 4840 4575 1338 4826 4561 1330 4841 4576 1310 4834 4569 1341 4832 4567 1307 4842 4577 1309 4834 4569 1341 4841 4576 1310 4836 4571 1335 4837 4572 1344 4843 4578 1311 4843 4578 1311 4837 4572 1344 4844 4579 1312 4825 4560 1285 4826 4561 1330 4845 4580 1339 4845 4580 1339 4846 4581 1283 4825 4560 1285 4825 4560 1285 4846 4581 1283 4847 4582 1282 4820 4555 1279 4849 4584 1280 4848 4583 1277 4820 4555 1279 4824 4559 1284 4849 4584 1280 4759 4493 1274 4771 4506 1288 4850 4585 1322 4851 4587 1298 4853 4586 1297 4852 4586 1333 4852 4586 1333 4853 4586 1297 4854 4588 1308 4855 4590 1300 4857 4589 1310 4856 4589 1301 4856 4589 1301 4857 4589 1310 4858 4591 1307 4859 4593 1295 4861 4592 1294 4860 4592 1340 4860 4592 1340 4861 4592 1294 4862 4594 1337 4781 4516 1298 4863 4595 1333 4777 4512 1294 4777 4512 1294 4863 4595 1333 4864 4596 1337 4865 4599 1347 4867 4598 1346 4866 4597 1345 4866 4597 1345 4867 4598 1346 4868 4600 1348 4867 4598 1346 4869 4601 1349 4868 4600 1348 4870 4602 1350 4869 4601 1349 4867 4598 1346 4871 4603 1351 4865 4599 1347 4866 4597 1345 4872 4604 1352 4871 4603 1351 4866 4597 1345 4873 4605 1353 4871 4603 1351 4872 4604 1352 4874 4606 1354 4873 4605 1353 4872 4604 1352 4875 4609 1357 4877 4608 1356 4876 4607 1355 4875 4609 1357 4878 4610 1358 4877 4608 1356 4877 4608 1356 4878 4610 1358 4879 4611 1359 4880 4614 1362 4882 4613 1361 4881 4612 1360 4881 4612 1360 4882 4613 1361 4883 4615 1363 4881 4612 1360 4883 4615 1363 4884 4616 1364 4882 4613 1361 4880 4614 1362 4885 4617 1365 4885 4617 1365 4880 4614 1362 4886 4618 1366 4887 4621 1369 4889 4620 1368 4888 4619 1367 4888 4619 1367 4889 4620 1368 4890 4622 1370 4891 4623 1364 4888 4619 1367 4890 4622 1370 4891 4623 1364 4890 4622 1370 4892 4624 1360 4893 4627 1373 4895 4626 1372 4894 4625 1371 4896 4628 1374 4895 4626 1372 4893 4627 1373 4893 4627 1373 4894 4625 1371 4897 4629 1375 4897 4629 1375 4894 4625 1371 4898 4630 1376 4897 4629 1375 4898 4630 1376 4899 4631 1377 4900 4632 1378 4899 4631 1377 4898 4630 1376 4900 4632 1378 4898 4630 1376 4901 4633 1379 4901 4633 1379 4898 4630 1376 4894 4625 1371 4894 4625 1371 4902 4634 1380 4901 4633 1379 4894 4625 1371 4895 4626 1372 4902 4634 1380 4901 4633 1379 4902 4634 1380 4903 4635 1381 4904 4638 1383 4906 4637 1382 4905 4636 1346 4905 4636 1346 4906 4637 1382 4907 4639 1348 4907 4639 1348 4908 4640 1349 4905 4636 1346 4905 4636 1346 4908 4640 1349 4909 4641 1350 4910 4642 1384 4906 4637 1382 4904 4638 1383 4910 4642 1384 4911 4643 1352 4906 4637 1382 4912 4644 1353 4911 4643 1352 4910 4642 1384 4913 4645 1354 4911 4643 1352 4912 4644 1353 4914 4648 1359 4916 4647 1358 4915 4646 1385 4915 4646 1385 4916 4647 1358 4917 4649 1357 4915 4646 1385 4917 4649 1357 4918 4650 1355 4919 4653 1388 4921 4652 1387 4920 4651 1386 4920 4651 1386 4921 4652 1387 4922 4654 1389 4922 4654 1389 4921 4652 1387 4923 4655 1390 4922 4654 1389 4923 4655 1390 4924 4656 1391 4925 4659 1391 4927 4658 1390 4926 4657 1392 4926 4657 1392 4928 4660 1393 4925 4659 1391 4925 4659 1391 4928 4660 1393 4929 4661 1394 4928 4660 1393 4930 4662 1365 4929 4661 1394 4929 4661 1394 4930 4662 1365 4931 4663 1366 4932 4666 1373 4934 4665 1371 4933 4664 1372 4935 4667 1380 4933 4664 1372 4934 4665 1371 4936 4668 1374 4932 4666 1373 4933 4664 1372 4932 4666 1373 4937 4669 1375 4934 4665 1371 4934 4665 1371 4937 4669 1375 4938 4670 1376 4937 4669 1375 4939 4671 1377 4938 4670 1376 4940 4672 1378 4938 4670 1376 4939 4671 1377 4934 4665 1371 4938 4670 1376 4941 4673 1379 4941 4673 1379 4938 4670 1376 4940 4672 1378 4935 4667 1380 4934 4665 1371 4941 4673 1379 4935 4667 1380 4941 4673 1379 4942 4674 1381 4943 4677 1397 4945 4676 1396 4944 4675 1395 4946 4678 1398 4945 4676 1396 4943 4677 1397 4946 4678 1398 4947 4679 1399 4945 4676 1396 4947 4679 1399 4948 4680 1400 4945 4676 1396 4946 4678 1398 4949 4681 1401 4947 4679 1399 4950 4682 1402 4949 4681 1401 4946 4678 1398 4950 4682 1402 4951 4683 1403 4949 4681 1401 4952 4684 1404 4951 4683 1403 4950 4682 1402 4950 4682 1402 4953 4685 1405 4952 4684 1404 4950 4682 1402 4954 4686 1406 4953 4685 1405 4950 4682 1402 4946 4678 1398 4954 4686 1406 4954 4686 1406 4943 4677 1397 4944 4675 1395 4946 4678 1398 4943 4677 1397 4954 4686 1406 4952 4684 1404 4953 4685 1405 4955 4687 1407 4953 4685 1405 4956 4688 1408 4955 4687 1407 4953 4685 1405 4957 4689 1409 4956 4688 1408 4953 4685 1405 4954 4686 1406 4957 4689 1409 4955 4687 1407 4956 4688 1408 4958 4690 1410 4959 4691 1411 4951 4683 1403 4952 4684 1404 4955 4687 1407 4959 4691 1411 4952 4684 1404 4951 4683 1403 4959 4691 1411 4960 4692 1412 4961 4693 1413 4959 4691 1411 4955 4687 1407 4958 4690 1410 4961 4693 1413 4955 4687 1407 4961 4693 1413 4962 4694 1414 4959 4691 1411 4959 4691 1411 4962 4694 1414 4963 4695 1415 4959 4691 1411 4963 4695 1415 4960 4692 1412 4964 4696 1416 4962 4694 1414 4961 4693 1413 4965 4697 1417 4964 4696 1416 4961 4693 1413 4965 4697 1417 4961 4693 1413 4958 4690 1410 4966 4698 1418 4964 4696 1416 4965 4697 1417 4962 4694 1414 4967 4699 1419 4963 4695 1415 4968 4700 1420 4963 4695 1415 4967 4699 1419 4968 4700 1420 4967 4699 1419 4969 4701 1421 4967 4699 1419 4962 4694 1414 4969 4701 1421 4969 4701 1421 4962 4694 1414 4964 4696 1416 4966 4698 1418 4969 4701 1421 4964 4696 1416 4970 4702 1422 4969 4701 1421 4966 4698 1418 4971 4703 1423 4969 4701 1421 4970 4702 1422 4968 4700 1420 4969 4701 1421 4971 4703 1423 4972 4706 1426 4974 4705 1425 4973 4704 1424 4972 4706 1426 4975 4707 1427 4974 4705 1425 4974 4705 1425 4975 4707 1427 4976 4708 1428 4975 4707 1427 4972 4706 1426 4977 4709 1429 4976 4708 1428 4975 4707 1427 4978 4710 1430 4975 4707 1427 4977 4709 1429 4979 4711 1431 4979 4711 1431 4977 4709 1429 4980 4712 1432 4977 4709 1429 4981 4713 1433 4980 4712 1432 4980 4712 1432 4981 4713 1433 4982 4714 1434 4983 4715 1435 4980 4712 1432 4982 4714 1434 4983 4715 1435 4979 4711 1431 4980 4712 1432 4983 4715 1435 4984 4716 1436 4979 4711 1431 4979 4711 1431 4984 4716 1436 4985 4717 1437 4975 4707 1427 4979 4711 1431 4985 4717 1437 4975 4707 1427 4986 4718 1438 4978 4710 1430 4975 4707 1427 4985 4717 1437 4986 4718 1438 4987 4719 1439 4981 4713 1433 4977 4709 1429 4988 4720 1440 4981 4713 1433 4987 4719 1439 4981 4713 1433 4988 4720 1440 4989 4721 1441 4990 4722 1442 4989 4721 1441 4988 4720 1440 4988 4720 1440 4991 4723 1443 4990 4722 1442 4992 4724 1444 4991 4723 1443 4988 4720 1440 4993 4725 1445 4991 4723 1443 4992 4724 1444 4994 4726 1446 4991 4723 1443 4993 4725 1445 4993 4725 1445 4992 4724 1444 4995 4727 1447 4995 4727 1447 4992 4724 1444 4996 4728 1448 4988 4720 1440 4996 4728 1448 4992 4724 1444 4987 4719 1439 4996 4728 1448 4988 4720 1440 4989 4721 1441 4990 4722 1442 4997 4729 1449 4977 4709 1429 4996 4728 1448 4987 4719 1439 4972 4706 1426 4996 4728 1448 4977 4709 1429 4973 4704 1424 4995 4727 1447 4996 4728 1448 4973 4704 1424 4996 4728 1448 4972 4706 1426 4997 4729 1449 4990 4722 1442 4998 4730 1450 4997 4729 1449 4998 4730 1450 4999 4731 1451 4999 4731 1451 4998 4730 1450 5000 4732 1452 5000 4732 1452 4998 4730 1450 5001 4733 1453 4998 4730 1450 5002 4734 1454 5001 4733 1453 4998 4730 1450 4990 4722 1442 5002 4734 1454 5002 4734 1454 5003 4735 1455 5001 4733 1453 5004 4736 1456 5003 4735 1455 5002 4734 1454 5005 4737 1457 5003 4735 1455 5004 4736 1456 4997 4729 1449 4999 4731 1451 5006 4738 1458 5000 4732 1452 5001 4733 1453 5007 4739 1459 5000 4732 1452 5007 4739 1459 5008 4740 1460 5007 4739 1459 5001 4733 1453 5009 4741 1461 5007 4739 1459 5009 4741 1461 5010 4742 1462 5009 4741 1461 5011 4743 1463 5010 4742 1462 5012 4744 1464 5011 4743 1463 5009 4741 1461 5003 4735 1455 5012 4744 1464 5001 4733 1453 5001 4733 1453 5012 4744 1464 5009 4741 1461 5012 4744 1464 5013 4745 1465 5011 4743 1463 5014 4746 1466 5013 4745 1465 5012 4744 1464 5005 4737 1457 5014 4746 1466 5003 4735 1455 5003 4735 1455 5014 4746 1466 5012 4744 1464 4990 4722 1442 5004 4736 1456 5002 4734 1454 4991 4723 1443 5004 4736 1456 4990 4722 1442 4994 4726 1446 5004 4736 1456 4991 4723 1443 5015 4747 1467 5004 4736 1456 4994 4726 1446 5005 4737 1457 5004 4736 1456 5015 4747 1467 5007 4739 1459 5016 4748 1468 5008 4740 1460 5007 4739 1459 5010 4742 1462 5017 4749 1469 5018 4750 1470 5016 4748 1468 5007 4739 1459 5018 4750 1470 5007 4739 1459 5017 4749 1469 5019 4751 1471 5018 4750 1470 5017 4749 1469 5017 4749 1469 5010 4742 1462 5019 4751 1471 5019 4751 1471 5010 4742 1462 5020 4752 1472 5020 4752 1472 5010 4742 1462 5021 4753 1473 5022 4756 1476 5024 4755 1475 5023 4754 1474 5023 4754 1474 5024 4755 1475 5025 4757 1477 5022 4756 1476 5026 4758 1478 5024 4755 1475 5023 4754 1474 5025 4757 1477 5027 4759 1479 5027 4759 1479 5028 4760 1480 5023 4754 1474 5029 4761 1481 5028 4760 1480 5027 4759 1479 5030 4762 1482 5029 4761 1481 5027 4759 1479 5031 4763 1483 5026 4758 1478 5022 4756 1476 5032 4764 1484 5026 4758 1478 5031 4763 1483 5031 4763 1483 5022 4756 1476 5033 4765 1485 5031 4763 1483 5033 4765 1485 5034 4766 1486 5031 4763 1483 5034 4766 1486 5035 4767 1487 5031 4763 1483 5035 4767 1487 5036 4768 1488 5037 4769 1489 5031 4763 1483 5036 4768 1488 5032 4764 1484 5031 4763 1483 5037 4769 1489 5032 4764 1484 5039 4771 1491 5038 4770 1490 5040 4772 1492 5039 4771 1491 5032 4764 1484 5040 4772 1492 5041 4773 1493 5039 4771 1491 5042 4774 1494 5040 4772 1492 5032 4764 1484 5043 4775 1495 5040 4772 1492 5042 4774 1494 5044 4776 1496 5043 4775 1495 5042 4774 1494 5045 4777 1497 5043 4775 1495 5044 4776 1496 5045 4777 1497 5046 4778 1498 5043 4775 1495 5046 4778 1498 5047 4779 1499 5043 4775 1495 5048 4780 1500 5047 4779 1499 5046 4778 1498 5048 4780 1500 5049 4781 1501 5047 4779 1499 5047 4779 1499 5049 4781 1501 5050 4782 1502 5050 4782 1502 5043 4775 1495 5047 4779 1499 5050 4782 1502 5049 4781 1501 5051 4783 1503 5051 4783 1503 5052 4784 1504 5050 4782 1502 5050 4782 1502 5052 4784 1504 5043 4775 1495 5043 4775 1495 5052 4784 1504 5040 4772 1492 5053 4785 1505 5052 4784 1504 5051 4783 1503 5041 4773 1493 5040 4772 1492 5053 4785 1505 5053 4785 1505 5040 4772 1492 5052 4784 1504 5051 4783 1503 5054 4786 1506 5053 4785 1505 5053 4785 1505 5054 4786 1506 5041 4773 1493 5054 4786 1506 5055 4787 1507 5041 4773 1493 5051 4783 1503 5056 4788 1508 5054 4786 1506 5051 4783 1503 5057 4789 1509 5056 4788 1508 5057 4789 1509 5058 4790 1510 5056 4788 1508 5057 4789 1509 5059 4791 1511 5058 4790 1510 5056 4788 1508 5058 4790 1510 5060 4792 1512 5056 4788 1508 5060 4792 1512 5061 4793 1513 5056 4788 1508 5061 4793 1513 5062 4794 1514 5055 4787 1507 5054 4786 1506 5062 4794 1514 5062 4794 1514 5054 4786 1506 5056 4788 1508 5048 4780 1500 5063 4795 1515 5049 4781 1501 5062 4794 1514 5061 4793 1513 5064 4796 1516 5064 4796 1516 5055 4787 1507 5062 4794 1514 5065 4797 1517 5055 4787 1507 5064 4796 1516 5066 4798 1518 5055 4787 1507 5065 4797 1517 5066 4798 1518 5041 4773 1493 5055 4787 1507 5039 4771 1491 5041 4773 1493 5066 4798 1518 5067 4801 1521 5069 4800 1520 5068 4799 1519 5069 4800 1520 5070 4802 1522 5068 4799 1519 5069 4800 1520 5067 4801 1521 5071 4803 1523 5069 4800 1520 5071 4803 1523 5072 4804 1524 5069 4800 1520 5072 4804 1524 5073 4805 1525 5073 4805 1525 5074 4806 1526 5069 4800 1520 5069 4800 1520 5074 4806 1526 5070 4802 1522 5075 4807 1527 5074 4806 1526 5073 4805 1525 5073 4805 1525 5076 4808 1528 5075 4807 1527 5073 4805 1525 5072 4804 1524 5076 4808 1528 5075 4807 1527 5076 4808 1528 5077 4809 1529 5077 4809 1529 5078 4810 1530 5075 4807 1527 5075 4807 1527 5078 4810 1530 5079 4811 1531 5074 4806 1526 5075 4807 1527 5079 4811 1531 5080 4812 1532 5074 4806 1526 5079 4811 1531 5080 4812 1532 5079 4811 1531 5081 4813 1533 5079 4811 1531 5082 4814 1534 5081 4813 1533 5080 4812 1532 5081 4813 1533 5083 4815 1535 5083 4815 1535 5074 4806 1526 5080 4812 1532 5083 4815 1535 5081 4813 1533 5084 4816 1536 5085 4817 1537 5074 4806 1526 5083 4815 1535 5074 4806 1526 5085 4817 1537 5070 4802 1522 5077 4809 1529 5086 4818 1538 5078 4810 1530 5076 4808 1528 5086 4818 1538 5077 4809 1529 5078 4810 1530 5086 4818 1538 5087 4819 1539 5087 4819 1539 5086 4818 1538 5088 4820 1540 5088 4820 1540 5086 4818 1538 5089 4821 1541 5089 4821 1541 5086 4818 1538 5076 4808 1528 5090 4822 1542 5087 4819 1539 5088 4820 1540 5087 4819 1539 5090 4822 1542 5091 4823 1543 5091 4823 1543 5092 4824 1544 5087 4819 1539 5083 4815 1535 5093 4825 1545 5085 4817 1537 5094 4826 1546 5093 4825 1545 5083 4815 1535 5084 4816 1536 5094 4826 1546 5083 4815 1535 5095 4827 1547 5093 4825 1545 5094 4826 1546 5094 4826 1546 5096 4828 1548 5095 4827 1547 5096 4828 1548 5097 4829 1549 5095 4827 1547 5095 4827 1547 5097 4829 1549 5098 4830 1550 5098 4830 1550 5099 4831 1551 5095 4827 1547 5100 4832 1552 5096 4828 1548 5094 4826 1546 5101 4833 1551 5093 4825 1545 5095 4827 1547 5102 4834 1553 5101 4833 1551 5098 4830 1550 5100 4832 1552 5094 4826 1546 5084 4816 1536 5084 4816 1536 5103 4835 1554 5100 4832 1552 5084 4816 1536 5081 4813 1533 5103 4835 1554 5100 4832 1552 5103 4835 1554 5104 4836 1555 5096 4828 1548 5100 4832 1552 5105 4837 1556 5105 4837 1556 5100 4832 1552 5104 4836 1555 5097 4829 1549 5096 4828 1548 5105 4837 1556 5104 4836 1555 5106 4838 1557 5105 4837 1556 5105 4837 1556 5106 4838 1557 5107 4839 1558 5107 4839 1558 5106 4838 1557 5108 4840 1559 5108 4840 1559 5106 4838 1557 5109 4841 1560 5110 4842 1561 5107 4839 1558 5108 4840 1559 5111 4843 1562 5107 4839 1558 5110 4842 1561 5111 4843 1562 5105 4837 1556 5107 4839 1558 5106 4838 1557 5112 4844 1563 5109 4841 1560 5113 4845 1564 5112 4844 1563 5106 4838 1557 5103 4835 1554 5113 4845 1564 5104 4836 1555 5104 4836 1555 5113 4845 1564 5106 4838 1557 5113 4845 1564 5114 4846 1565 5112 4844 1563 5115 4847 1566 5114 4846 1565 5113 4845 1564 5115 4847 1566 5113 4845 1564 5103 4835 1554 5114 4846 1565 5115 4847 1566 5116 4848 1567 5116 4848 1567 5115 4847 1566 5117 4849 1568 5117 4849 1568 5118 4850 1569 5116 4848 1567 5119 4851 1570 5118 4850 1569 5117 4849 1568 5120 4852 1571 5118 4850 1569 5119 4851 1570 5121 4853 1572 5118 4850 1569 5120 4852 1571 5120 4852 1571 5122 4854 1573 5121 4853 1572 5121 4853 1572 5122 4854 1573 5123 4855 1574 5120 4852 1571 5124 4856 1575 5122 4854 1573 5122 4854 1573 5124 4856 1575 5091 4823 1543 5124 4856 1575 5120 4852 1571 5125 4857 1576 5125 4857 1576 5120 4852 1571 5119 4851 1570 5124 4856 1575 5125 4857 1576 5092 4824 1544 5091 4823 1543 5124 4856 1575 5092 4824 1544 5092 4824 1544 5125 4857 1576 5126 4858 1577 5126 4858 1577 5125 4857 1576 5082 4814 1534 5082 4814 1534 5125 4857 1576 5127 4859 1578 5125 4857 1576 5119 4851 1570 5127 4859 1578 5127 4859 1578 5119 4851 1570 5117 4849 1568 5092 4824 1544 5126 4858 1577 5087 4819 1539 5087 4819 1539 5126 4858 1577 5078 4810 1530 5078 4810 1530 5126 4858 1577 5079 4811 1531 5079 4811 1531 5126 4858 1577 5082 4814 1534 5082 4814 1534 5127 4859 1578 5081 4813 1533 5128 4860 1579 5081 4813 1533 5127 4859 1578 5081 4813 1533 5128 4860 1579 5103 4835 1554 5128 4860 1579 5115 4847 1566 5103 4835 1554 5115 4847 1566 5128 4860 1579 5117 4849 1568 5117 4849 1568 5128 4860 1579 5127 4859 1578 5129 4862 1581 5130 4861 1580 5093 4825 1545 5129 4862 1581 5093 4825 1545 5131 4863 1582 5131 4863 1582 5093 4825 1545 5132 4864 1551 5085 4817 1537 5093 4825 1545 5130 4861 1580 5133 4865 1583 5085 4817 1537 5130 4861 1580 5070 4802 1522 5085 4817 1537 5133 4865 1583 5070 4802 1522 5133 4865 1583 5068 4799 1519 5068 4799 1519 5133 4865 1583 5134 4866 1584 5133 4865 1583 5130 4861 1580 5134 4866 1584 5068 4799 1519 5134 4866 1584 5135 4867 1585 5135 4867 1585 5134 4866 1584 5136 4868 1586 5137 4869 1587 5136 4868 1586 5134 4866 1584 5134 4866 1584 5130 4861 1580 5137 4869 1587 5137 4869 1587 5130 4861 1580 5129 4862 1581 5138 4870 1588 5136 4868 1586 5137 4869 1587 5138 4870 1588 5139 4871 1589 5136 4868 1586 5139 4871 1589 5135 4867 1585 5136 4868 1586 5140 4872 1590 5139 4871 1589 5138 4870 1588 5140 4872 1590 5138 4870 1588 5141 4873 1591 5142 4874 1592 5135 4867 1585 5139 4871 1589 5138 4870 1588 5143 4875 1593 5141 4873 1591 5138 4870 1588 5137 4869 1587 5143 4875 1593 5135 4867 1585 5067 4801 1521 5068 4799 1519 5144 4876 1594 5067 4801 1521 5135 4867 1585 5142 4874 1592 5144 4876 1594 5135 4867 1585 5142 4874 1592 5145 4877 1595 5144 4876 1594 5145 4877 1595 5146 4878 1596 5144 4876 1594 5147 4879 1597 5145 4877 1595 5142 4874 1592 5144 4876 1594 5146 4878 1596 5071 4803 1523 5071 4803 1523 5067 4801 1521 5144 4876 1594 5148 4880 1598 5071 4803 1523 5146 4878 1596 5071 4803 1523 5148 4880 1598 5072 4804 1524 5072 4804 1524 5148 4880 1598 5149 4881 1599 5148 4880 1598 5150 4882 1600 5149 4881 1599 5149 4881 1599 5089 4821 1541 5072 4804 1524 5151 4883 1601 5089 4821 1541 5149 4881 1599 5150 4882 1600 5151 4883 1601 5149 4881 1599 5072 4804 1524 5089 4821 1541 5076 4808 1528 5151 4883 1601 5088 4820 1540 5089 4821 1541 5142 4874 1592 5153 4885 1603 5152 4884 1602 5139 4871 1589 5140 4872 1590 5153 4885 1603 5142 4874 1592 5139 4871 1589 5153 4885 1603 5154 4888 1606 5156 4887 1605 5155 4886 1604 5157 4889 1607 5155 4886 1604 5156 4887 1605 5156 4887 1605 5154 4888 1606 5158 4890 1608 5158 4890 1608 5154 4888 1606 5159 4891 1609 5160 4892 1610 5158 4890 1608 5159 4891 1609 5161 4893 1611 5160 4892 1610 5159 4891 1609 5160 4892 1610 5161 4893 1611 5162 4894 1612 5163 4895 1613 5161 4893 1611 5159 4891 1609 5163 4895 1613 5164 4896 1614 5162 4894 1612 5164 4896 1614 5165 4897 1615 5162 4894 1612 5166 4899 1617 5155 4886 1604 5167 4898 1616 5166 4899 1617 5167 4898 1616 5168 4900 1618 5166 4899 1617 5168 4900 1618 5169 4901 1619 5170 4903 1619 5172 4903 1621 5171 4902 1620 5170 4903 1619 5173 4904 1618 5172 4903 1621 5174 4906 1623 5171 4902 1620 5175 4905 1622 5176 4907 1624 5174 4906 1623 5175 4905 1622 5176 4907 1624 5175 4905 1622 5177 4908 1625 5176 4907 1624 5177 4908 1625 5178 4909 1622 5176 4907 1624 5178 4909 1622 5179 4910 1623 5178 4909 1622 5180 4911 1620 5179 4910 1623 5181 4912 1619 5180 4911 1620 5182 4912 1621 5182 4912 1621 5183 4913 1618 5181 4912 1619 5184 4916 1628 5186 4915 1627 5185 4914 1626 5187 4918 1629 5185 4914 1626 5188 4917 1627 5187 4918 1629 5186 4915 1627 5189 4919 1623 5187 4918 1629 5189 4919 1623 5190 4920 1630 5190 4920 1630 5189 4919 1623 5191 4921 1624 5192 4922 1615 5194 4922 1631 5193 4922 1628 5195 4924 1633 5143 4875 1593 5196 4923 1632 5143 4875 1593 5197 4925 1634 5196 4923 1632 5143 4875 1593 5137 4869 1587 5197 4925 1634 5197 4925 1634 5129 4862 1581 5196 4923 1632 5197 4925 1634 5137 4869 1587 5129 4862 1581 5196 4923 1632 5129 4862 1581 5131 4863 1582 5131 4863 1582 5101 4833 1551 5198 4926 1635 5198 4926 1635 5101 4833 1551 5102 4834 1553 5199 4928 1636 5200 4927 1582 5198 4926 1635 5199 4928 1636 5202 4930 1633 5201 4929 1632 5201 4929 1632 5203 4931 1582 5199 4928 1636 5204 4932 1625 5206 4932 1638 5205 4932 1637 5207 4934 1484 5209 4933 1490 5208 4933 1478 5210 4935 1475 5208 4933 1478 5209 4933 1490 5211 4936 1627 5213 4936 1639 5212 4936 1623 5111 4843 1562 5097 4829 1549 5105 4837 1556 5214 4938 1612 5216 4937 1615 5215 4937 1628 5217 4939 1611 5218 4939 1613 5214 4938 1612 5219 4940 1616 5221 4940 1640 5220 4940 1607 5222 4943 1643 5224 4942 1642 5223 4941 1641 5223 4941 1641 5224 4942 1642 5225 4944 1644 5225 4944 1644 5224 4942 1642 5226 4945 1645 5226 4945 1645 5227 4946 1646 5225 4944 1644 5228 4947 1647 5226 4945 1645 5224 4942 1642 5229 4948 1648 5223 4941 1641 5225 4944 1644 5230 4949 1649 5223 4941 1641 5229 4948 1648 5222 4943 1643 5223 4941 1641 5230 4949 1649 5230 4949 1649 5231 4950 1650 5222 4943 1643 5225 4944 1644 5232 4951 1651 5229 4948 1648 5233 4952 1646 5232 4951 1651 5225 4944 1644 5234 4953 1652 5233 4952 1646 5226 4945 1645 5235 4954 1653 5234 4953 1652 5226 4945 1645 5236 4955 1645 5233 4952 1646 5234 4953 1652 5237 4956 1644 5233 4952 1646 5236 4955 1645 5238 4957 1653 5236 4955 1645 5234 4953 1652 5236 4955 1645 5239 4958 1642 5237 4956 1644 5237 4956 1644 5239 4958 1642 5240 4959 1641 5241 4960 1643 5240 4959 1641 5239 4958 1642 5242 4961 1647 5239 4958 1642 5236 4955 1645 5237 4956 1644 5240 4959 1641 5243 4962 1648 5243 4962 1648 5240 4959 1641 5244 4963 1649 5241 4960 1643 5244 4963 1649 5240 4959 1641 5244 4963 1649 5241 4960 1643 5245 4964 1650 5233 4952 1646 5237 4956 1644 5246 4965 1651 5246 4965 1651 5237 4956 1644 5243 4962 1648 5241 4960 1643 5248 4967 1655 5247 4966 1654 5248 4967 1655 5249 4968 1652 5247 4966 1654 5247 4966 1654 5249 4968 1652 5250 4969 1656 5250 4969 1656 5251 4970 1651 5247 4966 1654 5247 4966 1654 5251 4970 1651 5252 4971 1657 5241 4960 1643 5247 4966 1654 5252 4971 1657 5253 4972 1650 5241 4960 1643 5252 4971 1657 5254 4974 1652 5248 4967 1655 5255 4973 1658 5254 4974 1652 5255 4973 1658 5256 4975 1659 5257 4976 1660 5256 4975 1659 5255 4973 1658 5257 4976 1660 5258 4977 1661 5256 4975 1659 5258 4977 1661 5257 4976 1660 5259 4978 1662 5256 4975 1659 5258 4977 1661 5260 4979 1663 5260 4979 1663 5258 4977 1661 5261 4980 1664 5261 4980 1664 5258 4977 1661 5262 4981 1665 5258 4977 1661 5263 4982 1666 5262 4981 1665 5262 4981 1665 5263 4982 1666 5264 4983 1667 5264 4983 1667 5263 4982 1666 5265 4984 1668 5265 4984 1668 5263 4982 1666 5266 4985 1669 5263 4982 1666 5267 4986 1670 5266 4985 1669 5259 4978 1662 5267 4986 1670 5263 4982 1666 5264 4983 1667 5265 4984 1668 5268 4987 1671 5261 4980 1664 5269 4988 1672 5260 4979 1663 5269 4988 1672 5270 4989 1673 5260 4979 1663 5260 4979 1663 5270 4989 1673 5256 4975 1659 5254 4974 1652 5256 4975 1659 5270 4989 1673 5261 4980 1664 5271 4990 1674 5269 4988 1672 5271 4990 1674 5272 4991 1675 5269 4988 1672 5269 4988 1672 5272 4991 1675 5273 4992 1676 5273 4992 1676 5274 4993 1677 5269 4988 1672 5270 4989 1673 5274 4993 1677 5254 4974 1652 5269 4988 1672 5274 4993 1677 5270 4989 1673 5254 4974 1652 5274 4993 1677 5250 4969 1656 5275 4994 1678 5274 4993 1677 5273 4992 1676 5251 4970 1651 5274 4993 1677 5275 4994 1678 5276 4995 1656 5274 4993 1677 5251 4970 1651 5277 4998 1681 5279 4997 1680 5278 4996 1679 5278 4996 1679 5279 4997 1680 5280 4999 1682 5278 4996 1679 5280 4999 1682 5281 5000 1683 5281 5000 1683 5280 4999 1682 5282 5001 1684 5283 5002 1685 5281 5000 1683 5282 5001 1684 5284 5003 1686 5281 5000 1683 5283 5002 1685 5279 4997 1680 5285 5004 1687 5280 4999 1682 5282 5001 1684 5285 5004 1687 5283 5002 1685 5280 4999 1682 5285 5004 1687 5282 5001 1684 5286 5005 1688 5284 5003 1686 5283 5002 1685 5287 5007 1690 5285 5004 1687 5288 5006 1689 5289 5008 1691 5284 5003 1686 5287 5007 1690 5289 5008 1691 5287 5007 1690 5290 5009 1692 5290 5009 1692 5287 5007 1690 5288 5006 1689 5290 5009 1692 5288 5006 1689 5291 5010 1681 5291 5010 1681 5288 5006 1689 5292 5011 1680 5288 5006 1689 5293 5012 1687 5292 5011 1680 5294 5015 1657 5296 5014 1651 5295 5013 1654 5295 5013 1654 5296 5014 1651 5297 5016 1656 5298 5017 1652 5295 5013 1654 5297 5016 1656 5299 5018 1655 5295 5013 1654 5298 5017 1652 5222 4943 1643 5295 5013 1654 5299 5018 1655 5222 4943 1643 5294 5015 1657 5295 5013 1654 5300 5019 1650 5294 5015 1657 5222 4943 1643 5301 5021 1652 5302 5020 1658 5299 5018 1655 5301 5021 1652 5303 5022 1659 5302 5020 1658 5304 5023 1660 5302 5020 1658 5303 5022 1659 5304 5023 1660 5303 5022 1659 5305 5024 1661 5305 5024 1661 5306 5025 1662 5304 5023 1660 5303 5022 1659 5307 5026 1663 5305 5024 1661 5307 5026 1663 5308 5027 1664 5305 5024 1661 5305 5024 1661 5308 5027 1664 5309 5028 1665 5309 5028 1665 5310 5029 1666 5305 5024 1661 5311 5030 1667 5310 5029 1666 5309 5028 1665 5311 5030 1667 5312 5031 1668 5310 5029 1666 5312 5031 1668 5313 5032 1669 5310 5029 1666 5310 5029 1666 5313 5032 1669 5314 5033 1670 5306 5025 1662 5310 5029 1666 5314 5033 1670 5311 5030 1667 5315 5034 1671 5312 5031 1668 5308 5027 1664 5307 5026 1663 5316 5035 1672 5316 5035 1672 5307 5026 1663 5317 5036 1673 5307 5026 1663 5303 5022 1659 5317 5036 1673 5301 5021 1652 5317 5036 1673 5303 5022 1659 5308 5027 1664 5316 5035 1672 5318 5037 1674 5318 5037 1674 5316 5035 1672 5319 5038 1675 5316 5035 1672 5320 5039 1676 5319 5038 1675 5320 5039 1676 5316 5035 1672 5321 5040 1677 5301 5021 1652 5321 5040 1677 5317 5036 1673 5316 5035 1672 5317 5036 1673 5321 5040 1677 5297 5016 1656 5321 5040 1677 5301 5021 1652 5322 5041 1678 5320 5039 1676 5321 5040 1677 5321 5040 1677 5323 5042 1651 5322 5041 1678 5324 5043 1656 5296 5014 1651 5321 5040 1677 5325 5046 1695 5327 5045 1694 5326 5044 1693 5328 5047 1696 5327 5045 1694 5325 5046 1695 5329 5048 1697 5328 5047 1696 5325 5046 1695 5330 5049 1698 5329 5048 1697 5325 5046 1695 5330 5049 1698 5325 5046 1695 5326 5044 1693 5331 5050 1699 5327 5045 1694 5328 5047 1696 5332 5051 1681 5330 5049 1698 5326 5044 1693 5329 5048 1697 5334 5053 1695 5333 5052 1696 5335 5054 1698 5334 5053 1695 5329 5048 1697 5334 5053 1695 5336 5055 1694 5333 5052 1696 5334 5053 1695 5337 5056 1693 5336 5055 1694 5335 5054 1698 5337 5056 1693 5334 5053 1695 5333 5052 1696 5336 5055 1694 5338 5057 1699 5339 5058 1681 5337 5056 1693 5335 5054 1698 5340 5061 1702 5342 5060 1701 5341 5059 1700 5340 5061 1702 5343 5062 1703 5342 5060 1701 5342 5060 1701 5343 5062 1703 5344 5063 1704 5344 5063 1704 5343 5062 1703 5345 5064 1705 5344 5063 1704 5345 5064 1705 5346 5065 1706 5346 5065 1706 5345 5064 1705 5347 5066 1707 5348 5067 1708 5349 5067 1702 5341 5059 1700 5350 5070 1711 5352 5069 1710 5351 5068 1709 5351 5068 1709 5352 5069 1710 5353 5071 1712 5353 5071 1712 5352 5069 1710 5354 5072 1713 5354 5072 1713 5352 5069 1710 5355 5073 1714 5352 5069 1710 5350 5070 1711 5355 5073 1714 5356 5074 1715 5353 5071 1712 5354 5072 1713 5353 5071 1712 5357 5075 1716 5351 5068 1709 5353 5071 1712 5358 5076 1717 5357 5075 1716 5356 5074 1715 5358 5076 1717 5353 5071 1712 5351 5068 1709 5357 5075 1716 5359 5077 1718 5360 5078 1653 5362 5078 1645 5361 5078 1647 5363 5080 1671 5365 5080 1719 5364 5079 1671 5363 5080 1671 5366 5081 1671 5365 5080 1719 5367 5084 1668 5369 5083 1720 5368 5082 1669 5370 5085 1721 5369 5083 1720 5367 5084 1668 5370 5085 1721 5371 5086 1719 5369 5083 1720 5371 5086 1719 5372 5087 1722 5369 5083 1720 5373 5088 1671 5371 5086 1719 5370 5085 1721 5373 5088 1671 5370 5085 1721 5367 5084 1668 5374 5089 1700 5376 5090 1702 5375 5089 1702 5376 5090 1702 5378 5091 1700 5377 5091 1702 5379 5094 1670 5381 5093 1670 5380 5092 1662 5380 5092 1662 5381 5093 1670 5382 5095 1723 5382 5095 1723 5383 5096 1660 5380 5092 1662 5380 5092 1662 5383 5096 1660 5384 5097 1660 5380 5092 1662 5384 5097 1660 5385 5098 1660 5381 5093 1670 5386 5099 1662 5382 5095 1723 5386 5099 1662 5383 5096 1660 5382 5095 1723 5387 5100 1670 5386 5099 1662 5381 5093 1670 5388 5101 1660 5383 5096 1660 5386 5099 1662 5386 5099 1662 5389 5102 1660 5388 5101 1660 5390 5104 1724 5391 5103 1653 5383 5096 1660 5257 4976 1660 5392 5105 1647 5390 5104 1724 5390 5104 1724 5392 5105 1647 5393 5106 1653 5394 5108 1724 5396 5107 1725 5395 5107 1653 5304 5023 1660 5394 5108 1724 5397 5109 1647 5394 5108 1724 5398 5110 1653 5397 5109 1647 5399 5113 1728 5401 5112 1727 5400 5111 1726 5400 5111 1726 5401 5112 1727 5402 5114 1729 5400 5111 1726 5402 5114 1729 5403 5115 1730 5403 5115 1730 5402 5114 1729 5404 5116 1731 5403 5115 1730 5404 5116 1731 5405 5117 1732 5405 5117 1732 5404 5116 1731 5406 5118 1733 5400 5111 1726 5407 5119 1727 5399 5113 1728 5408 5120 1729 5407 5119 1727 5400 5111 1726 5400 5111 1726 5403 5115 1730 5408 5120 1729 5403 5115 1730 5405 5117 1732 5409 5121 1731 5408 5120 1729 5403 5115 1730 5409 5121 1731 5409 5121 1731 5405 5117 1732 5410 5122 1733 5411 5123 1666 5413 5123 1662 5412 5123 1661 5414 5124 1735 5416 5124 1734 5415 5124 1688 5417 5125 1736 5419 5125 1643 5418 5125 1655 5420 5127 1655 5422 5127 1658 5421 5126 1736 5421 5126 1736 5424 5129 1658 5423 5128 1737 5228 4947 1647 5425 5130 1642 5423 5128 1737 5426 5132 1738 5428 5131 1737 5427 5131 1658 5426 5132 1738 5430 5134 1647 5429 5133 1737 5429 5133 1737 5224 4942 1642 5431 5135 1736 5224 4942 1642 5433 5136 1643 5432 5136 1736 5434 5139 1740 5436 5138 1739 5435 5137 1739 5436 5138 1739 5437 5140 1741 5435 5137 1739 5435 5137 1739 5437 5140 1741 5438 5141 1741 5434 5139 1740 5439 5142 1739 5436 5138 1739 5436 5138 1739 5439 5142 1739 5437 5140 1741 5437 5140 1741 5439 5142 1739 5440 5143 1741 5441 5144 1650 5443 5144 1643 5442 5144 1742 5444 5147 1682 5446 5146 1680 5445 5145 1679 5445 5145 1679 5446 5146 1680 5447 5148 1681 5448 5149 1683 5444 5147 1682 5445 5145 1679 5449 5150 1684 5444 5147 1682 5448 5149 1683 5448 5149 1683 5450 5151 1685 5449 5150 1684 5451 5152 1686 5450 5151 1685 5448 5149 1683 5449 5150 1684 5450 5151 1685 5452 5153 1687 5444 5147 1682 5449 5150 1684 5452 5153 1687 5451 5152 1686 5453 5154 1688 5450 5151 1685 5454 5155 1680 5444 5147 1682 5455 5155 1687 5456 5157 1690 5457 5156 1689 5452 5153 1687 5458 5158 1691 5456 5157 1690 5451 5152 1686 5457 5156 1689 5456 5157 1690 5459 5159 1692 5459 5159 1692 5456 5157 1690 5458 5158 1691 5460 5160 1681 5457 5156 1689 5459 5159 1692 5461 5161 1680 5457 5156 1689 5460 5160 1681 5457 5156 1689 5463 5162 1680 5462 5162 1687 5464 5165 1702 5466 5164 1700 5465 5163 1701 5464 5165 1702 5465 5163 1701 5467 5166 1703 5468 5167 1704 5467 5166 1703 5465 5163 1701 5469 5168 1705 5467 5166 1703 5468 5167 1704 5470 5169 1706 5469 5168 1705 5468 5167 1704 5471 5170 1707 5469 5168 1705 5470 5169 1706 5472 5171 1708 5466 5164 1700 5473 5171 1702 5474 5174 1711 5476 5173 1709 5475 5172 1710 5475 5172 1710 5476 5173 1709 5477 5175 1712 5477 5175 1712 5478 5176 1713 5475 5172 1710 5478 5176 1713 5479 5177 1714 5475 5172 1710 5479 5177 1714 5474 5174 1711 5475 5172 1710 5480 5178 1715 5478 5176 1713 5477 5175 1712 5476 5173 1709 5481 5179 1716 5477 5175 1712 5477 5175 1712 5481 5179 1716 5482 5180 1717 5480 5178 1715 5477 5175 1712 5482 5180 1717 5483 5181 1718 5481 5179 1716 5476 5173 1709 5484 5182 1653 5486 5182 1647 5485 5182 1645 5487 5185 1668 5489 5184 1669 5488 5183 1720 5490 5186 1721 5487 5185 1668 5488 5183 1720 5490 5186 1721 5488 5183 1720 5491 5187 1719 5491 5187 1719 5488 5183 1720 5492 5188 1722 5493 5189 1671 5490 5186 1721 5491 5187 1719 5493 5189 1671 5487 5185 1668 5490 5186 1721 5494 5190 1666 5496 5190 1661 5495 5190 1662 5497 5191 1735 5499 5191 1688 5498 5191 1734 5500 5192 1736 5502 5192 1655 5501 5192 1643 5503 5193 1655 5505 5194 1736 5504 5193 1658 5506 5196 1658 5505 5194 1736 5507 5195 1737 5507 5195 1737 5508 5197 1642 5242 4961 1647 5509 5199 1738 5511 5198 1658 5510 5198 1737 5509 5199 1738 5513 5201 1737 5512 5200 1647 5514 5202 1736 5239 4958 1642 5513 5201 1737 5239 4958 1642 5516 5203 1736 5515 5203 1643 5517 5204 1650 5519 5204 1742 5518 5204 1643 5520 5207 1745 5522 5206 1744 5521 5205 1743 5521 5205 1743 5522 5206 1744 5523 5208 1746 5522 5206 1744 5524 5209 1747 5523 5208 1746 5523 5208 1746 5524 5209 1747 5525 5210 1748 5524 5209 1747 5526 5211 1749 5525 5210 1748 5525 5210 1748 5526 5211 1749 5527 5212 1750 5527 5212 1750 5526 5211 1749 5528 5213 1751 5528 5213 1751 5526 5211 1749 5529 5214 1752 5530 5215 1753 5521 5205 1743 5523 5208 1746 5531 5216 1754 5521 5205 1743 5530 5215 1753 5532 5217 1755 5531 5216 1754 5530 5215 1753 5533 5218 1756 5531 5216 1754 5532 5217 1755 5532 5217 1755 5534 5219 1757 5533 5218 1756 5533 5218 1756 5534 5219 1757 5535 5220 1758 5532 5217 1755 5530 5215 1753 5536 5221 1759 5536 5221 1759 5530 5215 1753 5523 5208 1746 5536 5221 1759 5523 5208 1746 5525 5210 1748 5537 5222 1760 5532 5217 1755 5536 5221 1759 5537 5222 1760 5534 5219 1757 5532 5217 1755 5538 5223 1761 5536 5221 1759 5525 5210 1748 5538 5223 1761 5537 5222 1760 5536 5221 1759 5539 5224 1762 5537 5222 1760 5538 5223 1761 5535 5220 1758 5534 5219 1757 5540 5225 1763 5541 5226 1764 5534 5219 1757 5537 5222 1760 5541 5226 1764 5537 5222 1760 5539 5224 1762 5541 5226 1764 5542 5227 1765 5534 5219 1757 5543 5228 1766 5542 5227 1765 5541 5226 1764 5544 5229 1763 5534 5219 1757 5542 5227 1765 5545 5231 1758 5544 5229 1763 5546 5230 1757 5546 5230 1757 5547 5232 1756 5545 5231 1758 5548 5233 1755 5547 5232 1756 5546 5230 1757 5548 5233 1755 5549 5234 1754 5547 5232 1756 5550 5235 1753 5549 5234 1754 5548 5233 1755 5548 5233 1755 5551 5236 1759 5550 5235 1753 5552 5237 1760 5551 5236 1759 5548 5233 1755 5546 5230 1757 5552 5237 1760 5548 5233 1755 5549 5234 1754 5550 5235 1753 5553 5238 1743 5553 5238 1743 5550 5235 1753 5554 5239 1746 5551 5236 1759 5554 5239 1746 5550 5235 1753 5555 5240 1744 5553 5238 1743 5554 5239 1746 5556 5241 1745 5553 5238 1743 5555 5240 1744 5554 5239 1746 5557 5242 1747 5555 5240 1744 5558 5243 1748 5557 5242 1747 5554 5239 1746 5551 5236 1759 5558 5243 1748 5554 5239 1746 5557 5242 1747 5558 5243 1748 5559 5244 1749 5559 5244 1749 5558 5243 1748 5560 5245 1750 5560 5245 1750 5561 5246 1751 5559 5244 1749 5559 5244 1749 5561 5246 1751 5562 5247 1752 5563 5248 1761 5558 5243 1748 5551 5236 1759 5552 5237 1760 5563 5248 1761 5551 5236 1759 5564 5249 1762 5563 5248 1761 5552 5237 1760 5565 5250 1764 5564 5249 1762 5552 5237 1760 5565 5250 1764 5552 5237 1760 5546 5230 1757 5566 5251 1765 5565 5250 1764 5546 5230 1757 5567 5252 1766 5565 5250 1764 5566 5251 1765 5546 5230 1757 5544 5229 1763 5566 5251 1765 5558 5243 1748 5569 5254 1768 5568 5253 1767 5569 5254 1768 5570 5255 1769 5568 5253 1767 5569 5254 1768 5571 5256 1770 5570 5255 1769 5571 5256 1770 5572 5257 1771 5570 5255 1769 5571 5256 1770 5573 5258 1772 5572 5257 1771 5574 5259 1773 5573 5258 1772 5571 5256 1770 5570 5255 1769 5572 5257 1771 5575 5260 1774 5575 5260 1774 5568 5253 1767 5570 5255 1769 5576 5261 1775 5575 5260 1774 5572 5257 1771 5573 5258 1772 5576 5261 1775 5572 5257 1771 5577 5262 1776 5575 5260 1774 5576 5261 1775 5578 5263 1777 5577 5262 1776 5576 5261 1775 5579 5264 1778 5576 5261 1775 5573 5258 1772 5580 5265 1779 5568 5253 1767 5575 5260 1774 5577 5262 1776 5580 5265 1779 5575 5260 1774 5579 5264 1778 5573 5258 1772 5581 5266 1766 5581 5266 1766 5573 5258 1772 5582 5267 1780 5582 5267 1780 5573 5258 1772 5583 5268 1781 5583 5268 1781 5573 5258 1772 5574 5259 1773 5583 5268 1781 5585 5270 1773 5584 5269 1782 5584 5269 1782 5585 5270 1773 5586 5271 1783 5585 5270 1773 5587 5272 1770 5586 5271 1783 5586 5271 1783 5587 5272 1770 5588 5273 1784 5588 5273 1784 5587 5272 1770 5589 5274 1768 5588 5273 1784 5589 5274 1768 5590 5275 1785 5589 5274 1768 5591 5276 1748 5590 5275 1785 5588 5273 1784 5590 5275 1785 5592 5277 1786 5592 5277 1786 5586 5271 1783 5588 5273 1784 5593 5278 1787 5586 5271 1783 5592 5277 1786 5592 5277 1786 5594 5279 1788 5593 5278 1787 5593 5278 1787 5594 5279 1788 5595 5280 1789 5593 5278 1787 5596 5281 1766 5586 5271 1783 5586 5271 1783 5596 5281 1766 5584 5269 1782 5595 5280 1789 5596 5281 1766 5593 5278 1787 5597 5283 1790 5599 5283 1791 5598 5282 1790 5600 5284 1790 5598 5282 1790 5601 5284 1791 5602 5287 1687 5604 5286 1793 5603 5285 1792 5602 5287 1687 5603 5285 1792 5605 5288 1794 5603 5285 1792 5604 5286 1793 5606 5289 1795 5603 5285 1792 5606 5289 1795 5605 5288 1794 5606 5289 1795 5604 5286 1793 5607 5290 1796 5605 5288 1794 5606 5289 1795 5608 5291 1797 5602 5287 1687 5610 5293 1794 5609 5292 1792 5609 5292 1792 5610 5293 1794 5611 5294 1795 5609 5292 1792 5611 5294 1795 5612 5295 1793 5612 5295 1793 5611 5294 1795 5607 5290 1796 5613 5296 1687 5609 5292 1792 5612 5295 1793 5611 5294 1795 5610 5293 1794 5614 5297 1797 5615 5300 1773 5617 5299 1770 5616 5298 1772 5616 5298 1772 5617 5299 1770 5618 5301 1771 5617 5299 1770 5619 5302 1769 5618 5301 1771 5620 5303 1768 5619 5302 1769 5617 5299 1770 5618 5301 1771 5619 5302 1769 5621 5304 1774 5618 5301 1771 5621 5304 1774 5622 5305 1775 5622 5305 1775 5616 5298 1772 5618 5301 1771 5622 5305 1775 5621 5304 1774 5623 5306 1776 5624 5307 1777 5622 5305 1775 5623 5306 1776 5625 5308 1778 5616 5298 1772 5622 5305 1775 5619 5302 1769 5626 5309 1767 5621 5304 1774 5620 5303 1768 5626 5309 1767 5619 5302 1769 5525 5210 1748 5626 5309 1767 5620 5303 1768 5621 5304 1774 5626 5309 1767 5627 5310 1779 5623 5306 1776 5621 5304 1774 5627 5310 1779 5628 5311 1766 5616 5298 1772 5625 5308 1778 5629 5312 1780 5616 5298 1772 5628 5311 1766 5615 5300 1773 5616 5298 1772 5630 5313 1781 5630 5313 1781 5616 5298 1772 5629 5312 1780 5630 5313 1781 5632 5315 1782 5631 5314 1773 5631 5314 1773 5632 5315 1782 5633 5316 1783 5631 5314 1773 5633 5316 1783 5634 5317 1770 5634 5317 1770 5633 5316 1783 5635 5318 1784 5635 5318 1784 5636 5319 1768 5634 5317 1770 5635 5318 1784 5637 5320 1785 5636 5319 1768 5636 5319 1768 5637 5320 1785 5638 5321 1748 5635 5318 1784 5639 5322 1786 5637 5320 1785 5635 5318 1784 5633 5316 1783 5639 5322 1786 5639 5322 1786 5633 5316 1783 5640 5323 1787 5639 5322 1786 5640 5323 1787 5641 5324 1788 5641 5324 1788 5640 5323 1787 5642 5325 1789 5640 5323 1787 5633 5316 1783 5643 5326 1766 5643 5326 1766 5633 5316 1783 5632 5315 1782 5640 5323 1787 5643 5326 1766 5642 5325 1789 5644 5329 1687 5646 5328 1799 5645 5327 1798 5644 5329 1687 5645 5327 1798 5647 5330 1800 5645 5327 1798 5646 5328 1799 5648 5331 1801 5647 5330 1800 5645 5327 1798 5649 5332 1797 5649 5332 1797 5645 5327 1798 5648 5331 1801 5644 5329 1687 5651 5334 1803 5650 5333 1802 5644 5329 1687 5650 5333 1802 5652 5335 1799 5648 5331 1801 5652 5335 1799 5653 5336 1796 5651 5334 1803 5654 5337 1797 5650 5333 1802 5650 5333 1802 5654 5337 1797 5655 5338 1804 5650 5333 1802 5655 5338 1804 5652 5335 1799 5652 5335 1799 5655 5338 1804 5653 5336 1796 5656 5341 1797 5658 5340 1803 5657 5339 1797 5657 5339 1797 5660 5343 1805 5659 5342 1797 5660 5343 1805 5658 5340 1803 5661 5344 1687 5662 5345 1800 5660 5343 1805 5661 5344 1687 5663 5346 1797 5665 5346 1803 5664 5346 1805 5666 5347 1797 5668 5347 1805 5667 5347 1800 5669 5350 1789 5671 5349 1778 5670 5348 1788 5670 5348 1788 5671 5349 1778 5672 5351 1775 5669 5350 1789 5673 5352 1766 5671 5349 1778 5674 5354 1807 5676 5353 1791 5675 5353 1806 5674 5354 1807 5678 5355 1806 5677 5355 1791 5679 5356 1808 5681 5356 1794 5680 5356 1797 5682 5359 1797 5684 5358 1794 5683 5357 1797 5685 5361 1797 5686 5360 1794 5682 5359 1797 5684 5358 1794 5688 5362 1808 5687 5362 1687 5688 5362 1808 5686 5360 1794 5687 5362 1687 5689 5365 1790 5691 5364 1810 5690 5363 1809 5690 5363 1809 5691 5364 1810 5692 5366 1766 5693 5367 1811 5691 5364 1810 5689 5365 1790 5694 5368 1790 5696 5368 1791 5695 5368 1812 5697 5371 1752 5699 5370 1751 5698 5369 1752 5698 5369 1752 5699 5370 1751 5700 5372 1751 5701 5373 1752 5699 5370 1751 5697 5371 1752 5702 5374 1751 5699 5370 1751 5701 5373 1752 5703 5376 1815 5705 5375 1814 5704 5375 1813 5703 5376 1815 5707 5377 1813 5706 5377 1816 5708 5379 1789 5710 5379 1766 5709 5378 1766 5711 5380 1778 5709 5378 1766 5712 5380 1766 5713 5382 1766 5715 5381 1810 5714 5381 1766 5716 5383 1766 5714 5381 1766 5715 5381 1810 5717 5386 1687 5719 5385 1798 5718 5384 1799 5717 5386 1687 5720 5387 1800 5719 5385 1798 5719 5385 1798 5721 5388 1801 5718 5384 1799 5720 5387 1800 5722 5389 1797 5719 5385 1798 5719 5385 1798 5722 5389 1797 5721 5388 1801 5717 5386 1687 5724 5391 1802 5723 5390 1803 5717 5386 1687 5725 5392 1799 5724 5391 1802 5725 5392 1799 5721 5388 1801 5726 5393 1796 5724 5391 1802 5727 5394 1797 5723 5390 1803 5728 5395 1804 5727 5394 1797 5724 5391 1802 5726 5393 1796 5728 5395 1804 5725 5392 1799 5725 5392 1799 5728 5395 1804 5724 5391 1802 5729 5398 1797 5731 5397 1797 5730 5396 1803 5731 5397 1797 5733 5400 1797 5732 5399 1805 5732 5399 1805 5734 5401 1687 5730 5396 1803 5735 5402 1800 5734 5401 1687 5732 5399 1805 5736 5403 1803 5738 5403 1797 5737 5403 1805 5739 5404 1805 5741 5404 1797 5740 5404 1800 5742 5407 1775 5744 5406 1778 5743 5405 1788 5743 5405 1788 5744 5406 1778 5745 5408 1789 5744 5406 1778 5746 5409 1766 5745 5408 1789 5747 5410 1797 5749 5410 1794 5748 5410 1808 5750 5413 1790 5752 5412 1809 5751 5411 1810 5752 5412 1809 5753 5414 1766 5751 5411 1810 5754 5415 1811 5750 5413 1790 5751 5411 1810 5755 5416 1790 5757 5416 1812 5756 5416 1791 5758 5418 1766 5760 5417 1766 5759 5417 1789 5761 5419 1766 5758 5418 1766 5762 5419 1778 5763 5420 1815 5765 5420 1813 5764 5420 1751 5766 5421 1815 5768 5421 1751 5767 5421 1813 5769 5424 1406 5771 5423 1395 5770 5422 1396 5772 5425 1817 5769 5424 1406 5770 5422 1396 5773 5426 1818 5769 5424 1406 5772 5425 1817 5773 5426 1818 5774 5427 1819 5769 5424 1406 5773 5426 1818 5775 5428 1820 5774 5427 1819 5775 5428 1820 5773 5426 1818 5776 5429 1403 5773 5426 1818 5777 5430 1401 5776 5429 1403 5773 5426 1818 5772 5425 1817 5777 5430 1401 5774 5427 1819 5775 5428 1820 5778 5431 1407 5774 5427 1819 5778 5431 1407 5779 5432 1408 5774 5427 1819 5779 5432 1408 5780 5433 1409 5774 5427 1819 5780 5433 1409 5769 5424 1406 5779 5432 1408 5778 5431 1407 5781 5434 1410 5782 5435 1411 5775 5428 1820 5776 5429 1403 5775 5428 1820 5782 5435 1411 5778 5431 1407 5776 5429 1403 5783 5436 1412 5782 5435 1411 5778 5431 1407 5782 5435 1411 5784 5437 1413 5778 5431 1407 5784 5437 1413 5781 5434 1410 5785 5438 1414 5784 5437 1413 5782 5435 1411 5782 5435 1411 5786 5439 1415 5785 5438 1414 5782 5435 1411 5783 5436 1412 5786 5439 1415 5787 5440 1416 5784 5437 1413 5785 5438 1414 5784 5437 1413 5787 5440 1416 5788 5441 1417 5781 5434 1410 5784 5437 1413 5788 5441 1417 5788 5441 1417 5787 5440 1416 5789 5442 1418 5785 5438 1414 5786 5439 1415 5790 5443 1419 5791 5444 1420 5790 5443 1419 5786 5439 1415 5787 5440 1416 5785 5438 1414 5792 5445 1421 5792 5445 1421 5785 5438 1414 5790 5443 1419 5787 5440 1416 5792 5445 1421 5789 5442 1418 5791 5444 1420 5792 5445 1421 5790 5443 1419 5791 5444 1420 5793 5446 1423 5792 5445 1421 5793 5446 1423 5794 5447 1422 5792 5445 1421 5789 5442 1418 5792 5445 1421 5794 5447 1422 5795 5449 1399 5770 5422 1396 5796 5448 1400 5772 5425 1817 5770 5422 1396 5795 5449 1399 5777 5430 1401 5772 5425 1817 5795 5449 1399 5797 5452 1427 5799 5451 1822 5798 5450 1821 5798 5450 1821 5800 5453 1425 5797 5452 1427 5800 5453 1425 5801 5454 1428 5797 5452 1427 5801 5454 1428 5802 5455 1430 5797 5452 1427 5803 5456 1431 5799 5451 1822 5797 5452 1427 5804 5457 1432 5799 5451 1822 5803 5456 1431 5805 5458 1435 5804 5457 1432 5803 5456 1431 5803 5456 1431 5806 5459 1436 5805 5458 1435 5807 5460 1437 5806 5459 1436 5803 5456 1431 5797 5452 1427 5807 5460 1437 5803 5456 1431 5799 5451 1822 5804 5457 1432 5808 5461 1433 5804 5457 1432 5809 5462 1434 5808 5461 1433 5805 5458 1435 5809 5462 1434 5804 5457 1432 5797 5452 1427 5802 5455 1430 5810 5463 1438 5797 5452 1427 5810 5463 1438 5807 5460 1437 5798 5450 1821 5799 5451 1822 5811 5464 1823 5799 5451 1822 5812 5465 1439 5811 5464 1823 5808 5461 1433 5812 5465 1439 5799 5451 1822 5812 5465 1439 5813 5466 1440 5811 5464 1823 5813 5466 1440 5812 5465 1439 5808 5461 1433 5808 5461 1433 5814 5467 1824 5813 5466 1440 5813 5466 1440 5814 5467 1824 5815 5468 1825 5816 5469 1442 5813 5466 1440 5815 5468 1825 5817 5470 1443 5813 5466 1440 5816 5469 1442 5818 5471 1444 5813 5466 1440 5817 5470 1443 5811 5464 1823 5813 5466 1440 5818 5471 1444 5818 5471 1444 5817 5470 1443 5819 5472 1445 5819 5472 1445 5817 5470 1443 5820 5473 1446 5811 5464 1823 5818 5471 1444 5821 5474 1447 5821 5474 1447 5818 5471 1444 5819 5472 1445 5815 5468 1825 5822 5475 1826 5816 5469 1442 5823 5476 1827 5822 5475 1826 5815 5468 1825 5824 5477 1424 5811 5464 1823 5821 5474 1447 5824 5477 1424 5798 5450 1821 5811 5464 1823 5800 5453 1425 5798 5450 1821 5824 5477 1424 5825 5478 1456 5820 5473 1446 5817 5470 1443 5817 5470 1443 5816 5469 1442 5825 5478 1456 5816 5469 1442 5826 5479 1454 5825 5478 1456 5825 5478 1456 5826 5479 1454 5827 5480 1455 5827 5480 1455 5826 5479 1454 5828 5481 1453 5829 5482 1450 5828 5481 1453 5826 5479 1454 5829 5482 1450 5826 5479 1454 5816 5469 1442 5830 5483 1452 5828 5481 1453 5829 5482 1450 5831 5484 1457 5825 5478 1456 5827 5480 1455 5832 5485 1451 5830 5483 1452 5829 5482 1450 5830 5483 1452 5833 5486 1459 5828 5481 1453 5830 5483 1452 5834 5487 1460 5833 5486 1459 5828 5481 1453 5833 5486 1459 5835 5488 1461 5833 5486 1459 5836 5489 1462 5835 5488 1461 5837 5490 1463 5835 5488 1461 5836 5489 1462 5838 5491 1464 5835 5488 1461 5837 5490 1463 5827 5480 1455 5828 5481 1453 5838 5491 1464 5838 5491 1464 5828 5481 1453 5835 5488 1461 5839 5492 1465 5838 5491 1464 5837 5490 1463 5840 5493 1466 5838 5491 1464 5839 5492 1465 5831 5484 1457 5827 5480 1455 5840 5493 1466 5840 5493 1466 5827 5480 1455 5838 5491 1464 5833 5486 1459 5834 5487 1460 5841 5494 1468 5833 5486 1459 5842 5495 1469 5836 5489 1462 5843 5496 1470 5833 5486 1459 5841 5494 1468 5843 5496 1470 5842 5495 1469 5833 5486 1459 5844 5497 1471 5842 5495 1469 5843 5496 1470 5842 5495 1469 5844 5497 1471 5836 5489 1462 5844 5497 1471 5845 5498 1472 5836 5489 1462 5845 5498 1472 5846 5499 1473 5836 5489 1462 5832 5485 1451 5848 5501 1828 5847 5500 1458 5847 5500 1458 5848 5501 1828 5849 5502 1449 5848 5501 1828 5829 5482 1450 5816 5469 1442 5832 5485 1451 5829 5482 1450 5848 5501 1828 5850 5505 1476 5852 5504 1474 5851 5503 1475 5852 5504 1474 5853 5506 1477 5851 5503 1475 5850 5505 1476 5851 5503 1475 5854 5507 1478 5852 5504 1474 5855 5508 1479 5853 5506 1477 5855 5508 1479 5852 5504 1474 5856 5509 1480 5857 5510 1481 5855 5508 1479 5856 5509 1480 5858 5511 1482 5855 5508 1479 5857 5510 1481 5859 5514 1521 5861 5513 1519 5860 5512 1520 5860 5512 1520 5861 5513 1519 5862 5515 1522 5860 5512 1520 5863 5516 1523 5859 5514 1521 5860 5512 1520 5864 5517 1524 5863 5516 1523 5865 5518 1525 5864 5517 1524 5860 5512 1520 5865 5518 1525 5860 5512 1520 5866 5519 1526 5860 5512 1520 5862 5515 1522 5866 5519 1526 5867 5520 1527 5865 5518 1525 5866 5519 1526 5867 5520 1527 5868 5521 1528 5865 5518 1525 5868 5521 1528 5864 5517 1524 5865 5518 1525 5869 5522 1529 5868 5521 1528 5867 5520 1527 5867 5520 1527 5870 5523 1530 5869 5522 1529 5871 5524 1531 5870 5523 1530 5867 5520 1527 5866 5519 1526 5871 5524 1531 5867 5520 1527 5872 5525 1532 5871 5524 1531 5866 5519 1526 5872 5525 1532 5873 5526 1533 5871 5524 1531 5871 5524 1531 5873 5526 1533 5874 5527 1534 5872 5525 1532 5875 5528 1535 5873 5526 1533 5872 5525 1532 5866 5519 1526 5875 5528 1535 5873 5526 1533 5875 5528 1535 5876 5529 1536 5875 5528 1535 5866 5519 1526 5877 5530 1537 5862 5515 1522 5877 5530 1537 5866 5519 1526 5869 5522 1529 5870 5523 1530 5878 5531 1538 5869 5522 1529 5878 5531 1538 5868 5521 1528 5878 5531 1538 5870 5523 1530 5879 5532 1539 5879 5532 1539 5880 5533 1540 5878 5531 1538 5880 5533 1540 5881 5534 1541 5878 5531 1538 5868 5521 1528 5878 5531 1538 5881 5534 1541 5882 5535 1542 5880 5533 1540 5879 5532 1539 5879 5532 1539 5883 5536 1543 5882 5535 1542 5883 5536 1543 5879 5532 1539 5884 5537 1544 5885 5538 1545 5875 5528 1535 5877 5530 1537 5886 5539 1546 5875 5528 1535 5885 5538 1545 5875 5528 1535 5886 5539 1546 5876 5529 1536 5885 5538 1545 5887 5540 1547 5886 5539 1546 5888 5541 1548 5886 5539 1546 5887 5540 1547 5888 5541 1548 5887 5540 1547 5889 5542 1549 5889 5542 1549 5887 5540 1547 5890 5543 1550 5891 5544 1551 5890 5543 1550 5887 5540 1547 5892 5545 1552 5886 5539 1546 5888 5541 1548 5893 5546 1551 5887 5540 1547 5885 5538 1545 5894 5547 1553 5890 5543 1550 5893 5546 1551 5876 5529 1536 5886 5539 1546 5892 5545 1552 5892 5545 1552 5895 5548 1554 5876 5529 1536 5876 5529 1536 5895 5548 1554 5873 5526 1533 5896 5549 1555 5895 5548 1554 5892 5545 1552 5888 5541 1548 5897 5550 1556 5892 5545 1552 5892 5545 1552 5897 5550 1556 5896 5549 1555 5889 5542 1549 5897 5550 1556 5888 5541 1548 5897 5550 1556 5898 5551 1557 5896 5549 1555 5899 5552 1558 5898 5551 1557 5897 5550 1556 5899 5552 1558 5900 5553 1559 5898 5551 1557 5898 5551 1557 5900 5553 1559 5901 5554 1560 5900 5553 1559 5899 5552 1558 5902 5555 1561 5902 5555 1561 5899 5552 1558 5903 5556 1562 5903 5556 1562 5899 5552 1558 5897 5550 1556 5901 5554 1560 5904 5557 1563 5898 5551 1557 5898 5551 1557 5904 5557 1563 5905 5558 1564 5895 5548 1554 5896 5549 1555 5905 5558 1564 5905 5558 1564 5896 5549 1555 5898 5551 1557 5904 5557 1563 5906 5559 1565 5905 5558 1564 5905 5558 1564 5906 5559 1565 5907 5560 1566 5907 5560 1566 5895 5548 1554 5905 5558 1564 5908 5561 1567 5907 5560 1566 5906 5559 1565 5909 5562 1568 5907 5560 1566 5908 5561 1567 5910 5563 1569 5909 5562 1568 5908 5561 1567 5911 5564 1570 5909 5562 1568 5910 5563 1569 5911 5564 1570 5910 5563 1569 5912 5565 1571 5912 5565 1571 5910 5563 1569 5913 5566 1572 5913 5566 1572 5914 5567 1573 5912 5565 1571 5915 5568 1574 5914 5567 1573 5913 5566 1572 5912 5565 1571 5914 5567 1573 5916 5569 1575 5916 5569 1575 5914 5567 1573 5883 5536 1543 5916 5569 1575 5917 5570 1576 5912 5565 1571 5912 5565 1571 5917 5570 1576 5911 5564 1570 5884 5537 1544 5917 5570 1576 5916 5569 1575 5883 5536 1543 5884 5537 1544 5916 5569 1575 5918 5571 1577 5917 5570 1576 5884 5537 1544 5918 5571 1577 5874 5527 1534 5917 5570 1576 5917 5570 1576 5874 5527 1534 5919 5572 1578 5917 5570 1576 5919 5572 1578 5911 5564 1570 5911 5564 1570 5919 5572 1578 5909 5562 1568 5879 5532 1539 5918 5571 1577 5884 5537 1544 5870 5523 1530 5918 5571 1577 5879 5532 1539 5870 5523 1530 5871 5524 1531 5918 5571 1577 5918 5571 1577 5871 5524 1531 5874 5527 1534 5874 5527 1534 5873 5526 1533 5919 5572 1578 5920 5573 1579 5919 5572 1578 5873 5526 1533 5873 5526 1533 5895 5548 1554 5920 5573 1579 5920 5573 1579 5895 5548 1554 5907 5560 1566 5919 5572 1578 5920 5573 1579 5909 5562 1568 5909 5562 1568 5920 5573 1579 5907 5560 1566 5921 5575 1581 5885 5538 1545 5922 5574 1580 5921 5575 1581 5923 5576 1582 5885 5538 1545 5885 5538 1545 5923 5576 1582 5924 5577 1551 5877 5530 1537 5922 5574 1580 5885 5538 1545 5925 5578 1583 5922 5574 1580 5877 5530 1537 5925 5578 1583 5877 5530 1537 5862 5515 1522 5861 5513 1519 5925 5578 1583 5862 5515 1522 5926 5579 1584 5925 5578 1583 5861 5513 1519 5926 5579 1584 5922 5574 1580 5925 5578 1583 5927 5580 1585 5926 5579 1584 5861 5513 1519 5928 5581 1586 5926 5579 1584 5927 5580 1585 5926 5579 1584 5928 5581 1586 5929 5582 1587 5929 5582 1587 5922 5574 1580 5926 5579 1584 5929 5582 1587 5921 5575 1581 5922 5574 1580 5929 5582 1587 5928 5581 1586 5930 5583 1588 5928 5581 1586 5931 5584 1589 5930 5583 1588 5927 5580 1585 5931 5584 1589 5928 5581 1586 5930 5583 1588 5931 5584 1589 5932 5585 1590 5932 5585 1590 5933 5586 1591 5930 5583 1588 5934 5587 1592 5931 5584 1589 5927 5580 1585 5930 5583 1588 5933 5586 1591 5935 5588 1593 5930 5583 1588 5935 5588 1593 5929 5582 1587 5861 5513 1519 5859 5514 1521 5927 5580 1585 5927 5580 1585 5859 5514 1521 5936 5589 1594 5934 5587 1592 5927 5580 1585 5936 5589 1594 5934 5587 1592 5936 5589 1594 5937 5590 1595 5937 5590 1595 5936 5589 1594 5938 5591 1596 5939 5592 1597 5934 5587 1592 5937 5590 1595 5936 5589 1594 5863 5516 1523 5938 5591 1596 5863 5516 1523 5936 5589 1594 5859 5514 1521 5940 5593 1598 5938 5591 1596 5863 5516 1523 5863 5516 1523 5864 5517 1524 5940 5593 1598 5940 5593 1598 5864 5517 1524 5941 5594 1599 5940 5593 1598 5941 5594 1599 5942 5595 1600 5864 5517 1524 5881 5534 1541 5941 5594 1599 5943 5596 1601 5941 5594 1599 5881 5534 1541 5942 5595 1600 5941 5594 1599 5943 5596 1601 5868 5521 1528 5881 5534 1541 5864 5517 1524 5943 5596 1601 5881 5534 1541 5880 5533 1540 5934 5587 1592 5945 5598 1602 5944 5597 1603 5931 5584 1589 5944 5597 1603 5932 5585 1590 5934 5587 1592 5944 5597 1603 5931 5584 1589 5946 5601 1606 5948 5600 1604 5947 5599 1605 5949 5602 1607 5947 5599 1605 5948 5600 1604 5950 5603 1608 5946 5601 1606 5947 5599 1605 5951 5604 1609 5946 5601 1606 5950 5603 1608 5952 5605 1610 5951 5604 1609 5950 5603 1608 5953 5606 1611 5951 5604 1609 5952 5605 1610 5952 5605 1610 5954 5607 1612 5953 5606 1611 5955 5608 1613 5951 5604 1609 5953 5606 1611 5955 5608 1613 5954 5607 1612 5956 5609 1614 5956 5609 1614 5954 5607 1612 5957 5610 1615 5958 5612 1617 5959 5611 1616 5948 5600 1604 5958 5612 1617 5960 5613 1618 5959 5611 1616 5961 5614 1619 5960 5613 1618 5958 5612 1617 5962 5617 1628 5964 5616 1626 5963 5615 1627 5965 5619 1629 5966 5618 1627 5964 5616 1626 5965 5619 1629 5967 5620 1623 5963 5615 1627 5968 5621 1630 5967 5620 1623 5965 5619 1629 5969 5622 1624 5967 5620 1623 5968 5621 1630 5970 5623 1615 5972 5623 1628 5971 5623 1631 5973 5625 1633 5974 5624 1632 5935 5588 1593 5935 5588 1593 5974 5624 1632 5975 5626 1634 5935 5588 1593 5975 5626 1634 5929 5582 1587 5975 5626 1634 5974 5624 1632 5921 5575 1581 5975 5626 1634 5921 5575 1581 5929 5582 1587 5921 5575 1581 5974 5624 1632 5923 5576 1582 5923 5576 1582 5976 5627 1635 5893 5546 1551 5893 5546 1551 5976 5627 1635 5894 5547 1553 5977 5629 1582 5978 5628 1636 5976 5627 1635 5978 5628 1636 5980 5631 1632 5979 5630 1633 5980 5631 1632 5978 5628 1636 5981 5632 1582 5982 5633 1625 5984 5633 1637 5983 5633 1638 5985 5636 1831 5987 5635 1830 5986 5634 1829 5988 5637 1832 5986 5634 1829 5987 5635 1830 5989 5638 1833 5987 5635 1830 5985 5636 1831 5985 5636 1831 5990 5639 1834 5989 5638 1833 5991 5640 1835 5987 5635 1830 5989 5638 1833 5992 5641 1836 5985 5636 1831 5986 5634 1829 5993 5642 1837 5985 5636 1831 5992 5641 1836 5993 5642 1837 5994 5643 1838 5985 5636 1831 5985 5636 1831 5994 5643 1838 5990 5639 1834 5995 5644 1839 5994 5643 1838 5993 5642 1837 5996 5645 1840 5994 5643 1838 5995 5644 1839 5996 5645 1840 5990 5639 1834 5994 5643 1838 5997 5646 1841 5995 5644 1839 5993 5642 1837 5998 5647 1842 5995 5644 1839 5997 5646 1841 5999 5648 1843 5998 5647 1842 5997 5646 1841 5997 5646 1841 6000 5649 1844 5999 5648 1843 6001 5650 1845 6000 5649 1844 5997 5646 1841 5992 5641 1836 6001 5650 1845 5993 5642 1837 5993 5642 1837 6001 5650 1845 5997 5646 1841 6001 5650 1845 6002 5651 1846 6000 5649 1844 6003 5652 1847 6002 5651 1846 6001 5650 1845 5992 5641 1836 6003 5652 1847 6001 5650 1845 6003 5652 1847 6004 5653 1848 6002 5651 1846 6005 5654 1849 6004 5653 1848 6003 5652 1847 6006 5655 1850 5998 5647 1842 5999 5648 1843 5986 5634 1829 6003 5652 1847 5992 5641 1836 5986 5634 1829 6005 5654 1849 6003 5652 1847 5988 5637 1832 6005 5654 1849 5986 5634 1829 5999 5648 1843 6007 5656 1851 6006 5655 1850 6008 5657 1852 6007 5656 1851 5999 5648 1843 5999 5648 1843 6000 5649 1844 6008 5657 1852 6008 5657 1852 6009 5658 1853 6007 5656 1851 6010 5659 1854 6009 5658 1853 6008 5657 1852 6008 5657 1852 6011 5660 1855 6010 5659 1854 6008 5657 1852 6000 5649 1844 6011 5660 1855 6000 5649 1844 6002 5651 1846 6011 5660 1855 6010 5659 1854 6011 5660 1855 6012 5661 1856 6011 5660 1855 6013 5662 1857 6012 5661 1856 6011 5660 1855 6002 5651 1846 6013 5662 1857 6002 5651 1846 6004 5653 1848 6013 5662 1857 6012 5661 1856 6013 5662 1857 6014 5663 1858 6013 5662 1857 6004 5653 1848 6015 5664 1859 6013 5662 1857 6015 5664 1859 6016 5665 1860 6013 5662 1857 6016 5665 1860 6014 5663 1858 6009 5658 1853 6010 5659 1854 6017 5666 1861 6017 5666 1861 6010 5659 1854 6018 5667 1862 6018 5667 1862 6019 5668 1863 6017 5666 1861 6017 5666 1861 6019 5668 1863 6020 5669 1864 6010 5659 1854 6012 5661 1856 6021 5670 1865 6012 5661 1856 6014 5663 1858 6021 5670 1865 6010 5659 1854 6021 5670 1865 6018 5667 1862 6018 5667 1862 6021 5670 1865 6022 5671 1866 6018 5667 1862 6022 5671 1866 6019 5668 1863 6021 5670 1865 6023 5672 1867 6022 5671 1866 6021 5670 1865 6014 5663 1858 6023 5672 1867 6023 5672 1867 6024 5673 1868 6022 5671 1866 6025 5674 1869 6022 5671 1866 6024 5673 1868 6025 5674 1869 6019 5668 1863 6022 5671 1866 6026 5675 1870 6025 5674 1869 6024 5673 1868 6027 5676 1871 6024 5673 1868 6023 5672 1867 6014 5663 1858 6027 5676 1871 6023 5672 1867 6014 5663 1858 6016 5665 1860 6027 5676 1871 6017 5666 1861 6020 5669 1864 6028 5677 1872 6028 5677 1872 6020 5669 1864 6029 5678 1873 6030 5679 1874 6028 5677 1872 6029 5678 1873 6031 5680 1875 6028 5677 1872 6030 5679 1874 6030 5679 1874 6032 5681 1876 6031 5680 1875 6032 5681 1876 6033 5682 1877 6031 5680 1875 6034 5683 1878 6031 5680 1875 6033 5682 1877 6033 5682 1877 6035 5684 1879 6034 5683 1878 6032 5681 1876 6035 5684 1879 6033 5682 1877 6032 5681 1876 6036 5685 1880 6035 5684 1879 6034 5683 1878 6035 5684 1879 6037 5686 1881 6035 5684 1879 6038 5687 1882 6037 5686 1881 6035 5684 1879 6036 5685 1880 6038 5687 1882 6039 5688 1883 6031 5680 1875 6034 5683 1878 6031 5680 1875 6039 5688 1883 6028 5677 1872 6038 5687 1882 6036 5685 1880 6040 5689 1884 6038 5687 1882 6041 5690 1885 6037 5686 1881 6028 5677 1872 6039 5688 1883 6042 5691 1886 6038 5687 1882 6043 5692 1887 6041 5690 1885 6044 5693 1888 6038 5687 1882 6040 5689 1884 6044 5693 1888 6040 5689 1884 6045 5694 1889 6038 5687 1882 6046 5695 1890 6043 5692 1887 6038 5687 1882 6044 5693 1888 6046 5695 1890 6047 5696 1891 6041 5690 1885 6043 5692 1887 6045 5694 1889 6040 5689 1884 6048 5697 1892 6042 5691 1886 6039 5688 1883 6049 5698 1893 6049 5698 1893 6039 5688 1883 6050 5699 1894 6049 5698 1893 6050 5699 1894 6051 5700 1895 6051 5700 1895 6050 5699 1894 6052 5701 1896 6050 5699 1894 6053 5702 1897 6052 5701 1896 6054 5703 1898 6052 5701 1896 6053 5702 1897 6054 5703 1898 6055 5704 1899 6052 5701 1896 6052 5701 1896 6055 5704 1899 6051 5700 1895 6055 5704 1899 6054 5703 1898 6056 5705 1900 6056 5705 1900 6054 5703 1898 6057 5706 1901 6057 5706 1901 6058 5707 1902 6056 5705 1900 6059 5708 1903 6058 5707 1902 6057 5706 1901 6059 5708 1903 6057 5706 1901 6060 5709 1904 6057 5706 1901 6054 5703 1898 6060 5709 1904 6059 5708 1903 6061 5710 1905 6058 5707 1902 6062 5711 1906 6061 5710 1905 6059 5708 1903 6063 5712 1907 6062 5711 1906 6059 5708 1903 6059 5708 1903 6064 5713 1908 6063 5712 1907 6060 5709 1904 6064 5713 1908 6059 5708 1903 6060 5709 1904 6065 5714 1909 6064 5713 1908 6065 5714 1909 6060 5709 1904 6066 5715 1910 6064 5713 1908 6065 5714 1909 6067 5716 1911 6068 5717 1912 6065 5714 1909 6066 5715 1910 6068 5717 1912 6066 5715 1910 6069 5718 1913 6067 5716 1911 6065 5714 1909 6070 5719 1914 6068 5717 1912 6070 5719 1914 6065 5714 1909 6069 5718 1913 6066 5715 1910 6071 5720 1915 6071 5720 1915 6066 5715 1910 6072 5721 1916 6071 5720 1915 6072 5721 1916 6073 5722 1917 6072 5721 1916 6074 5723 1918 6073 5722 1917 6075 5724 1919 6073 5722 1917 6074 5723 1918 6053 5702 1897 6075 5724 1919 6074 5723 1918 6076 5725 1920 6075 5724 1919 6053 5702 1897 6077 5726 1921 6073 5722 1917 6075 5724 1919 6047 5696 1891 6073 5722 1917 6077 5726 1921 6078 5727 1922 6073 5722 1917 6047 5696 1891 6078 5727 1922 6071 5720 1915 6073 5722 1917 6079 5728 1923 6053 5702 1897 6074 5723 1918 6066 5715 1910 6079 5728 1923 6072 5721 1916 6072 5721 1916 6079 5728 1923 6074 5723 1918 6066 5715 1910 6060 5709 1904 6079 5728 1923 6080 5729 1924 6067 5716 1911 6070 5719 1914 6075 5724 1919 6076 5725 1920 6037 5686 1881 6037 5686 1881 6076 5725 1920 6034 5683 1878 6076 5725 1920 6039 5688 1883 6034 5683 1878 6050 5699 1894 6039 5688 1883 6076 5725 1920 6076 5725 1920 6053 5702 1897 6050 5699 1894 6077 5726 1921 6075 5724 1919 6041 5690 1885 6041 5690 1885 6075 5724 1919 6037 5686 1881 6047 5696 1891 6077 5726 1921 6041 5690 1885 6067 5716 1911 6080 5729 1924 6064 5713 1908 6064 5713 1908 6080 5729 1924 6081 5730 1925 6060 5709 1904 6054 5703 1898 6079 5728 1923 6079 5728 1923 6054 5703 1898 6053 5702 1897 6063 5712 1907 6064 5713 1908 6081 5730 1925 6082 5733 1484 6084 5732 1490 6083 5731 1491 6085 5734 1926 6082 5733 1484 6083 5731 1491 6085 5734 1926 6083 5731 1491 6086 5735 1927 6087 5736 1494 6082 5733 1484 6085 5734 1926 6088 5737 1928 6087 5736 1494 6085 5734 1926 6087 5736 1494 6088 5737 1928 6089 5738 1496 6089 5738 1496 6088 5737 1928 6090 5739 1497 6090 5739 1497 6088 5737 1928 6091 5740 1498 6091 5740 1498 6088 5737 1928 6092 5741 1929 6093 5742 1500 6091 5740 1498 6092 5741 1929 6092 5741 1929 6094 5743 1501 6093 5742 1500 6095 5744 1930 6094 5743 1501 6092 5741 1929 6095 5744 1930 6092 5741 1929 6088 5737 1928 6095 5744 1930 6096 5745 1503 6094 5743 1501 6095 5744 1930 6097 5746 1931 6096 5745 1503 6095 5744 1930 6088 5737 1928 6097 5746 1931 6088 5737 1928 6085 5734 1926 6097 5746 1931 6096 5745 1503 6097 5746 1931 6098 5747 1932 6097 5746 1931 6085 5734 1926 6098 5747 1932 6098 5747 1932 6085 5734 1926 6086 5735 1927 6096 5745 1503 6098 5747 1932 6099 5748 1933 6098 5747 1932 6086 5735 1927 6099 5748 1933 6099 5748 1933 6086 5735 1927 6100 5749 1934 6101 5750 1935 6099 5748 1933 6100 5749 1934 6102 5751 1508 6099 5748 1933 6101 5750 1935 6096 5745 1503 6099 5748 1933 6102 5751 1508 6102 5751 1508 6101 5750 1935 6103 5752 1513 6096 5745 1503 6102 5751 1508 6104 5753 1509 6102 5751 1508 6105 5754 1510 6104 5753 1509 6104 5753 1509 6105 5754 1510 6106 5755 1511 6107 5756 1512 6105 5754 1510 6102 5751 1508 6102 5751 1508 6103 5752 1513 6107 5756 1512 6093 5742 1500 6094 5743 1501 6108 5757 1515 6101 5750 1935 6100 5749 1934 6109 5758 1516 6103 5752 1513 6101 5750 1935 6109 5758 1516 6109 5758 1516 6100 5749 1934 6110 5759 1936 6100 5749 1934 6111 5760 1937 6110 5759 1936 6111 5760 1937 6100 5749 1934 6086 5735 1927 6111 5760 1937 6086 5735 1927 6083 5731 1491 6112 5762 1484 6114 5761 1478 6113 5761 1490 6115 5763 1475 6113 5761 1490 6114 5761 1478 6116 5764 1623 6118 5764 1639 6117 5764 1627 5903 5556 1562 5897 5550 1556 5889 5542 1549 6119 5765 1615 6121 5766 1612 6120 5765 1628 6122 5767 1611 6121 5766 1612 6123 5767 1613 6124 5768 1616 6126 5768 1607 6125 5768 1640 6127 5769 1938 5990 5639 1834 5996 5645 1840 6058 5707 1902 6127 5769 1938 5996 5645 1840 6058 5707 1902 5996 5645 1840 6056 5705 1900 6056 5705 1900 5996 5645 1840 5995 5644 1839 5995 5644 1839 5998 5647 1842 6056 5705 1900 6056 5705 1900 5998 5647 1842 6055 5704 1899 6006 5655 1850 6055 5704 1899 5998 5647 1842 6051 5700 1895 6055 5704 1899 6006 5655 1850 6061 5710 1905 6127 5769 1938 6058 5707 1902 6006 5655 1850 6049 5698 1893 6051 5700 1895 6007 5656 1851 6049 5698 1893 6006 5655 1850 6007 5656 1851 6042 5691 1886 6049 5698 1893 6009 5658 1853 6042 5691 1886 6007 5656 1851 6042 5691 1886 6009 5658 1853 6028 5677 1872 6028 5677 1872 6009 5658 1853 6017 5666 1861 6128 5772 1643 6130 5771 1641 6129 5770 1642 6131 5773 1644 6129 5770 1642 6130 5771 1641 6132 5774 1645 6129 5770 1642 6131 5773 1644 6131 5773 1644 6133 5775 1646 6132 5774 1645 6132 5774 1645 6133 5775 1646 6134 5776 1652 6135 5777 1653 6132 5774 1645 6134 5776 1652 6136 5778 1647 6129 5770 1642 6132 5774 1645 6131 5773 1644 6130 5771 1641 6137 5779 1648 6137 5779 1648 6130 5771 1641 6138 5780 1649 6128 5772 1643 6138 5780 1649 6130 5771 1641 6138 5780 1649 6128 5772 1643 6139 5781 1650 6133 5775 1646 6131 5773 1644 6140 5782 1651 6140 5782 1651 6131 5773 1644 6137 5779 1648 6134 5776 1652 6133 5775 1646 6141 5783 1645 6142 5784 1653 6134 5776 1652 6141 5783 1645 6128 5772 1643 6144 5786 1655 6143 5785 1654 6144 5786 1655 6145 5787 1652 6143 5785 1654 6143 5785 1654 6145 5787 1652 6146 5788 1656 6146 5788 1656 6147 5789 1651 6143 5785 1654 6143 5785 1654 6147 5789 1651 6148 5790 1657 6128 5772 1643 6143 5785 1654 6148 5790 1657 6149 5791 1650 6128 5772 1643 6148 5790 1657 6150 5793 1652 6144 5786 1655 6151 5792 1658 6150 5793 1652 6151 5792 1658 6152 5794 1659 6153 5795 1660 6152 5794 1659 6151 5792 1658 6153 5795 1660 6154 5796 1661 6152 5794 1659 6154 5796 1661 6153 5795 1660 6155 5797 1662 6152 5794 1659 6154 5796 1661 6156 5798 1663 6156 5798 1663 6154 5796 1661 6157 5799 1664 6157 5799 1664 6154 5796 1661 6158 5800 1665 6154 5796 1661 6159 5801 1666 6158 5800 1665 6158 5800 1665 6159 5801 1666 6160 5802 1667 6160 5802 1667 6159 5801 1666 6161 5803 1668 6161 5803 1668 6159 5801 1666 6162 5804 1669 6159 5801 1666 6163 5805 1670 6162 5804 1669 6155 5797 1662 6163 5805 1670 6159 5801 1666 6160 5802 1667 6161 5803 1668 6164 5806 1671 6157 5799 1664 6165 5807 1672 6156 5798 1663 6165 5807 1672 6166 5808 1673 6156 5798 1663 6156 5798 1663 6166 5808 1673 6152 5794 1659 6150 5793 1652 6152 5794 1659 6166 5808 1673 6157 5799 1664 6167 5809 1674 6165 5807 1672 6167 5809 1674 6168 5810 1675 6165 5807 1672 6165 5807 1672 6168 5810 1675 6169 5811 1676 6169 5811 1676 6170 5812 1677 6165 5807 1672 6166 5808 1673 6170 5812 1677 6150 5793 1652 6165 5807 1672 6170 5812 1677 6166 5808 1673 6150 5793 1652 6170 5812 1677 6146 5788 1656 6171 5813 1678 6170 5812 1677 6169 5811 1676 6172 5814 1651 6170 5812 1677 6171 5813 1678 6173 5815 1656 6170 5812 1677 6147 5789 1651 6174 5818 1682 6176 5817 1680 6175 5816 1679 6175 5816 1679 6176 5817 1680 6177 5819 1681 6178 5820 1683 6174 5818 1682 6175 5816 1679 6179 5821 1684 6174 5818 1682 6178 5820 1683 6178 5820 1683 6180 5822 1685 6179 5821 1684 6181 5823 1686 6180 5822 1685 6178 5820 1683 6176 5817 1680 6174 5818 1682 6182 5824 1687 6179 5821 1684 6180 5822 1685 6182 5824 1687 6174 5818 1682 6179 5821 1684 6182 5824 1687 6181 5823 1686 6183 5825 1688 6180 5822 1685 6184 5827 1690 6185 5826 1689 6182 5824 1687 6186 5828 1691 6184 5827 1690 6181 5823 1686 6185 5826 1689 6184 5827 1690 6187 5829 1692 6187 5829 1692 6184 5827 1690 6186 5828 1691 6188 5830 1681 6185 5826 1689 6187 5829 1692 6189 5831 1680 6185 5826 1689 6188 5830 1681 6185 5826 1689 6189 5831 1680 6190 5832 1687 6191 5835 1695 6193 5834 1693 6192 5833 1694 6191 5835 1695 6192 5833 1694 6194 5836 1696 6195 5837 1697 6191 5835 1695 6194 5836 1696 6196 5838 1698 6191 5835 1695 6195 5837 1697 6196 5838 1698 6193 5834 1693 6191 5835 1695 6194 5836 1696 6192 5833 1694 6197 5839 1699 6198 5840 1681 6193 5834 1693 6196 5838 1698 6195 5837 1697 6200 5842 1696 6199 5841 1695 6201 5843 1698 6195 5837 1697 6199 5841 1695 6200 5842 1696 6202 5844 1694 6199 5841 1695 6199 5841 1695 6202 5844 1694 6203 5845 1693 6201 5843 1698 6199 5841 1695 6203 5845 1693 6204 5846 1699 6202 5844 1694 6200 5842 1696 6205 5847 1681 6201 5843 1698 6203 5845 1693 6206 5850 1702 6208 5849 1700 6207 5848 1701 6206 5850 1702 6207 5848 1701 6209 5851 1703 6210 5852 1704 6209 5851 1703 6207 5848 1701 6211 5853 1705 6209 5851 1703 6210 5852 1704 6212 5854 1706 6211 5853 1705 6210 5852 1704 6213 5855 1707 6211 5853 1705 6212 5854 1706 6214 5856 1708 6208 5849 1700 6215 5856 1702 6216 5859 1711 6218 5858 1709 6217 5857 1710 6217 5857 1710 6218 5858 1709 6219 5860 1712 6219 5860 1712 6220 5861 1713 6217 5857 1710 6220 5861 1713 6221 5862 1714 6217 5857 1710 6221 5862 1714 6216 5859 1711 6217 5857 1710 6222 5863 1715 6220 5861 1713 6219 5860 1712 6218 5858 1709 6223 5864 1716 6219 5860 1712 6219 5860 1712 6223 5864 1716 6224 5865 1717 6222 5863 1715 6219 5860 1712 6224 5865 1717 6225 5866 1718 6223 5864 1716 6218 5858 1709 6226 5867 1653 6228 5867 1647 6227 5867 1645 6229 5868 1671 6231 5869 1671 6230 5868 1719 6229 5868 1671 6230 5868 1719 6232 5870 1671 6233 5873 1668 6235 5872 1669 6234 5871 1720 6236 5874 1721 6233 5873 1668 6234 5871 1720 6236 5874 1721 6234 5871 1720 6237 5875 1719 6237 5875 1719 6234 5871 1720 6238 5876 1722 6239 5877 1671 6236 5874 1721 6237 5875 1719 6239 5877 1671 6233 5873 1668 6236 5874 1721 6240 5879 1702 6242 5878 1700 6241 5878 1702 6243 5880 1700 6240 5879 1702 6244 5880 1702 6245 5883 1670 6247 5882 1662 6246 5881 1670 6246 5881 1670 6247 5882 1662 6248 5884 1723 6247 5882 1662 6249 5885 1725 6248 5884 1723 6250 5886 1660 6249 5885 1725 6247 5882 1662 6247 5882 1662 6251 5887 1660 6250 5886 1660 6252 5888 1662 6246 5881 1670 6248 5884 1723 6248 5884 1723 6249 5885 1725 6252 5888 1662 6253 5889 1670 6246 5881 1670 6252 5888 1662 6252 5888 1662 6249 5885 1725 6254 5890 1660 6252 5888 1662 6254 5890 1660 6255 5891 1660 6256 5893 1724 6257 5892 1653 6249 5885 1725 6153 5795 1660 6258 5894 1647 6256 5893 1724 6256 5893 1724 6258 5894 1647 6259 5895 1653 6260 5898 1729 6262 5897 1727 6261 5896 1726 6261 5896 1726 6262 5897 1727 6263 5899 1728 6261 5896 1726 6264 5900 1730 6260 5898 1729 6260 5898 1729 6264 5900 1730 6265 5901 1731 6264 5900 1730 6266 5902 1732 6265 5901 1731 6265 5901 1731 6266 5902 1732 6267 5903 1733 6263 5899 1728 6268 5904 1727 6261 5896 1726 6261 5896 1726 6268 5904 1727 6269 5905 1729 6261 5896 1726 6269 5905 1729 6264 5900 1730 6264 5900 1730 6270 5906 1731 6266 5902 1732 6264 5900 1730 6269 5905 1729 6270 5906 1731 6266 5902 1732 6270 5906 1731 6271 5907 1733 6272 5908 1666 6274 5908 1661 6273 5908 1662 6275 5909 1735 6277 5909 1688 6276 5909 1734 6278 5910 1736 6280 5910 1655 6279 5910 1643 6281 5911 1655 6283 5912 1736 6282 5911 1658 6284 5914 1658 6283 5912 1736 6285 5913 1737 6285 5913 1737 6286 5915 1642 6136 5778 1647 6287 5917 1738 6289 5916 1658 6288 5916 1737 6287 5917 1738 6291 5919 1737 6290 5918 1647 6292 5202 1736 6129 5770 1642 6291 5919 1737 6129 5770 1642 6294 5920 1736 6293 5920 1643 6295 5139 1740 6297 5921 1739 6296 5138 1739 6296 5138 1739 6297 5921 1739 6298 5922 1741 6298 5922 1741 6297 5921 1739 6299 5923 1741 6295 5139 1740 6296 5138 1739 6300 5924 1739 6296 5138 1739 6298 5922 1741 6300 5924 1739 6300 5924 1739 6298 5922 1741 6301 5925 1741 6302 5204 1650 6304 5204 1742 6303 5204 1643 6305 5928 1643 6307 5927 1642 6306 5926 1641 6306 5926 1641 6307 5927 1642 6308 5929 1644 6308 5929 1644 6307 5927 1642 6141 5783 1645 6141 5783 1645 6309 5930 1646 6308 5929 1644 6310 5931 1647 6141 5783 1645 6307 5927 1642 6311 5932 1648 6306 5926 1641 6308 5929 1644 6312 5933 1649 6306 5926 1641 6311 5932 1648 6305 5928 1643 6306 5926 1641 6312 5933 1649 6312 5933 1649 6313 5934 1650 6305 5928 1643 6308 5929 1644 6314 5935 1651 6311 5932 1648 6133 5775 1646 6314 5935 1651 6308 5929 1644 6305 5928 1643 6316 5937 1654 6315 5936 1655 6315 5936 1655 6316 5937 1654 6317 5938 1652 6317 5938 1652 6316 5937 1654 6318 5939 1656 6316 5937 1654 6319 5940 1651 6318 5939 1656 6320 5941 1657 6319 5940 1651 6316 5937 1654 6305 5928 1643 6320 5941 1657 6316 5937 1654 6321 5942 1650 6320 5941 1657 6305 5928 1643 6322 5944 1652 6323 5943 1658 6315 5936 1655 6322 5944 1652 6324 5945 1659 6323 5943 1658 6325 5946 1660 6323 5943 1658 6324 5945 1659 6325 5946 1660 6324 5945 1659 6326 5947 1661 6326 5947 1661 6327 5948 1662 6325 5946 1660 6324 5945 1659 6328 5949 1663 6326 5947 1661 6328 5949 1663 6329 5950 1664 6326 5947 1661 6326 5947 1661 6329 5950 1664 6330 5951 1665 6330 5951 1665 6331 5952 1666 6326 5947 1661 6332 5953 1667 6331 5952 1666 6330 5951 1665 6332 5953 1667 6333 5954 1668 6331 5952 1666 6333 5954 1668 6334 5955 1669 6331 5952 1666 6331 5952 1666 6334 5955 1669 6335 5956 1670 6327 5948 1662 6331 5952 1666 6335 5956 1670 6332 5953 1667 6336 5957 1671 6333 5954 1668 6329 5950 1664 6328 5949 1663 6337 5958 1672 6337 5958 1672 6328 5949 1663 6338 5959 1673 6328 5949 1663 6324 5945 1659 6338 5959 1673 6322 5944 1652 6338 5959 1673 6324 5945 1659 6329 5950 1664 6337 5958 1672 6339 5960 1674 6339 5960 1674 6337 5958 1672 6340 5961 1675 6337 5958 1672 6341 5962 1676 6340 5961 1675 6341 5962 1676 6337 5958 1672 6342 5963 1677 6322 5944 1652 6342 5963 1677 6338 5959 1673 6337 5958 1672 6338 5959 1673 6342 5963 1677 6318 5939 1656 6342 5963 1677 6322 5944 1652 6343 5964 1678 6341 5962 1676 6342 5963 1677 6342 5963 1677 6319 5940 1651 6343 5964 1678 6344 5965 1656 6319 5940 1651 6342 5963 1677 6345 5968 1681 6347 5967 1680 6346 5966 1679 6346 5966 1679 6347 5967 1680 6348 5969 1682 6346 5966 1679 6348 5969 1682 6349 5970 1683 6349 5970 1683 6348 5969 1682 6350 5971 1684 6351 5972 1685 6349 5970 1683 6350 5971 1684 6352 5973 1686 6349 5970 1683 6351 5972 1685 6350 5971 1684 6353 5974 1687 6351 5972 1685 6348 5969 1682 6353 5974 1687 6350 5971 1684 6354 5975 1688 6352 5973 1686 6351 5972 1685 6355 5976 1680 6356 5976 1687 6348 5969 1682 6357 5978 1690 6353 5974 1687 6358 5977 1689 6359 5979 1691 6352 5973 1686 6357 5978 1690 6359 5979 1691 6357 5978 1690 6360 5980 1692 6360 5980 1692 6357 5978 1690 6358 5977 1689 6360 5980 1692 6358 5977 1689 6361 5981 1681 6361 5981 1681 6358 5977 1689 6362 5982 1680 6358 5977 1689 6364 5983 1687 6363 5983 1680 6365 5986 1702 6367 5985 1701 6366 5984 1700 6365 5986 1702 6368 5987 1703 6367 5985 1701 6367 5985 1701 6368 5987 1703 6369 5988 1704 6369 5988 1704 6368 5987 1703 6370 5989 1705 6369 5988 1704 6370 5989 1705 6371 5990 1706 6371 5990 1706 6370 5989 1705 6372 5991 1707 6373 5992 1708 6374 5992 1702 6366 5984 1700 6375 5995 1711 6377 5994 1710 6376 5993 1709 6376 5993 1709 6377 5994 1710 6378 5996 1712 6378 5996 1712 6377 5994 1710 6379 5997 1713 6379 5997 1713 6377 5994 1710 6380 5998 1714 6377 5994 1710 6375 5995 1711 6380 5998 1714 6381 5999 1715 6378 5996 1712 6379 5997 1713 6378 5996 1712 6382 6000 1716 6376 5993 1709 6378 5996 1712 6383 6001 1717 6382 6000 1716 6381 5999 1715 6383 6001 1717 6378 5996 1712 6376 5993 1709 6382 6000 1716 6384 6002 1718 6385 6003 1653 6387 6003 1645 6386 6003 1647 6388 6006 1668 6390 6005 1720 6389 6004 1669 6391 6007 1721 6390 6005 1720 6388 6006 1668 6391 6007 1721 6392 6008 1719 6390 6005 1720 6392 6008 1719 6393 6009 1722 6390 6005 1720 6394 6010 1671 6392 6008 1719 6391 6007 1721 6394 6010 1671 6391 6007 1721 6388 6006 1668 6395 6012 1724 6397 6011 1725 6396 6011 1653 6325 5946 1660 6395 6012 1724 6398 6013 1647 6395 6012 1724 6399 6014 1653 6398 6013 1647 6400 6015 1666 6402 6015 1662 6401 6015 1661 6403 6016 1735 6405 6016 1734 6404 6016 1688 6406 6017 1736 6408 6017 1643 6407 6017 1655 6409 6019 1655 6411 6019 1658 6410 6018 1736 6410 6018 1736 6413 6021 1658 6412 6020 1737 6310 5931 1647 6414 6022 1642 6412 6020 1737 6415 6024 1738 6417 6023 1737 6416 6023 1658 6415 6024 1738 6419 6026 1647 6418 6025 1737 6418 6025 1737 6307 5927 1642 6420 5135 1736 6307 5927 1642 6422 6027 1643 6421 6027 1736 6423 5144 1650 6425 5144 1643 6424 5144 1742 6426 6029 1941 6428 6028 1940 6427 6028 1939 6427 6028 1939 6428 6028 1940 6429 6030 1942 6430 6032 1944 6432 6031 1943 6431 6031 1941 6431 6031 1941 6432 6031 1943 6433 6033 1940 6434 6035 1946 6436 6034 1945 6435 6034 1944 6435 6034 1944 6436 6034 1945 6437 6036 1943 6438 6038 1947 6440 6037 1942 6439 6037 1946 6439 6037 1946 6440 6037 1942 6441 6039 1945 6442 6041 1947 6444 6040 1946 6443 6040 1942 6443 6040 1942 6444 6040 1946 6445 6042 1948 6446 6044 1946 6448 6043 1949 6447 6043 1948 6447 6043 1948 6448 6043 1949 6449 6045 1950 6450 6047 1949 6452 6046 1951 6451 6046 1950 6451 6046 1950 6452 6046 1951 6453 6048 1952 6454 6050 1951 6456 6049 1949 6455 6049 1952 6455 6049 1952 6456 6049 1949 6457 6051 1953 6458 6053 1949 6460 6052 1954 6459 6052 1953 6459 6052 1953 6460 6052 1954 6461 6054 1955 6462 6056 1939 6464 6055 1942 6463 6055 1954 6463 6055 1954 6464 6055 1942 6465 6057 1955 6466 6060 1958 6468 6059 1957 6467 6058 1956 6467 6058 1956 6468 6059 1957 6469 6061 1959 6466 6060 1958 6467 6058 1956 6470 6062 1960 6470 6062 1960 6467 6058 1956 6471 6063 1961 6470 6062 1960 6471 6063 1961 6472 6064 1962 6472 6064 1962 6471 6063 1961 6473 6065 1963 6469 6061 1959 6468 6059 1957 6474 6066 1964 6474 6066 1964 6468 6059 1957 6475 6067 1965 6476 6070 1968 6478 6069 1967 6477 6068 1966 6477 6068 1966 6478 6069 1967 6479 6071 1969 6479 6071 1969 6478 6069 1967 6480 6072 1970 6480 6072 1970 6478 6069 1967 6481 6073 1971 6481 6073 1971 6482 6074 1972 6480 6072 1970 6483 6075 1973 6476 6070 1968 6477 6068 1966 6484 6076 1974 6476 6070 1968 6483 6075 1973 6483 6075 1973 6485 6077 1975 6484 6076 1974 6486 6078 1976 6485 6077 1975 6483 6075 1973 6486 6078 1976 6487 6079 1977 6485 6077 1975 6485 6077 1975 6487 6079 1977 6488 6080 1978 6488 6080 1978 6487 6079 1977 6489 6081 1979 6489 6081 1979 6487 6079 1977 6490 6082 1980 6490 6082 1980 6491 6083 1981 6489 6081 1979 6489 6081 1979 6491 6083 1981 6492 6084 1982 6492 6084 1982 6491 6083 1981 6493 6085 1983 6493 6085 1983 6491 6083 1981 6494 6086 1984 6493 6085 1983 6494 6086 1984 6495 6087 1985 6480 6072 1970 6482 6074 1972 6496 6088 1986 6494 6086 1984 6496 6088 1986 6497 6089 1987 6494 6086 1984 6497 6089 1987 6495 6087 1985 6497 6089 1987 6496 6088 1986 6498 6090 1988 6496 6088 1986 6482 6074 1972 6498 6090 1988 6499 6092 1942 6501 6091 1989 6500 6091 1939 6500 6091 1939 6501 6091 1989 6502 6093 1946 6503 6095 1989 6505 6094 1943 6504 6094 1946 6504 6094 1946 6505 6094 1943 6506 6096 1944 6507 6098 1943 6509 6097 1990 6508 6097 1944 6508 6097 1944 6509 6097 1990 6510 6099 1991 6511 6101 1990 6513 6100 1953 6512 6100 1991 6512 6100 1991 6513 6100 1953 6514 6102 1947 6515 6104 1947 6517 6103 1953 6516 6103 1941 6516 6103 1941 6517 6103 1953 6518 6105 1948 6519 6107 1941 6521 6106 1948 6520 6106 1992 6520 6106 1992 6521 6106 1948 6522 6108 1943 6523 6110 1992 6525 6109 1943 6524 6109 1941 6524 6109 1941 6525 6109 1943 6526 6111 1989 6527 6113 1941 6529 6112 1989 6528 6112 1992 6528 6112 1992 6529 6112 1989 6530 6114 1943 6531 6116 1992 6533 6115 1943 6532 6115 1941 6532 6115 1941 6533 6115 1943 6534 6117 1993 6535 6119 1993 6537 6118 1942 6536 6118 1941 6536 6118 1941 6537 6118 1942 6538 6120 1939 6539 6123 1961 6541 6122 1960 6540 6121 1963 6540 6121 1963 6541 6122 1960 6542 6124 1962 6543 6125 1956 6541 6122 1960 6539 6123 1961 6544 6126 1958 6541 6122 1960 6543 6125 1956 6544 6126 1958 6543 6125 1956 6545 6127 1957 6545 6127 1957 6543 6125 1956 6546 6128 1959 6545 6127 1957 6546 6128 1959 6547 6129 1965 6547 6129 1965 6546 6128 1959 6548 6130 1964 6549 6133 1969 6551 6132 1967 6550 6131 1966 6550 6131 1966 6551 6132 1967 6552 6134 1968 6549 6133 1969 6553 6135 1970 6551 6132 1967 6551 6132 1967 6553 6135 1970 6554 6136 1971 6554 6136 1971 6553 6135 1970 6555 6137 1972 6550 6131 1966 6552 6134 1968 6556 6138 1973 6556 6138 1973 6552 6134 1968 6557 6139 1974 6558 6140 1975 6556 6138 1973 6557 6139 1974 6559 6141 1976 6556 6138 1973 6558 6140 1975 6559 6141 1976 6558 6140 1975 6560 6142 1977 6560 6142 1977 6558 6140 1975 6561 6143 1978 6561 6143 1978 6562 6144 1979 6560 6142 1977 6560 6142 1977 6562 6144 1979 6563 6145 1980 6563 6145 1980 6562 6144 1979 6564 6146 1981 6564 6146 1981 6562 6144 1979 6565 6147 1982 6565 6147 1982 6566 6148 1983 6564 6146 1981 6564 6146 1981 6566 6148 1983 6567 6149 1984 6566 6148 1983 6568 6150 1985 6567 6149 1984 6555 6137 1972 6553 6135 1970 6569 6151 1986 6570 6152 1987 6569 6151 1986 6567 6149 1984 6570 6152 1987 6567 6149 1984 6568 6150 1985 6571 6153 1988 6569 6151 1986 6570 6152 1987 6555 6137 1972 6569 6151 1986 6571 6153 1988 6572 6156 1996 6574 6155 1995 6573 6154 1994 6572 6156 1996 6575 6157 1997 6574 6155 1995 6575 6157 1997 6572 6156 1996 6576 6158 1998 6577 6159 1999 6575 6157 1997 6576 6158 1998 6574 6155 1995 6578 6160 2000 6573 6154 1994 6579 6161 1999 6581 6161 1998 6580 6161 2001 6582 6164 2004 6584 6163 2003 6583 6162 2002 6585 6165 2005 6583 6162 2002 6584 6163 2003 6586 6166 2006 6583 6162 2002 6585 6165 2005 6587 6167 2007 6585 6165 2005 6584 6163 2003 6588 6168 2008 6585 6165 2005 6587 6167 2007 6589 6169 2009 6585 6165 2005 6588 6168 2008 6584 6163 2003 6590 6170 2010 6587 6167 2007 6588 6168 2008 6587 6167 2007 6591 6171 2011 6589 6169 2009 6592 6172 2012 6585 6165 2005 6592 6172 2012 6586 6166 2006 6585 6165 2005 6589 6169 2009 6593 6173 2013 6592 6172 2012 6594 6174 2014 6593 6173 2013 6589 6169 2009 6593 6173 2013 6595 6175 2015 6592 6172 2012 6592 6172 2012 6595 6175 2015 6596 6176 2016 6591 6171 2011 6597 6177 2017 6588 6168 2008 6588 6168 2008 6597 6177 2017 6589 6169 2009 6589 6169 2009 6597 6177 2017 6594 6174 2014 6598 6178 2018 6597 6177 2017 6591 6171 2011 6599 6179 2019 6598 6178 2018 6591 6171 2011 6591 6171 2011 6600 6180 2020 6599 6179 2019 6591 6171 2011 6601 6181 2021 6600 6180 2020 6591 6171 2011 6587 6167 2007 6601 6181 2021 6590 6170 2010 6601 6181 2021 6587 6167 2007 6602 6182 2022 6598 6178 2018 6599 6179 2019 6603 6183 2023 6602 6182 2022 6599 6179 2019 6603 6183 2023 6599 6179 2019 6604 6184 2024 6603 6183 2023 6604 6184 2024 6605 6185 2025 6603 6183 2023 6605 6185 2025 6606 6186 2026 6607 6187 2027 6606 6186 2026 6605 6185 2025 6608 6188 2028 6606 6186 2026 6607 6187 2027 6607 6187 2027 6605 6185 2025 6609 6189 2029 6609 6189 2029 6605 6185 2025 6604 6184 2024 6610 6190 2030 6609 6189 2029 6604 6184 2024 6610 6190 2030 6604 6184 2024 6599 6179 2019 6600 6180 2020 6610 6190 2030 6599 6179 2019 6611 6191 2031 6609 6189 2029 6610 6190 2030 6600 6180 2020 6611 6191 2031 6610 6190 2030 6612 6192 2032 6602 6182 2022 6603 6183 2023 6607 6187 2027 6609 6189 2029 6613 6193 2033 6607 6187 2027 6613 6193 2033 6608 6188 2028 6608 6188 2028 6613 6193 2033 6614 6194 2034 6613 6193 2033 6615 6195 2035 6614 6194 2034 6615 6195 2035 6616 6196 2036 6614 6194 2034 6614 6194 2034 6616 6196 2036 6617 6197 2037 6614 6194 2034 6617 6197 2037 6608 6188 2028 6608 6188 2028 6617 6197 2037 6606 6186 2026 6603 6183 2023 6606 6186 2026 6617 6197 2037 6617 6197 2037 6616 6196 2036 6618 6198 2038 6616 6196 2036 6619 6199 2039 6618 6198 2038 6620 6200 2040 6619 6199 2039 6616 6196 2036 6621 6201 2041 6619 6199 2039 6620 6200 2040 6621 6201 2041 6622 6202 2042 6619 6199 2039 6622 6202 2042 6621 6201 2041 6623 6203 2043 6623 6203 2043 6621 6201 2041 6624 6204 2044 6621 6201 2041 6625 6205 2045 6624 6204 2044 6624 6204 2044 6625 6205 2045 6626 6206 2046 6625 6205 2045 6627 6207 2047 6626 6206 2046 6626 6206 2046 6627 6207 2047 6628 6208 2048 6627 6207 2047 6629 6209 2049 6628 6208 2048 6628 6208 2048 6629 6209 2049 6630 6210 2050 6631 6211 2051 6629 6209 2049 6627 6207 2047 6625 6205 2045 6631 6211 2051 6627 6207 2047 6625 6205 2045 6632 6212 2052 6631 6211 2051 6625 6205 2045 6621 6201 2041 6632 6212 2052 6621 6201 2041 6620 6200 2040 6632 6212 2052 6633 6213 2053 6629 6209 2049 6631 6211 2051 6634 6214 2054 6633 6213 2053 6632 6212 2052 6634 6214 2054 6632 6212 2052 6616 6196 2036 6616 6196 2036 6632 6212 2052 6620 6200 2040 6634 6214 2054 6616 6196 2036 6615 6195 2035 6633 6213 2053 6634 6214 2054 6615 6195 2035 6615 6195 2035 6635 6215 2055 6633 6213 2053 6615 6195 2035 6636 6216 2056 6635 6215 2055 6615 6195 2035 6613 6193 2033 6636 6216 2056 6613 6193 2033 6637 6217 2057 6636 6216 2056 6638 6218 2058 6637 6217 2057 6613 6193 2033 6639 6219 2059 6637 6217 2057 6638 6218 2058 6613 6193 2033 6609 6189 2029 6638 6218 2058 6638 6218 2058 6609 6189 2029 6639 6219 2059 6609 6189 2029 6611 6191 2031 6639 6219 2059 6640 6220 2060 6639 6219 2059 6611 6191 2031 6640 6220 2060 6611 6191 2031 6600 6180 2020 6601 6181 2021 6640 6220 2060 6600 6180 2020 6641 6221 2061 6640 6220 2060 6601 6181 2021 6641 6221 2061 6601 6181 2021 6590 6170 2010 6641 6221 2061 6642 6222 2062 6640 6220 2060 6640 6220 2060 6642 6222 2062 6639 6219 2059 6643 6223 2063 6639 6219 2059 6642 6222 2062 6637 6217 2057 6639 6219 2059 6643 6223 2063 6590 6170 2010 6644 6224 2064 6641 6221 2061 6641 6221 2061 6644 6224 2064 6642 6222 2062 6584 6163 2003 6644 6224 2064 6590 6170 2010 6582 6164 2004 6644 6224 2064 6584 6163 2003 6643 6223 2063 6642 6222 2062 6582 6164 2004 6582 6164 2004 6642 6222 2062 6644 6224 2064 6643 6223 2063 6582 6164 2004 6645 6225 2065 6645 6225 2065 6582 6164 2004 6646 6226 2066 6646 6226 2066 6582 6164 2004 6583 6162 2002 6586 6166 2006 6647 6227 2067 6583 6162 2002 6592 6172 2012 6647 6227 2067 6586 6166 2006 6592 6172 2012 6648 6228 2016 6647 6227 2067 6583 6162 2002 6647 6227 2067 6649 6229 2066 6650 6232 2070 6652 6231 2069 6651 6230 2068 6651 6230 2068 6652 6231 2069 6653 6233 2071 6651 6230 2068 6653 6233 2071 6654 6234 2072 6654 6234 2072 6653 6233 2071 6655 6235 2073 6655 6235 2073 6656 6236 2074 6654 6234 2072 6657 6237 2075 6656 6236 2074 6655 6235 2073 6656 6236 2074 6658 6238 2076 6654 6234 2072 6659 6239 2077 6658 6238 2076 6656 6236 2074 6660 6240 2078 6658 6238 2076 6659 6239 2077 6661 6241 2079 6658 6238 2076 6660 6240 2078 6661 6241 2079 6662 6242 2080 6658 6238 2076 6651 6230 2068 6654 6234 2072 6663 6243 2081 6663 6243 2081 6654 6234 2072 6658 6238 2076 6662 6242 2080 6663 6243 2081 6658 6238 2076 6651 6230 2068 6663 6243 2081 6650 6232 2070 6650 6232 2070 6663 6243 2081 6664 6244 2082 6662 6242 2080 6664 6244 2082 6663 6243 2081 6665 6245 2083 6664 6244 2082 6662 6242 2080 6665 6245 2083 6662 6242 2080 6661 6241 2079 6660 6240 2078 6666 6246 2084 6661 6241 2079 6661 6241 2079 6666 6246 2084 6667 6247 2085 6665 6245 2083 6661 6241 2079 6667 6247 2085 6657 6237 2075 6624 6204 2044 6656 6236 2074 6623 6203 2043 6624 6204 2044 6657 6237 2075 6659 6239 2077 6656 6236 2074 6626 6206 2046 6626 6206 2046 6656 6236 2074 6624 6204 2044 6660 6240 2078 6659 6239 2077 6628 6208 2048 6628 6208 2048 6659 6239 2077 6626 6206 2046 6666 6246 2084 6660 6240 2078 6630 6210 2050 6630 6210 2050 6660 6240 2078 6628 6208 2048 6650 6232 2070 6664 6244 2082 6668 6248 2086 6668 6248 2086 6669 6249 2087 6650 6232 2070 6650 6232 2070 6669 6249 2087 6652 6231 2069 6670 6252 2090 6672 6251 2089 6671 6250 2088 6673 6253 2091 6670 6252 2090 6671 6250 2088 6673 6253 2091 6671 6250 2088 6674 6254 2092 6675 6255 2093 6673 6253 2091 6674 6254 2092 6676 6256 2094 6673 6253 2091 6675 6255 2093 6676 6256 2094 6677 6257 2095 6673 6253 2091 6677 6257 2095 6670 6252 2090 6673 6253 2091 6677 6257 2095 6676 6256 2094 6678 6258 2096 6678 6258 2096 6676 6256 2094 6679 6259 2097 6674 6254 2092 6671 6250 2088 6680 6260 2098 6670 6252 2090 6681 6261 2099 6672 6251 2089 6672 6251 2089 6681 6261 2099 6682 6262 2100 6672 6251 2089 6682 6262 2100 6683 6263 2101 6671 6250 2088 6672 6251 2089 6683 6263 2101 6681 6261 2099 6684 6264 2102 6682 6262 2100 6677 6257 2095 6685 6265 2103 6670 6252 2090 6670 6252 2090 6685 6265 2103 6681 6261 2099 6677 6257 2095 6678 6258 2096 6685 6265 2103 6685 6265 2103 6686 6266 2104 6681 6261 2099 6685 6265 2103 6687 6267 2105 6686 6266 2104 6688 6268 2106 6687 6267 2105 6685 6265 2103 6685 6265 2103 6678 6258 2096 6688 6268 2106 6679 6259 2097 6688 6268 2106 6678 6258 2096 6689 6269 2107 6687 6267 2105 6688 6268 2106 6689 6269 2107 6688 6268 2106 6679 6259 2097 6690 6270 2108 6687 6267 2105 6689 6269 2107 6681 6261 2099 6686 6266 2104 6691 6271 2102 6683 6263 2101 6682 6262 2100 6692 6272 2109 6693 6273 2110 6692 6272 2109 6682 6262 2100 6694 6274 2111 6693 6273 2110 6682 6262 2100 6695 6275 2112 6693 6273 2110 6694 6274 2111 6696 6276 2113 6692 6272 2109 6693 6273 2110 6693 6273 2110 6697 6277 2114 6696 6276 2113 6695 6275 2112 6697 6277 2114 6693 6273 2110 6697 6277 2114 6698 6278 2115 6696 6276 2113 6696 6276 2113 6698 6278 2115 6699 6279 2116 6698 6278 2115 6700 6280 2117 6699 6279 2116 6699 6279 2116 6700 6280 2117 6701 6281 2118 6702 6282 2119 6699 6279 2116 6701 6281 2118 6702 6282 2119 6701 6281 2118 6703 6283 2120 6703 6283 2120 6704 6284 2121 6702 6282 2119 6705 6285 2122 6704 6284 2121 6703 6283 2120 6701 6281 2118 6706 6286 2123 6703 6283 2120 6701 6281 2118 6707 6287 2124 6706 6286 2123 6703 6283 2120 6706 6286 2123 6708 6288 2125 6703 6283 2120 6708 6288 2125 6705 6285 2122 6707 6287 2124 6709 6289 2126 6706 6286 2123 6709 6289 2126 6710 6290 2127 6706 6286 2123 6708 6288 2125 6706 6286 2123 6710 6290 2127 6711 6291 2128 6710 6290 2127 6709 6289 2126 6712 6292 2129 6708 6288 2125 6710 6290 2127 6712 6292 2129 6710 6290 2127 6711 6291 2128 6705 6285 2122 6708 6288 2125 6713 6293 2130 6705 6285 2122 6713 6293 2130 6714 6294 2131 6714 6294 2131 6713 6293 2130 6715 6295 2132 6716 6296 2133 6714 6294 2131 6715 6295 2132 6717 6297 2134 6714 6294 2131 6716 6296 2133 6714 6294 2131 6717 6297 2134 6718 6298 2135 6717 6297 2134 6719 6299 2136 6718 6298 2135 6719 6299 2136 6720 6300 2137 6718 6298 2135 6721 6301 2138 6719 6299 2136 6717 6297 2134 6718 6298 2135 6720 6300 2137 6722 6302 2139 6721 6301 2138 6717 6297 2134 6723 6303 2140 6723 6303 2140 6717 6297 2134 6716 6296 2133 6718 6298 2135 6722 6302 2139 6724 6304 2141 6714 6294 2131 6718 6298 2135 6724 6304 2141 6716 6296 2133 6725 6305 2142 6723 6303 2140 6725 6305 2142 6726 6306 2143 6723 6303 2140 6723 6303 2140 6726 6306 2143 6721 6301 2138 6725 6305 2142 6727 6307 2144 6726 6306 2143 6727 6307 2144 6725 6305 2142 6728 6308 2145 6729 6309 2146 6727 6307 2144 6728 6308 2145 6729 6309 2146 6728 6308 2145 6730 6310 2147 6731 6311 2148 6725 6305 2142 6716 6296 2133 6728 6308 2145 6725 6305 2142 6732 6312 2149 6732 6312 2149 6725 6305 2142 6731 6311 2148 6731 6311 2148 6733 6313 2150 6732 6312 2149 6732 6312 2149 6733 6313 2150 6734 6314 2151 6728 6308 2145 6732 6312 2149 6735 6315 2152 6732 6312 2149 6734 6314 2151 6735 6315 2152 6730 6310 2147 6728 6308 2145 6735 6315 2152 6735 6315 2152 6736 6316 2153 6730 6310 2147 6735 6315 2152 6734 6314 2151 6736 6316 2153 6736 6316 2153 6734 6314 2151 6737 6317 2154 6734 6314 2151 6738 6318 2155 6737 6317 2154 6738 6318 2155 6734 6314 2151 6739 6319 2156 6739 6319 2156 6734 6314 2151 6733 6313 2150 6739 6319 2156 6733 6313 2150 6740 6320 2157 6740 6320 2157 6733 6313 2150 6731 6311 2148 6740 6320 2157 6731 6311 2148 6741 6321 2158 6740 6320 2157 6741 6321 2158 6742 6322 2159 6739 6319 2156 6740 6320 2157 6742 6322 2159 6742 6322 2159 6741 6321 2158 6743 6323 2160 6743 6323 2160 6744 6324 2161 6742 6322 2159 6742 6322 2159 6744 6324 2161 6745 6325 2162 6738 6318 2155 6739 6319 2156 6745 6325 2162 6739 6319 2156 6742 6322 2159 6746 6326 2162 6741 6321 2158 6731 6311 2148 6716 6296 2133 6741 6321 2158 6716 6296 2133 6715 6295 2132 6741 6321 2158 6715 6295 2132 6743 6323 2160 6743 6323 2160 6715 6295 2132 6713 6293 2130 6713 6293 2130 6744 6324 2161 6743 6323 2160 6708 6288 2125 6744 6324 2161 6713 6293 2130 6712 6292 2129 6744 6324 2161 6708 6288 2125 6747 6327 2162 6744 6324 2161 6712 6292 2129 6680 6260 2098 6748 6328 2163 6724 6304 2141 6724 6304 2141 6748 6328 2163 6704 6284 2121 6704 6284 2121 6705 6285 2122 6724 6304 2141 6724 6304 2141 6705 6285 2122 6714 6294 2131 6704 6284 2121 6748 6328 2163 6702 6282 2119 6702 6282 2119 6748 6328 2163 6749 6329 2164 6702 6282 2119 6749 6329 2164 6699 6279 2116 6750 6330 2165 6699 6279 2116 6749 6329 2164 6696 6276 2113 6699 6279 2116 6750 6330 2165 6750 6330 2165 6749 6329 2164 6751 6331 2166 6751 6331 2166 6749 6329 2164 6748 6328 2163 6671 6250 2088 6751 6331 2166 6748 6328 2163 6671 6250 2088 6748 6328 2163 6680 6260 2098 6671 6250 2088 6683 6263 2101 6751 6331 2166 6751 6331 2166 6683 6263 2101 6750 6330 2165 6750 6330 2165 6692 6272 2109 6696 6276 2113 6750 6330 2165 6683 6263 2101 6692 6272 2109 6722 6302 2139 6680 6260 2098 6724 6304 2141 6674 6254 2092 6680 6260 2098 6722 6302 2139 6720 6300 2137 6674 6254 2092 6722 6302 2139 6675 6255 2093 6674 6254 2092 6720 6300 2137 6752 6334 1473 6754 6333 2168 6753 6332 2167 6753 6332 2167 6754 6333 2168 6755 6335 2169 6752 6334 1473 6756 6336 1462 6754 6333 2168 6757 6337 2168 6753 6332 2167 6755 6335 2169 6758 6338 1473 6753 6332 2167 6757 6337 2168 6759 6339 1462 6758 6338 1473 6757 6337 2168 6760 6341 2051 6762 6341 2052 6761 6340 2053 6763 6342 2051 6761 6340 2053 6764 6342 2052 6701 6281 2118 6766 6343 2117 6765 6343 2124 6682 6262 2100 6768 6344 2102 6767 6344 2170 6769 6346 2172 6771 6346 2000 6770 6345 2171 6772 6347 1994 6771 6346 2000 6769 6346 2172 6727 6307 2144 6773 6348 2173 6726 6306 2143 6774 6351 1996 6776 6350 1994 6775 6349 1995 6774 6351 1996 6775 6349 1995 6777 6352 1997 6777 6352 1997 6778 6353 1998 6774 6351 1996 6779 6354 1999 6778 6353 1998 6777 6352 1997 6775 6349 1995 6776 6350 1994 6780 6355 2000 6781 6356 1999 6783 6356 2001 6782 6356 1998 6784 6359 2004 6786 6358 2002 6785 6357 2003 6785 6357 2003 6786 6358 2002 6787 6360 2005 6787 6360 2005 6786 6358 2002 6788 6361 2006 6789 6362 2007 6785 6357 2003 6787 6360 2005 6789 6362 2007 6787 6360 2005 6790 6363 2008 6790 6363 2008 6787 6360 2005 6791 6364 2009 6785 6357 2003 6789 6362 2007 6792 6365 2010 6790 6363 2008 6793 6366 2011 6789 6362 2007 6791 6364 2009 6787 6360 2005 6794 6367 2012 6794 6367 2012 6787 6360 2005 6788 6361 2006 6794 6367 2012 6795 6368 2013 6791 6364 2009 6791 6364 2009 6795 6368 2013 6796 6369 2014 6794 6367 2012 6595 6175 2015 6795 6368 2013 6797 6370 2016 6595 6175 2015 6794 6367 2012 6790 6363 2008 6798 6371 2017 6793 6366 2011 6790 6363 2008 6791 6364 2009 6798 6371 2017 6798 6371 2017 6791 6364 2009 6796 6369 2014 6793 6366 2011 6798 6371 2017 6799 6372 2018 6793 6366 2011 6799 6372 2018 6800 6373 2019 6793 6366 2011 6800 6373 2019 6801 6374 2020 6793 6366 2011 6801 6374 2020 6802 6375 2021 6793 6366 2011 6802 6375 2021 6789 6362 2007 6789 6362 2007 6802 6375 2021 6792 6365 2010 6800 6373 2019 6799 6372 2018 6803 6376 2022 6800 6373 2019 6803 6376 2022 6804 6377 2023 6804 6377 2023 6805 6378 2024 6800 6373 2019 6804 6377 2023 6806 6379 2025 6805 6378 2024 6804 6377 2023 6807 6380 2026 6806 6379 2025 6807 6380 2026 6808 6381 2027 6806 6379 2025 6809 6382 2028 6808 6381 2027 6807 6380 2026 6805 6378 2024 6806 6379 2025 6810 6383 2029 6810 6383 2029 6806 6379 2025 6808 6381 2027 6810 6383 2029 6811 6384 2030 6805 6378 2024 6811 6384 2030 6800 6373 2019 6805 6378 2024 6801 6374 2020 6800 6373 2019 6811 6384 2030 6812 6385 2031 6811 6384 2030 6810 6383 2029 6812 6385 2031 6801 6374 2020 6811 6384 2030 6804 6377 2023 6803 6376 2022 6813 6386 2032 6808 6381 2027 6814 6387 2033 6810 6383 2029 6808 6381 2027 6809 6382 2028 6814 6387 2033 6809 6382 2028 6815 6388 2034 6814 6387 2033 6814 6387 2033 6815 6388 2034 6816 6389 2035 6815 6388 2034 6817 6390 2036 6816 6389 2035 6815 6388 2034 6818 6391 2037 6817 6390 2036 6815 6388 2034 6809 6382 2028 6818 6391 2037 6818 6391 2037 6809 6382 2028 6807 6380 2026 6804 6377 2023 6818 6391 2037 6807 6380 2026 6817 6390 2036 6818 6391 2037 6819 6392 2038 6819 6392 2038 6820 6393 2039 6817 6390 2036 6817 6390 2036 6820 6393 2039 6821 6394 2040 6822 6395 2041 6821 6394 2040 6820 6393 2039 6822 6395 2041 6820 6393 2039 6823 6396 2042 6823 6396 2042 6824 6397 2043 6822 6395 2041 6822 6395 2041 6824 6397 2043 6825 6398 2044 6822 6395 2041 6825 6398 2044 6826 6399 2045 6826 6399 2045 6825 6398 2044 6827 6400 2046 6827 6400 2046 6828 6401 2047 6826 6399 2045 6829 6402 2048 6828 6401 2047 6827 6400 2046 6828 6401 2047 6829 6402 2048 6830 6403 2049 6830 6403 2049 6829 6402 2048 6831 6404 2050 6828 6401 2047 6830 6403 2049 6832 6405 2051 6826 6399 2045 6828 6401 2047 6832 6405 2051 6826 6399 2045 6832 6405 2051 6833 6406 2052 6826 6399 2045 6833 6406 2052 6822 6395 2041 6822 6395 2041 6833 6406 2052 6821 6394 2040 6832 6405 2051 6830 6403 2049 6834 6407 2053 6835 6408 2054 6833 6406 2052 6834 6407 2053 6835 6408 2054 6817 6390 2036 6833 6406 2052 6833 6406 2052 6817 6390 2036 6821 6394 2040 6816 6389 2035 6817 6390 2036 6835 6408 2054 6834 6407 2053 6816 6389 2035 6835 6408 2054 6816 6389 2035 6834 6407 2053 6836 6409 2055 6816 6389 2035 6836 6409 2055 6837 6410 2056 6816 6389 2035 6837 6410 2056 6814 6387 2033 6837 6410 2056 6838 6411 2057 6814 6387 2033 6814 6387 2033 6838 6411 2057 6839 6412 2058 6840 6413 2059 6839 6412 2058 6838 6411 2057 6814 6387 2033 6839 6412 2058 6810 6383 2029 6839 6412 2058 6840 6413 2059 6810 6383 2029 6810 6383 2029 6840 6413 2059 6812 6385 2031 6841 6414 2060 6812 6385 2031 6840 6413 2059 6841 6414 2060 6801 6374 2020 6812 6385 2031 6841 6414 2060 6802 6375 2021 6801 6374 2020 6842 6415 2061 6802 6375 2021 6841 6414 2060 6792 6365 2010 6802 6375 2021 6842 6415 2061 6842 6415 2061 6841 6414 2060 6843 6416 2062 6843 6416 2062 6841 6414 2060 6840 6413 2059 6844 6417 2063 6843 6416 2062 6840 6413 2059 6838 6411 2057 6844 6417 2063 6840 6413 2059 6792 6365 2010 6842 6415 2061 6845 6418 2064 6845 6418 2064 6842 6415 2061 6843 6416 2062 6785 6357 2003 6792 6365 2010 6845 6418 2064 6784 6359 2004 6785 6357 2003 6845 6418 2064 6844 6417 2063 6784 6359 2004 6843 6416 2062 6784 6359 2004 6845 6418 2064 6843 6416 2062 6844 6417 2063 6846 6419 2065 6784 6359 2004 6846 6419 2065 6847 6420 2066 6784 6359 2004 6784 6359 2004 6847 6420 2066 6786 6358 2002 6848 6422 2066 6849 6421 2067 6786 6358 2002 6786 6358 2002 6849 6421 2067 6788 6361 2006 6794 6367 2012 6788 6361 2006 6849 6421 2067 6794 6367 2012 6849 6421 2067 6850 6423 2016 6851 6426 2070 6853 6425 2068 6852 6424 2069 6852 6424 2069 6853 6425 2068 6854 6427 2071 6853 6425 2068 6855 6428 2072 6854 6427 2071 6855 6428 2072 6856 6429 2073 6854 6427 2071 6857 6430 2074 6856 6429 2073 6855 6428 2072 6858 6431 2075 6856 6429 2073 6857 6430 2074 6859 6432 2081 6855 6428 2072 6853 6425 2068 6853 6425 2068 6851 6426 2070 6859 6432 2081 6860 6433 2076 6855 6428 2072 6859 6432 2081 6860 6433 2076 6857 6430 2074 6855 6428 2072 6851 6426 2070 6861 6434 2082 6859 6432 2081 6862 6435 2080 6860 6433 2076 6859 6432 2081 6861 6434 2082 6862 6435 2080 6859 6432 2081 6863 6436 2079 6860 6433 2076 6862 6435 2080 6864 6437 2078 6860 6433 2076 6863 6436 2079 6865 6438 2077 6860 6433 2076 6864 6437 2078 6865 6438 2077 6857 6430 2074 6860 6433 2076 6866 6439 2083 6862 6435 2080 6861 6434 2082 6866 6439 2083 6863 6436 2079 6862 6435 2080 6863 6436 2079 6867 6440 2084 6864 6437 2078 6868 6441 2085 6867 6440 2084 6863 6436 2079 6866 6439 2083 6868 6441 2085 6863 6436 2079 6867 6440 2084 6831 6404 2050 6864 6437 2078 6864 6437 2078 6831 6404 2050 6829 6402 2048 6829 6402 2048 6865 6438 2077 6864 6437 2078 6827 6400 2046 6865 6438 2077 6829 6402 2048 6827 6400 2046 6857 6430 2074 6865 6438 2077 6825 6398 2044 6857 6430 2074 6827 6400 2046 6825 6398 2044 6858 6431 2075 6857 6430 2074 6824 6397 2043 6858 6431 2075 6825 6398 2044 6851 6426 2070 6869 6442 2086 6861 6434 2082 6869 6442 2086 6851 6426 2070 6870 6443 2087 6870 6443 2087 6851 6426 2070 6852 6424 2069 6871 6446 2090 6873 6445 2088 6872 6444 2089 6874 6447 2091 6873 6445 2088 6871 6446 2090 6874 6447 2091 6875 6448 2174 6873 6445 2088 6875 6448 2174 6874 6447 2091 6876 6449 2093 6876 6449 2093 6874 6447 2091 6877 6450 2094 6877 6450 2094 6874 6447 2091 6878 6451 2095 6878 6451 2095 6874 6447 2091 6871 6446 2090 6878 6451 2095 6879 6452 2096 6877 6450 2094 6879 6452 2096 6880 6453 2097 6877 6450 2094 6873 6445 2088 6875 6448 2174 6881 6454 2175 6873 6445 2088 6881 6454 2175 6882 6455 2176 6873 6445 2088 6882 6455 2176 6883 6456 2166 6871 6446 2090 6872 6444 2089 6884 6457 2099 6884 6457 2099 6872 6444 2089 6885 6458 2100 6872 6444 2089 6886 6459 2101 6885 6458 2100 6873 6445 2088 6883 6456 2166 6886 6459 2101 6873 6445 2088 6886 6459 2101 6872 6444 2089 6884 6457 2099 6885 6458 2100 6887 6460 2102 6878 6451 2095 6888 6461 2103 6879 6452 2096 6884 6457 2099 6889 6462 2104 6888 6461 2103 6889 6462 2104 6890 6463 2105 6888 6461 2103 6888 6461 2103 6890 6463 2105 6891 6464 2106 6879 6452 2096 6888 6461 2103 6891 6464 2106 6879 6452 2096 6891 6464 2106 6880 6453 2097 6891 6464 2106 6890 6463 2105 6892 6465 2107 6880 6453 2097 6891 6464 2106 6892 6465 2107 6892 6465 2107 6890 6463 2105 6893 6466 2108 6894 6467 2102 6889 6462 2104 6884 6457 2099 6884 6457 2099 6888 6461 2103 6871 6446 2090 6871 6446 2090 6888 6461 2103 6878 6451 2095 6882 6455 2176 6895 6468 2177 6883 6456 2166 6882 6455 2176 6896 6469 2178 6895 6468 2177 6896 6469 2178 6897 6470 2179 6895 6468 2177 6896 6469 2178 6898 6471 2180 6897 6470 2179 6896 6469 2178 6899 6472 2120 6898 6471 2180 6896 6469 2178 6900 6473 2181 6899 6472 2120 6899 6472 2120 6900 6473 2181 6901 6474 2122 6898 6471 2180 6902 6475 2117 6897 6470 2179 6897 6470 2179 6902 6475 2117 6903 6476 2115 6898 6471 2180 6899 6472 2120 6904 6477 2123 6898 6471 2180 6904 6477 2123 6905 6478 2124 6905 6478 2124 6904 6477 2123 6906 6479 2126 6906 6479 2126 6904 6477 2123 6907 6480 2127 6908 6481 2128 6906 6479 2126 6907 6480 2127 6907 6480 2127 6904 6477 2123 6909 6482 2125 6899 6472 2120 6901 6474 2122 6909 6482 2125 6904 6477 2123 6899 6472 2120 6909 6482 2125 6910 6483 2129 6907 6480 2127 6909 6482 2125 6910 6483 2129 6908 6481 2128 6907 6480 2127 6909 6482 2125 6901 6474 2122 6911 6484 2130 6897 6470 2179 6903 6476 2115 6912 6485 2113 6912 6485 2113 6903 6476 2115 6913 6486 2114 6901 6474 2122 6914 6487 2131 6911 6484 2130 6911 6484 2130 6914 6487 2131 6915 6488 2132 6916 6489 2133 6915 6488 2132 6914 6487 2131 6917 6490 2134 6916 6489 2133 6914 6487 2131 6914 6487 2131 6918 6491 2182 6917 6490 2134 6918 6491 2182 6919 6492 2136 6917 6490 2134 6919 6492 2136 6918 6491 2182 6920 6493 2137 6917 6490 2134 6919 6492 2136 6921 6494 2138 6918 6491 2182 6922 6495 2183 6920 6493 2137 6921 6494 2138 6923 6496 2140 6917 6490 2134 6923 6496 2140 6916 6489 2133 6917 6490 2134 6918 6491 2182 6924 6497 2184 6922 6495 2183 6914 6487 2131 6924 6497 2184 6918 6491 2182 6925 6498 2142 6916 6489 2133 6923 6496 2140 6925 6498 2142 6923 6496 2140 6926 6499 2143 6923 6496 2140 6921 6494 2138 6926 6499 2143 6925 6498 2142 6926 6499 2143 6927 6500 2144 6927 6500 2144 6928 6501 2145 6925 6498 2142 6929 6502 2146 6928 6501 2145 6927 6500 2144 6929 6502 2146 6930 6503 2147 6928 6501 2145 6931 6504 2148 6916 6489 2133 6925 6498 2142 6931 6504 2148 6925 6498 2142 6932 6505 2149 6932 6505 2149 6925 6498 2142 6928 6501 2145 6931 6504 2148 6932 6505 2149 6933 6506 2150 6932 6505 2149 6934 6507 2151 6933 6506 2150 6928 6501 2145 6935 6508 2152 6932 6505 2149 6932 6505 2149 6935 6508 2152 6934 6507 2151 6930 6503 2147 6935 6508 2152 6928 6501 2145 6935 6508 2152 6930 6503 2147 6936 6509 2153 6936 6509 2153 6934 6507 2151 6935 6508 2152 6937 6510 2154 6934 6507 2151 6936 6509 2153 6934 6507 2151 6937 6510 2154 6938 6511 2155 6938 6511 2155 6939 6512 2156 6934 6507 2151 6939 6512 2156 6933 6506 2150 6934 6507 2151 6939 6512 2156 6940 6513 2157 6933 6506 2150 6940 6513 2157 6931 6504 2148 6933 6506 2150 6940 6513 2157 6941 6514 2158 6931 6504 2148 6942 6515 2159 6941 6514 2158 6940 6513 2157 6939 6512 2156 6942 6515 2159 6940 6513 2157 6943 6516 2160 6941 6514 2158 6942 6515 2159 6943 6516 2160 6942 6515 2159 6944 6517 2161 6944 6517 2161 6942 6515 2159 6945 6518 2162 6938 6511 2155 6945 6518 2162 6939 6512 2156 6939 6512 2156 6946 6519 2162 6942 6515 2159 6941 6514 2158 6916 6489 2133 6931 6504 2148 6941 6514 2158 6915 6488 2132 6916 6489 2133 6943 6516 2160 6915 6488 2132 6941 6514 2158 6911 6484 2130 6915 6488 2132 6943 6516 2160 6943 6516 2160 6944 6517 2161 6911 6484 2130 6911 6484 2130 6944 6517 2161 6909 6482 2125 6910 6483 2129 6909 6482 2125 6944 6517 2161 6947 6520 2162 6910 6483 2129 6944 6517 2161 6898 6471 2180 6949 6521 2124 6948 6521 2117 6950 6522 2102 6885 6458 2100 6951 6522 2170 6952 6524 2110 6953 6523 2111 6885 6458 2100 6954 6525 2112 6953 6523 2111 6952 6524 2110 6952 6524 2110 6885 6458 2100 6955 6526 2109 6886 6459 2101 6955 6526 2109 6885 6458 2100 6952 6524 2110 6913 6486 2114 6954 6525 2112 6952 6524 2110 6955 6526 2109 6912 6485 2113 6912 6485 2113 6913 6486 2114 6952 6524 2110 6912 6485 2113 6955 6526 2109 6956 6527 2165 6886 6459 2101 6956 6527 2165 6955 6526 2109 6956 6527 2165 6897 6470 2179 6912 6485 2113 6895 6468 2177 6897 6470 2179 6956 6527 2165 6883 6456 2166 6895 6468 2177 6956 6527 2165 6883 6456 2166 6956 6527 2165 6886 6459 2101 6924 6497 2184 6900 6473 2181 6882 6455 2176 6900 6473 2181 6924 6497 2184 6901 6474 2122 6901 6474 2122 6924 6497 2184 6914 6487 2131 6900 6473 2181 6896 6469 2178 6882 6455 2176 6882 6455 2176 6881 6454 2175 6924 6497 2184 6881 6454 2175 6922 6495 2183 6924 6497 2184 6875 6448 2174 6922 6495 2183 6881 6454 2175 6922 6495 2183 6875 6448 2174 6920 6493 2137 6920 6493 2137 6875 6448 2174 6876 6449 2093 6957 6528 2172 6959 6529 2171 6958 6528 2000 6960 6530 1994 6957 6528 2172 6958 6528 2000 6961 6531 1467 5820 5473 1446 5825 5478 1456 5831 5484 1457 6961 6531 1467 5825 5478 1456 6927 6500 2144 6926 6499 2143 6962 6532 2173 6963 6535 2187 6965 6534 2186 6964 6533 2185 6963 6535 2187 6964 6533 2185 6966 6536 2188 6964 6533 2185 6967 6537 2189 6966 6536 2188 6968 6538 2190 6967 6537 2189 6964 6533 2185 6969 6539 2191 6968 6538 2190 6964 6533 2185 6965 6534 2186 6969 6539 2191 6964 6533 2185 6970 6542 2194 6972 6541 2193 6971 6540 2192 6972 6541 2193 6973 6543 2195 6971 6540 2192 6972 6541 2193 6974 6544 2196 6973 6543 2195 6971 6540 2192 6973 6543 2195 6975 6545 2197 6971 6540 2192 6975 6545 2197 6976 6546 2198 6976 6546 2198 6970 6542 2194 6971 6540 2192 6977 6547 2199 6972 6541 2193 6970 6542 2194 6974 6544 2196 6978 6548 2200 6973 6543 2195 6973 6543 2195 6978 6548 2200 6979 6549 2201 6973 6543 2195 6979 6549 2201 6980 6550 2202 6973 6543 2195 6980 6550 2202 6975 6545 2197 6979 6549 2201 6981 6551 2187 6980 6550 2202 6978 6548 2200 6981 6551 2187 6979 6549 2201 6982 6554 2195 6984 6553 2198 6983 6552 2190 6985 6555 2196 6982 6554 2195 6983 6552 2190 6985 6555 2196 6986 6556 2187 6982 6554 2195 6982 6554 2195 6986 6556 2187 6987 6557 2197 6984 6553 2198 6982 6554 2195 6987 6557 2197 6988 6558 2191 6983 6552 2190 6984 6553 2198 6989 6559 2203 6985 6555 2196 6983 6552 2190 6990 6562 2206 6992 6561 2205 6991 6560 2204 6990 6562 2206 6991 6560 2204 6993 6563 2207 6990 6562 2206 6994 6564 2208 6992 6561 2205 6992 6561 2205 6994 6564 2208 6995 6565 2209 6993 6563 2207 6991 6560 2204 6996 6566 2210 6997 6568 2205 6995 6565 2209 6998 6567 2208 6999 6569 2206 6997 6568 2205 6998 6567 2208 6999 6569 2206 7000 6570 2204 6997 6568 2205 6999 6569 2206 7001 6571 2207 7000 6570 2204 7001 6571 2207 7002 6572 2210 7000 6570 2204 7003 6575 2190 7005 6574 2189 7004 6573 2192 7004 6573 2192 7005 6574 2189 7006 6576 2203 7007 6577 2211 7004 6573 2192 7006 6576 2203 7007 6577 2211 7008 6578 2195 7004 6573 2192 7007 6577 2211 7009 6579 2212 7008 6578 2195 7008 6578 2195 7009 6579 2212 7010 6580 2213 7009 6579 2212 7011 6581 2187 7010 6580 2213 7012 6584 2210 7014 6583 2215 7013 6582 2214 7014 6583 2215 7015 6585 2216 7013 6582 2214 7016 6586 2217 7015 6585 2216 7014 6583 2215 7016 6586 2217 7017 6587 2218 7015 6585 2216 7015 6585 2216 7017 6587 2218 7018 6588 2219 7019 6591 2221 7021 6590 2220 7020 6589 2218 7020 6589 2218 7021 6590 2220 7022 6592 2222 7021 6590 2220 7023 6593 2210 7022 6592 2222 7024 6594 2223 7023 6593 2210 7021 6590 2220 7019 6591 2221 7024 6594 2223 7021 6590 2220 7025 6595 2208 7024 6594 2223 7019 6591 2221 7026 6598 2226 7028 6597 2225 7027 6596 2224 7028 6597 2225 7029 6599 2227 7027 6596 2224 7028 6597 2225 7030 6600 2228 7029 6599 2227 7029 6599 2227 7031 6601 2229 7027 6596 2224 7026 6598 2226 7027 6596 2224 7032 6602 2230 7027 6596 2224 7033 6603 2231 7032 6602 2230 7034 6604 2208 7028 6597 2225 7026 6598 2226 7027 6596 2224 7031 6601 2229 7035 6605 2232 7033 6603 2231 7027 6596 2224 7035 6605 2232 7036 6606 2210 7033 6603 2231 7035 6605 2232 7035 6605 2232 7031 6601 2229 7036 6606 2210 7037 6609 2234 7039 6608 2218 7038 6607 2233 7038 6607 2233 7039 6608 2218 7040 6610 2235 7041 6612 2236 7042 6611 2234 7038 6607 2233 7041 6612 2236 7038 6607 2233 7043 6613 2235 7044 6614 2210 7041 6612 2236 7043 6613 2235 7041 6612 2236 7046 6615 2208 7045 6615 2234 7047 6618 2210 7049 6617 2238 7048 6616 2237 7047 6618 2210 7048 6616 2237 7050 6619 2238 7049 6617 2238 7052 6621 2239 7051 6620 2237 7048 6616 2237 7052 6621 2239 7053 6622 2240 7052 6621 2239 7054 6623 2218 7053 6622 2240 7048 6616 2237 7053 6622 2240 7055 6624 2239 7055 6624 2239 7053 6622 2240 7056 6625 2218 7050 6619 2238 7057 6626 2237 7055 6624 2239 7053 6622 2240 7059 6628 2218 7058 6627 2241 7053 6622 2240 7058 6627 2241 7060 6629 2218 7061 6631 2210 7063 6630 2235 7062 6630 2242 7064 6632 2218 7062 6630 2242 7063 6630 2235 7065 6635 2245 7067 6634 2244 7066 6633 2243 7066 6633 2243 7067 6634 2244 7068 6636 2246 7069 6637 2247 7067 6634 2244 7065 6635 2245 7065 6635 2245 7070 6638 2248 7069 6637 2247 7069 6637 2247 7070 6638 2248 7071 6639 2208 7072 6640 2218 7067 6634 2244 7069 6637 2247 7070 6638 2248 7065 6635 2245 7073 6641 2249 7073 6641 2249 7065 6635 2245 7066 6633 2243 7068 6636 2246 7074 6642 2210 7066 6633 2243 7066 6633 2243 7074 6642 2210 7073 6641 2249 7075 6645 2252 7077 6644 2251 7076 6643 2250 7075 6645 2252 7076 6643 2250 7078 6646 2253 7079 6647 2254 7075 6645 2252 7078 6646 2253 7080 6648 2189 7075 6645 2252 7079 6647 2254 7081 6649 2255 7079 6647 2254 7078 6646 2253 7076 6643 2250 7081 6649 2255 7078 6646 2253 7082 6650 2191 7079 6647 2254 7081 6649 2255 7076 6643 2250 7077 6644 2251 7083 6651 2256 7083 6651 2256 7084 6652 2257 7076 6643 2250 7076 6643 2250 7084 6652 2257 7081 6649 2255 7082 6650 2191 7086 6654 2255 7085 6653 2254 7086 6654 2255 7087 6655 2253 7085 6653 2254 7085 6653 2254 7087 6655 2253 7088 6656 2252 7088 6656 2252 7087 6655 2253 7089 6657 2250 7089 6657 2250 7087 6655 2253 7086 6654 2255 7088 6656 2252 7089 6657 2250 7090 6658 2251 7091 6659 2189 7085 6653 2254 7088 6656 2252 7089 6657 2250 7092 6660 2256 7090 6658 2251 7092 6660 2256 7089 6657 2250 7093 6661 2257 7089 6657 2250 7086 6654 2255 7093 6661 2257 7094 6664 2259 7096 6663 2258 7095 6662 2189 7094 6664 2259 7097 6665 2260 7096 6663 2258 7096 6663 2258 7097 6665 2260 7098 6666 2261 7097 6665 2260 7099 6667 2187 7098 6666 2261 7095 6662 2189 7101 6669 2258 7100 6668 2190 7102 6670 2189 7100 6668 2190 7101 6669 2258 7103 6671 2259 7102 6670 2189 7101 6669 2258 7103 6671 2259 7101 6669 2258 7104 6672 2260 7101 6669 2258 7105 6673 2261 7104 6672 2260 7104 6672 2260 7105 6673 2261 7106 6674 2187 7107 6677 2187 7109 6676 2263 7108 6675 2262 7108 6675 2262 7109 6676 2263 7110 6678 2196 7110 6678 2196 7109 6676 2263 7111 6679 2264 7111 6679 2264 7112 6680 2189 7110 6678 2196 7113 6681 2190 7112 6680 2189 7111 6679 2264 7111 6679 2264 7114 6682 2265 7113 6681 2190 7115 6683 2266 7111 6679 2264 7109 6676 2263 7109 6676 2263 7107 6677 2187 7115 6683 2266 7115 6683 2266 7107 6677 2187 7116 6684 2267 7116 6684 2267 7117 6685 2268 7115 6683 2266 7115 6683 2266 7117 6685 2268 7111 6679 2264 7116 6684 2267 7118 6686 2197 7117 6685 2268 7117 6685 2268 7119 6687 2265 7111 6679 2264 7120 6688 2191 7117 6685 2268 7118 6686 2197 7120 6688 2191 7121 6689 2265 7117 6685 2268 7122 6692 2187 7124 6691 2185 7123 6690 2186 7122 6692 2187 7125 6693 2188 7124 6691 2185 7124 6691 2185 7125 6693 2188 7126 6694 2189 7127 6695 2190 7124 6691 2185 7126 6694 2189 7128 6696 2191 7124 6691 2185 7127 6695 2190 7123 6690 2186 7124 6691 2185 7128 6696 2191 7129 6699 2194 7131 6698 2192 7130 6697 2193 7130 6697 2193 7131 6698 2192 7132 6700 2195 7130 6697 2193 7132 6700 2195 7133 6701 2196 7131 6698 2192 7134 6702 2197 7132 6700 2195 7131 6698 2192 7135 6703 2198 7134 6702 2197 7135 6703 2198 7131 6698 2192 7129 6699 2194 7136 6704 2199 7129 6699 2194 7130 6697 2193 7133 6701 2196 7132 6700 2195 7137 6705 2200 7132 6700 2195 7138 6706 2201 7137 6705 2200 7132 6700 2195 7139 6707 2202 7138 6706 2201 7132 6700 2195 7134 6702 2197 7139 6707 2202 7138 6706 2201 7139 6707 2202 7140 6708 2187 7137 6705 2200 7138 6706 2201 7140 6708 2187 7141 6711 2195 7143 6710 2190 7142 6709 2198 7144 6712 2196 7143 6710 2190 7141 6711 2195 7144 6712 2196 7141 6711 2195 7145 6713 2187 7141 6711 2195 7146 6714 2197 7145 6713 2187 7142 6709 2198 7146 6714 2197 7141 6711 2195 7147 6715 2191 7142 6709 2198 7143 6710 2190 7148 6716 2203 7143 6710 2190 7144 6712 2196 7149 6719 2190 7151 6718 2192 7150 6717 2189 7151 6718 2192 7152 6720 2203 7150 6717 2189 7153 6721 2211 7152 6720 2203 7151 6718 2192 7153 6721 2211 7151 6718 2192 7154 6722 2195 7153 6721 2211 7154 6722 2195 7155 6723 2212 7154 6722 2195 7156 6724 2213 7155 6723 2212 7155 6723 2212 7156 6724 2213 7157 6725 2187 7158 6728 2210 7160 6727 2214 7159 6726 2215 7159 6726 2215 7160 6727 2214 7161 6729 2216 7162 6730 2217 7159 6726 2215 7161 6729 2216 7163 6731 2218 7162 6730 2217 7161 6729 2216 7164 6732 2219 7163 6731 2218 7161 6729 2216 7165 6735 2221 7167 6734 2218 7166 6733 2220 7167 6734 2218 7168 6736 2222 7166 6733 2220 7166 6733 2220 7168 6736 2222 7169 6737 2210 7170 6738 2223 7166 6733 2220 7169 6737 2210 7165 6735 2221 7166 6733 2220 7170 6738 2223 7171 6739 2208 7165 6735 2221 7170 6738 2223 7172 6742 2226 7174 6741 2224 7173 6740 2225 7173 6740 2225 7174 6741 2224 7175 6743 2227 7173 6740 2225 7175 6743 2227 7176 6744 2228 7175 6743 2227 7174 6741 2224 7177 6745 2229 7172 6742 2226 7178 6746 2230 7174 6741 2224 7174 6741 2224 7178 6746 2230 7179 6747 2231 7180 6748 2208 7172 6742 2226 7173 6740 2225 7174 6741 2224 7181 6749 2232 7177 6745 2229 7179 6747 2231 7181 6749 2232 7174 6741 2224 7182 6750 2210 7181 6749 2232 7179 6747 2231 7181 6749 2232 7182 6750 2210 7177 6745 2229 7183 6753 2234 7185 6752 2233 7184 6751 2218 7185 6752 2233 7186 6754 2235 7184 6751 2218 7187 6756 2236 7185 6752 2233 7188 6755 2234 7187 6756 2236 7189 6757 2235 7185 6752 2233 7190 6758 2210 7189 6757 2235 7187 6756 2236 7187 6756 2236 7192 6759 2234 7191 6759 2208 7193 6761 2210 7195 6760 2242 7194 6760 2235 7196 6762 2218 7194 6760 2235 7195 6760 2242 7197 6765 2245 7199 6764 2243 7198 6763 2244 7199 6764 2243 7200 6766 2246 7198 6763 2244 7201 6767 2247 7197 6765 2245 7198 6763 2244 7197 6765 2245 7201 6767 2247 7202 6768 2248 7201 6767 2247 7203 6769 2208 7202 6768 2248 7204 6770 2218 7201 6767 2247 7198 6763 2244 7202 6768 2248 7205 6771 2249 7197 6765 2245 7205 6771 2249 7199 6764 2243 7197 6765 2245 7200 6766 2246 7199 6764 2243 7206 6772 2210 7199 6764 2243 7205 6771 2249 7206 6772 2210 7207 6775 2187 7209 6774 2262 7208 6773 2263 7209 6774 2262 7210 6776 2196 7208 6773 2263 7210 6776 2196 7211 6777 2264 7208 6773 2263 7211 6777 2264 7210 6776 2196 7212 6778 2189 7213 6779 2190 7211 6777 2264 7212 6778 2189 7211 6777 2264 7213 6779 2190 7214 6780 2265 7215 6781 2266 7208 6773 2263 7211 6777 2264 7208 6773 2263 7215 6781 2266 7207 6775 2187 7215 6781 2266 7216 6782 2267 7207 6775 2187 7216 6782 2267 7215 6781 2266 7217 6783 2268 7215 6781 2266 7211 6777 2264 7217 6783 2268 7216 6782 2267 7217 6783 2268 7218 6784 2197 7217 6783 2268 7211 6777 2264 7219 6785 2265 7220 6786 2191 7218 6784 2197 7217 6783 2268 7220 6786 2191 7217 6783 2268 7221 6787 2265</p>
                </triangles>
            </mesh>
        </geometry>
    </library_geometries>
    <library_controllers>
        <controller id="ID58">
            <skin source="#ID59">
                <bind_shape_matrix>1 0 0 0 0 1 0 0 0 0 1 0 0 0 0 1</bind_shape_matrix>
                <source id="ID67">
                    <Name_array id="ID68" count="43">joint34 joint35 joint28 joint25 joint26 joint22 joint27 joint24 joint23 joint21 joint7 joint9 joint2 joint33 joint29 joint12 joint32 joint31 joint10 joint11 joint30 joint43 joint42 joint41 joint38 joint39 joint40 joint20 joint44 joint45 joint46 joint47 joint16 joint15 joint18 joint17 joint19 joint13 joint14 joint3 joint4 joint5 joint6</Name_array>
                    <technique_common>
                        <accessor count="43" source="#ID68">
                            <param name="JOINT" type="Name"/>
                        </accessor>
                    </technique_common>
                </source>
                <source id="ID69">
                    <float_array id="ID70" count="51">0 1 0.500008 0.2 0.8 0.0500038 0.100008 0.250004 0.300008 0.779995 0.859998 0.900008 0.6 0.4 0.680003 0.209995 0.149996 0.700008 0.829999 0.949996 0.749996 0.220005 0.140002 0.00999466 0.0299992 0.319997 0.790005 0.850004 0.170001 0.549996 0.650004 0.409995 0.450004 0.349996 0.590005 0.990005 0.489998 0.0899977 0.970001 0.689998 0.510002 0.310002 0.910002 0.919997 0.0800031 0.379995 0.480003 0.259998 0.620005 0.519997 0.740001</float_array>
                    <technique_common>
                        <accessor count="51" source="#ID70">
                            <param name="WEIGHT" type="float"/>
                        </accessor>
                    </technique_common>
                </source>
                <source id="ID71">
                    <float_array id="ID72" count="688">83.3335 0 0 0 0 83.3335 0 -1095.37 0 0 83.3335 -74.7508 0 0 0 1 83.3335 0 0 0 0 83.3335 0 -1168.94 0 0 83.3335 -156.4 0 0 0 1 83.3335 0 0 -877.177 0 83.3335 0 -1020.73 0 0 83.3335 1.24911e-006 0 0 0 1 83.3335 0 0 -824.859 0 83.3335 0 -1020.73 0 0 83.3335 0.034612 0 0 0 1 83.3335 0 0 -842.298 0 83.3335 0 -1020.73 0 0 83.3335 0.034612 0 0 0 1 83.3335 0 0 -427.741 0 83.3335 0 -1009.44 0 0 83.3335 -32.2394 0 0 0 1 83.3335 0 0 -859.737 0 83.3335 0 -1020.73 0 0 83.3335 0.034612 0 0 0 1 83.3335 0 0 -807.419 0 83.3335 0 -1020.73 0 0 83.3335 0.034612 0 0 0 1 83.3335 0 0 -789.98 0 83.3335 0 -1020.73 0 0 83.3335 0.034612 0 0 0 1 83.3335 0 0 -180.904 0 83.3335 0 -1009.44 0 0 83.3335 -32.2394 0 0 0 1 83.3335 0 0 0 0 83.3335 0 -804.316 0 0 83.3335 2.96852 0 0 0 1 83.3335 0 0 0 0 83.3335 0 -945.263 0 0 83.3335 -8.33303 0 0 0 1 83.3335 0 0 0 0 83.3335 0 -777.325 0 0 83.3335 3.83529 0 0 0 1 83.3335 0 0 94.056 0 83.3335 0 -1056.31 0 0 83.3335 70.0813 0 0 0 1 83.3335 0 0 90.6093 0 83.3335 0 -1030.87 0 0 83.3335 92.0592 0 0 0 1 83.3335 0 0 87.1606 0 83.3335 0 -992.84 0 0 83.3335 94.2913 0 0 0 1 83.3335 0 0 -94.0558 0 83.3335 0 -1056.3 0 0 83.3335 70.0815 0 0 0 1 83.3335 0 0 -90.6093 0 83.3335 0 -1030.87 0 0 83.3335 92.0592 0 0 0 1 83.3335 0 -0 -87.1605 -0 83.3335 2.31297e-015 -992.84 0 -2.31297e-015 83.3335 94.2914 0 0 0 1 83.2828 2.9083 -0 119.569 -2.9083 83.2828 0 -937.211 0 -0 83.3335 -107.513 0 0 0 1 83.2828 -2.9083 0 -119.569 2.9083 83.2828 -0 -937.21 -0 0 83.3335 -107.513 0 0 0 1 83.3335 0 0 0 0 83.3335 0 -665.059 0 0 83.3335 1146.02 0 0 0 1 83.3335 0 0 0 0 83.3335 0 -641.403 0 0 83.3335 931.808 0 0 0 1 83.3335 0 0 0 0 83.3335 0 -627.89 0 0 83.3335 742.789 0 0 0 1 83.3335 0 0 0 0 83.3335 0 -607.62 0 0 83.3335 202.337 0 0 0 1 83.3335 0 0 0 0 83.3335 0 -607.62 0 0 83.3335 369.755 0 0 0 1 83.3335 0 0 0 0 83.3335 0 -616.307 0 0 83.3335 563.083 0 0 0 1 83.3335 0 0 -113.816 0 83.3335 0 -1052.34 0 0 83.3335 -32.2394 0 0 0 1 83.3335 0 0 -143.898 0 83.3335 0 -654.473 0 0 83.3335 12.7662 0 0 0 1 83.3335 0 0 -185.82 0 83.3335 0 -386.099 0 0 83.3335 -27.9918 0 0 0 1 83.3335 0 0 -185.82 0 83.3335 0 -118.227 0 0 83.3335 98.1595 0 0 0 1 83.3335 0 0 -185.82 0 83.3335 0 -28.2647 0 0 83.3335 -78.8307 0 0 0 1 83.3335 -8.26054e-050 -6.77628e-018 527.745 9.41087e-035 83.3335 1.15733e-015 -1008.07 6.77628e-018 -1.15733e-015 83.3335 -32.2394 0 0 0 1 83.3335 0 0 389.829 0 83.3335 0 -1009.44 0 0 83.3335 -32.2394 0 0 0 1 83.3335 -1.06207e-049 -6.77628e-018 650.97 9.41087e-035 83.3335 1.15733e-015 -1047.99 6.77628e-018 -1.15733e-015 83.3335 -32.0926 0 0 0 1 -83.3335 5.4727e-022 -7.28525e-006 -656.624 -7.28525e-006 -6.26004e-015 83.3335 7.27395 5.09557e-034 83.3335 6.26004e-015 -977.446 0 0 0 1 83.3335 -4.72031e-050 -6.77628e-018 656.625 6.77628e-018 3.94538e-015 83.3335 -71.7529 3.20819e-034 -83.3335 3.94538e-015 977.445 0 0 0 1 83.3335 0 0 113.816 0 83.3335 0 -1052.34 0 0 83.3335 -32.2394 0 0 0 1 83.3335 0 0 180.904 0 83.3335 0 -1009.44 0 0 83.3335 -32.2394 0 0 0 1 83.3335 0 0 143.898 0 83.3335 0 -654.471 0 0 83.3335 12.7663 0 0 0 1 83.3335 0 0 185.82 0 83.3335 0 -386.099 0 0 83.3335 -27.9918 0 0 0 1 83.3335 0 0 185.82 0 83.3335 0 -118.227 0 0 83.3335 98.1595 0 0 0 1 83.3335 0 0 185.82 0 83.3335 0 -28.2648 0 0 83.3335 -78.8306 0 0 0 1</float_array>
                    <technique_common>
                        <accessor count="43" source="#ID72" stride="16">
                            <param name="TRANSFORM" type="float4x4"/>
                        </accessor>
                    </technique_common>
                </source>
                <joints>
                    <input semantic="JOINT" source="#ID67"/>
                    <input semantic="INV_BIND_MATRIX" source="#ID71"/>
                </joints>
                <vertex_weights count="7222">
                    <input offset="0" semantic="JOINT" source="#ID67"/>
                    <input offset="1" semantic="WEIGHT" source="#ID69"/>
                    <vcount>1 1 1 1 1 1 1 1 1 1 1 1 1 1 1 1 1 1 1 1 1 1 1 1 1 1 1 1 1 1 1 1 1 1 1 1 1 1 1 1 1 1 1 1 1 1 1 1 1 1 1 1 1 1 1 1 1 1 1 1 1 1 1 1 1 1 1 1 1 1 1 1 1 1 1 1 1 1 1 1 1 1 1 1 1 1 1 1 1 1 1 1 1 1 1 1 1 1 1 1 1 1 1 1 1 1 1 1 1 1 1 1 1 1 1 1 1 1 1 1 1 1 1 1 1 1 1 1 1 1 1 1 1 1 1 1 1 1 1 1 1 1 1 1 1 1 1 1 1 1 1 1 1 1 1 1 1 1 1 1 1 1 1 1 1 1 1 1 1 1 1 1 1 1 1 1 1 1 1 1 1 1 1 1 1 1 1 1 1 1 1 1 1 1 1 1 1 1 1 1 1 1 1 1 1 1 1 1 1 1 1 1 1 1 1 1 1 1 1 1 1 1 1 1 1 1 1 1 1 1 1 1 1 1 1 1 1 1 1 1 1 1 1 1 1 1 1 1 1 1 1 1 1 1 1 1 1 1 1 1 1 1 1 1 1 1 1 1 1 1 1 1 1 1 1 1 1 1 1 1 1 1 1 1 1 1 1 1 1 1 1 1 1 1 1 1 1 1 1 1 1 1 1 1 1 1 1 1 1 1 1 1 1 1 1 1 1 1 1 1 1 1 1 1 1 1 1 1 1 1 1 1 1 1 1 1 1 1 1 1 1 1 1 1 1 1 1 1 1 1 1 1 1 1 1 1 1 1 1 1 1 1 1 1 1 1 1 1 1 1 1 1 1 1 1 1 1 1 1 1 1 1 1 1 1 1 1 1 1 1 1 1 1 1 1 1 1 1 1 1 1 1 1 1 1 1 1 1 1 1 1 1 1 1 1 1 1 1 1 1 1 1 1 1 1 1 1 1 1 1 1 1 1 1 1 1 1 1 1 1 1 1 1 1 1 1 1 1 1 1 1 1 1 1 1 1 1 1 1 1 1 1 1 1 1 1 1 1 1 1 1 1 1 1 1 1 1 1 1 1 1 1 1 1 1 1 1 1 1 1 1 1 1 1 1 1 1 1 1 1 1 1 1 1 1 1 1 1 1 1 1 1 1 1 1 1 1 1 1 1 1 1 1 1 1 1 1 1 1 1 1 1 1 1 1 1 1 1 1 1 1 1 1 1 1 1 1 1 1 1 1 1 1 1 1 1 1 1 1 1 1 1 1 1 1 1 1 1 1 1 1 1 1 1 1 1 1 1 1 1 1 1 1 1 1 1 1 1 1 1 1 1 1 1 1 1 1 1 1 1 1 1 1 1 1 1 1 1 1 1 1 1 1 1 1 1 1 1 1 1 1 1 1 1 1 1 1 1 1 1 1 1 1 1 1 1 1 1 1 1 1 1 1 1 1 1 1 1 1 1 1 1 1 1 1 1 1 1 1 1 1 1 1 1 1 1 1 1 1 1 1 1 1 1 1 1 1 1 1 1 1 1 1 1 1 1 1 1 1 1 1 1 1 1 1 1 1 1 1 1 1 1 1 1 1 1 1 1 1 1 1 1 1 1 1 1 1 1 1 1 1 1 1 1 1 1 1 1 1 1 1 1 1 1 1 1 1 1 1 1 1 1 1 1 1 1 1 1 1 1 1 1 1 1 1 1 1 1 1 1 1 1 1 1 1 1 1 1 1 1 1 1 1 1 1 1 1 1 1 1 1 1 1 1 1 1 1 1 1 1 1 1 1 1 1 1 1 1 1 1 1 1 1 1 1 1 1 1 1 1 1 1 1 1 1 1 1 1 1 1 1 1 1 1 1 1 1 1 1 1 1 1 1 1 1 1 1 1 1 1 1 1 1 1 1 1 1 1 1 1 1 1 1 1 1 1 1 1 1 1 1 1 1 1 1 1 1 1 1 1 1 1 1 1 1 1 1 1 1 1 1 1 1 1 1 1 1 1 1 1 1 1 1 1 1 1 1 1 1 1 1 1 1 1 1 1 1 1 1 1 1 1 1 1 1 1 1 1 1 1 1 1 1 1 1 1 1 1 1 1 1 1 1 1 1 1 1 1 1 1 1 1 1 1 1 1 1 1 1 1 1 1 1 1 1 1 1 1 1 1 1 1 1 1 1 1 1 1 1 1 1 1 1 1 1 1 1 1 1 1 1 1 1 1 1 1 1 1 1 1 1 1 1 1 1 1 1 1 1 1 1 1 1 1 1 1 1 1 1 1 2 2 1 1 1 1 2 1 1 2 2 1 1 2 1 1 2 1 2 2 1 2 1 2 1 1 1 1 2 1 1 2 1 2 1 1 2 1 1 2 2 1 1 2 1 1 2 1 2 2 1 2 1 2 1 1 1 1 2 1 1 2 1 2 2 2 2 2 2 2 2 2 2 2 2 2 2 2 2 2 2 2 2 2 2 2 2 2 2 2 1 1 1 1 2 2 2 2 2 2 2 2 2 2 2 2 2 2 2 2 2 2 2 2 2 2 2 2 2 2 2 1 2 1 1 1 1 1 1 1 1 1 1 1 1 1 1 1 1 1 1 1 1 1 1 1 1 1 1 1 1 1 1 1 1 1 1 1 1 1 1 1 1 1 1 1 1 1 1 1 1 1 1 1 1 1 1 1 1 1 1 1 1 1 1 1 1 1 1 1 1 1 1 1 1 1 1 1 1 1 1 1 1 1 1 1 1 1 1 1 1 1 1 1 1 1 1 1 1 1 1 1 1 1 1 1 1 1 1 1 1 1 1 1 1 1 1 1 1 1 1 1 1 1 1 1 1 1 1 1 1 1 1 1 1 1 1 1 1 1 1 1 1 1 1 1 1 1 1 1 1 1 1 1 1 1 1 1 1 1 1 1 1 1 1 1 1 1 1 1 1 1 1 1 1 1 1 1 1 1 1 1 1 1 1 1 1 1 1 1 1 1 1 1 1 1 1 1 1 1 1 1 1 1 1 1 1 1 1 1 1 1 1 1 1 1 1 1 1 1 1 1 1 1 1 1 1 1 1 1 1 1 1 1 1 1 1 1 1 1 1 1 1 1 1 1 1 1 1 1 1 1 1 1 1 1 1 1 1 1 1 1 1 1 1 1 1 1 1 1 1 1 1 1 1 1 1 1 1 1 1 1 1 1 1 1 1 1 1 1 1 1 1 1 1 1 1 1 1 1 1 1 1 1 1 1 1 1 1 1 1 1 1 1 1 1 1 1 1 1 1 1 1 1 1 1 1 1 1 1 1 1 1 1 1 1 1 1 1 1 1 1 1 1 1 1 1 1 1 1 1 1 1 1 1 1 1 1 1 1 1 1 1 1 1 1 1 1 1 1 1 1 1 1 1 1 1 1 1 1 1 1 1 1 1 1 1 1 1 1 1 1 1 1 1 1 1 1 1 1 1 1 1 1 1 1 1 1 1 1 1 1 1 1 1 1 1 1 1 1 1 1 1 1 1 1 1 1 1 1 1 1 1 1 1 1 1 1 1 1 1 1 1 1 1 1 1 1 1 1 1 1 1 1 1 1 1 1 1 1 1 1 1 1 1 1 1 1 1 1 1 1 1 1 1 1 1 1 1 1 1 1 1 1 1 1 1 1 1 1 1 1 1 1 1 1 1 1 1 1 1 1 1 1 1 1 1 1 1 1 1 1 1 1 1 1 1 1 1 1 1 1 1 1 1 1 1 1 1 1 1 1 1 1 1 1 1 1 1 1 1 1 1 1 1 1 1 1 1 1 1 1 1 1 1 1 1 1 1 1 1 1 1 1 1 1 1 1 1 1 1 1 1 1 1 1 1 1 1 1 1 1 1 1 1 1 1 1 1 1 1 1 1 1 1 1 1 1 1 1 1 1 1 1 1 1 1 1 1 1 1 1 1 1 1 1 1 1 1 1 1 1 1 1 1 1 1 1 1 1 1 1 1 1 1 1 1 1 1 1 1 1 1 1 1 1 1 1 1 1 1 1 1 1 1 1 1 1 1 1 1 1 1 1 1 1 1 1 1 1 1 1 1 1 1 1 1 1 1 1 1 1 1 1 1 1 1 1 1 1 1 1 1 1 1 1 1 1 1 1 1 1 1 1 1 1 1 1 1 1 1 1 1 1 1 1 1 1 1 1 1 1 1 1 1 1 1 1 1 1 1 1 1 1 1 1 1 1 1 1 1 1 1 1 1 1 1 1 1 1 1 1 1 1 1 1 1 1 1 1 1 1 1 1 1 1 1 1 1 1 1 1 1 1 1 1 1 1 1 1 1 1 1 1 1 1 1 1 1 1 1 1 1 1 1 1 1 1 1 1 1 1 1 1 1 1 1 1 1 1 1 1 1 1 1 1 1 1 1 1 1 1 1 1 1 1 1 1 1 1 1 1 1 1 1 1 1 1 1 1 1 1 1 1 1 1 1 1 1 1 1 1 1 1 1 1 1 1 1 1 1 1 1 1 1 1 1 1 1 1 1 1 1 1 1 1 1 1 1 1 1 1 1 1 1 1 1 1 1 1 1 1 1 1 1 1 1 1 1 1 1 1 1 1 1 1 1 1 1 1 1 1 1 1 1 1 1 1 1 1 1 1 1 1 1 1 1 1 1 1 1 1 1 1 1 1 1 1 1 1 1 1 1 1 1 1 1 1 1 1 1 1 1 1 1 1 1 1 1 1 1 1 1 1 1 1 1 1 1 1 1 1 1 1 1 1 1 1 1 1 1 1 1 1 1 1 1 1 1 1 1 1 1 1 1 1 1 1 1 1 1 1 1 1 1 1 1 1 1 1 1 1 1 1 1 1 1 1 1 1 1 1 1 1 1 1 1 1 1 1 1 1 1 1 1 1 1 1 1 1 1 1 1 1 1 1 1 1 1 1 1 1 1 1 1 1 1 1 1 1 1 1 1 1 1 1 1 1 1 1 1 1 1 1 1 1 1 1 1 1 1 1 1 1 1 1 1 1 1 2 2 2 2 2 2 2 2 2 2 2 2 2 2 2 2 2 2 2 2 2 2 2 2 2 2 2 2 2 2 2 2 2 2 2 2 2 2 2 2 2 2 2 2 2 2 2 2 2 2 2 2 2 2 2 2 2 2 2 2 2 2 2 2 2 2 2 2 2 2 2 2 2 2 2 2 2 2 2 2 2 2 2 2 2 2 2 2 2 2 2 2 2 2 1 1 2 2 2 1 2 1 2 2 2 1 2 1 1 1 2 2 2 2 2 2 2 2 2 2 2 2 2 2 2 2 2 2 2 2 1 1 2 2 2 2 1 1 2 2 1 2 2 2 2 2 2 2 1 1 2 2 2 2 2 2 2 2 2 2 2 2 2 2 2 2 2 2 2 2 2 2 2 2 2 2 2 2 2 2 2 2 2 2 2 2 2 1 1 1 1 1 1 1 1 1 1 1 1 1 1 1 1 1 1 1 1 1 1 1 1 1 1 1 1 1 1 1 1 1 1 1 1 1 1 1 1 1 1 1 1 1 1 1 1 1 1 1 1 1 1 1 1 1 1 1 1 1 1 1 1 1 1 1 2 2 2 2 1 2 2 1 1 1 1 1 1 1 1 1 1 1 1 1 1 1 1 1 1 1 1 1 1 1 1 1 1 1 1 1 1 1 1 1 1 1 1 1 1 1 1 1 1 1 1 1 1 1 1 1 1 1 1 1 1 1 1 1 1 1 1 1 1 1 1 1 1 1 1 1 1 1 1 1 1 1 1 1 1 1 1 2 2 2 2 1 2 2 1 1 1 1 1 1 1 1 1 1 1 1 1 1 1 1 1 1 1 1 1 1 1 1 1 1 1 1 1 1 1 1 1 1 1 1 1 1 1 1 1 1 1 1 1 1 1 1 1 1 1 1 1 1 1 1 1 1 1 1 1 1 1 1 1 1 1 1 1 1 1 1 1 1 1 1 1 1 1 1 2 2 2 2 1 2 2 1 1 1 1 1 1 1 1 1 1 1 1 1 1 1 1 1 1 1 1 1 1 1 1 1 1 1 1 1 1 1 1 1 1 1 1 1 1 1 1 1 1 1 1 1 1 1 1 1 1 1 1 1 1 1 1 1 1 1 1 1 1 1 1 1 1 1 1 1 1 1 1 1 1 1 1 1 1 1 1 2 2 2 2 1 2 2 1 1 1 1 1 1 1 1 1 1 1 1 1 1 1 1 1 1 1 1 1 1 1 1 1 1 1 1 1 1 1 1 1 1 1 1 1 1 1 1 1 1 1 1 1 1 1 1 1 1 1 1 1 1 1 1 1 1 1 1 1 1 1 1 1 1 1 1 1 1 1 1 1 1 1 1 1 1 1 1 2 2 2 2 1 2 2 1 1 1 1 1 1 1 1 1 1 1 1 1 1 1 1 1 1 1 1 1 1 1 1 1 1 1 1 1 1 1 1 1 1 1 1 1 1 1 1 1 1 1 1 1 1 1 1 1 1 1 1 1 1 1 1 1 1 1 1 1 1 1 1 1 1 1 1 1 1 1 1 1 1 1 1 1 1 1 1 2 2 2 2 1 2 2 1 1 1 1 1 1 1 1 1 1 1 1 1 1 1 1 1 1 1 1 1 1 1 1 1 1 1 1 1 1 1 1 1 1 1 1 1 1 1 1 1 1 1 1 1 1 1 1 1 1 1 1 1 1 1 1 1 1 1 1 1 1 1 1 1 1 1 1 1 1 1 1 1 1 1 1 1 1 1 1 2 2 2 2 1 2 2 1 1 1 1 1 1 1 1 1 1 1 1 1 1 1 1 1 1 1 1 1 1 1 1 1 1 1 1 1 1 1 1 1 1 1 1 1 1 1 1 1 1 1 1 1 1 1 1 1 1 1 1 1 1 1 1 1 1 1 1 1 1 1 1 1 1 1 1 1 1 1 1 1 1 1 1 1 1 1 1 2 2 2 2 1 2 2 1 1 1 1 1 1 1 1 1 1 1 1 1 1 1 1 1 1 1 1 1 1 1 1 1 1 1 1 1 1 1 1 1 1 1 1 1 1 1 1 1 1 1 1 1 1 1 1 1 1 1 1 1 1 1 1 1 1 1 1 1 1 1 1 1 1 1 1 1 1 1 1 1 1 1 1 1 1 1 1 2 2 2 2 1 2 2 1 1 1 1 1 1 1 1 1 1 1 1 1 1 1 1 1 1 1 1 1 1 1 1 1 1 1 1 1 1 1 1 1 1 1 1 1 1 1 1 1 1 1 1 1 1 1 1 1 1 1 1 1 1 1 1 1 1 1 1 1 1 1 1 1 1 1 1 1 1 1 1 1 1 1 1 1 1 1 1 2 2 2 2 1 2 2 1 1 1 1 1 1 1 1 1 1 1 1 1 1 1 1 1 1 1 1 1 1 1 1 1 1 1 1 1 1 1 1 1 1 1 1 1 1 1 1 1 1 1 1 1 1 1 1 1 1 1 1 1 1 1 1 1 1 1 1 1 1 1 1 1 1 1 1 1 1 1 1 1 1 1 1 1 1 1 1 2 2 2 2 1 2 2 1 1 1 1 1 1 1 1 1 1 1 1 1 1 1 1 1 1 1 1 1 1 1 1 1 1 1 1 1 1 1 1 1 1 1 1 1 1 1 1 1 1 1 1 1 1 1 1 1 1 1 1 1 1 1 1 1 1 1 1 1 1 1 1 1 1 1 1 1 1 1 1 1 1 1 1 1 1 1 1 2 2 2 2 1 2 2 1 1 1 1 1 1 1 1 1 1 1 1 1 1 1 1 1 1 1 1 1 1 1 1 1 1 1 1 1 1 1 1 1 1 1 1 1 1 1 1 1 1 1 1 1 1 1 1 1 1 1 1 1 1 1 1 1 1 1 1 1 1 1 1 1 1 1 1 1 1 1 1 1 1 1 1 1 1 1 1 1 1 1 1 1 1 1 1 1 1 1 1 1 1 1 1 1 1 1 1 1 1 1 1 1 1 1 1 1 1 1 1 1 1 1 1 1 1 1 1 1 1 1 1 1 1 1 1 1 1 1 1 1 1 1 1 1 1 1 1 1 1 1 1 1 1 1 1 1 1 1 1 1 1 1 1 1 1 1 1 1 1 1 1 1 1 1 1 1 1 1 1 1 1 1 1 1 1 1 1 1 1 1 1 1 1 1 1 1 1 1 1 1 1 1 1 1 1 1 1 1 1 1 1 1 1 1 1 1 1 1 1 1 1 1 1 1 1 1 1 1 1 1 1 1 1 1 1 1 1 1 1 1 1 1 1 1 1 1 1 1 1 1 1 1 1 1 1 1 1 1 1 1 1 1 1 1 1 1 1 1 1 1 1 1 1 1 1 2 1 2 1 2 2 2 1 2 2 2 2 2 1 1 2 2 2 2 2 2 2 2 1 2 1 2 2 2 2 1 1 2 2 2 2 1 1 1 1 2 2 2 2 2 2 2 2 1 2 2 2 2 2 2 2 2 2 1 1 2 2 2 1 2 2 2 2 1 2 1 2 2 2 2 2 2 2 1 1 2 2 2 2 2 1 2 1 2 2 2 2 1 1 1 1 2 2 2 2 2 2 2 2 1 2 2 2 2 2 2 2 2 1 1 1 1 1 1 1 1 1 1 1 1 1 1 1 1 1 2 1 2 1 1 1 1 1 1 1 1 1 1 1 1 1 1 1 1 1 1 1 1 1 1 1 1 2 2 1 1 1 1 1 1 1 1 1 1 1 1 1 1 1 1 1 1 1 1 1 1 1 1 1 1 1 1 1 1 1 1 1 1 1 1 1 1 1 1 1 1 1 1 1 1 1 1 1 1 1 1 1 1 1 1 1 1 1 1 1 1 1 1 1 1 1 1 1 1 1 1 1 1 1 1 1 1 1 1 1 1 1 1 1 1 1 1 1 1 1 1 1 1 1 1 1 1 1 1 1 1 1 1 1 1 1 1 1 1 1 1 1 1 1 1 1 1 1 1 1 1 1 1 1 1 1 1 1 1 1 1 1 1 1 1 1 1 1 1 1 1 1 1 1 1 1 1 1 1 1 1 1 1 1 1 1 1 1 1 1 1 1 1 1 1 1 1 1 1 1 1 1 1 1 1 1 1 1 1 1 1 1 1 1 2 1 1 1 1 1 1 1 1 1 1 1 1 1 1 1 1 1 1 1 1 1 1 1 1 1 1 1 2 1 1 1 1 1 1 1 1 1 1 1 1 1 1 1 1 1 1 1 1 1 1 1 1 1 1 1 1 1 1 1 1 1 1 2 2 1 1 1 1 1 1 1 1 1 1 1 1 1 1 1 1 1 1 1 1 2 2 2 2 2 2 2 2 2 2 2 2 2 2 2 2 2 2 2 2 2 2 2 2 2 2 2 2 2 2 2 2 2 2 2 2 2 2 2 2 2 2 2 2 2 2 2 2 2 2 2 2 2 2 2 2 2 2 2 2 2 2 2 2 2 2 2 2 2 2 2 2 1 1 1 1 1 1 1 1 1 1 1 1 1 1 1 1 1 1 1 1 1 1 1 1 1 1 1 1 1 1 1 1 1 1 1 1 1 1 1 1 1 1 1 1 1 1 1 1 1 1 1 1 1 1 1 1 1 1 1 1 1 1 1 1 1 1 1 1 1 1 1 1 1 1 1 1 1 1 1 1 1 1 1 1 1 1 1 1 1 1 1 1 1 1 1 1 1 1 1 1 1 1 1 1 1 1 1 1 1 1 1 1 1 1 1 1 1 1 1 1 1 1 1 1 1 1 1 1 1 1 1 1 1 1 1 2 2 2 1 1 1 1 1 1 1 1 1 2 1 1 1 1 1 1 1 1 1 1 1 1 2 1 1 1 1 1 1 1 1 1 2 2 1 1 1 1 1 1 1 1 1 1 1 1 1 1 1 2 2 2 1 1 1 1 1 1 1 1 2 1 1 1 1 1 1 1 1 1 1 1 1 2 1 1 1 1 1 1 1 1 1 2 2 1 1 1 1 1 1 1 1 1 1 1 1 2 2 2 2 2 2 2 2 2 2 2 2 2 2 2 2 2 2 2 2 2 2 2 2 2 2 2 2 2 2 2 2 2 2 2 2 2 2 2 2 2 2 2 2 2 2 2 2 2 2 2 2 2 2 2 2 1 2 2 2 2 2 2 2 2 2 1 2 2 1 1 1 1 2 2 2 2 2 2 2 2 2 2 2 2 2 2 2 2 2 2 2 2 2 2 2 2 2 2 2 2 2 2 2 2 2 2 2 2 2 2 2 2 2 2 2 2 2 2 2 2 2 2 2 2 2 2 2 2 2 2 2 2 2 2 2 2 2 2 2 2 2 2 2 2 2 2 2 2 2 2 2 2 2 2 2 2 2 2 2 2 2 2 2 2 2 2 2 2 2 2 2 2 2 2 2 2 2 2 2 2 2 2 2 2 2 2 2 2 2 2 2 2 2 2 2 2 2 2 2 2 2 2 2 2 2 2 2 2 2 2 2 2 2 2 2 2 2 2 2 2 2 2 2 2 2 2 2 2 2 2 2 2 2 2 2 2 2 2 1 1 1 1 2 2 2 2 2 2 2 2 2 2 2 2 2 2 2 2 2 2 2 2 2 2 2 2 2 2 2 2 2 2 2 2 2 2 2 2 2 2 2 2 2 2 2 2 2 2 2 2 2 2 2 2 2 2 2 2 1 2 2 2 2 2 2 2 2 2 2 1 2 1 1 1 1 2 2 2 2 2 2 2 2 2 2 2 2 2 2 2 2 2 2 2 2 2 2 2 2 2 2 2 2 2 2 2 2 2 2 2 2 2 2 2 2 2 2 2 2 2 2 2 2 2 2 2 2 2 2 2 2 2 2 2 2 2 2 2 2 2 2 2 2 2 2 2 2 2 2 2 2 2 2 2 2 2 2 2 2 2 2 2 2 2 2 2 2 2 2 2 2 2 2 2 2 2 2 2 2 2 2 2 2 1 1 2 1 1 1 1 1 1 1 1 1 1 1 1 1 1 2 2 2 2 1 1 2 1 1 2 1 1 1 2 2 2 2 2 2 1 2 2 1 2 1 1 1 1 1 1 1 1 1 1 1 1 1 1 1 2 1 2 1 1 2 2 2 1 2 1 1 2 1 2 2 2 2 2 2 1 2 2 2 2 2 2 1 2 2 2 2 2 1 2 2 2 2 2 2 2 1 2 1 2 1 2 2 2 1 2 2 2 1 1 2 2 1 1 2 1 1 1 2 2 2 2 1 2 2 1 1 1 1 2 2 2 1 1 1 1 1 1 1 1 2 2 2 2 2 2 2 2 2 1 2 2 2 1 1 1 1 1 1 2 1 2 2 2 2 1 2 1 2 2 2 2 1 1 1 2 2 2 2 1 1 2 2 2 2 2 2 2 1 1 1 2 2 2 1 1 1 2 2 1 1 2 2 2 1 2 2 1 1 2 1 2 1 1 1 1 1 1 1 1 2 1 1 1 1 1 1 1 1 1 1 1 1 1 1 1 1 1 1 1 1 1 2 2 2 1 2 1 2 1 2 1 2 1 1 2 1 2 1 1 1 1 1 1 1 1 1 1 2 2 2 2 2 2 2 2 2 2 2 2 2 2 2 2 2 2 2 2 2 2 2 2 2 2 2 2 2 2 2 2 2 2 2 2 2 2 2 2 2 2 2 1 2 2 2 2 1 2 2 2 2 2 2 2 2 2 2 2 2 2 2 2 2 2 1 2 2 1 1 1 2 2 1 1 1 2 2 2 2 2 2 2 2 2 2 2 1 1 1 1 1 1 2 1 1 1 1 1 1 2 1 1 2 1 1 1 2 1 1 1 1 1 1 1 1 1 1 1 1 2 2 2 2 1 2 2 2 1 1 1 2 2 1 1 1 2 1 1 1 1 1 1 1 1 1 1 1 1 1 1 1 1 1 1 1 1 1 1 1 1 1 1 1 1 1 1 2 2 2 2 1 2 2 2 1 1 1 2 2 1 1 1 2 1 1 1 1 1 1 1 1 1 1 1 1 1 1 1 1 1 1 1 1 1 2 2 2 2 2 2 2 2 2 2 1 1 1 2 2 1 2 2 2 1 2 2 1 1 1 1 1 1 2 2 1 1 2 1 2 2 2 2 2 2 1 2 1 2 2 2 1 2 2 2 2 2 2 2 2 2 2 2 2 1 1 1 1 2 2 2 2 1 1 2 2 1 2 1 1 1 1 1 1 1 1 1 2 2 2 1 2 2 2 2 2 1 1 1 1 1 1 1 1 1 1 1 1 1 1 1 1 1 1 1 1 1 1 1 1 1 1 1 1 1 1 1 1 1 2 2 2 2 2 2 2 2 2 2 1 1 1 2 2 1 2 2 2 1 2 1 2 1 2 2 1 1 2 1 1 1 2 1 1 1 1 1 1 1 2 1 2 2 1 2 2 2 2 2 1 1 1 1 1 1 2 2 2 2 2 2 2 2 2 2 2 2 2 2 2 2 2 2 2 1 1 2 1 1 1 2 2 2 2 2 2 2 2 2 2 2 2 2 2 2 2 2 2 2 2 2 1 1 2 2 2 2 2 2 2 2 2 1 1 2 2 1 1 1 1 2 2 2 2 2 2 2 2 2 1 2 1 1 1 2 2 1 1 1 1 1 1 1 1 1 1 1 1 1 1 2 2 2 2 2 2 2 2 1 1 2 2 2 1 1 1 2 1 2 2 2 2 2 2 1 2 2 2 1 1 1 1 1 1 1 1 1 1 1 1 1 1 1 1 1 1 1 1 1 1 1 1 1 1 2 2 2 2 1 1 2 2 1 2 1 1 1 1 1 1 1 1 1 1 1 2 2 1 1 1 1 2 2 2 2 2 2 2 2 1 1 1 1 2 1 1 2 1 1 1 2 1 1 1 1 1 1 1 1 1 1 1 1 1 1 1 1 1 1 1 1 1 1 1 1 1 1 2 1 2 2 1 1 1 1 2 2 2 1 1 1 1 1 1 2 1 1 2 2 2 1 2 1 2 1 2 2 2 2 2 2 2 2 2 2 2 2 2 2 2 1 1 1 2 1 1 2 1 2 1 2 1 1 2 2 1 2 1 1 2 1 2 2 1 2 2 2 2 1 2 2 2 1 1 1 1 2 1 2 2 1 1 1 1 1 1 1 2 2 2 2 2 2 2 2 2 2 2 2 1 1 1 2 1 2 2 1 1 2 1 2 2 2 2 2 2 1 1 2 2 1 1 2 1 2 1 1 1 1 1 1 1 1 2 1 1 1 1 1 1 1 1 1 1 1 1 1 1 1 1 1 1 1 1 1 2 2 2 1 2 1 2 1 2 1 2 1 1 2 1 2 1 1 1 1 1 1 2 1 1 2 2 2 2 2 2 2 2 2 2 2 2 2 2 2 2 2 2 2 2 2 2 2 2 2 2 2 2 2 2 2 2 2 2 2 2 2 2 2 2 2 2 2 2 2 2 2 2 2 2 1 2 1 2 2 2 1 1 2 1 2 2 1 2 2 1 2 1 1 1 1 1 1 1 1 1 1 2 2 2 2 1 1 1 1 1 1 1 2 2 2 2 1 1 1 1 2 2 2 1 2 2 2 1 1 2 2 2 2 2 2 2 2 1 2 1 1 1 2 2 2 2 2 2 1 2 1 2 2 2 1 1 2 1 2 2 1 2 2 2 1 1 1 2 2 2 2 1 1 2 2 2 1 2 2 1 2 2 1 1 1 2 2 2 2 2 1 2 2 2 2 2 2 2 1 1 1 1 1 2 2 2 1 2 2 1 1 2 1 1 1 2 2 2 2 2 2 2 2 2 2 2 1 1 1 1 1 1 1 1 2 2 1 1 1 1 1 2 1 1 1 1 1 1 1 1 2 2 2 2 1 2 2 2 1 1 1 2 2 1 1 1 2 1 1 1 1 1 1 1 1 1 1 1 1 1 1 1 1 1 1 1 1 1 1 1 1 1 1 1 1 1 1 1 1 1 1 1 1 1 1 2 2 2 2 2 2 2 2 2 2 1 1 1 2 2 1 2 2 2 1 2 1 2 1 1 1 1 1 2 2 1 1 2 1 2 2 2 2 2 2 2 1 1 2 2 2 1 2 2 2 2 2 2 2 1 1 1 1 2 2 2 2 1 1 2 2 1 1 2 1 1 1 1 1 1 1 2 1 2 2 1 2 2 2 2 2 1 1 1 1 1 1 1 1 1 1 1 1 1 1 1 1 1 1 2 1 1 1 1 1 1 1 1 1 1 1 1 2 2 2 2 1 2 2 2 1 1 1 2 2 1 1 1 2 1 1 1 1 1 1 1 1 1 1 1 1 1 1 1 1 1 1 1 1 1 1 1 1 1 2 2 2 2 2 2 2 2 2 2 1 1 1 2 2 1 2 2 2 1 2 2 1 1 2 2 1 1 2 1 2 2 2 2 2 1 2 1 1 1 1 1 1 1 1 1 2 2 2 1 2 2 2 2 2 1 1 1 1 1 1 1 1 1 1 1 1 1 1 1 1 1 1 1 1 1 1 1 1 1 1 1 1 1 1 1 1 1 1 1 1 1 1 1 1 1 1 1 1 1 1 1 1 1 1 1 1 1 1 1 1 1 1 1 1 1 1 1 1 1 1 1 1 1 1 1 1 1 1 1 1 1 1 1 1 1 1 1 1 1 1 1 1 1 1 1 1 1 1 1 1 1 1 1 1 1 1 1 1 1 1 1 1 1 1 1 1 1 1 1 1 1 1 1 1 1 1 1 1 1 1 1 1 1 1 1 1 1 1 1 1 1 1 1 1 1 1 1 1 1 1 1 1 1 1 1 1 1 1 1 1 1 1 1 1 1 1 1 1 1 1 1 1 1 1 1 1 1 1 1 1 1 1 1 1 1 1 1 1 1 1 1 1 1 1 1 1 1 1 1 1 2 1 2 2 2 1 1 1 1 1 1 2 1 2 1 2 2 1 2 1 1 1 1 1 1 1 1 1 1 1 1 1 1 1 1 1 1 1 1 1 1 1 1 1 1 1 1 1 1 1 1 1 1 1 1 1 1 1 1 1 1 1 1 1 1 1 1 1 1 1 1 1 1 1 1 1 1 1 1 1 1 1 2 2 2 2 1 1 1 1 2 2 2 2 2 2 2 2 1 2 2 2 1 1 1 2 1 1 1 1 2 1 1 1 1 2 2 2 2 1 1 2 2 2 2 2 2 2 2 2 2 2 1 1 1 1 1 1 2 2 2 2 1 2 2 1 2 2 2 2 2 1 1 1 1 1 1 1 1 1 1 1 1 1 1 1 1 1 1 1 1 1 1 1 1 1 1 1 1 1 1 1 1 1 1 1 1 1 1 1 1 1 1 1 1 1 1 1 1 1 1 2 1 2 2 2 1 1 1 1 1 1 2 1 2 1 2 2 1 2 1 1 1 1 1 1 1 1 1 1 1 1 1 1 1 1 1 1 1 1 1 1 1 1 1 1 1 1 1 1 1 1 1 1 1 1 1 1 1 1 1 1 1 1 1 1 1 1 1 1 1 1 1 1 1 1 1 1 1 1 1 2 2 1 1 1 2 2 2 2 2 2 2 2 2 2 1 1 1 2 2 2 1 1 1 2 1 1 1 1 2 1 1 1 1 2 2 2 2 1 1 2 2 2 2 2 2 2 2 2 2 2 2 2 1 1 1 1 1 1 1 1 1 1 1 1 1 1 1 1 1 1 1 1 1 1 1 1 1 1 1 1 1 1 1 1 1 1 1 1 1 1 1 1 1 1 1 1 1 1 1 1 1 1 1 1 1 1 1 1 1 1 1 1 1 1 1 1 1 1 1 1 1 1 1 1 1 1 1 1 1 1 1 1 1 1 1 1 1 1 1 1 1 1 1 1 1 1 1 1 1 1 1 1 1 1 1 1 1 1 1 1 1 1 1 1 1 1 1 1 1 1 1 1 1 1 1 1 1 1 1 1 1 1 1 1 1 1 1 1 1 1 1 1 1 1 1 1 1 1 1 1 1 1 1 1 1 1 1 1 1 1 1 1 1 1 1 1 1 1 1 1 1 1 1 1 1 1 1 1 1 1 1 1 1 1 1 1 1 1 1 1 1 1 1 1 1 1 1 1 1 1 1 1 1 1 1 1 1 1 1 1 1 1 1 1 1 1 1 1 1 1 1 1 1 1 1 1 1 1 1 1 1 1 1 1 1 1 1 1 1 1 1 1 1 1 1 1 1 1 1 1 1 1 1 1 1 1 1 1 1 1 1 1 1 1 1 1 1 1 1 1 1 1 1 1</vcount>
                    <v>0 1 0 1 0 1 0 1 0 1 0 1 0 1 0 1 0 1 0 1 0 1 0 1 0 1 0 1 0 1 0 1 0 1 0 1 0 1 0 1 0 1 0 1 0 1 0 1 0 1 0 1 0 1 0 1 0 1 0 1 0 1 0 1 0 1 0 1 0 1 0 1 0 1 0 1 0 1 0 1 0 1 0 1 0 1 0 1 0 1 0 1 0 1 0 1 0 1 0 1 0 1 0 1 0 1 0 1 0 1 0 1 0 1 0 1 0 1 0 1 0 1 0 1 0 1 0 1 0 1 0 1 0 1 0 1 0 1 0 1 0 1 0 1 0 1 0 1 0 1 0 1 0 1 0 1 0 1 0 1 0 1 0 1 0 1 0 1 0 1 0 1 0 1 0 1 0 1 0 1 0 1 0 1 0 1 0 1 0 1 0 1 0 1 0 1 0 1 0 1 0 1 0 1 0 1 0 1 0 1 0 1 0 1 0 1 0 1 0 1 0 1 0 1 0 1 0 1 0 1 0 1 0 1 0 1 0 1 0 1 0 1 0 1 0 1 0 1 0 1 0 1 0 1 0 1 0 1 0 1 0 1 0 1 0 1 0 1 0 1 0 1 0 1 0 1 0 1 0 1 0 1 0 1 0 1 0 1 0 1 0 1 0 1 0 1 0 1 0 1 0 1 0 1 0 1 0 1 0 1 0 1 0 1 0 1 0 1 0 1 0 1 0 1 0 1 0 1 0 1 0 1 0 1 0 1 0 1 0 1 0 1 0 1 0 1 0 1 0 1 0 1 0 1 0 1 0 1 0 1 0 1 0 1 0 1 0 1 0 1 0 1 0 1 0 1 0 1 0 1 0 1 0 1 0 1 0 1 0 1 0 1 0 1 0 1 0 1 0 1 0 1 0 1 0 1 0 1 0 1 0 1 0 1 0 1 0 1 0 1 0 1 0 1 0 1 0 1 0 1 0 1 0 1 0 1 0 1 0 1 0 1 0 1 0 1 0 1 0 1 0 1 0 1 0 1 0 1 0 1 0 1 0 1 0 1 0 1 0 1 0 1 0 1 0 1 0 1 0 1 0 1 0 1 0 1 0 1 0 1 0 1 0 1 0 1 0 1 0 1 0 1 0 1 0 1 0 1 0 1 0 1 0 1 0 1 0 1 0 1 0 1 0 1 0 1 0 1 0 1 0 1 0 1 0 1 0 1 0 1 0 1 0 1 0 1 0 1 0 1 0 1 0 1 0 1 0 1 0 1 0 1 0 1 0 1 0 1 0 1 0 1 0 1 0 1 0 1 0 1 0 1 0 1 0 1 0 1 0 1 0 1 0 1 0 1 0 1 0 1 0 1 0 1 0 1 0 1 0 1 0 1 0 1 0 1 0 1 0 1 0 1 0 1 0 1 0 1 0 1 0 1 0 1 0 1 0 1 0 1 0 1 0 1 0 1 0 1 0 1 0 1 0 1 0 1 0 1 0 1 0 1 0 1 0 1 0 1 0 1 0 1 0 1 0 1 0 1 0 1 0 1 0 1 0 1 0 1 0 1 0 1 0 1 0 1 0 1 0 1 0 1 0 1 0 1 0 1 0 1 0 1 0 1 0 1 0 1 0 1 0 1 0 1 0 1 0 1 0 1 0 1 0 1 0 1 0 1 0 1 0 1 0 1 0 1 0 1 0 1 0 1 0 1 0 1 0 1 0 1 0 1 0 1 0 1 0 1 0 1 0 1 0 1 0 1 0 1 0 1 0 1 0 1 0 1 0 1 0 1 0 1 0 1 0 1 0 1 0 1 0 1 0 1 0 1 0 1 0 1 0 1 0 1 0 1 0 1 0 1 0 1 0 1 0 1 0 1 0 1 0 1 0 1 0 1 0 1 0 1 0 1 0 1 0 1 0 1 0 1 0 1 0 1 0 1 0 1 0 1 0 1 0 1 0 1 0 1 0 1 0 1 0 1 0 1 0 1 0 1 0 1 0 1 0 1 0 1 0 1 0 1 0 1 0 1 0 1 0 1 0 1 0 1 0 1 0 1 0 1 0 1 0 1 0 1 0 1 0 1 0 1 0 1 0 1 0 1 0 1 0 1 0 1 0 1 0 1 0 1 0 1 0 1 0 1 0 1 0 1 0 1 0 1 0 1 0 1 0 1 0 1 0 1 0 1 0 1 0 1 0 1 0 1 0 1 0 1 0 1 0 1 0 1 0 1 0 1 0 1 0 1 0 1 0 1 0 1 0 1 0 1 0 1 0 1 0 1 0 1 0 1 0 1 0 1 0 1 0 1 0 1 0 1 0 1 0 1 0 1 0 1 1 1 1 1 1 1 1 1 1 1 1 1 1 1 1 1 1 1 1 1 1 1 1 1 1 1 1 1 1 1 1 1 1 1 1 1 1 1 1 1 1 1 1 1 1 1 1 1 1 1 1 1 0 1 0 1 0 1 0 1 0 1 0 1 0 1 0 1 0 1 0 1 0 1 0 1 0 1 0 1 0 1 0 1 0 1 0 1 0 1 0 1 0 1 0 1 0 1 0 1 0 1 0 1 0 1 0 1 0 1 0 1 0 1 0 1 0 1 0 1 0 1 0 1 0 1 0 1 0 1 0 1 0 1 0 1 0 1 0 1 0 1 0 1 0 1 0 1 1 1 1 1 1 1 1 1 1 1 1 1 1 1 1 1 1 1 1 1 1 1 1 1 1 1 1 1 1 1 1 1 1 1 1 1 1 1 1 1 1 1 1 1 1 1 1 1 1 1 1 1 1 1 1 1 1 1 1 1 1 1 1 1 1 1 1 1 1 1 1 1 1 1 1 1 1 1 1 1 1 1 1 1 1 1 1 1 1 1 1 1 1 1 1 1 1 1 0 1 0 1 0 1 0 1 0 1 0 1 0 1 0 1 0 1 0 1 0 1 0 1 0 1 0 1 0 1 0 1 0 1 0 1 0 1 0 1 0 1 0 1 0 1 0 1 1 1 1 1 1 1 1 1 1 1 1 1 1 1 1 1 1 1 1 1 1 1 1 1 1 1 1 1 1 1 1 1 1 1 1 1 1 1 1 1 1 1 1 1 1 1 1 1 0 1 0 1 0 1 0 1 0 1 0 1 0 1 0 1 0 1 0 1 0 1 0 1 0 1 0 1 0 1 0 1 0 1 0 1 0 1 0 1 0 1 0 1 0 1 0 1 0 1 0 1 0 1 0 1 0 1 0 1 0 1 0 1 0 1 0 1 0 1 0 1 0 1 0 1 0 1 0 1 0 1 0 1 0 1 0 1 0 1 0 1 0 1 0 1 0 1 0 1 1 1 1 1 1 1 1 1 1 1 1 1 1 1 1 1 1 1 1 1 1 1 1 1 1 1 1 1 1 1 1 1 1 1 1 1 1 1 1 1 1 1 1 1 1 1 1 1 1 1 1 1 1 1 1 1 1 1 1 1 1 1 1 1 1 1 1 1 1 1 1 1 1 1 1 1 1 1 1 1 1 1 1 1 1 1 1 1 1 1 1 1 1 1 1 1 1 1 1 1 1 1 1 1 0 1 0 1 0 1 0 1 0 1 0 1 0 1 0 1 0 1 0 1 0 1 0 1 0 1 0 1 0 1 0 1 0 1 0 1 0 1 0 1 0 1 0 1 0 1 0 1 0 1 0 1 0 1 0 1 0 1 0 1 0 1 0 1 0 1 0 1 0 1 0 1 0 1 0 1 0 1 0 1 0 1 0 1 0 1 0 1 0 1 0 1 0 1 0 1 0 1 0 1 1 1 1 1 1 1 1 1 1 1 1 1 1 1 1 1 1 1 1 1 1 1 1 1 1 1 1 1 1 1 1 1 1 1 1 1 1 1 1 1 1 1 1 1 1 1 1 1 0 1 0 1 0 1 0 1 0 1 0 1 0 1 0 1 0 1 0 1 0 1 0 1 0 1 0 1 0 1 0 1 0 1 0 1 0 1 0 1 0 1 0 1 0 1 0 1 1 1 1 1 1 1 1 1 1 1 1 1 1 1 1 1 1 1 1 1 1 1 1 1 1 1 1 1 1 1 1 1 1 1 1 1 1 1 1 1 1 1 1 1 1 1 1 1 1 1 1 1 0 1 0 1 0 1 0 1 0 1 0 1 0 1 0 1 0 1 0 1 0 1 0 1 0 1 0 1 0 1 0 1 0 1 0 1 0 1 0 1 0 1 0 1 0 1 0 1 1 1 1 1 1 1 1 1 1 1 1 1 1 1 1 1 1 1 1 1 1 1 1 1 1 1 1 1 1 1 1 1 1 1 1 1 1 1 1 1 1 1 1 1 1 1 0 1 0 1 0 1 0 1 0 1 0 1 0 1 0 1 0 1 0 1 0 1 0 1 0 1 0 1 0 1 0 1 0 1 0 1 0 1 0 1 0 1 0 1 0 1 0 1 1 1 1 1 1 1 1 1 1 1 1 1 1 1 1 1 1 1 1 1 1 1 1 1 1 1 1 1 1 1 1 1 1 1 1 1 1 1 1 1 1 1 1 1 1 1 1 1 1 1 1 1 0 2 1 2 0 2 1 2 0 1 0 1 1 1 1 1 0 2 1 2 0 1 1 1 0 3 1 4 0 4 1 3 0 1 1 1 0 3 1 4 1 1 1 1 0 3 1 4 1 1 0 2 1 2 0 4 1 3 1 1 0 2 1 2 1 1 0 2 1 2 0 1 0 1 0 1 0 1 0 4 1 3 0 1 0 1 0 2 1 2 0 1 0 2 1 2 1 1 1 1 0 2 1 2 0 1 1 1 0 3 1 4 0 4 1 3 0 1 1 1 0 3 1 4 1 1 1 1 0 3 1 4 1 1 0 2 1 2 0 4 1 3 1 1 0 2 1 2 1 1 0 2 1 2 0 1 0 1 0 1 0 1 0 4 1 3 0 1 2 1 2 13 6 12 2 1 2 13 6 12 3 2 4 2 3 11 7 6 3 2 4 2 3 11 7 6 4 8 6 17 4 8 6 17 4 11 6 6 4 11 6 6 3 8 7 17 3 8 7 17 7 12 8 13 7 12 8 13 2 13 6 12 2 13 6 12 4 8 6 17 4 8 6 17 3 11 7 6 3 11 7 6 3 8 7 17 3 8 7 17 4 11 6 6 4 11 6 6 3 2 4 2 3 2 4 2 7 12 8 13 7 12 8 13 5 1 5 1 2 1 2 1 2 13 6 12 2 13 6 12 3 2 4 2 3 2 4 2 3 11 7 6 3 11 7 6 4 8 6 17 4 11 6 6 4 8 6 17 4 11 6 6 3 8 7 17 7 12 8 13 3 8 7 17 7 12 8 13 2 13 6 12 4 8 6 17 2 13 6 12 4 8 6 17 3 11 7 6 3 8 7 17 3 11 7 6 3 8 7 17 4 11 6 6 3 2 4 2 4 11 6 6 3 2 4 2 7 12 8 13 5 1 7 12 8 13 5 1 2 1 2 1 2 1 2 1 2 1 2 1 2 1 2 1 2 1 2 1 2 1 2 1 2 1 2 1 2 1 2 1 2 1 2 1 2 1 2 1 2 1 2 1 2 1 2 1 2 1 2 1 2 1 2 1 2 1 2 1 2 1 2 1 2 1 2 1 2 1 2 1 2 1 2 1 2 1 2 1 2 1 2 1 2 1 2 1 2 1 2 1 2 1 2 1 2 1 2 1 2 1 2 1 2 1 2 1 2 1 2 1 2 1 2 1 2 1 2 1 2 1 2 1 2 1 2 1 2 1 2 1 2 1 2 1 2 1 2 1 2 1 2 1 2 1 2 1 2 1 2 1 2 1 2 1 2 1 2 1 2 1 2 1 2 1 2 1 2 1 2 1 2 1 2 1 2 1 2 1 2 1 2 1 2 1 2 1 2 1 2 1 2 1 2 1 2 1 2 1 2 1 2 1 2 1 2 1 2 1 2 1 2 1 2 1 2 1 2 1 2 1 2 1 2 1 2 1 2 1 2 1 2 1 2 1 2 1 2 1 2 1 2 1 2 1 2 1 2 1 2 1 2 1 2 1 2 1 2 1 2 1 2 1 2 1 2 1 2 1 2 1 2 1 2 1 2 1 2 1 2 1 2 1 2 1 2 1 2 1 2 1 2 1 2 1 2 1 2 1 2 1 2 1 2 1 2 1 2 1 2 1 2 1 2 1 2 1 2 1 2 1 2 1 2 1 2 1 2 1 2 1 2 1 2 1 2 1 2 1 2 1 2 1 2 1 2 1 2 1 2 1 2 1 2 1 2 1 2 1 2 1 2 1 2 1 2 1 2 1 2 1 2 1 2 1 2 1 2 1 2 1 2 1 2 1 2 1 2 1 2 1 2 1 2 1 2 1 2 1 2 1 2 1 2 1 2 1 2 1 2 1 2 1 2 1 2 1 2 1 2 1 2 1 2 1 2 1 2 1 2 1 2 1 2 1 2 1 2 1 2 1 2 1 2 1 2 1 2 1 2 1 2 1 2 1 2 1 2 1 2 1 2 1 2 1 2 1 2 1 2 1 2 1 2 1 2 1 2 1 2 1 2 1 2 1 2 1 2 1 2 1 2 1 2 1 2 1 2 1 2 1 2 1 2 1 2 1 2 1 2 1 2 1 2 1 2 1 2 1 2 1 2 1 2 1 2 1 2 1 2 1 2 1 2 1 2 1 2 1 2 1 2 1 2 1 2 1 2 1 2 1 2 1 2 1 2 1 2 1 2 1 2 1 2 1 2 1 2 1 5 1 5 1 5 1 5 1 5 1 5 1 5 1 5 1 5 1 5 1 5 1 5 1 5 1 5 1 5 1 5 1 5 1 5 1 5 1 5 1 5 1 5 1 5 1 5 1 5 1 5 1 5 1 5 1 5 1 5 1 5 1 5 1 5 1 5 1 5 1 5 1 5 1 5 1 5 1 5 1 5 1 5 1 5 1 5 1 5 1 5 1 5 1 5 1 5 1 5 1 5 1 5 1 5 1 5 1 5 1 5 1 5 1 5 1 5 1 5 1 5 1 5 1 5 1 5 1 5 1 5 1 5 1 5 1 5 1 5 1 5 1 5 1 5 1 5 1 5 1 5 1 5 1 5 1 5 1 5 1 5 1 5 1 5 1 5 1 5 1 5 1 5 1 5 1 5 1 5 1 5 1 5 1 5 1 5 1 5 1 5 1 5 1 5 1 5 1 5 1 5 1 5 1 5 1 5 1 5 1 5 1 5 1 5 1 5 1 5 1 5 1 5 1 5 1 5 1 5 1 5 1 5 1 5 1 5 1 5 1 5 1 5 1 5 1 5 1 5 1 5 1 5 1 5 1 5 1 5 1 5 1 5 1 5 1 5 1 5 1 5 1 5 1 5 1 5 1 5 1 5 1 5 1 5 1 5 1 5 1 5 1 5 1 5 1 5 1 5 1 5 1 5 1 5 1 5 1 5 1 5 1 5 1 5 1 5 1 5 1 5 1 5 1 5 1 5 1 5 1 5 1 5 1 5 1 5 1 5 1 5 1 5 1 5 1 5 1 5 1 5 1 5 1 5 1 5 1 5 1 5 1 5 1 5 1 5 1 5 1 5 1 5 1 5 1 5 1 5 1 5 1 5 1 5 1 5 1 5 1 5 1 5 1 5 1 5 1 5 1 5 1 5 1 5 1 5 1 5 1 5 1 5 1 5 1 5 1 5 1 5 1 5 1 5 1 5 1 5 1 5 1 5 1 5 1 5 1 5 1 5 1 5 1 5 1 5 1 5 1 5 1 5 1 5 1 5 1 5 1 5 1 5 1 5 1 5 1 5 1 5 1 5 1 5 1 5 1 5 1 5 1 5 1 5 1 5 1 5 1 5 1 5 1 5 1 5 1 5 1 5 1 5 1 5 1 5 1 5 1 5 1 5 1 5 1 5 1 5 1 5 1 5 1 5 1 5 1 5 1 5 1 5 1 5 1 5 1 5 1 5 1 5 1 5 1 5 1 5 1 5 1 5 1 5 1 5 1 5 1 5 1 5 1 5 1 5 1 5 1 5 1 5 1 5 1 5 1 5 1 5 1 5 1 5 1 5 1 5 1 5 1 5 1 5 1 5 1 5 1 5 1 5 1 5 1 5 1 5 1 5 1 5 1 5 1 5 1 5 1 5 1 5 1 5 1 5 1 5 1 5 1 5 1 5 1 5 1 5 1 5 1 5 1 5 1 5 1 5 1 5 1 5 1 5 1 5 1 5 1 5 1 5 1 5 1 5 1 5 1 5 1 5 1 5 1 5 1 5 1 5 1 5 1 5 1 5 1 5 1 5 1 5 1 5 1 5 1 5 1 5 1 5 1 5 1 5 1 5 1 5 1 5 1 5 1 5 1 5 1 5 1 5 1 5 1 5 1 5 1 5 1 5 1 5 1 5 1 5 1 5 1 5 1 5 1 5 1 5 1 5 1 5 1 5 1 5 1 5 1 5 1 5 1 5 1 5 1 5 1 5 1 5 1 5 1 5 1 5 1 5 1 5 1 5 1 5 1 5 1 5 1 5 1 5 1 5 1 5 1 5 1 5 1 5 1 5 1 5 1 5 1 5 1 5 1 5 1 5 1 5 1 5 1 5 1 5 1 5 1 5 1 5 1 5 1 5 1 5 1 5 1 5 1 5 1 5 1 5 1 5 1 5 1 5 1 5 1 5 1 5 1 5 1 5 1 5 1 5 1 5 1 5 1 5 1 5 1 5 1 5 1 5 1 5 1 5 1 5 1 5 1 5 1 5 1 5 1 5 1 5 1 5 1 5 1 5 1 5 1 5 1 5 1 5 1 5 1 5 1 5 1 5 1 5 1 5 1 5 1 5 1 5 1 5 1 5 1 5 1 5 1 5 1 5 1 5 1 5 1 5 1 9 1 9 1 9 1 9 1 9 1 9 1 9 1 9 1 9 1 9 1 9 1 9 1 9 1 9 1 9 1 9 1 9 1 9 1 9 1 9 1 9 1 9 1 9 1 9 1 9 1 9 1 9 1 9 1 9 1 9 1 9 1 9 1 9 1 9 1 9 1 9 1 9 1 9 1 9 1 9 1 9 1 9 1 9 1 9 1 9 1 9 1 9 1 9 1 9 1 9 1 9 1 9 1 9 1 9 1 9 1 9 1 9 1 9 1 9 1 9 1 9 1 9 1 9 1 9 1 9 1 9 1 9 1 9 1 9 1 9 1 9 1 9 1 9 1 9 1 9 1 9 1 9 1 9 1 9 1 9 1 9 1 9 1 9 1 9 1 9 1 9 1 9 1 9 1 9 1 9 1 9 1 9 1 9 1 9 1 9 1 9 1 9 1 9 1 9 1 9 1 9 1 9 1 9 1 9 1 9 1 9 1 9 1 9 1 9 1 9 1 9 1 9 1 9 1 9 1 9 1 9 1 9 1 9 1 9 1 9 1 9 1 9 1 9 1 9 1 9 1 9 1 9 1 9 1 9 1 9 1 9 1 9 1 9 1 9 1 9 1 9 1 9 1 9 1 9 1 9 1 9 1 9 1 9 1 9 1 9 1 9 1 9 1 9 1 9 1 9 1 9 1 9 1 9 1 9 1 9 1 9 1 9 1 9 1 9 1 9 1 9 1 9 1 9 1 9 1 9 1 9 1 9 1 9 1 9 1 9 1 9 1 9 1 9 1 9 1 9 1 9 1 9 1 9 1 9 1 9 1 9 1 9 1 9 1 9 1 9 1 9 1 9 1 9 1 9 1 9 1 9 1 9 1 9 1 9 1 9 1 9 1 9 1 9 1 9 1 9 1 9 1 9 1 9 1 9 1 9 1 9 1 9 1 9 1 9 1 9 1 9 1 9 1 9 1 9 1 9 1 9 1 9 1 9 1 9 1 9 1 9 1 9 1 9 1 9 1 9 1 9 1 9 1 9 1 9 1 9 1 9 1 9 1 9 1 9 1 9 1 9 1 9 1 9 1 9 1 9 1 9 1 9 1 9 1 9 1 9 1 9 1 9 1 9 1 9 1 9 1 9 1 9 1 9 1 9 1 9 1 9 1 9 1 9 1 9 1 9 1 9 1 9 1 9 1 9 1 9 1 9 1 9 1 9 1 9 1 9 1 9 1 9 1 9 1 9 1 9 1 9 1 9 1 9 1 9 1 9 1 9 1 9 1 9 1 9 1 9 1 9 1 9 1 9 1 9 1 9 1 9 1 9 1 9 1 9 1 9 1 9 1 9 1 9 1 9 1 9 1 9 1 9 1 9 1 9 1 9 1 9 1 9 1 9 1 9 1 9 1 9 1 9 1 9 1 9 1 9 1 9 1 9 1 9 1 9 1 9 1 9 1 9 1 9 1 9 1 10 12 11 13 10 2 11 2 10 12 11 13 10 2 11 2 10 2 11 2 10 2 11 2 10 12 11 13 10 12 11 13 11 13 12 12 10 29 11 32 11 13 12 12 10 29 11 32 11 13 12 12 11 13 12 12 11 13 12 12 10 29 11 32 10 29 11 32 10 2 11 2 10 2 11 2 10 13 11 12 10 2 11 2 10 2 11 2 10 13 11 12 10 8 11 17 10 13 11 12 10 13 11 12 10 29 11 32 10 29 11 32 11 13 12 12 11 13 12 12 10 2 11 2 10 2 11 2 10 13 11 12 10 13 11 12 10 13 11 12 10 13 11 12 10 8 11 17 10 13 11 12 10 13 11 12 10 2 11 2 10 2 11 2 10 2 11 2 10 13 11 12 10 29 11 32 10 29 11 32 11 13 12 12 11 13 12 12 11 13 12 12 10 29 11 32 11 3 12 4 10 17 11 8 11 3 12 4 10 17 11 8 11 3 12 4 11 3 12 4 10 17 11 8 10 17 11 8 11 3 12 4 10 30 11 33 10 30 11 33 10 12 11 13 10 30 11 33 10 30 11 33 10 12 11 13 10 12 11 13 10 29 11 32 10 12 11 13 10 17 11 8 10 17 11 8 11 3 12 4 11 3 12 4 10 30 11 33 10 30 11 33 10 12 11 13 10 12 11 13 10 29 11 32 10 30 11 33 10 12 11 13 10 12 11 13 10 30 11 33 10 12 11 13 10 12 11 13 10 30 11 33 10 30 11 33 10 30 11 33 10 12 11 13 10 17 11 8 10 17 11 8 11 3 12 4 11 3 12 4 11 3 12 4 10 17 11 8 10 20 12 7 10 20 12 7 10 1 10 1 10 6 12 11 10 6 12 11 10 20 12 7 10 1 10 20 12 7 10 1 10 6 12 11 10 6 12 11 10 20 12 7 10 1 10 20 12 7 10 1 10 1 10 1 10 20 12 7 10 20 12 7 10 6 12 11 10 6 12 11 10 6 12 11 10 6 12 11 10 2 12 2 10 3 12 4 10 2 12 2 10 3 12 4 10 3 12 4 10 2 12 2 10 2 12 2 10 3 12 4 10 2 12 2 10 3 12 4 10 17 12 8 10 17 12 8 10 11 12 6 10 11 12 6 10 1 10 1 10 11 12 6 10 17 12 8 10 17 12 8 10 11 12 6 10 1 10 1 10 17 12 8 10 11 12 6 10 1 10 2 12 2 10 2 12 2 10 3 12 4 10 17 12 8 10 17 12 8 10 11 12 6 10 11 12 6 10 1 10 1 10 2 12 2 10 11 12 6 10 2 12 2 10 11 12 6 10 2 12 2 10 11 12 6 10 2 12 2 10 11 12 6 10 2 12 2 10 11 12 6 10 4 11 3 10 4 11 3 10 2 11 2 10 4 11 3 10 2 11 2 10 31 11 34 10 31 11 34 10 2 11 2 10 4 11 3 10 2 11 2 10 4 11 3 10 13 11 12 10 13 11 12 10 2 11 2 10 31 11 34 10 2 11 2 10 2 12 2 10 2 12 2 10 11 12 6 10 11 12 6 10 4 11 3 10 4 11 3 10 2 11 2 10 2 11 2 10 31 11 34 10 31 11 34 10 13 11 12 13 1 13 1 13 1 13 1 13 1 13 1 13 1 13 1 13 1 13 1 13 1 13 1 13 1 13 1 13 1 13 1 13 1 13 1 13 1 13 1 13 1 13 1 13 1 13 1 13 1 13 1 13 1 13 1 13 1 13 1 13 1 13 1 13 1 13 1 13 1 13 1 13 1 13 1 13 1 13 1 13 1 13 1 13 1 13 1 13 1 13 1 13 1 13 1 13 1 13 1 13 1 13 1 13 1 13 1 13 1 13 1 13 1 13 1 13 1 13 1 13 1 13 1 13 1 13 1 13 1 13 1 13 1 11 3 13 4 11 3 13 4 11 2 13 2 11 2 13 2 13 1 11 2 13 2 11 3 13 4 13 1 13 1 13 1 13 1 11 1 11 1 11 1 13 1 13 1 13 1 13 1 13 1 13 1 13 1 13 1 13 1 13 1 13 1 13 1 13 1 13 1 13 1 13 1 13 1 13 1 13 1 13 1 13 1 13 1 13 1 13 1 13 1 13 1 13 1 13 1 13 1 13 1 13 1 13 1 13 1 13 1 13 1 13 1 13 1 13 1 13 1 13 1 13 1 13 1 13 1 13 1 13 1 13 1 13 1 13 1 13 1 13 1 13 1 13 1 13 1 13 1 13 1 13 1 13 1 13 1 13 1 13 1 13 1 13 1 13 1 13 1 13 1 13 1 13 1 13 1 13 1 13 1 13 1 13 1 13 1 11 3 13 4 11 3 13 4 11 2 13 2 11 2 13 2 13 1 11 2 13 2 11 3 13 4 13 1 13 1 13 1 13 1 11 1 11 1 11 1 13 1 13 1 13 1 13 1 13 1 13 1 14 1 14 1 14 1 14 1 14 1 14 1 14 1 14 1 14 1 14 1 14 1 14 1 14 1 14 1 14 1 14 1 14 1 14 1 14 1 14 1 14 1 14 1 14 1 14 1 14 1 14 1 14 1 14 1 14 1 14 1 14 1 14 1 14 1 14 1 14 1 14 1 14 1 14 1 14 1 14 1 14 1 14 1 14 1 14 1 14 1 14 1 14 1 14 1 14 1 14 1 14 1 14 1 14 1 14 1 14 1 14 1 14 1 14 1 14 1 14 1 14 1 14 1 14 1 14 1 14 1 14 1 14 1 11 3 14 4 11 3 14 4 11 2 14 2 11 2 14 2 14 1 11 2 14 2 11 3 14 4 14 1 14 1 14 1 14 1 11 1 11 1 11 1 14 1 14 1 14 1 14 1 14 1 14 1 14 1 14 1 14 1 14 1 14 1 14 1 14 1 14 1 14 1 14 1 14 1 14 1 14 1 14 1 14 1 14 1 14 1 14 1 14 1 14 1 14 1 14 1 14 1 14 1 14 1 14 1 14 1 14 1 14 1 14 1 14 1 14 1 14 1 14 1 14 1 14 1 14 1 14 1 14 1 14 1 14 1 14 1 14 1 14 1 14 1 14 1 14 1 14 1 14 1 14 1 14 1 14 1 14 1 14 1 14 1 14 1 14 1 14 1 14 1 14 1 14 1 14 1 14 1 14 1 14 1 14 1 14 1 11 3 14 4 11 3 14 4 11 2 14 2 11 2 14 2 14 1 11 2 14 2 11 3 14 4 14 1 14 1 14 1 14 1 11 1 11 1 11 1 14 1 14 1 14 1 14 1 14 1 14 1 15 1 15 1 15 1 15 1 15 1 15 1 15 1 15 1 15 1 15 1 15 1 15 1 15 1 15 1 15 1 15 1 15 1 15 1 15 1 15 1 15 1 15 1 15 1 15 1 15 1 15 1 15 1 15 1 15 1 15 1 15 1 15 1 15 1 15 1 15 1 15 1 15 1 15 1 15 1 15 1 15 1 15 1 15 1 15 1 15 1 15 1 15 1 15 1 15 1 15 1 15 1 15 1 15 1 15 1 15 1 15 1 15 1 15 1 15 1 15 1 15 1 15 1 15 1 15 1 15 1 15 1 15 1 11 3 15 4 11 3 15 4 11 2 15 2 11 2 15 2 15 1 11 2 15 2 11 3 15 4 15 1 15 1 15 1 15 1 11 1 11 1 11 1 15 1 15 1 15 1 15 1 15 1 15 1 15 1 15 1 15 1 15 1 15 1 15 1 15 1 15 1 15 1 15 1 15 1 15 1 15 1 15 1 15 1 15 1 15 1 15 1 15 1 15 1 15 1 15 1 15 1 15 1 15 1 15 1 15 1 15 1 15 1 15 1 15 1 15 1 15 1 15 1 15 1 15 1 15 1 15 1 15 1 15 1 15 1 15 1 15 1 15 1 15 1 15 1 15 1 15 1 15 1 15 1 15 1 15 1 15 1 15 1 15 1 15 1 15 1 15 1 15 1 15 1 15 1 15 1 15 1 15 1 15 1 15 1 15 1 11 3 15 4 11 3 15 4 11 2 15 2 11 2 15 2 15 1 11 2 15 2 11 3 15 4 15 1 15 1 15 1 15 1 11 1 11 1 11 1 15 1 15 1 15 1 15 1 15 1 15 1 16 1 16 1 16 1 16 1 16 1 16 1 16 1 16 1 16 1 16 1 16 1 16 1 16 1 16 1 16 1 16 1 16 1 16 1 16 1 16 1 16 1 16 1 16 1 16 1 16 1 16 1 16 1 16 1 16 1 16 1 16 1 16 1 16 1 16 1 16 1 16 1 16 1 16 1 16 1 16 1 16 1 16 1 16 1 16 1 16 1 16 1 16 1 16 1 16 1 16 1 16 1 16 1 16 1 16 1 16 1 16 1 16 1 16 1 16 1 16 1 16 1 16 1 16 1 16 1 16 1 16 1 16 1 11 3 16 4 11 3 16 4 11 2 16 2 11 2 16 2 16 1 11 2 16 2 11 3 16 4 16 1 16 1 16 1 16 1 11 1 11 1 11 1 16 1 16 1 16 1 16 1 16 1 16 1 16 1 16 1 16 1 16 1 16 1 16 1 16 1 16 1 16 1 16 1 16 1 16 1 16 1 16 1 16 1 16 1 16 1 16 1 16 1 16 1 16 1 16 1 16 1 16 1 16 1 16 1 16 1 16 1 16 1 16 1 16 1 16 1 16 1 16 1 16 1 16 1 16 1 16 1 16 1 16 1 16 1 16 1 16 1 16 1 16 1 16 1 16 1 16 1 16 1 16 1 16 1 16 1 16 1 16 1 16 1 16 1 16 1 16 1 16 1 16 1 16 1 16 1 16 1 16 1 16 1 16 1 16 1 11 3 16 4 11 3 16 4 11 2 16 2 11 2 16 2 16 1 11 2 16 2 11 3 16 4 16 1 16 1 16 1 16 1 11 1 11 1 11 1 16 1 16 1 16 1 16 1 16 1 16 1 17 1 17 1 17 1 17 1 17 1 17 1 17 1 17 1 17 1 17 1 17 1 17 1 17 1 17 1 17 1 17 1 17 1 17 1 17 1 17 1 17 1 17 1 17 1 17 1 17 1 17 1 17 1 17 1 17 1 17 1 17 1 17 1 17 1 17 1 17 1 17 1 17 1 17 1 17 1 17 1 17 1 17 1 17 1 17 1 17 1 17 1 17 1 17 1 17 1 17 1 17 1 17 1 17 1 17 1 17 1 17 1 17 1 17 1 17 1 17 1 17 1 17 1 17 1 17 1 17 1 17 1 17 1 11 3 17 4 11 3 17 4 11 2 17 2 11 2 17 2 17 1 11 2 17 2 11 3 17 4 17 1 17 1 17 1 17 1 11 1 11 1 11 1 17 1 17 1 17 1 17 1 17 1 17 1 17 1 17 1 17 1 17 1 17 1 17 1 17 1 17 1 17 1 17 1 17 1 17 1 17 1 17 1 17 1 17 1 17 1 17 1 17 1 17 1 17 1 17 1 17 1 17 1 17 1 17 1 17 1 17 1 17 1 17 1 17 1 17 1 17 1 17 1 17 1 17 1 17 1 17 1 17 1 17 1 17 1 17 1 17 1 17 1 17 1 17 1 17 1 17 1 17 1 17 1 17 1 17 1 17 1 17 1 17 1 17 1 17 1 17 1 17 1 17 1 17 1 17 1 17 1 17 1 17 1 17 1 17 1 11 3 17 4 11 3 17 4 11 2 17 2 11 2 17 2 17 1 11 2 17 2 11 3 17 4 17 1 17 1 17 1 17 1 11 1 11 1 11 1 17 1 17 1 17 1 17 1 17 1 17 1 18 1 18 1 18 1 18 1 18 1 18 1 18 1 18 1 18 1 18 1 18 1 18 1 18 1 18 1 18 1 18 1 18 1 18 1 18 1 18 1 18 1 18 1 18 1 18 1 18 1 18 1 18 1 18 1 18 1 18 1 18 1 18 1 18 1 18 1 18 1 18 1 18 1 18 1 18 1 18 1 18 1 18 1 18 1 18 1 18 1 18 1 18 1 18 1 18 1 18 1 18 1 18 1 18 1 18 1 18 1 18 1 18 1 18 1 18 1 18 1 18 1 18 1 18 1 18 1 18 1 18 1 18 1 11 3 18 4 11 3 18 4 11 2 18 2 11 2 18 2 18 1 11 2 18 2 11 3 18 4 18 1 18 1 18 1 18 1 11 1 11 1 11 1 18 1 18 1 18 1 18 1 18 1 18 1 18 1 18 1 18 1 18 1 18 1 18 1 18 1 18 1 18 1 18 1 18 1 18 1 18 1 18 1 18 1 18 1 18 1 18 1 18 1 18 1 18 1 18 1 18 1 18 1 18 1 18 1 18 1 18 1 18 1 18 1 18 1 18 1 18 1 18 1 18 1 18 1 18 1 18 1 18 1 18 1 18 1 18 1 18 1 18 1 18 1 18 1 18 1 18 1 18 1 18 1 18 1 18 1 18 1 18 1 18 1 18 1 18 1 18 1 18 1 18 1 18 1 18 1 18 1 18 1 18 1 18 1 18 1 11 3 18 4 11 3 18 4 11 2 18 2 11 2 18 2 18 1 11 2 18 2 11 3 18 4 18 1 18 1 18 1 18 1 11 1 11 1 11 1 18 1 18 1 18 1 18 1 18 1 18 1 19 1 19 1 19 1 19 1 19 1 19 1 19 1 19 1 19 1 19 1 19 1 19 1 19 1 19 1 19 1 19 1 19 1 19 1 19 1 19 1 19 1 19 1 19 1 19 1 19 1 19 1 19 1 19 1 19 1 19 1 19 1 19 1 19 1 19 1 19 1 19 1 19 1 19 1 19 1 19 1 19 1 19 1 19 1 19 1 19 1 19 1 19 1 19 1 19 1 19 1 19 1 19 1 19 1 19 1 19 1 19 1 19 1 19 1 19 1 19 1 19 1 19 1 19 1 19 1 19 1 19 1 19 1 19 1 19 1 19 1 19 1 19 1 19 1 19 1 19 1 19 1 19 1 19 1 19 1 19 1 19 1 19 1 19 1 19 1 19 1 19 1 19 1 19 1 19 1 19 1 19 1 19 1 19 1 19 1 19 1 19 1 19 1 19 1 19 1 19 1 19 1 19 1 19 1 19 1 19 1 19 1 19 1 19 1 19 1 19 1 19 1 19 1 19 1 19 1 19 1 19 1 19 1 19 1 19 1 19 1 20 1 20 1 20 1 20 1 20 1 20 1 20 1 20 1 20 1 20 1 20 1 20 1 20 1 20 1 20 1 20 1 20 1 20 1 20 1 20 1 20 1 20 1 20 1 20 1 20 1 20 1 20 1 20 1 20 1 20 1 20 1 20 1 20 1 20 1 20 1 20 1 20 1 20 1 20 1 20 1 20 1 20 1 20 1 20 1 20 1 20 1 20 1 20 1 20 1 20 1 20 1 20 1 20 1 20 1 20 1 20 1 20 1 20 1 20 1 20 1 20 1 20 1 20 1 20 1 20 1 20 1 20 1 20 1 20 1 20 1 20 1 20 1 20 1 20 1 20 1 20 1 20 1 20 1 20 1 20 1 20 1 20 1 20 1 20 1 20 1 20 1 20 1 20 1 20 1 20 1 20 1 20 1 20 1 20 1 20 1 20 1 20 1 20 1 20 1 20 1 20 1 20 1 20 1 20 1 20 1 20 1 20 1 20 1 20 1 20 1 20 1 20 1 20 1 20 1 20 1 20 1 20 1 0 1 0 1 0 1 0 1 0 1 0 1 0 1 0 1 0 1 0 1 0 1 0 1 0 1 0 1 0 1 0 1 0 1 0 1 0 5 1 19 1 1 0 5 1 19 1 1 0 6 1 11 0 3 1 4 0 7 1 20 1 1 0 8 1 17 0 2 1 2 0 2 1 2 0 5 1 19 0 5 1 19 1 1 1 1 0 6 1 11 0 7 1 20 0 7 1 20 0 8 1 17 0 8 1 17 0 2 1 2 0 2 1 2 0 5 1 19 1 1 0 5 1 19 1 1 0 3 1 4 0 7 1 20 0 5 1 19 0 5 1 19 1 1 1 1 0 6 1 11 0 6 1 11 0 7 1 20 0 7 1 20 1 1 1 1 1 1 1 1 0 2 1 2 0 8 1 17 0 2 1 2 0 8 1 17 0 7 1 20 0 3 1 4 0 8 1 17 0 2 1 2 1 1 0 2 1 2 0 7 1 20 0 7 1 20 0 2 1 2 0 2 1 2 0 2 1 2 0 2 1 2 0 5 1 19 0 5 1 19 1 1 1 1 0 6 1 11 0 3 1 4 0 7 1 20 1 1 0 2 1 2 0 2 1 2 0 2 1 2 0 5 1 19 1 1 0 5 1 19 1 1 0 6 1 11 0 7 1 20 0 7 1 20 0 2 1 2 0 2 1 2 0 2 1 2 0 2 1 2 1 1 1 1 0 5 1 19 0 5 1 19 0 3 1 4 0 7 1 20 0 5 1 19 1 1 0 5 1 19 1 1 0 6 1 11 0 6 1 11 0 7 1 20 0 7 1 20 1 1 1 1 1 1 1 1 0 2 1 2 0 2 1 2 0 2 1 2 0 2 1 2 0 7 1 20 0 3 1 4 0 2 1 2 0 2 1 2 1 1 0 2 1 2 0 7 1 20 0 2 1 2 0 2 1 2 0 2 1 2 0 2 1 2 0 7 1 20 0 7 1 20 1 1 0 1 0 1 0 1 0 1 0 1 0 1 0 1 0 1 0 1 0 1 0 1 0 1 0 1 0 1 0 1 0 1 0 2 1 2 0 1 0 9 1 21 0 1 0 1 0 1 0 1 0 1 0 1 0 1 0 1 0 1 0 1 0 1 0 1 0 1 0 1 0 1 0 1 0 1 0 1 0 1 0 1 0 1 0 1 0 1 0 1 0 2 1 2 0 9 1 21 0 1 0 1 0 1 0 1 0 1 0 1 0 1 0 1 0 1 0 1 0 1 0 1 0 1 0 1 0 1 0 1 0 1 0 1 0 1 0 1 0 1 0 1 0 1 0 1 0 1 0 1 0 1 0 1 0 1 0 1 0 1 0 1 0 1 0 1 0 1 0 1 0 1 0 1 0 1 0 1 0 1 0 1 0 1 0 1 0 1 0 1 0 1 0 1 0 1 0 1 0 1 0 1 0 1 0 1 0 1 0 1 0 1 0 1 0 1 0 1 0 1 0 1 0 1 0 1 0 1 0 1 0 1 0 1 0 1 1 1 0 1 0 1 0 1 0 1 0 1 0 1 0 1 0 1 0 1 0 1 0 1 0 1 0 1 0 1 0 1 0 1 0 1 0 1 0 1 0 1 0 1 0 1 0 1 0 1 0 1 0 1 0 1 0 1 0 1 0 1 0 1 0 1 0 1 0 1 0 1 0 1 0 1 0 1 0 1 0 1 0 1 0 1 0 1 0 1 0 1 0 1 0 1 0 1 0 1 0 1 0 1 0 1 0 1 0 1 0 1 0 1 0 1 0 1 0 1 0 1 0 1 0 1 0 1 0 1 0 1 0 1 0 1 0 1 0 1 0 1 0 1 0 1 0 1 0 1 0 1 0 1 0 1 0 1 0 1 0 1 1 1 0 1 1 1 0 1 0 1 0 1 0 1 0 1 0 1 0 1 0 1 0 1 0 1 0 1 0 1 0 1 0 1 0 1 0 1 0 1 0 1 0 1 0 1 0 1 0 1 0 1 0 1 0 1 0 1 1 1 0 1 0 1 0 1 0 1 0 1 0 10 1 22 0 1 0 1 0 1 0 1 0 1 0 1 0 1 0 1 0 1 0 1 0 1 0 1 0 1 0 1 0 1 0 1 0 1 0 1 0 1 0 1 0 1 0 1 0 1 0 1 0 1 0 1 0 1 0 10 1 22 0 1 0 1 0 1 0 1 0 1 0 1 0 1 0 1 0 1 0 1 0 1 0 1 0 1 0 1 0 1 0 1 0 1 0 1 0 1 0 1 0 1 0 1 0 1 0 1 0 1 0 1 0 1 0 1 0 1 0 1 0 1 0 1 0 1 0 1 0 10 1 22 0 10 1 22 0 1 0 1 0 1 0 1 0 1 0 1 0 1 0 1 0 1 0 1 1 1 0 1 0 1 0 1 0 1 1 1 0 1 0 1 0 1 0 1 0 11 1 6 0 11 1 6 0 11 1 6 0 11 1 6 0 11 1 6 0 11 1 6 0 11 1 6 0 11 1 6 0 11 1 6 0 11 1 6 0 11 1 6 0 11 1 6 0 11 1 6 0 11 1 6 0 11 1 6 0 11 1 6 0 11 1 6 0 11 1 6 0 11 1 6 0 11 1 6 0 11 1 6 0 11 1 6 0 11 1 6 0 11 1 6 0 11 1 6 0 11 1 6 0 11 1 6 0 11 1 6 0 11 1 6 0 11 1 6 0 11 1 6 0 11 1 6 0 11 1 6 0 11 1 6 0 11 1 6 0 11 1 6 0 11 1 6 0 11 1 6 0 11 1 6 0 11 1 6 0 11 1 6 0 11 1 6 0 11 1 6 0 11 1 6 0 11 1 6 0 11 1 6 0 11 1 6 0 11 1 6 0 11 1 6 0 11 1 6 0 11 1 6 0 11 1 6 0 11 1 6 0 11 1 6 0 11 1 6 0 11 1 6 0 11 1 6 0 11 1 6 0 11 1 6 0 11 1 6 0 11 1 6 0 11 1 6 0 11 1 6 0 11 1 6 0 11 1 6 0 11 1 6 0 11 1 6 0 11 1 6 0 11 1 6 0 11 1 6 0 11 1 6 0 11 1 6 0 1 0 1 0 1 0 1 0 1 0 1 0 1 0 1 0 1 0 1 0 1 0 1 0 1 0 1 0 1 0 1 0 1 0 1 0 1 0 1 0 1 0 1 0 1 0 1 0 1 0 1 0 1 0 1 0 1 0 1 0 1 0 1 0 1 0 1 0 1 0 1 0 1 0 1 0 1 0 1 0 1 0 1 0 1 0 1 0 1 0 1 0 1 0 1 0 1 0 1 0 1 0 1 0 1 0 1 0 1 0 1 0 1 0 1 0 1 0 1 0 1 0 1 0 1 0 1 0 1 0 1 0 1 0 1 0 1 0 1 0 1 0 1 0 1 0 1 0 1 0 1 0 1 0 1 0 1 0 1 0 1 0 1 0 1 0 1 0 1 0 1 0 1 0 1 0 1 0 1 0 1 0 1 0 1 0 1 0 1 0 1 0 1 0 1 0 1 0 1 0 1 0 1 0 1 0 1 0 1 0 1 0 1 0 1 0 1 0 1 0 1 0 1 0 1 0 1 0 1 0 1 0 1 0 1 0 1 0 1 0 1 0 1 0 1 0 1 0 1 0 1 0 1 0 1 1 1 1 1 1 1 1 1 1 1 1 1 1 1 0 3 1 4 0 3 1 4 0 3 1 4 1 1 1 1 1 1 1 1 1 1 1 1 1 1 1 1 1 1 0 3 1 4 1 1 1 1 1 1 1 1 1 1 1 1 1 1 1 1 1 1 1 1 1 1 1 1 0 3 1 4 0 1 0 1 0 1 0 1 0 1 1 1 1 1 1 1 1 1 0 3 1 4 0 3 1 4 1 1 1 1 1 1 1 1 1 1 1 1 0 1 0 1 1 1 1 1 1 1 1 1 1 1 1 1 1 1 0 3 1 4 0 3 1 4 0 3 1 4 1 1 1 1 1 1 1 1 1 1 1 1 1 1 1 1 0 3 1 4 1 1 1 1 1 1 1 1 1 1 1 1 1 1 1 1 1 1 1 1 1 1 1 1 0 3 1 4 0 1 0 1 0 1 0 1 0 1 1 1 1 1 1 1 1 1 0 3 1 4 0 3 1 4 1 1 1 1 1 1 1 1 1 1 1 1 0 1 0 1 21 1 21 1 21 1 21 1 21 4 22 3 21 4 22 3 21 17 22 8 21 17 22 8 21 2 22 2 21 2 22 2 21 17 22 8 21 2 22 2 21 17 22 8 21 2 22 2 21 17 22 8 21 2 22 2 21 3 22 4 21 3 22 4 22 12 23 13 22 12 23 13 21 3 22 4 22 12 23 13 21 3 22 4 22 12 23 13 22 12 23 13 21 3 22 4 22 8 23 17 22 8 23 17 22 8 23 17 22 8 23 17 22 8 23 17 23 2 26 2 23 2 26 2 23 2 26 2 23 2 26 2 23 2 26 2 23 16 26 27 23 16 26 27 25 2 26 2 25 2 26 2 25 4 26 3 25 4 26 3 24 2 25 2 24 2 25 2 24 2 25 2 25 4 26 3 12 6 24 11 12 6 24 11 25 2 26 2 12 6 24 11 12 6 24 11 24 2 25 2 24 2 25 2 12 6 24 11 25 7 26 20 12 17 24 8 12 39 24 41 12 12 39 13 12 17 39 8 12 17 39 8 12 1 12 17 24 8 12 38 24 24 12 17 24 8 12 38 24 24 23 16 26 27 23 8 26 17 12 17 24 8 12 17 24 8 21 4 22 3 21 1 21 4 22 3 21 4 22 3 21 1 21 1 21 1 21 1 24 2 25 2 24 6 25 11 24 6 25 11 24 6 25 11 25 19 26 5 25 19 26 5 24 6 25 11 24 2 25 2 24 6 25 11 24 6 25 11 25 11 26 6 25 11 26 6 24 2 25 2 25 4 26 3 25 4 26 3 25 2 26 2 25 2 26 2 25 7 26 20 25 7 26 20 23 16 26 27 23 16 26 27 25 7 26 20 23 8 26 17 23 8 26 17 23 16 26 27 23 2 26 2 23 13 26 12 23 8 26 17 23 2 26 2 23 13 26 12 23 13 26 12 23 2 26 2 23 13 26 12 23 8 26 17 23 8 26 17 23 13 26 12 23 13 26 12 23 13 26 12 23 13 26 12 23 8 26 17 23 8 26 17 23 3 26 4 23 8 26 17 23 3 26 4 23 3 26 4 23 3 26 4 23 13 26 12 23 8 26 17 23 3 26 4 23 3 26 4 25 7 26 20 25 2 26 2 25 2 26 2 25 4 26 3 25 7 26 20 25 2 26 2 25 7 26 20 25 4 26 3 25 4 26 3 25 4 26 3 25 7 26 20 25 11 26 6 25 19 26 5 25 19 26 5 25 11 26 6 24 6 25 11 24 6 25 11 25 11 26 6 25 11 26 6 25 4 26 3 23 16 26 27 23 16 26 27 23 16 26 27 23 3 26 4 23 3 26 4 23 8 26 17 23 8 26 17 23 13 26 12 23 16 26 27 23 8 26 17 23 8 26 17 25 7 26 20 23 16 26 27 25 2 26 2 23 13 26 12 23 13 26 12 23 13 26 12 23 13 26 12 25 11 26 6 24 6 25 11 24 6 25 11 24 6 25 11 24 6 25 11 25 4 26 3 23 16 26 27 23 8 26 17 23 16 26 27 23 8 26 17 25 11 26 6 25 11 26 6 24 6 25 11 24 6 25 11 24 6 25 11 24 6 25 11 25 19 26 5 25 19 26 5 25 19 26 5 25 19 26 5 24 6 25 11 24 6 25 11 24 6 25 11 24 6 25 11 25 4 26 3 25 4 26 3 25 4 26 3 25 4 26 3 25 2 26 2 25 2 26 2 25 7 26 20 25 7 26 20 25 7 26 20 25 7 26 20 23 8 26 17 23 8 26 17 23 13 26 12 23 13 26 12 24 6 25 11 24 6 25 11 24 6 25 11 24 6 25 11 25 11 26 6 25 11 26 6 24 6 25 11 24 6 25 11 25 11 26 6 25 11 26 6 25 11 26 6 25 11 26 6 24 6 25 11 24 6 25 11 24 6 25 11 24 6 25 11 25 19 26 5 25 19 26 5 25 19 26 5 25 19 26 5 24 6 25 11 24 6 25 11 24 6 25 11 24 6 25 11 25 4 26 3 25 4 26 3 25 4 26 3 25 4 26 3 25 2 26 2 25 2 26 2 25 7 26 20 25 7 26 20 25 7 26 20 25 7 26 20 25 7 26 20 23 16 26 27 25 7 26 20 23 16 26 27 23 16 26 27 23 16 26 27 21 1 21 1 21 1 21 1 21 4 22 3 21 4 22 3 21 17 22 8 21 17 22 8 21 2 22 2 21 2 22 2 21 17 22 8 21 2 22 2 21 17 22 8 21 2 22 2 21 17 22 8 21 2 22 2 21 3 22 4 21 3 22 4 22 12 23 13 22 12 23 13 21 3 22 4 22 12 23 13 21 3 22 4 22 12 23 13 22 12 23 13 21 3 22 4 22 8 23 17 22 8 23 17 22 8 23 17 22 8 23 17 22 8 23 17 23 2 26 2 23 2 26 2 23 2 26 2 23 2 26 2 23 2 26 2 23 16 26 27 23 16 26 27 25 2 26 2 25 2 26 2 25 4 26 3 25 4 26 3 24 2 25 2 24 2 25 2 24 2 25 2 25 4 26 3 12 6 24 11 12 6 24 11 25 2 26 2 12 6 24 11 12 6 24 11 24 2 25 2 24 2 25 2 12 6 24 11 25 7 26 20 12 39 24 41 12 39 24 41 12 12 28 13 12 17 28 8 12 17 28 8 12 1 12 17 24 8 12 38 24 24 12 17 24 8 12 38 24 24 23 16 26 27 23 8 26 17 12 17 24 8 12 17 24 8 21 4 22 3 21 4 22 3 21 1 21 4 22 3 21 1 21 1 21 1 21 1 24 2 25 2 24 6 25 11 24 6 25 11 24 6 25 11 25 19 26 5 25 19 26 5 24 6 25 11 24 2 25 2 24 6 25 11 24 6 25 11 25 11 26 6 25 11 26 6 24 2 25 2 25 4 26 3 25 4 26 3 25 2 26 2 25 2 26 2 25 7 26 20 25 7 26 20 23 16 26 27 23 16 26 27 25 7 26 20 23 8 26 17 23 8 26 17 23 16 26 27 23 2 26 2 23 13 26 12 23 8 26 17 23 2 26 2 23 13 26 12 23 13 26 12 23 2 26 2 23 13 26 12 23 8 26 17 23 8 26 17 23 13 26 12 23 13 26 12 23 13 26 12 23 13 26 12 23 8 26 17 23 8 26 17 23 3 26 4 23 3 26 4 23 8 26 17 23 8 26 17 23 3 26 4 23 3 26 4 23 3 26 4 23 3 26 4 23 8 26 17 25 7 26 20 25 2 26 2 25 2 26 2 25 4 26 3 25 7 26 20 25 2 26 2 25 7 26 20 25 4 26 3 25 4 26 3 25 4 26 3 25 7 26 20 25 11 26 6 25 19 26 5 25 19 26 5 25 11 26 6 24 6 25 11 24 6 25 11 25 11 26 6 25 11 26 6 25 4 26 3 23 16 26 27 23 16 26 27 23 16 26 27 23 3 26 4 23 3 26 4 23 8 26 17 23 8 26 17 23 8 26 17 23 16 26 27 23 8 26 17 23 8 26 17 25 7 26 20 23 16 26 27 25 2 26 2 23 13 26 12 23 13 26 12 23 13 26 12 23 13 26 12 25 11 26 6 24 6 25 11 24 6 25 11 24 6 25 11 24 6 25 11 25 4 26 3 23 16 26 27 23 16 26 27 23 8 26 17 23 8 26 17 23 13 26 12 23 8 26 17 23 13 26 12 23 8 26 17 25 7 26 20 25 7 26 20 23 16 26 27 23 16 26 27 23 16 26 27 23 16 26 27 11 1 11 1 1 23 11 35 11 1 11 1 11 1 11 1 11 1 11 1 11 1 20 1 11 1 11 1 11 1 11 1 11 1 11 1 10 8 11 17 10 13 11 12 10 2 11 2 10 8 11 17 11 1 20 1 10 2 11 2 11 1 11 1 10 2 11 2 11 1 10 1 10 1 10 13 11 12 10 2 11 2 10 4 12 3 10 4 12 3 10 17 12 8 10 4 12 3 10 1 10 8 11 17 10 8 11 17 11 1 1 23 11 35 11 1 11 1 11 1 11 1 11 1 11 1 11 1 11 1 11 1 11 1 11 1 19 1 11 1 19 1 11 1 10 2 11 2 11 1 10 2 11 2 11 1 11 1 10 13 11 12 10 2 11 2 10 8 11 17 11 1 10 8 11 17 11 1 10 1 10 13 11 12 10 1 10 8 11 17 10 2 11 2 10 4 12 3 10 4 12 3 10 17 12 8 10 4 12 3 10 1 10 8 11 17 10 20 11 7 10 2 11 2 10 2 11 2 10 4 12 3 10 17 12 8 20 1 11 3 12 4 10 17 12 8 12 11 28 6 10 2 12 2 10 17 12 8 10 1 10 2 12 2 10 17 12 8 10 4 12 3 10 2 12 2 12 35 28 23 12 4 28 3 10 3 12 4 12 1 12 4 28 3 12 1 10 3 12 4 12 1 12 11 28 6 12 17 28 8 12 19 28 5 12 1 12 19 28 5 10 2 11 2 10 2 11 2 12 1 12 1 12 38 24 24 10 2 11 2 12 1 12 1 10 2 11 2 11 1 11 1 12 1 12 11 28 6 12 4 28 3 12 17 28 8 10 3 11 4 11 1 11 2 27 2 11 36 16 40 11 1 11 1 11 1 11 1 10 3 11 4 10 3 11 4 11 33 27 30 11 1 11 1 11 1 11 1 11 1 11 1 11 1 11 1 11 37 27 42 0 12 11 13 1 13 11 12 0 2 11 2 0 4 11 3 0 4 11 3 0 13 11 12 0 4 11 3 0 13 11 12 11 1 0 2 1 2 0 11 11 6 0 4 1 3 0 1 0 1 0 1 11 1 12 1 20 1 10 17 12 8 11 1 11 3 12 4 12 11 28 6 12 11 28 6 12 11 28 6 11 1 11 2 27 2 11 1 11 2 27 2 11 33 27 30 11 37 27 42 11 7 27 20 11 1 11 1 11 1 1 24 11 38 11 7 27 20 11 11 27 6 11 37 27 42 11 1 11 1 1 6 11 11 1 13 11 12 0 8 1 17 1 6 11 11 1 3 11 4 0 6 11 11 1 6 11 11 11 1 11 1 11 1 1 3 11 4 1 3 11 4 1 2 11 2 11 1 11 1 11 1 0 2 1 2 1 23 11 35 11 1 11 1 12 16 28 27 12 6 28 11 12 6 28 11 28 1 12 3 28 4 12 6 28 11 28 1 28 1 28 2 29 2 28 1 28 2 29 2 29 1 29 1 29 1 29 1 29 1 29 1 29 1 28 1 28 2 29 2 29 1 28 1 28 1 29 1 29 1 29 1 28 1 29 1 29 1 29 1 29 1 29 1 28 1 29 1 28 1 28 1 29 1 29 1 29 1 29 1 29 1 29 4 30 3 29 4 30 3 29 4 30 3 29 1 29 4 30 3 29 1 29 4 30 3 29 1 29 4 30 3 29 1 29 4 30 3 29 1 29 1 29 4 30 3 29 1 29 4 30 3 29 1 29 1 29 1 29 1 29 1 28 1 28 1 28 1 28 1 28 1 12 6 28 11 12 6 28 11 12 6 28 11 12 6 28 11 12 3 28 4 12 6 28 11 12 3 28 4 12 2 28 2 12 2 28 2 12 8 28 17 12 3 28 4 12 12 28 13 12 8 28 17 12 17 28 8 12 8 28 17 12 3 28 4 12 17 28 8 12 3 28 4 12 17 28 8 12 8 28 17 12 17 28 8 12 12 28 13 12 11 28 6 12 11 28 6 12 4 28 3 12 8 28 17 12 17 28 8 12 13 28 12 12 17 28 8 12 3 28 4 12 2 28 2 12 8 28 17 12 8 28 17 12 11 28 6 12 4 28 3 12 8 28 17 12 8 28 17 12 17 28 8 12 4 28 3 12 4 28 3 12 11 24 6 12 19 28 5 12 11 24 6 12 1 12 11 39 6 12 11 24 6 12 12 39 13 12 8 39 17 12 1 12 4 39 3 12 12 28 13 12 39 24 41 12 11 28 6 12 17 24 8 12 11 28 6 12 11 24 6 12 17 24 8 12 11 24 6 12 8 28 17 12 12 28 13 12 11 28 6 12 11 28 6 12 3 28 4 12 6 28 11 12 3 28 4 12 17 28 8 28 1 12 3 28 4 12 11 28 6 28 1 12 1 12 1 12 19 28 5 11 2 27 2 11 1 11 1 20 1 12 11 28 6 12 11 24 6 12 17 28 8 12 17 28 8 12 12 28 13 12 8 28 17 12 13 28 12 12 3 28 4 12 11 28 6 12 11 28 6 12 12 28 13 31 1 31 1 31 1 31 1 31 1 31 1 30 8 31 17 31 1 31 1 31 1 31 1 31 1 31 1 30 8 31 17 31 1 31 1 30 8 31 17 31 1 31 1 31 1 30 8 31 17 31 1 31 1 31 1 31 1 31 1 31 1 31 1 31 1 31 1 31 1 31 1 31 1 30 8 31 17 30 8 31 17 30 17 31 8 30 17 31 8 30 1 30 8 31 17 30 8 31 17 30 17 31 8 30 1 30 1 30 1 29 7 30 20 29 13 30 12 30 1 31 1 31 1 30 6 31 11 31 1 31 1 31 1 31 1 31 1 31 1 31 1 31 1 31 1 31 1 31 1 31 1 31 1 31 1 31 1 31 1 31 1 31 1 31 1 31 1 31 1 31 1 31 1 31 1 31 1 31 1 31 1 31 1 31 1 31 1 30 8 31 17 30 8 31 17 30 17 31 8 30 17 31 8 30 1 30 8 31 17 30 8 31 17 30 17 31 8 30 1 30 1 30 1 29 7 30 20 29 13 30 12 30 1 31 1 31 1 30 6 31 11 31 1 31 1 31 1 31 1 31 1 31 1 31 1 31 1 31 1 31 1 31 1 31 1 31 1 31 1 31 1 31 1 31 1 31 1 31 1 31 1 31 1 29 13 30 12 29 4 30 3 29 4 30 3 29 7 30 20 29 4 30 3 29 6 30 11 29 4 30 3 29 6 30 11 29 4 30 3 29 13 30 12 31 1 31 1 31 1 30 6 31 11 30 6 31 11 31 1 30 8 31 17 30 6 31 11 30 8 31 17 31 1 30 8 31 17 30 8 31 17 31 1 30 1 30 1 30 1 30 1 30 1 29 7 30 20 29 6 30 11 30 1 30 1 29 6 30 11 30 1 29 4 30 3 29 13 30 12 29 13 30 12 29 13 30 12 29 4 30 3 29 13 30 12 30 1 29 13 30 12 30 1 30 17 31 8 30 17 31 8 30 17 31 8 30 1 29 13 30 12 30 17 31 8 30 17 31 8 30 17 31 8 30 8 31 17 30 8 31 17 30 8 31 17 30 17 31 8 30 8 31 17 30 17 31 8 30 8 31 17 30 8 31 17 30 1 30 1 30 1 30 1 30 17 31 8 30 17 31 8 30 8 31 17 30 8 31 17 30 1 30 1 30 17 31 8 30 8 31 17 30 1 30 17 31 8 30 1 31 1 31 1 31 1 31 1 31 1 31 1 31 1 31 1 30 8 31 17 30 8 31 17 30 8 31 17 31 1 30 17 31 8 30 8 31 17 30 8 31 17 30 8 31 17 30 8 31 17 31 1 31 1 31 1 31 1 31 1 31 1 31 1 31 1 31 1 31 1 31 1 31 1 31 1 31 1 31 1 31 1 31 1 31 1 31 1 31 1 31 1 31 1 31 1 31 1 31 1 31 1 31 1 31 1 31 1 31 1 31 1 31 1 31 1 29 13 30 12 29 4 30 3 29 4 30 3 29 7 30 20 29 4 30 3 29 6 30 11 29 4 30 3 29 6 30 11 29 4 30 3 29 13 30 12 31 1 31 1 31 1 30 6 31 11 30 6 31 11 31 1 30 8 31 17 30 6 31 11 30 8 31 17 31 1 30 8 31 17 31 1 30 8 31 17 30 1 29 6 30 11 29 7 30 20 30 1 30 1 29 6 30 11 30 1 30 1 30 1 30 17 31 8 31 1 31 1 31 1 31 1 31 1 31 1 31 1 30 8 31 17 31 1 30 8 31 17 30 8 31 17 31 1 30 17 31 8 30 8 31 17 30 8 31 17 30 8 31 17 30 8 31 17 31 1 31 1 31 1 31 1 31 1 31 1 32 3 33 4 32 4 33 3 32 3 33 4 32 4 33 3 32 3 33 4 32 4 33 3 32 3 33 4 32 4 33 3 32 4 33 3 32 3 33 4 32 4 34 3 32 4 34 3 32 12 34 13 32 12 34 13 32 8 34 17 32 8 34 17 32 4 34 3 32 12 34 13 32 11 34 6 32 1 34 1 32 8 34 17 34 1 34 1 34 1 32 8 34 17 32 8 34 17 32 12 34 13 32 12 34 13 32 4 34 3 32 4 34 3 32 4 34 3 32 12 34 13 32 4 33 3 32 4 33 3 32 3 33 4 32 3 33 4 32 3 33 4 32 4 33 3 32 3 33 4 32 4 33 3 32 4 33 3 32 3 33 4 32 43 34 44 32 19 36 5 32 8 34 17 34 1 34 1 32 4 33 3 32 9 36 21 32 4 36 3 32 2 36 2 32 2 36 2 32 8 36 17 32 8 36 17 32 4 36 3 32 2 36 2 32 1 32 1 32 8 36 17 32 4 33 3 36 1 36 1 36 1 36 1 32 8 36 17 32 8 36 17 32 2 36 2 32 2 36 2 32 9 36 21 32 43 34 44 32 4 33 3 32 19 36 5 32 8 36 17 32 1 32 8 36 17 36 1 32 1 32 1 32 12 35 13 32 19 36 5 32 1 34 1 34 1 34 1 34 1 34 1 34 1 34 1 34 1 34 1 34 1 34 1 34 1 34 1 32 8 35 17 32 8 35 17 32 12 35 13 32 12 35 13 32 4 35 3 32 27 35 16 32 27 35 16 32 12 35 13 32 1 32 1 32 8 35 17 32 4 33 3 32 4 33 3 35 1 35 1 35 1 32 8 35 17 35 1 32 8 35 17 32 12 35 13 32 12 35 13 32 27 35 16 32 11 34 6 32 4 33 3 32 1 32 8 35 17 32 12 35 13 32 8 35 17 35 1 35 1 35 1 35 1 35 1 35 1 35 1 35 1 35 1 35 1 35 1 35 1 35 1 35 1 35 1 35 1 35 1 35 1 35 1 35 1 35 1 35 1 35 1 35 1 35 1 35 1 32 8 35 17 32 12 35 13 32 8 35 17 32 12 35 13 35 1 32 1 32 12 35 13 32 12 35 13 32 1 32 2 36 2 34 1 34 1 34 1 34 1 34 1 34 1 34 1 34 1 34 1 34 1 32 1 32 8 34 17 32 8 34 17 34 1 32 1 32 1 32 1 32 12 35 13 32 3 33 4 32 3 33 4 32 4 33 3 32 4 33 3 32 3 33 4 32 4 33 3 32 4 33 3 32 1 32 1 32 1 32 1 32 8 35 17 35 1 35 1 32 8 35 17 35 1 34 1 34 1 32 8 34 17 34 1 36 1 36 1 36 1 36 1 36 1 36 1 36 1 36 1 36 1 36 1 36 1 36 1 36 1 36 1 36 1 36 1 36 1 36 1 36 1 36 1 36 1 36 1 36 1 36 1 36 1 32 2 36 2 32 1 32 8 36 17 32 8 36 17 36 1 34 1 34 1 34 1 32 19 36 5 32 8 34 17 32 8 34 17 34 1 32 1 32 1 32 1 32 1 36 1 32 8 36 17 36 1 36 1 32 8 36 17 32 4 33 3 32 4 33 3 32 1 32 4 33 3 32 1 32 4 33 3 10 1 10 2 11 2 10 2 11 2 10 4 12 3 10 17 12 8 10 17 12 8 10 2 12 2 12 11 39 6 10 2 12 2 10 2 12 2 10 17 12 8 10 4 12 3 10 2 12 2 12 35 39 23 12 4 39 3 10 3 12 4 12 1 12 1 12 1 10 3 12 4 12 1 12 1 12 12 39 13 12 1 12 11 39 6 12 1 10 17 12 8 19 1 12 1 10 2 11 2 10 2 11 2 12 1 12 38 24 24 12 1 12 1 10 2 11 2 12 1 12 11 39 6 12 4 39 3 11 1 11 19 38 5 12 17 39 8 10 3 11 4 10 3 11 4 11 1 11 4 37 3 37 2 38 2 11 2 13 2 11 1 11 1 11 1 11 1 10 3 11 4 37 1 37 12 38 13 10 2 11 2 11 1 11 1 11 1 11 1 11 1 11 1 11 1 11 12 37 13 0 12 11 13 1 13 11 12 0 2 11 2 0 4 11 3 0 4 11 3 0 13 11 12 0 4 11 3 0 13 11 12 0 2 1 2 0 11 11 6 0 4 1 3 0 1 0 1 0 1 37 12 38 13 37 1 37 12 38 13 11 19 38 5 19 1 12 1 10 17 12 8 11 1 10 2 12 2 12 11 39 6 12 11 39 6 12 11 39 6 12 16 39 27 12 6 39 11 39 1 39 1 12 3 39 4 12 6 39 11 39 1 39 1 39 2 40 2 39 1 39 2 40 2 40 1 40 1 40 1 40 1 40 1 40 1 40 1 39 1 39 2 40 2 40 1 39 1 39 1 40 1 40 1 40 1 39 1 40 1 40 1 40 1 40 1 40 1 39 1 40 1 39 1 39 1 40 1 40 1 40 1 40 1 40 1 40 4 41 3 40 4 41 3 40 4 41 3 40 1 40 4 41 3 40 1 40 4 41 3 40 1 40 4 41 3 40 1 40 4 41 3 40 1 40 1 40 4 41 3 40 1 40 4 41 3 40 1 40 1 40 1 40 1 40 1 39 1 12 6 39 11 39 1 39 1 12 6 39 11 12 6 39 11 12 6 39 11 12 6 39 11 12 3 39 4 12 8 39 17 12 6 39 11 12 3 39 4 12 2 39 2 12 2 39 2 12 8 39 17 12 3 39 4 12 12 39 13 12 3 39 4 12 17 39 8 12 8 39 17 12 3 39 4 12 12 39 13 12 3 39 4 12 8 39 17 12 17 39 8 12 17 39 8 12 11 39 6 12 12 39 13 12 11 39 6 12 4 39 3 12 8 39 17 12 17 39 8 12 13 39 12 12 17 39 8 12 3 39 4 12 2 39 2 12 8 39 17 12 3 39 4 12 11 39 6 12 4 39 3 12 8 39 17 12 12 39 13 12 11 24 6 12 39 24 41 12 17 24 8 12 11 24 6 12 11 24 6 12 17 24 8 12 11 24 6 12 8 39 17 12 11 24 6 12 12 39 13 12 11 24 6 12 3 39 4 39 1 12 3 39 4 39 1 12 12 39 13 12 11 24 6 12 3 39 4 39 1 12 1 12 11 39 6 12 1 11 17 38 8 37 2 38 2 11 1 37 2 38 2 11 17 38 8 38 1 11 19 38 5 38 1 38 1 38 1 38 1 38 1 38 1 38 1 38 1 38 1 38 1 37 2 38 2 37 2 38 2 37 12 38 13 37 12 38 13 38 1 38 1 38 1 38 1 38 1 38 1 38 1 37 2 38 2 37 2 38 2 37 12 38 13 37 2 38 2 38 1 38 1 38 1 38 1 37 2 38 2 11 2 38 2 11 20 37 7 11 1 11 17 38 8 11 19 38 5 11 4 37 3 38 1 38 1 33 6 38 11 33 6 38 11 33 2 38 2 33 2 38 2 33 2 38 2 33 4 38 3 33 4 38 3 33 4 38 3 33 1 33 6 38 11 33 1 33 1 38 1 32 3 33 4 32 3 33 4 32 3 33 4 32 3 33 4 32 3 33 4 32 3 33 4 38 1 33 6 38 11 38 1 33 6 38 11 33 2 38 2 33 6 38 11 38 1 38 1 33 6 38 11 38 1 33 6 38 11 33 4 38 3 38 1 33 6 38 11 33 2 38 2 33 4 38 3 33 1 33 1 33 1 32 3 33 4 32 3 33 4 32 3 33 4 32 3 33 4 33 1 33 1 33 4 38 3 33 4 38 3 33 2 38 2 33 1 32 3 33 4 33 4 38 3 33 1 33 4 38 3 37 2 38 2 11 1 11 1 11 1 1 24 11 38 37 12 38 13 11 4 37 3 37 12 38 13 11 12 37 13 11 1 1 6 11 11 1 13 11 12 0 8 1 17 1 6 11 11 1 3 11 4 0 6 11 11 1 6 11 11 11 1 11 1 11 1 11 1 11 1 1 3 11 4 1 3 11 4 1 2 11 2 11 1 0 2 1 2 1 23 11 35 11 1 11 1 37 2 38 2 11 1 11 1 19 1 12 11 24 6 12 11 24 6 12 12 39 13 12 8 39 17 12 12 39 13 12 17 39 8 12 13 39 12 12 3 39 4 12 11 39 6 12 12 39 13 12 11 39 6 38 1 42 1 42 1 42 1 42 1 42 1 42 1 42 1 41 8 42 17 41 8 42 17 42 1 42 1 42 1 42 1 42 1 41 8 42 17 42 1 42 1 42 1 42 1 42 1 42 1 42 1 42 1 41 8 42 17 41 8 42 17 41 17 42 8 41 17 42 8 41 1 41 8 42 17 41 8 42 17 41 17 42 8 41 1 41 1 41 1 40 7 41 20 40 45 41 48 41 1 42 1 42 1 41 6 42 11 42 1 42 1 42 1 42 1 42 1 42 1 42 1 42 1 42 1 42 1 42 1 42 1 42 1 42 1 42 1 42 1 42 1 42 1 42 1 42 1 42 1 42 1 42 1 42 1 42 1 42 1 42 1 42 1 42 1 42 1 42 1 42 1 42 1 42 1 42 1 42 1 42 1 42 1 40 45 41 48 40 4 41 3 40 4 41 3 40 7 41 20 40 4 41 3 40 3 41 4 40 4 41 3 40 3 41 4 40 4 41 3 40 46 41 49 42 1 42 1 42 1 41 6 42 11 41 6 42 11 42 1 41 8 42 17 41 6 42 11 41 8 42 17 42 1 41 8 42 17 42 1 41 8 42 17 41 1 41 1 41 1 41 1 41 1 40 3 41 4 40 7 41 20 41 1 41 1 40 3 41 4 41 1 40 46 41 49 40 45 41 48 40 4 41 3 40 4 41 3 40 45 41 48 40 45 41 48 40 46 41 49 41 1 41 1 41 17 42 8 41 17 42 8 41 17 42 8 41 1 40 45 41 48 41 17 42 8 41 17 42 8 41 17 42 8 41 8 42 17 41 8 42 17 41 8 42 17 41 1 41 1 41 1 41 1 41 17 42 8 41 17 42 8 41 8 42 17 41 8 42 17 41 1 41 1 41 17 42 8 41 8 42 17 41 1 41 1 41 17 42 8 42 1 42 1 42 1 42 1 42 1 42 1 42 1 41 8 42 17 42 1 41 8 42 17 41 8 42 17 42 1 41 17 42 8 41 8 42 17 41 8 42 17 41 8 42 17 41 8 42 17 42 1 42 1 42 1 42 1 42 1 42 1 42 1 42 1 42 1 42 1 42 1 42 1 42 1 42 1 42 1 42 1 42 1 42 1 41 8 42 17 42 1 42 1 42 1 42 1 42 1 42 1 42 1 42 1 42 1 42 1 42 1 42 1 41 8 42 17 41 8 42 17 41 17 42 8 41 17 42 8 41 1 41 8 42 17 41 8 42 17 41 17 42 8 41 1 41 1 41 1 40 47 41 50 40 45 41 48 41 1 42 1 42 1 41 6 42 11 42 1 42 1 42 1 42 1 42 1 42 1 42 1 42 1 42 1 42 1 42 1 42 1 42 1 42 1 42 1 42 1 42 1 42 1 42 1 42 1 42 1 42 1 42 1 42 1 42 1 40 45 41 48 40 4 41 3 40 4 41 3 40 47 41 50 40 4 41 3 40 3 41 4 40 4 41 3 40 3 41 4 40 4 41 3 40 46 41 49 42 1 42 1 42 1 41 6 42 11 41 6 42 11 42 1 41 8 42 17 41 6 42 11 41 8 42 17 42 1 41 8 42 17 41 8 42 17 42 1 41 1 40 47 41 50 40 3 41 4 41 1 41 1 40 3 41 4 41 1 41 17 42 8 41 8 42 17 41 17 42 8 41 8 42 17 41 8 42 17 41 1 41 17 42 8 41 1 42 1 42 1 42 1 42 1 42 1 42 1 42 1 42 1 41 8 42 17 41 8 42 17 41 8 42 17 42 1 41 17 42 8 41 8 42 17 41 8 42 17 41 8 42 17 41 8 42 17 42 1 42 1 42 1 42 1 42 1 42 1 11 1 11 1 11 1 11 1 11 1 11 1 11 1 11 1 11 1 11 1 11 1 11 1 11 1 11 1 11 1 11 1 11 1 11 1 11 1 11 1 11 1 11 1 11 1 11 1 11 1 11 1 11 1 11 1 11 1 11 1 11 1 11 1 11 1 11 1 11 1 11 1 11 1 11 1 11 1 11 1 11 1 11 1 11 1 11 1 11 1 11 1 11 1 11 1 11 1 11 1 11 1 11 1 11 1 11 1 11 1 11 1 11 1 11 1 11 1 11 1 11 1 11 1 11 1 11 1 11 1 11 1 11 1 11 1 11 1 11 1 11 1 11 1 11 1 11 1 11 1 11 1 11 1 11 1 11 1 11 1 11 1 11 1 11 1 11 1 11 1 11 1 11 1 11 1 11 1 11 1 11 1 11 1 11 1 11 1 11 1 11 1 11 1 11 1 11 1 11 1 11 1 11 1 11 1 11 1 11 1 11 1 11 1 11 1 11 1 11 1 11 1 11 1 11 1 11 1 11 1 11 1 11 1 11 1 11 1 11 1 11 1 11 1 11 1 11 1 11 1 11 1 11 1 11 1 11 1 11 1 11 1 11 1 11 1 11 1 11 1 11 1 11 1 11 1 11 1 11 1 11 1 11 1 11 1 11 1 11 1 11 1 0 1 0 1 0 1 0 1 0 1 0 1 0 1 0 1 0 1 0 1 0 1 0 1 0 1 0 1 0 1 0 1 0 1 0 1 0 1 0 1 0 1 0 1 0 1 0 1 0 1 0 1 0 1 0 1 0 1 0 1 0 1 0 1 0 1 0 1 0 1 0 1 0 1 0 1 0 1 0 1 0 1 0 1 0 1 0 1 0 14 1 25 0 1 0 2 1 2 0 3 1 4 0 3 1 4 1 1 1 1 1 1 1 1 1 1 1 1 0 6 1 11 1 1 0 6 1 11 1 1 0 8 1 17 0 15 1 26 0 1 0 4 1 3 0 1 0 1 0 1 0 1 0 1 0 1 0 1 0 1 0 1 0 1 0 1 0 1 0 1 0 1 0 1 1 1 1 1 1 1 1 1 1 1 1 1 1 1 1 1 1 1 1 1 1 1 1 1 1 1 1 1 1 1 1 1 1 1 1 1 1 1 1 1 1 1 1 1 1 1 1 1 1 1 1 1 1 1 1 1 1 1 1 1 1 1 1 1 1 1 1 1 1 1 1 1 1 1 1 1 1 1 1 1 1 1 1 1 1 1 1 1 1 1 1 1 1 1 1 1 1 11 11 6 1 11 11 6 1 4 11 3 1 4 11 3 1 1 1 1 1 1 1 1 1 17 11 8 1 17 11 8 0 16 1 27 1 2 11 2 1 2 11 2 1 3 11 4 1 3 11 4 0 16 1 27 1 1 0 16 1 27 0 17 1 8 0 6 1 11 1 1 1 1 1 1 0 3 1 4 1 1 1 1 1 1 0 1 0 2 1 2 0 1 0 1 0 1 0 1 0 17 1 8 0 12 1 13 0 2 1 2 0 12 1 13 0 1 0 1 0 4 1 3 0 2 1 2 0 2 1 2 0 8 1 17 0 7 1 20 0 8 1 17 0 3 1 4 0 3 1 4 0 8 1 17 0 8 1 17 0 8 1 17 1 1 1 1 1 1 1 1 0 1 0 1 0 4 11 3 0 4 11 3 0 4 11 3 0 4 11 3 0 1 0 4 11 3 0 8 1 17 0 1 0 15 1 26 0 8 1 17 0 15 1 26 1 17 11 8 1 4 11 3 1 1 1 1 0 1 0 1 0 1 0 1 0 1 0 1 0 1 0 1 0 1 0 1 0 1 0 1 0 1 0 1 0 1 0 1 0 1 0 1 0 1 0 1 0 1 0 1 0 1 0 1 0 1 0 1 0 1 0 1 0 1 0 1 0 1 0 1 0 1 0 1 0 1 0 1 0 1 0 1 0 1 0 1 0 1 0 1 0 1 0 1 0 1 0 1 0 1 0 1 0 14 1 25 0 1 0 2 1 2 0 3 1 4 0 3 1 4 1 1 1 1 1 1 1 1 1 1 1 1 0 6 1 11 1 1 0 6 1 11 1 1 0 8 1 17 0 15 1 26 0 1 0 18 1 28 0 1 0 1 0 1 0 1 0 1 0 1 0 1 0 1 0 1 0 1 0 1 0 1 0 1 0 1 0 1 1 1 1 1 1 1 1 1 1 1 1 1 1 1 1 1 1 1 1 1 1 1 1 1 1 1 1 1 1 1 1 1 1 1 1 1 1 1 1 1 1 1 1 1 1 1 1 1 1 1 1 1 1 1 1 1 1 1 1 1 1 1 1 1 1 1 1 1 1 1 1 1 1 1 1 1 1 1 1 1 1 1 1 1 1 1 1 1 1 1 1 1 1 11 11 6 1 4 11 3 1 1 1 1 1 1 1 4 11 3 1 11 11 6 1 17 11 8 1 17 11 8 1 2 11 2 1 2 11 2 1 3 11 4 0 16 1 27 1 3 11 4 0 16 1 27 1 1 1 1 1 1 0 16 1 27 0 17 1 8 0 6 1 11 1 1 1 1 1 1 0 3 1 4 1 1 1 1 1 1 0 1 0 2 1 2 0 1 0 1 0 1 0 1 0 17 1 8 0 12 1 13 0 2 1 2 0 12 1 13 0 1 0 1 0 4 1 3 0 2 1 2 0 2 1 2 0 8 1 17 0 7 1 20 0 8 1 17 0 3 1 4 0 3 1 4 0 8 1 17 0 8 1 17 0 8 1 17 1 4 11 3 1 17 11 8 1 1 1 1 1 1 1 1 1 1 1 1 1 1 0 1 0 1 0 1 0 1 11 1 0 1 0 1 0 1 0 1 0 1 0 1 0 1 0 1 0 1 0 1 0 1 0 1 0 1 0 1 0 1 0 1 0 1 0 1 0 1 0 1 0 1 0 1 0 1 0 1 0 1 0 1 0 1 0 1 0 1 0 1 0 1 0 1 0 1 0 1 0 1 0 1 0 1 0 1 0 1 0 1 0 1 0 1 0 1 0 1 0 1 0 1 0 1 0 1 0 1 0 1 0 1 0 1 0 1 0 1 0 1 0 1 0 1 0 1 0 1 0 1 0 1 0 1 0 1 0 1 0 1 0 1 0 1 0 1 0 1 0 1 0 1 0 1 0 1 0 1 0 1 0 1 0 1 0 1 0 1 0 1 0 1 0 1 0 1 0 1 0 1 0 1 0 1 0 1 0 1 0 1 0 1 0 1 0 1 0 1 0 1 0 1 0 1 0 1 0 1 0 1 0 1 0 1 0 1 0 1 0 1 0 1 0 1 0 1 0 1 0 1 0 1 0 1 0 1 0 1 0 1 0 1 0 1 0 1 0 1 0 1 0 1 0 1 0 1 0 1 0 1 0 1 0 1 0 1 0 1 0 1 0 1 0 1 0 1 0 1 0 1 0 1 0 1 0 1 0 1 0 1 0 1 0 1 0 1 0 1 0 1 0 1 0 1 0 1 0 1 0 1 0 1 0 1 0 1 0 1 0 1 0 1 0 1 0 1 0 1 0 1 0 1 0 1 0 1 0 1 0 1 0 1 0 1 0 1 0 1 0 1 0 1 0 1 0 1 0 1 0 1 0 1 0 1 0 1 0 1 0 1 0 1 0 1 0 1 0 1 0 1 0 1 0 1 0 1 0 1 0 1 0 1 0 1 0 1 0 1 0 1 0 1 0 1 0 1 0 1 0 1 0 1 0 1 0 1 0 1 0 1 0 1 0 1 0 1 0 1 0 1 0 1 0 1 0 1 0 1 0 1 0 1 0 1 0 1 0 1 0 1 0 1 0 1 0 1 0 1 0 1 0 1 0 1 0 1 0 1 0 1 0 1 0 1 0 1 0 1 0 1 0 1 0 1 0 1 0 1 0 1 0 1 0 1 0 1 0 1 0 1 0 1 0 1 0 1 0 1 0 1 0 1 0 1 0 1 0 1 0 1 0 1 0 1 0 1 0 1 0 1</v>
                </vertex_weights>
            </skin>
        </controller>
    </library_controllers>
    <library_visual_scenes>
        <visual_scene id="ID6">
            <node id="ID7" name="chr302">
                <translate sid="translate">0 0 -0</translate>
                <rotate sid="rotateY">0 1 0 -0</rotate>
                <rotate sid="rotateX">1 0 0 0</rotate>
                <rotate sid="rotateZ">0 0 1 -0</rotate>
                <scale sid="scale">1 1 1</scale>
                <node id="ID8" name="GRP_joint">
                    <translate sid="translate">0 0 -0</translate>
                    <rotate sid="rotateY">0 1 0 -0</rotate>
                    <rotate sid="rotateX">1 0 0 0</rotate>
                    <rotate sid="rotateZ">0 0 1 -0</rotate>
                    <scale sid="scale">0.012 0.012 0.012</scale>
                    <node id="ID9" name="J_root_032" sid="joint1" type="JOINT">
                        <translate sid="translate">0 0 -0</translate>
                        <rotate sid="rotateY">0 1 0 -0</rotate>
                        <rotate sid="rotateX">1 0 0 0</rotate>
                        <rotate sid="rotateZ">0 0 1 -0</rotate>
                        <scale sid="scale">1 1 1</scale>
                        <node id="ID10" name="J_center" sid="joint2" type="JOINT">
                            <translate sid="translate">0 777.325 -3.83529</translate>
                            <rotate sid="rotateY">0 1 0 -0</rotate>
                            <rotate sid="rotateX">1 0 0 0</rotate>
                            <rotate sid="rotateZ">0 0 1 -0</rotate>
                            <scale sid="scale">1 1 1</scale>
                            <node id="ID11" name="J_momo_R" sid="joint3" type="JOINT">
                                <translate sid="translate">-143.898 -122.853 -8.93097</translate>
                                <rotate sid="rotateY">0 1 0 -0</rotate>
                                <rotate sid="rotateX">1 0 0 0</rotate>
                                <rotate sid="rotateZ">0 0 1 -0</rotate>
                                <scale sid="scale">1 1 1</scale>
                                <node id="ID12" name="J_hiza_R" sid="joint4" type="JOINT">
                                    <translate sid="translate">-41.9221 -268.372 40.7581</translate>
                                    <rotate sid="rotateY">0 1 0 -0</rotate>
                                    <rotate sid="rotateX">1 0 0 0</rotate>
                                    <rotate sid="rotateZ">0 0 1 -0</rotate>
                                    <scale sid="scale">1 1 1</scale>
                                    <node id="ID13" name="J_kakato_R" sid="joint5" type="JOINT">
                                        <translate sid="translate">-5.68434e-014 -267.873 -126.151</translate>
                                        <rotate sid="rotateY">0 1 0 -0</rotate>
                                        <rotate sid="rotateX">1 0 0 0</rotate>
                                        <rotate sid="rotateZ">0 0 1 -0</rotate>
                                        <scale sid="scale">1 1 1</scale>
                                        <node id="ID14" name="J_tumasaki_R" sid="joint6" type="JOINT">
                                            <translate sid="translate">2.84217e-014 -89.9618 176.99</translate>
                                            <rotate sid="rotateY">0 1 0 -0</rotate>
                                            <rotate sid="rotateX">1 0 0 0</rotate>
                                            <rotate sid="rotateZ">0 0 1 -0</rotate>
                                            <scale sid="scale">1 1 1</scale>
                                        </node>
                                    </node>
                                </node>
                            </node>
                            <node id="ID15" name="J_hara" sid="joint7" type="JOINT">
                                <translate sid="translate">0 26.9911 0.866763</translate>
                                <rotate sid="rotateY">0 1 0 -0</rotate>
                                <rotate sid="rotateX">1 0 0 0</rotate>
                                <rotate sid="rotateZ">0 0 1 -0</rotate>
                                <scale sid="scale">1 1 1</scale>
                                <node id="ID16" name="CharacterCenterTarget" sid="joint8" type="JOINT">
                                    <translate sid="translate">0 -80.376 1.24088e-007</translate>
                                    <rotate sid="rotateY">0 1 0 -0</rotate>
                                    <rotate sid="rotateX">1 0 0 6.10666e-013</rotate>
                                    <rotate sid="rotateZ">0 0 1 -0</rotate>
                                    <scale sid="scale">0.326041 0.326041 0.326041</scale>
                                </node>
                                <node id="ID17" name="J_mune" sid="joint9" type="JOINT">
                                    <translate sid="translate">0 140.947 11.3016</translate>
                                    <rotate sid="rotateY">0 1 0 -0</rotate>
                                    <rotate sid="rotateX">1 0 0 0</rotate>
                                    <rotate sid="rotateZ">0 0 1 -0</rotate>
                                    <scale sid="scale">1 1 1</scale>
                                    <node id="ID18" name="J_hane_tukeneC_L" sid="joint10" type="JOINT">
                                        <translate sid="translate">87.1605 47.577 -102.624</translate>
                                        <rotate sid="rotateY">0 1 0 -0</rotate>
                                        <rotate sid="rotateX">1 0 0 1.59028e-015</rotate>
                                        <rotate sid="rotateZ">0 0 1 -0</rotate>
                                        <scale sid="scale">1 1 1</scale>
                                    </node>
                                    <node id="ID19" name="J_huta_R" sid="joint11" type="JOINT">
                                        <translate sid="translate">-152.204 -12.7954 99.1802</translate>
                                        <rotate sid="rotateY">0 1 0 -0</rotate>
                                        <rotate sid="rotateX">1 0 0 0</rotate>
                                        <rotate sid="rotateZ">0 0 1 -358</rotate>
                                        <scale sid="scale">1 1 1</scale>
                                    </node>
                                    <node id="ID20" name="J_hane_tukeneC_R" sid="joint12" type="JOINT">
                                        <translate sid="translate">-87.1606 47.5777 -102.624</translate>
                                        <rotate sid="rotateY">0 1 0 -0</rotate>
                                        <rotate sid="rotateX">1 0 0 0</rotate>
                                        <rotate sid="rotateZ">0 0 1 -0</rotate>
                                        <scale sid="scale">1 1 1</scale>
                                    </node>
                                    <node id="ID21" name="J_kata_R" sid="joint13" type="JOINT">
                                        <translate sid="translate">-113.816 107.075 23.9064</translate>
                                        <rotate sid="rotateY">0 1 0 -0</rotate>
                                        <rotate sid="rotateX">1 0 0 0</rotate>
                                        <rotate sid="rotateZ">0 0 1 -0</rotate>
                                        <scale sid="scale">1 1 1</scale>
                                        <node id="ID22" name="J_ude_R" sid="joint14" type="JOINT">
                                            <translate sid="translate">-67.0881 -42.8995 -2.59865e-006</translate>
                                            <rotate sid="rotateY">0 1 0 -0</rotate>
                                            <rotate sid="rotateX">1 0 0 0</rotate>
                                            <rotate sid="rotateZ">0 0 1 -0</rotate>
                                            <scale sid="scale">1 1 1</scale>
                                            <node id="ID23" name="J_hiji_R" sid="joint15" type="JOINT">
                                                <translate sid="translate">-208.925 3.41061e-013 4.26326e-014</translate>
                                                <rotate sid="rotateY">0 1 0 -0</rotate>
                                                <rotate sid="rotateX">1 0 0 0</rotate>
                                                <rotate sid="rotateZ">0 0 1 -0</rotate>
                                                <scale sid="scale">1 1 1</scale>
                                                <node id="ID24" name="J_te_R" sid="joint16" type="JOINT">
                                                    <translate sid="translate">-137.915 -1.36344 -0</translate>
                                                    <rotate sid="rotateY">0 1 0 4.65902e-018</rotate>
                                                    <rotate sid="rotateX">1 0 0 7.95721e-016</rotate>
                                                    <rotate sid="rotateZ">0 0 1 -0</rotate>
                                                    <scale sid="scale">1 1 1</scale>
                                                    <node id="ID25" name="J_tumeN_R" sid="joint17" type="JOINT">
                                                        <translate sid="translate">-128.879 -30.6288 -39.5134</translate>
                                                        <rotate sid="rotateY">0 1 0 0</rotate>
                                                        <rotate sid="rotateX">1 0 0 -90</rotate>
                                                        <rotate sid="rotateZ">0 0 1 -180</rotate>
                                                        <scale sid="scale">1 1 1</scale>
                                                    </node>
                                                    <node id="ID26" name="J_tumeH_R" sid="joint18" type="JOINT">
                                                        <translate sid="translate">-123.226 39.9161 -0.146798</translate>
                                                        <rotate sid="rotateY">0 1 0 -0</rotate>
                                                        <rotate sid="rotateX">1 0 0 0</rotate>
                                                        <rotate sid="rotateZ">0 0 1 -0</rotate>
                                                        <scale sid="scale">1 1 1</scale>
                                                    </node>
                                                    <node id="ID27" name="J_tumeO_R" sid="joint19" type="JOINT">
                                                        <translate sid="translate">-128.88 -30.6292 39.5135</translate>
                                                        <rotate sid="rotateY">0 1 0 0</rotate>
                                                        <rotate sid="rotateX">1 0 0 90</rotate>
                                                        <rotate sid="rotateZ">0 0 1 -0</rotate>
                                                        <scale sid="scale">1 1 1</scale>
                                                    </node>
                                                </node>
                                            </node>
                                        </node>
                                    </node>
                                    <node id="ID28" name="J_kata_L" sid="joint20" type="JOINT">
                                        <translate sid="translate">113.816 107.074 23.9064</translate>
                                        <rotate sid="rotateY">0 1 0 -0</rotate>
                                        <rotate sid="rotateX">1 0 0 0</rotate>
                                        <rotate sid="rotateZ">0 0 1 -0</rotate>
                                        <scale sid="scale">1 1 1</scale>
                                        <node id="ID29" name="J_ude_L" sid="joint21" type="JOINT">
                                            <translate sid="translate">67.0882 -42.9001 7.10543e-015</translate>
                                            <rotate sid="rotateY">0 1 0 -0</rotate>
                                            <rotate sid="rotateX">1 0 0 0</rotate>
                                            <rotate sid="rotateZ">0 0 1 -0</rotate>
                                            <scale sid="scale">1 1 1</scale>
                                            <node id="ID30" name="J_hiji_L" sid="joint22" type="JOINT">
                                                <translate sid="translate">246.837 5.68434e-013 2.13163e-014</translate>
                                                <rotate sid="rotateY">0 1 0 -0</rotate>
                                                <rotate sid="rotateX">1 0 0 0</rotate>
                                                <rotate sid="rotateZ">0 0 1 -0</rotate>
                                                <scale sid="scale">1 1 1</scale>
                                                <node id="ID31" name="J_claw000" sid="joint23" type="JOINT">
                                                    <translate sid="translate">362.239 11.2937 -32.2741</translate>
                                                    <rotate sid="rotateY">0 1 0 -0</rotate>
                                                    <rotate sid="rotateX">1 0 0 0</rotate>
                                                    <rotate sid="rotateZ">0 0 1 -0</rotate>
                                                    <scale sid="scale">1 1 1</scale>
                                                    <node id="ID32" name="J_claw01" sid="joint24" type="JOINT">
                                                        <translate sid="translate">17.4392 -3.41061e-013 -3.37091e-014</translate>
                                                        <rotate sid="rotateY">0 1 0 -0</rotate>
                                                        <rotate sid="rotateX">1 0 0 0</rotate>
                                                        <rotate sid="rotateZ">0 0 1 -0</rotate>
                                                        <scale sid="scale">1 1 1</scale>
                                                        <node id="ID33" name="J_claw02" sid="joint25" type="JOINT">
                                                            <translate sid="translate">17.4393 -7.95808e-013 3.26128e-016</translate>
                                                            <rotate sid="rotateY">0 1 0 -0</rotate>
                                                            <rotate sid="rotateX">1 0 0 0</rotate>
                                                            <rotate sid="rotateZ">0 0 1 -0</rotate>
                                                            <scale sid="scale">1 1 1</scale>
                                                            <node id="ID34" name="J_claw03" sid="joint26" type="JOINT">
                                                                <translate sid="translate">17.4393 9.09495e-013 2.31065e-015</translate>
                                                                <rotate sid="rotateY">0 1 0 -0</rotate>
                                                                <rotate sid="rotateX">1 0 0 0</rotate>
                                                                <rotate sid="rotateZ">0 0 1 -0</rotate>
                                                                <scale sid="scale">1 1 1</scale>
                                                                <node id="ID35" name="J_claw04" sid="joint27" type="JOINT">
                                                                    <translate sid="translate">17.4393 -5.68434e-013 -5.05845e-015</translate>
                                                                    <rotate sid="rotateY">0 1 0 -0</rotate>
                                                                    <rotate sid="rotateX">1 0 0 0</rotate>
                                                                    <rotate sid="rotateZ">0 0 1 -0</rotate>
                                                                    <scale sid="scale">1 1 1</scale>
                                                                    <node id="ID36" name="J_clawTop" sid="joint28" type="JOINT">
                                                                        <translate sid="translate">17.4393 -1.13687e-013 0.0346108</translate>
                                                                        <rotate sid="rotateY">0 1 0 -0</rotate>
                                                                        <rotate sid="rotateX">1 0 0 0</rotate>
                                                                        <rotate sid="rotateZ">0 0 1 -0</rotate>
                                                                        <scale sid="scale">1 1 1</scale>
                                                                    </node>
                                                                </node>
                                                            </node>
                                                        </node>
                                                    </node>
                                                </node>
                                            </node>
                                        </node>
                                    </node>
                                    <node id="ID37" name="J_hane_tukeneB_R" sid="joint29" type="JOINT">
                                        <translate sid="translate">-90.6093 85.6041 -100.392</translate>
                                        <rotate sid="rotateY">0 1 0 -0</rotate>
                                        <rotate sid="rotateX">1 0 0 0</rotate>
                                        <rotate sid="rotateZ">0 0 1 -0</rotate>
                                        <scale sid="scale">1 1 1</scale>
                                    </node>
                                    <node id="ID38" name="J_huta_L" sid="joint30" type="JOINT">
                                        <translate sid="translate">152.204 -12.7964 99.1803</translate>
                                        <rotate sid="rotateY">0 1 0 -0</rotate>
                                        <rotate sid="rotateX">1 0 0 0</rotate>
                                        <rotate sid="rotateZ">0 0 1 -2</rotate>
                                        <scale sid="scale">1 1 1</scale>
                                    </node>
                                    <node id="ID39" name="J_hane_tukeneB_L" sid="joint31" type="JOINT">
                                        <translate sid="translate">90.6093 85.6041 -100.392</translate>
                                        <rotate sid="rotateY">0 1 0 -0</rotate>
                                        <rotate sid="rotateX">1 0 0 0</rotate>
                                        <rotate sid="rotateZ">0 0 1 -0</rotate>
                                        <scale sid="scale">1 1 1</scale>
                                    </node>
                                    <node id="ID40" name="J_hane_tukene_L" sid="joint32" type="JOINT">
                                        <translate sid="translate">94.0558 111.042 -78.4145</translate>
                                        <rotate sid="rotateY">0 1 0 -0</rotate>
                                        <rotate sid="rotateX">1 0 0 0</rotate>
                                        <rotate sid="rotateZ">0 0 1 -0</rotate>
                                        <scale sid="scale">1 1 1</scale>
                                    </node>
                                    <node id="ID41" name="J_hane_tukene_R" sid="joint33" type="JOINT">
                                        <translate sid="translate">-94.056 111.043 -78.4144</translate>
                                        <rotate sid="rotateY">0 1 0 -0</rotate>
                                        <rotate sid="rotateX">1 0 0 0</rotate>
                                        <rotate sid="rotateZ">0 0 1 -0</rotate>
                                        <scale sid="scale">1 1 1</scale>
                                    </node>
                                    <node id="ID42" name="J_atama" sid="joint34" type="JOINT">
                                        <translate sid="translate">0 150.104 66.4178</translate>
                                        <rotate sid="rotateY">0 1 0 -0</rotate>
                                        <rotate sid="rotateX">1 0 0 0</rotate>
                                        <rotate sid="rotateZ">0 0 1 -0</rotate>
                                        <scale sid="scale">1 1 1</scale>
                                        <node id="ID43" name="J_ago" sid="joint35" type="JOINT">
                                            <translate sid="translate">0 73.5717 81.649</translate>
                                            <rotate sid="rotateY">0 1 0 -0</rotate>
                                            <rotate sid="rotateX">1 0 0 0</rotate>
                                            <rotate sid="rotateZ">0 0 1 -0</rotate>
                                            <scale sid="scale">1 1 1</scale>
                                        </node>
                                        <node id="ID44" name="CharacterFaceCenterTarget" sid="joint36" type="JOINT">
                                            <translate sid="translate">0 159.053 220.676</translate>
                                            <rotate sid="rotateY">0 1 0 -0</rotate>
                                            <rotate sid="rotateX">1 0 0 1.01778e-012</rotate>
                                            <rotate sid="rotateZ">0 0 1 -0</rotate>
                                            <scale sid="scale">0.326041 0.326041 0.326041</scale>
                                        </node>
                                        <node id="ID45" name="HUDTarget" sid="joint37" type="JOINT">
                                            <translate sid="translate">0 319.389 93.0671</translate>
                                            <rotate sid="rotateY">0 1 0 -0</rotate>
                                            <rotate sid="rotateX">1 0 0 1.01778e-012</rotate>
                                            <rotate sid="rotateZ">0 0 1 -0</rotate>
                                            <scale sid="scale">0.326041 0.326041 0.326041</scale>
                                        </node>
                                    </node>
                                </node>
                            </node>
                            <node id="ID46" name="J_sippo1" sid="joint38" type="JOINT">
                                <translate sid="translate">0 -169.705 -198.502</translate>
                                <rotate sid="rotateY">0 1 0 -0</rotate>
                                <rotate sid="rotateX">1 0 0 0</rotate>
                                <rotate sid="rotateZ">0 0 1 -0</rotate>
                                <scale sid="scale">1 1 1</scale>
                                <node id="ID47" name="J_sippo2" sid="joint39" type="JOINT">
                                    <translate sid="translate">0 3.41061e-013 -167.417</translate>
                                    <rotate sid="rotateY">0 1 0 -0</rotate>
                                    <rotate sid="rotateX">1 0 0 0</rotate>
                                    <rotate sid="rotateZ">0 0 1 -0</rotate>
                                    <scale sid="scale">1 1 1</scale>
                                    <node id="ID48" name="J_sippo3" sid="joint40" type="JOINT">
                                        <translate sid="translate">0 8.68707 -193.328</translate>
                                        <rotate sid="rotateY">0 1 0 -0</rotate>
                                        <rotate sid="rotateX">1 0 0 0</rotate>
                                        <rotate sid="rotateZ">0 0 1 -0</rotate>
                                        <scale sid="scale">1 1 1</scale>
                                        <node id="ID49" name="J_sippo4" sid="joint41" type="JOINT">
                                            <translate sid="translate">0 11.5829 -179.706</translate>
                                            <rotate sid="rotateY">0 1 0 -0</rotate>
                                            <rotate sid="rotateX">1 0 0 0</rotate>
                                            <rotate sid="rotateZ">0 0 1 -0</rotate>
                                            <scale sid="scale">1 1 1</scale>
                                            <node id="ID50" name="J_sippo5" sid="joint42" type="JOINT">
                                                <translate sid="translate">0 13.5134 -189.02</translate>
                                                <rotate sid="rotateY">0 1 0 -0</rotate>
                                                <rotate sid="rotateX">1 0 0 0</rotate>
                                                <rotate sid="rotateZ">0 0 1 -0</rotate>
                                                <scale sid="scale">1 1 1</scale>
                                                <node id="ID51" name="J_sippo6" sid="joint43" type="JOINT">
                                                    <translate sid="translate">0 23.6556 -214.211</translate>
                                                    <rotate sid="rotateY">0 1 0 -0</rotate>
                                                    <rotate sid="rotateX">1 0 0 0</rotate>
                                                    <rotate sid="rotateZ">0 0 1 -0</rotate>
                                                    <scale sid="scale">1 1 1</scale>
                                                </node>
                                            </node>
                                        </node>
                                    </node>
                                </node>
                            </node>
                            <node id="ID52" name="J_momo_L" sid="joint44" type="JOINT">
                                <translate sid="translate">143.898 -122.852 -8.93096</translate>
                                <rotate sid="rotateY">0 1 0 -0</rotate>
                                <rotate sid="rotateX">1 0 0 0</rotate>
                                <rotate sid="rotateZ">0 0 1 -0</rotate>
                                <scale sid="scale">1 1 1</scale>
                                <node id="ID53" name="J_hiza_L" sid="joint45" type="JOINT">
                                    <translate sid="translate">41.9223 -268.374 40.7581</translate>
                                    <rotate sid="rotateY">0 1 0 -0</rotate>
                                    <rotate sid="rotateX">1 0 0 0</rotate>
                                    <rotate sid="rotateZ">0 0 1 -0</rotate>
                                    <scale sid="scale">1 1 1</scale>
                                    <node id="ID54" name="J_kakato_L" sid="joint46" type="JOINT">
                                        <translate sid="translate">-1.13687e-013 -267.873 -126.151</translate>
                                        <rotate sid="rotateY">0 1 0 -0</rotate>
                                        <rotate sid="rotateX">1 0 0 0</rotate>
                                        <rotate sid="rotateZ">0 0 1 -0</rotate>
                                        <scale sid="scale">1 1 1</scale>
                                        <node id="ID55" name="J_tumasaki_L" sid="joint47" type="JOINT">
                                            <translate sid="translate">5.68434e-014 -89.9618 176.99</translate>
                                            <rotate sid="rotateY">0 1 0 -0</rotate>
                                            <rotate sid="rotateX">1 0 0 0</rotate>
                                            <rotate sid="rotateZ">0 0 1 -0</rotate>
                                            <scale sid="scale">1 1 1</scale>
                                        </node>
                                    </node>
                                </node>
                            </node>
                        </node>
                    </node>
                </node>
                <node id="ID56" name="GRP_mesh">
                    <translate sid="translate">0 0 -0</translate>
                    <rotate sid="rotateY">0 1 0 -0</rotate>
                    <rotate sid="rotateX">1 0 0 0</rotate>
                    <rotate sid="rotateZ">0 0 1 -0</rotate>
                    <scale sid="scale">1 1 1</scale>
                    <node id="ID57" name="chr302">
                        <translate sid="translate">0 0 -0</translate>
                        <rotate sid="rotateY">0 1 0 -0</rotate>
                        <rotate sid="rotateX">1 0 0 0</rotate>
                        <rotate sid="rotateZ">0 0 1 -0</rotate>
                        <scale sid="scale">1 1 1</scale>
                        <instance_controller url="#ID58">
                            <skeleton>#ID6</skeleton>
                            <bind_material>
                                <technique_common>
                                    <instance_material symbol="Material1" target="#ID1">
                                        <bind_vertex_input semantic="UVSET0" input_semantic="TEXCOORD" input_set="0"/>
                                    </instance_material>
                                </technique_common>
                            </bind_material>
                        </instance_controller>
                    </node>
                </node>
            </node>
        </visual_scene>
    </library_visual_scenes>
    <scene>
        <instance_visual_scene url="#ID6"/>
    </scene>
</COLLADA>
