<?xml version="1.0"?>
<COLLADA xmlns="http://www.collada.org/2005/11/COLLADASchema" version="1.4.1">
    <asset>
        <contributor>
            <authoring_tool>CINEMA4D 17.055 COLLADA Exporter</authoring_tool>
        </contributor>
        <created>2017-11-04T23:02:37Z</created>
        <modified>2017-11-04T23:02:37Z</modified>
        <unit name="meter"/>
        <up_axis>Y_UP</up_axis>
    </asset>
    <library_images>
        <image id="ID3">
            <init_from>Texture2D/chr322a01.png</init_from>
        </image>
    </library_images>
    <library_effects>
        <effect id="ID2">
            <profile_COMMON>
                <newparam sid="ID4">
                    <surface type="2D">
                        <init_from>ID3</init_from>
                    </surface>
                </newparam>
                <newparam sid="ID5">
                    <sampler2D>
                        <source>ID4</source>
                    </sampler2D>
                </newparam>
                <technique sid="COMMON">
                    <blinn>
                        <diffuse>
                            <texture texture="ID5" texcoord="UVSET0"/>
                        </diffuse>
                    </blinn>
                </technique>
            </profile_COMMON>
        </effect>
    </library_effects>
    <library_materials>
        <material id="ID1" name="chr322a01">
            <instance_effect url="#ID2"/>
        </material>
    </library_materials>
    <library_geometries>
        <geometry id="ID20">
            <mesh>
                <source id="ID21">
                    <float_array id="ID22" count="2847">-0.0765813 0.172732 -0.0339199 -0.0582546 0.165353 -0.0070708 -0.0575445 0.168857 -0.0388739 -0.08287 0.162877 -0.0490642 -0.0733209 0.174609 -0.0535043 -0.080963 0.162834 -0.067863 -0.0927382 0.15044 -0.063311 -0.0650745 0.185208 -0.035689 -0.0645704 0.157465 -0.0546801 -0.04972 0.177299 -0.00720631 -0.0497543 0.190391 -0.0391066 -0.0366093 0.181985 -0.00914601 -0.0386382 0.176602 -0.043828 -0.0584164 0.178093 -0.0594413 -0.0462933 0.167821 -0.0632864 -0.0575445 0.168857 -0.0388739 -0.0645704 0.157465 -0.0546801 -0.0383916 0.161813 0.0179554 -0.0647499 0.164779 -0.0742836 -0.10171 0.15393 -0.0789816 -0.0903958 0.17349 -0.0847359 -0.0994364 0.152667 -0.102987 -0.109972 0.141979 -0.10138 -0.115464 0.145828 -0.115673 -0.10557 0.158421 -0.115829 -0.110457 0.130649 -0.099773 -0.115309 0.132595 -0.115517 -0.0968245 0.13204 -0.122106 -0.0892861 0.130161 -0.10843 -0.0522293 0.153459 -0.0789353 -0.0610105 0.157918 -0.0985731 -0.0733321 0.174835 -0.0914933 -0.0802229 0.149631 -0.0887773 -0.0724837 0.144679 -0.069628 -0.0703898 0.141089 -0.117086 -0.0892861 0.130161 -0.10843 -0.072849 0.151072 -0.115079 -0.0794703 0.14559 -0.128695 -0.0968245 0.13204 -0.122106 -0.0941532 0.153007 -0.14558 -0.108225 0.142631 -0.141537 -0.0816694 0.155681 -0.126834 -0.100328 0.162587 -0.141307 -0.125114 0.162884 -0.166274 -0.125114 0.162884 -0.166274 -0.117049 0.156661 -0.135133 -0.090359 0.162996 -0.121544 -0.0809688 0.156952 -0.110189 -0.122296 0.143016 -0.137494 -0.108225 0.142631 -0.141537 -0.125114 0.162884 -0.166274 -0.0724837 0.144679 -0.069628 -0.0802229 0.149631 -0.0887773 -0.00833811 0.0477784 0.107211 0 0.0489768 0.107729 -0.00779193 0.0500294 0.102909 0 0.0520898 0.10298 -0.0164597 0.04929 0.0991085 -0.0176263 0.0464137 0.10466 -0.0319588 0.0480235 0.0979787 -0.0313479 0.0477571 0.0944702 -0.00879224 0.0531023 0.110396 0 0.0538635 0.111739 -0.00878533 0.0585617 0.109205 0 0.0591876 0.111079 0 0.0659864 0.109319 -0.00879295 0.0655505 0.106908 -0.0209701 0.058278 0.105453 -0.019178 0.0651911 0.0993943 -0.00818853 0.074933 0.101384 0 0.0752488 0.102926 -0.0192266 0.0746956 0.0954415 0 0.0846607 0.0999089 -0.00819374 0.0846117 0.0981654 0 0.0947732 0.0957583 -0.00819368 0.0949312 0.0942292 -0.0197346 0.0843897 0.0920318 -0.0294401 0.0843501 0.0856191 -0.0335194 0.0982492 0.0817583 -0.0202332 0.0954395 0.0888637 -0.0262588 0.0698236 0.0886452 -0.0274312 0.0653768 0.0935769 -0.0320896 0.0593959 0.0983691 -0.0320987 0.05218 0.0993729 -0.0360126 0.0661957 0.0864527 -0.0431335 0.066787 0.0791954 -0.0418691 0.0532328 0.0932762 -0.0385917 0.0487599 0.0944883 -0.0180907 0.050863 0.107337 -0.0458008 0.0496364 0.0870529 -0.0411462 0.0486905 0.0890824 -0.0467815 0.0496311 0.0826125 -0.03996 0.0605399 0.0906056 -0.0427932 0.0517512 0.0862747 -0.0362166 0.048607 0.0919805 -0.0328244 0.0512938 0.0916148 -0.0121224 0.0522722 0.0995601 0 0.054659 0.101105 -0.051355 0.049418 0.0783791 -0.0536651 0.049052 0.0804316 -0.047802 0.0540037 0.0849945 -0.0521912 0.0620603 0.0773468 -0.0547357 0.0682132 0.0703509 -0.0719328 0.0624416 0.0653354 -0.0675879 0.0702099 0.0603098 -0.0647817 0.0742533 0.0590555 -0.07663 0.0838749 0.0476733 -0.0816475 0.0756326 0.0489572 -0.085886 0.0880138 0.0245584 -0.0722325 0.0977844 0.046389 -0.0673826 0.0857334 0.0542282 -0.0811383 0.103393 0.0243188 -0.0659867 0.111317 0.0424698 -0.072961 0.118053 0.0237802 -0.0622178 0.130645 0.022801 -0.0564081 0.11598 0.0529633 -0.0483202 0.136787 0.032464 -0.060293 0.136439 0.00238989 -0.0389006 0.14366 0.015986 -0.0426463 0.144156 0.00234098 -0.0470159 0.139932 -0.0287942 -0.020574 0.148705 0.00231863 -0.0191863 0.148185 0.0161681 0 0.149721 0.0165728 -0.0218666 0.143474 -0.0318386 -0.0241105 0.13241 -0.0532044 0 0.145256 -0.0318458 0 0.149966 0.00227825 6.12559e-006 0.134176 -0.0558645 -0.051707 0.129394 -0.0446367 -0.0191667 0.14607 0.0254574 0 0.147468 0.0254579 -0.0664682 0.126472 -0.0248121 -0.0737405 0.123026 0.000679351 -0.0554106 0.10874 -0.0636011 -0.024883 0.109328 -0.0728241 -0.057326 0.0937346 -0.0685749 -0.0251085 0.0940463 -0.0811395 1.0969e-005 0.110502 -0.0761289 0 0.0946335 -0.0836417 6.12559e-006 0.134176 -0.0558645 -0.0759981 0.0933856 -0.0490888 -0.0705297 0.108173 -0.0459936 -0.0796158 0.107162 -0.0258374 -0.0846679 0.0927981 -0.026307 -0.0831113 0.106076 -0.000220548 -0.0888863 0.0907687 -0.000431114 -0.0906706 0.0777034 0.0245362 -0.0941408 0.0778558 -0.000795993 -0.0981575 0.0611198 0.0238539 -0.100836 0.0611703 -0.00136878 -0.0993864 0.0462778 -0.00108484 -0.0964286 0.046225 0.0237716 -0.0937933 0.0319354 -0.00220183 -0.0914545 0.031896 0.023877 -0.0794748 0.0201521 0.0198124 -0.0746907 0.0210055 0.0392925 -0.0599509 0.00977433 0.0191373 -0.0546517 0.0120146 0.0416349 -0.0623854 0.00976947 -0.00493585 -0.0805627 0.0202917 -0.00365529 -0.0646288 0.0246408 0.0602734 -0.0473611 0.0181378 0.0639473 -0.0556936 0.025198 0.0700928 -0.0424294 0.0256984 0.0799889 -0.0516697 0.0380327 0.0812749 -0.0599082 0.0378988 0.072929 -0.0413873 0.0384807 0.0883028 -0.0463972 0.0454297 0.0878492 -0.0418691 0.0459232 0.0891934 -0.0358455 0.00598701 0.0430746 -0.0396149 0.00353685 0.0185644 -0.0198954 0.000163564 0.0181105 -0.0178315 0.00279367 0.0436662 0 0.000850918 0.0434721 -0.022931 0.000750067 -0.00673285 -0.042752 0.00470477 -0.00589112 0 -0.000506527 -0.00728683 0 -0.0016642 0.0180163 -0.0484007 0.0106972 -0.032097 -0.0242498 0.00750428 -0.0345735 0 0.00437459 -0.0360942 -0.0743209 0.020091 -0.0291658 -0.0912017 0.0318127 -0.0277084 -0.0945632 0.0456425 -0.0269773 -0.0960684 0.0611345 -0.0268049 -0.0897156 0.0785332 -0.0264216 -0.0866237 0.0610987 -0.0512364 -0.0814535 0.0786026 -0.0503288 -0.0593087 0.0614931 -0.0749488 -0.0592325 0.0786125 -0.0722605 -0.0253231 0.078612 -0.0869417 -0.0252376 0.0614855 -0.0871012 -0.0250126 0.0422514 -0.0816125 -0.0570243 0.0429504 -0.0712777 0 0.0420855 -0.0843206 0 0.0615617 -0.08939 0 0.078612 -0.0886409 -0.0248376 0.0263385 -0.067754 -0.0526669 0.0279469 -0.0599796 0 0.0244042 -0.0712102 -0.0245437 0.0149985 -0.0541498 -0.050671 0.0192368 -0.0483743 0 0.0126652 -0.0562105 0 0.0126652 -0.0562105 -0.0722323 0.0299433 -0.0459892 -0.0837806 0.0442234 -0.0493382 0 0.0126652 -0.0562105 -0.0387048 0.0432458 0.0938243 -0.0385917 0.0487599 0.0944883 -0.0346537 0.0430637 0.0953158 -0.0411462 0.0486905 0.0890824 -0.0368567 0.0379245 0.0916376 -0.0319588 0.0480235 0.0979787 -0.0346537 0.0430637 0.0953158 -0.0313479 0.0477571 0.0944702 -0.0341023 0.0428407 0.0930539 -0.0368567 0.0379245 0.0916376 -0.0362166 0.048607 0.0919805 -0.0366222 0.0433144 0.0918047 -0.0368567 0.0379245 0.0916376 -0.0391422 0.0437881 0.0907448 -0.0411462 0.0486905 0.0890824 -0.0368567 0.0379245 0.0916376 -0.0362166 0.048607 0.0919805 -0.0391422 0.0437881 0.0907448 -0.0366222 0.0433144 0.0918047 -0.0411462 0.0486905 0.0890824 -0.0391422 0.0437881 0.0907448 -0.0368567 0.0379245 0.0916376 -0.0549234 0.100523 0.0619219 -0.0454002 0.101339 0.0701172 -0.0467794 0.0840501 0.0765315 -0.0614088 0.0936749 0.0580314 -0.036957 0.0948817 0.0785701 -0.0618366 0.0856752 0.0591342 -0.0449814 0.105502 0.0704672 -0.0572519 0.10364 0.0592671 -0.0655345 0.0966721 0.0525729 -0.0327955 0.0846346 0.0817885 -0.0335194 0.0982492 0.0817583 -0.0294401 0.0843501 0.0856191 -0.0673826 0.0857334 0.0542282 -0.0722325 0.0977844 0.046389 -0.0588711 0.0769587 0.064213 -0.0505821 0.0718553 0.071757 -0.0647817 0.0742533 0.0590555 -0.0547357 0.0682132 0.0703509 -0.0314162 0.0728515 0.083662 -0.0414965 0.0708416 0.0781614 -0.0262588 0.0698236 0.0886452 -0.0431335 0.066787 0.0791954 -0.0449684 0.119667 0.0607807 -0.0572519 0.10364 0.0592671 -0.0449814 0.105502 0.0704672 -0.0655345 0.0966721 0.0525729 -0.0344823 0.109089 0.0769993 -0.0325694 0.121269 0.0674804 -0.0215161 0.122007 0.0729455 -0.0205397 0.10948 0.083627 -0.010463 0.122009 0.0764339 -0.0225631 0.139591 0.0496438 -0.00883933 0.108986 0.0879175 0 0.122283 0.0779267 -0.0152898 0.140613 0.0491833 0 0.141575 0.0488912 0 0.108774 0.08925 0 0.108774 0.08925 -0.0298364 0.138076 0.0445463 -0.0294102 0.144897 0.0268133 -0.00835924 0.0486039 0.104024 0 0.0472925 0.105907 -0.00833519 0.046038 0.105221 0 0.0496593 0.104301 0 0.037101 0.1022 -0.0089409 0.0367731 0.101293 -0.020447 0.044638 0.101796 0 0.046259 0.100504 -0.00835924 0.0452742 0.0998116 -0.0201838 0.0474459 0.0984029 -0.0229317 0.0440185 0.0919358 -0.0300144 0.0482534 0.0919945 -0.0349131 0.0445653 0.0861908 -0.041227 0.0484271 0.0881456 -0.0447271 0.0460832 0.0804459 -0.0468191 0.0491843 0.0820374 -0.0564142 0.0442524 0.0693128 -0.0446115 0.0486517 0.0873562 -0.0501871 0.0482719 0.0857032 -0.0538866 0.0453461 0.0821314 -0.0600667 0.0434472 0.0732439 -0.0652943 0.0431889 0.0675546 -0.0633331 0.0458983 0.066927 -0.057736 0.0473771 0.0709922 -0.0690529 0.0375001 0.0641629 -0.0803788 0.0370522 0.0513766 -0.0850473 0.0462826 0.0522572 -0.0710923 0.0434076 0.0653191 -0.0869274 0.0602625 0.0515965 -0.0717385 0.0532549 0.0666646 -0.0647306 0.0538587 0.0732165 -0.0731335 0.0483558 0.0652696 -0.0682521 0.0486979 0.0676227 -0.0649539 0.0467053 0.0672643 -0.0633331 0.0458983 0.066927 -0.063884 0.0507947 0.0749394 -0.0649679 0.0477086 0.0688393 -0.0624187 0.0502778 0.0658891 -0.0621388 0.0478564 0.0688906 -0.0545239 0.0531975 0.0792645 -0.0575561 0.0487832 0.0776453 -0.0550995 0.0490416 0.0740179 -0.0543204 0.0511592 0.0753011 -0.0624187 0.0502778 0.0658891 -0.0624187 0.0502778 0.0658891 -0.0638226 0.0463365 0.063799 0 0.0477606 0.0512011 -0.00995462 0.0457294 0.0732526 -0.0106475 0.0525473 0.0508145 0 0.041383 0.0741436 -0.021526 0.0456039 0.0704083 -0.0241543 0.0502422 0.0501835 -0.0306946 0.0448912 0.0617276 -0.0375336 0.045943 0.0490271 -0.0347904 0.0475493 0.0322288 -0.0255158 0.0513009 0.0322875 0 0.0491937 0.0326072 -0.0109669 0.0554424 0.0321559 -0.0261437 0.0478996 0.0156333 -0.0352836 0.0377807 0.0111188 -0.0109627 0.0507746 0.0108426 0 0.0455887 0.0113908 -0.0113969 0.0341015 0.0858162 4.02054e-005 0.0335869 0.0865198 -0.0470644 0.0362275 0.045132 -0.0444614 0.0368094 0.0268978 -0.0631218 0.0404797 0.0433974 -0.0571952 0.0391556 0.0122511 -0.0692465 0.059816 0.0389923 -0.0642259 0.0557743 0.010283 -0.0352836 0.0377807 0.0111188 -0.0544548 0.0552836 -0.00140726 -0.0256388 0.0376372 0.00454764 -0.0424564 0.0532999 -0.00914865 -0.0352836 0.0377807 0.0111188 -0.0270566 0.0523786 -0.0134421 -0.0113971 0.0367525 -0.000245906 -0.0114014 0.0507992 -0.0157416 0 0.0495262 -0.0152953 0 0.0356149 0.000150305 -0.0544548 0.0552836 -0.00140726 0 0.0677088 -0.0114611 -0.0114057 0.0691802 -0.0117181 0 0.0841799 0.0101279 -0.0114118 0.0853958 0.00989066 -0.0109425 0.0945162 0.0376555 0 0.0942419 0.0379123 -0.00984016 0.0860445 0.0652297 -0.0287482 0.0845424 0.0626595 -0.0270548 0.0936909 0.0371696 -0.0452829 0.0811136 0.0578495 -0.0456148 0.0875889 0.0371417 -0.0605414 0.0723727 0.0521005 -0.0623473 0.075806 0.0373172 -0.0692465 0.059816 0.0389923 0 0.0858462 0.0657669 -0.0270647 0.085696 0.00940996 -0.0426687 0.0799335 0.00935563 -0.0564208 0.0727283 0.00917641 -0.0642259 0.0557743 0.010283 -0.0397784 0.0697862 -0.00654434 -0.0270647 0.069692 -0.0103855 -0.0544548 0.0552836 -0.00140726 -0.0655079 0.0513555 0.0535117 -0.0579313 0.0649999 0.0614784 -0.0445686 0.066659 0.0705231 -0.0292057 0.0675711 0.0777618 -0.0139033 0.0684352 0.083123 0 0.0691045 0.0844227 -0.0121258 0.0625798 0.0938357 0 0.0623661 0.0954811 0 0.054659 0.101105 -0.0121224 0.0522722 0.0995601 -0.0560339 0.0573154 0.0697489 -0.0624187 0.0502778 0.0658891 -0.0638226 0.0463365 0.063799 -0.0457777 0.0609879 0.0790692 -0.0543204 0.0511592 0.0753011 -0.0427932 0.0517512 0.0862747 -0.0294965 0.0618449 0.0861852 -0.0328244 0.0512938 0.0916148 -0.0649539 0.0467053 0.0672643 -0.0638226 0.0463365 0.063799 -0.0633331 0.0458983 0.066927 -0.00835924 0.0452742 0.0998116 0 0.046259 0.100504 -0.0229317 0.0440185 0.0919358 -0.0218421 0.0341559 0.083074 -0.0387568 0.0338209 0.0671073 -0.0564142 0.0442524 0.0693128 -0.0638226 0.0463365 0.063799 -0.0447271 0.0460832 0.0804459 -0.0349131 0.0445653 0.0861908 -0.0655079 0.0513555 0.0535117 -0.0534568 0.0484416 0.0804098 -0.0638226 0.0463365 0.063799 -0.0637423 0.0440367 0.0755099 -0.062516 0.0378704 0.0748038 -0.0640692 0.0438917 0.0709397 -0.0649679 0.0477086 0.0688393 -0.063884 0.0507947 0.0749394 -0.0621388 0.0478564 0.0688906 -0.0621101 0.0439656 0.0709653 -0.062516 0.0378704 0.0748038 -0.060056 0.0441079 0.0761263 -0.0575561 0.0487832 0.0776453 -0.062516 0.0378704 0.0748038 -0.0588355 0.0439463 0.0745683 -0.062516 0.0378704 0.0748038 -0.0550995 0.0490416 0.0740179 -0.0621101 0.0439656 0.0709653 -0.062516 0.0378704 0.0748038 -0.0621388 0.0478564 0.0688906 -0.0536682 0.0524553 0.083152 -0.0516532 0.0574871 0.0872696 -0.0514398 0.0524373 0.087041 -0.0478213 0.0526501 0.087869 -0.0501871 0.0482719 0.0857032 -0.0534568 0.0484416 0.0804098 -0.0446115 0.0486517 0.0873562 -0.0478213 0.0526501 0.087869 -0.0488257 0.053168 0.0843755 -0.0468191 0.0491843 0.0820374 -0.0478213 0.0526501 0.087869 -0.0516532 0.0574871 0.0872696 -0.0488257 0.053168 0.0843755 -0.0516532 0.0574871 0.0872696 -0.0536682 0.0524553 0.083152 -0.0534568 0.0484416 0.0804098 -0.0468191 0.0491843 0.0820374 0.024705 0.151172 0.0352674 0.0317482 0.149277 0.0348602 0.0225631 0.139591 0.0496438 0.028826 0.16441 0.018167 0.0383916 0.161813 0.0179554 0.0366093 0.181985 -0.00914601 0.0269852 0.16978 -0.0126945 0.0386382 0.176602 -0.043828 0.0497543 0.190391 -0.0391066 0.0584164 0.178093 -0.0594413 0.0462933 0.167821 -0.0632864 0.0575445 0.168857 -0.0388739 0.0645704 0.157465 -0.0546801 0.0650745 0.185208 -0.035689 0.0733209 0.174609 -0.0535043 0.0765813 0.172732 -0.0339199 0.08287 0.162877 -0.0490642 0.080963 0.162834 -0.067863 0.0927382 0.15044 -0.063311 0.0575445 0.168857 -0.0388739 0.0582546 0.165353 -0.0070708 0.0645704 0.157465 -0.0546801 0.0647499 0.164779 -0.0742836 0.10171 0.15393 -0.0789816 0.0903958 0.17349 -0.0847359 0.0994364 0.152667 -0.102987 0.109972 0.141979 -0.10138 0.0733321 0.174835 -0.0914933 0.115464 0.145828 -0.115673 0.10557 0.158421 -0.115829 0.110457 0.130649 -0.099773 0.115309 0.132595 -0.115517 0.0968245 0.13204 -0.122106 0.0892861 0.130161 -0.10843 0.0610105 0.157918 -0.0985731 0.0522293 0.153459 -0.0789353 0.0724837 0.144679 -0.069628 0.0802229 0.149631 -0.0887773 0.0703898 0.141089 -0.117086 0.0892861 0.130161 -0.10843 0.072849 0.151072 -0.115079 0.0794703 0.14559 -0.128695 0.0968245 0.13204 -0.122106 0.0941532 0.153007 -0.14558 0.108225 0.142631 -0.141537 0.0816694 0.155681 -0.126834 0.100328 0.162587 -0.141307 0.125114 0.162884 -0.166274 0.125114 0.162884 -0.166274 0.117049 0.156661 -0.135133 0.090359 0.162996 -0.121544 0.0809688 0.156952 -0.110189 0.122296 0.143016 -0.137494 0.108225 0.142631 -0.141537 0.125114 0.162884 -0.166274 0.0724837 0.144679 -0.069628 0.0802229 0.149631 -0.0887773 0 0.0489768 0.107729 0.00833811 0.0477784 0.107211 0.00779193 0.0500294 0.102909 0 0.0520898 0.10298 0.0164597 0.04929 0.0991085 0.0176263 0.0464137 0.10466 0.0319588 0.0480235 0.0979787 0.0313479 0.0477571 0.0944702 0.00879224 0.0531023 0.110396 0 0.0538635 0.111739 0.00878533 0.0585617 0.109205 0 0.0591876 0.111079 0 0.0659864 0.109319 0.00879295 0.0655505 0.106908 0.0209701 0.058278 0.105453 0.019178 0.0651911 0.0993943 0.00818853 0.074933 0.101384 0 0.0752488 0.102926 0.0192266 0.0746956 0.0954415 0 0.0846607 0.0999089 0.00819374 0.0846117 0.0981654 0 0.0947732 0.0957583 0.00819368 0.0949312 0.0942292 0.0197346 0.0843897 0.0920318 0.0294401 0.0843501 0.0856191 0.0335194 0.0982492 0.0817583 0.0202332 0.0954395 0.0888637 0.0262588 0.0698236 0.0886452 0.0274312 0.0653768 0.0935769 0.0320896 0.0593959 0.0983691 0.0320987 0.05218 0.0993729 0.0360126 0.0661957 0.0864527 0.0431335 0.066787 0.0791954 0.0418691 0.0532328 0.0932762 0.0385917 0.0487599 0.0944883 0.0180907 0.050863 0.107337 0.0458008 0.0496364 0.0870529 0.0411462 0.0486905 0.0890824 0.0467815 0.0496311 0.0826125 0.03996 0.0605399 0.0906056 0.0427932 0.0517512 0.0862747 0.0362166 0.048607 0.0919805 0.0328244 0.0512938 0.0916148 0.0121224 0.0522722 0.0995601 0 0.054659 0.101105 0.051355 0.049418 0.0783791 0.0536651 0.049052 0.0804316 0.047802 0.0540037 0.0849945 0.0521912 0.0620603 0.0773468 0.0547357 0.0682132 0.0703509 0.0719328 0.0624416 0.0653354 0.0675879 0.0702099 0.0603098 0.0647817 0.0742533 0.0590555 0.07663 0.0838749 0.0476733 0.0816475 0.0756326 0.0489572 0.085886 0.0880138 0.0245584 0.0722325 0.0977844 0.046389 0.0673826 0.0857334 0.0542282 0.0811383 0.103393 0.0243188 0.0659867 0.111317 0.0424698 0.072961 0.118053 0.0237802 0.0622178 0.130645 0.022801 0.0564081 0.11598 0.0529633 0.0483202 0.136787 0.032464 0.060293 0.136439 0.00238989 0.0389006 0.14366 0.015986 0.0426463 0.144156 0.00234098 0.0470159 0.139932 -0.0287942 0.020574 0.148705 0.00231863 0.0191863 0.148185 0.0161681 0 0.149721 0.0165728 0.0218666 0.143474 -0.0318386 0.0241206 0.132443 -0.0531932 0 0.145256 -0.0318458 0 0.149966 0.00227825 6.12559e-006 0.134176 -0.0558645 0.0517111 0.129394 -0.0446367 0.0191667 0.14607 0.0254574 0 0.147468 0.0254579 0.0664566 0.126472 -0.0248121 0.073724 0.123026 0.000679351 0.0554279 0.10874 -0.0635759 0.0249049 0.109361 -0.0728127 0.057326 0.0937346 -0.0685749 0.0251085 0.0940463 -0.0811395 1.0969e-005 0.110502 -0.0761289 0 0.0946335 -0.0836417 6.12559e-006 0.134176 -0.0558645 0.0759981 0.0933856 -0.0490888 0.0705549 0.108173 -0.0459936 0.0796249 0.107162 -0.0258374 0.0846679 0.0927981 -0.026307 0.083104 0.106076 -0.000200595 0.0888863 0.0907687 -0.000431114 0.0906706 0.0777034 0.0245362 0.0941408 0.0778558 -0.000795998 0.0981575 0.0611198 0.0238539 0.100836 0.0611703 -0.00136878 0.0993864 0.0462778 -0.00108484 0.0964286 0.046225 0.0237716 0.0937933 0.0319354 -0.00220183 0.0914545 0.031896 0.023877 0.0794748 0.0201521 0.0198124 0.0746907 0.0210055 0.0392925 0.0599509 0.00977433 0.0191373 0.0546517 0.0120146 0.0416349 0.0623854 0.00976947 -0.00493585 0.0805627 0.0202917 -0.00365529 0.0646288 0.0246408 0.0602734 0.0473611 0.0181378 0.0639473 0.0556936 0.025198 0.0700928 0.0424294 0.0256984 0.0799889 0.0516697 0.0380327 0.0812749 0.0599082 0.0378988 0.072929 0.0413873 0.0384807 0.0883028 0.0463972 0.0454297 0.0878492 0.0418691 0.0459232 0.0891934 0.0309999 0.0374673 0.0939698 0.0358455 0.00598701 0.0430746 0.0315966 0.0139308 0.0672211 0.0178315 0.00279367 0.0436662 0.0198954 0.000163564 0.0181105 0 0.000850918 0.0434721 0.0396149 0.00353685 0.0185644 0.022931 0.000750067 -0.00673285 0.042752 0.00470477 -0.00589112 0 -0.000506527 -0.00728683 0 -0.0016642 0.0180163 0.0484007 0.0106972 -0.032097 0.0242498 0.00750428 -0.0345735 0 0.00437459 -0.0360942 0.0743209 0.020091 -0.0291658 0.0912017 0.0318127 -0.0277084 0.0945632 0.0456425 -0.0269773 0.0960684 0.0611345 -0.0268049 0.0897156 0.0785332 -0.0264216 0.0866237 0.0610987 -0.0512364 0.0814535 0.0786026 -0.0503288 0.0593087 0.0614931 -0.0749488 0.0592325 0.0786125 -0.0722605 0.0253231 0.078612 -0.0869417 0.0252376 0.0614855 -0.0871012 0.0250126 0.0422514 -0.0816125 0.0570243 0.0429504 -0.0712777 0 0.0420855 -0.0843206 0 0.0615617 -0.08939 0 0.078612 -0.0886409 0.0248376 0.0263385 -0.067754 0.0526669 0.0279469 -0.0599796 0 0.0244042 -0.0712102 0.0245437 0.0149985 -0.0541498 0.050671 0.0192368 -0.0483743 0 0.0126652 -0.0562105 0 0.0126652 -0.0562105 0.0722323 0.0299433 -0.0459892 0.0837806 0.0442234 -0.0493382 0 0.0126652 -0.0562105 0.0319588 0.0480235 0.0979787 0.0385917 0.0487599 0.0944883 0.0346537 0.0430637 0.0953158 0.0387048 0.0432458 0.0938243 0.0346537 0.0430637 0.0953158 0.0411462 0.0486905 0.0890824 0.0313479 0.0477571 0.0944702 0.0368567 0.0379245 0.0916376 0.0341023 0.0428407 0.0930539 0.0368567 0.0379245 0.0916376 0.0362166 0.048607 0.0919805 0.0366222 0.0433144 0.0918047 0.0368567 0.0379245 0.0916376 0.0391422 0.0437881 0.0907448 0.0411462 0.0486905 0.0890824 0.0368567 0.0379245 0.0916376 0.0391422 0.0437881 0.0907448 0.0362166 0.048607 0.0919805 0.0366222 0.0433144 0.0918047 0.0411462 0.0486905 0.0890824 0.0391422 0.0437881 0.0907448 0.0368567 0.0379245 0.0916376 0.0454002 0.101339 0.0701172 0.0549234 0.100523 0.0619219 0.0467794 0.0840501 0.0765315 0.0614088 0.0936749 0.0580314 0.036957 0.0948817 0.0785701 0.0618366 0.0856752 0.0591342 0.0449814 0.105502 0.0704672 0.0572519 0.10364 0.0592671 0.0655345 0.0966721 0.0525729 0.0327955 0.0846346 0.0817885 0.0335194 0.0982492 0.0817583 0.0294401 0.0843501 0.0856191 0.0673826 0.0857334 0.0542282 0.0722325 0.0977844 0.046389 0.0588711 0.0769587 0.064213 0.0505821 0.0718553 0.071757 0.0647817 0.0742533 0.0590555 0.0547357 0.0682132 0.0703509 0.0314162 0.0728515 0.083662 0.0414965 0.0708416 0.0781614 0.0262588 0.0698236 0.0886452 0.0431335 0.066787 0.0791954 0.0572519 0.10364 0.0592671 0.0449684 0.119667 0.0607807 0.0449814 0.105502 0.0704672 0.0655345 0.0966721 0.0525729 0.0344823 0.109089 0.0769993 0.0325694 0.121269 0.0674804 0.0215161 0.122007 0.0729455 0.0205397 0.10948 0.083627 0.010463 0.122009 0.0764339 0.0225631 0.139591 0.0496438 0.00883933 0.108986 0.0879175 0 0.122283 0.0779267 0 0.108774 0.08925 0 0.108774 0.08925 0.0298364 0.138076 0.0445463 0.0152898 0.140613 0.0491833 0 0.141575 0.0488912 0.0294102 0.144897 0.0268133 0 0.0472925 0.105907 0.00835924 0.0486039 0.104024 0.00833519 0.046038 0.105221 0 0.0496593 0.104301 0 0.037101 0.1022 0.0089409 0.0367731 0.101293 0 0.046259 0.100504 0.00835924 0.0452742 0.0998116 0.0201838 0.0474459 0.0984029 0.0229317 0.0440185 0.0919358 0.0300144 0.0482534 0.0919945 0.0349131 0.0445653 0.0861908 0.041227 0.0484271 0.0881456 0.0447271 0.0460832 0.0804459 0.0468191 0.0491843 0.0820374 0.0564142 0.0442524 0.0693128 0.057736 0.0473771 0.0709922 0.0633331 0.0458983 0.066927 0.0600667 0.0434472 0.0732439 0.0652943 0.0431889 0.0675546 0.0538866 0.0453461 0.0821314 0.0690529 0.0375001 0.0641629 0.0803788 0.0370522 0.0513766 0.0850473 0.0462826 0.0522572 0.0710923 0.0434076 0.0653191 0.0869274 0.0602625 0.0515965 0.0717385 0.0532549 0.0666646 0.0647306 0.0538587 0.0732165 0.0731335 0.0483558 0.0652696 0.0682521 0.0486979 0.0676227 0.0633331 0.0458983 0.066927 0.0649539 0.0467053 0.0672643 0.063884 0.0507947 0.0749394 0.0649679 0.0477086 0.0688393 0.0649539 0.0467053 0.0672643 0.0624187 0.0502778 0.0658891 0.0621388 0.0478564 0.0688906 0.0545239 0.0531975 0.0792645 0.0575561 0.0487832 0.0776453 0.0550995 0.0490416 0.0740179 0.0543204 0.0511592 0.0753011 0.0624187 0.0502778 0.0658891 0.0624187 0.0502778 0.0658891 0.0638226 0.0463365 0.063799 0.00995462 0.0457294 0.0732526 0 0.0477606 0.0512011 0.0106475 0.0525473 0.0508145 0 0.041383 0.0741436 0.021526 0.0456039 0.0704083 0.0241543 0.0502422 0.0501835 0.0306946 0.0448912 0.0617276 0.0375336 0.045943 0.0490271 0.0347904 0.0475493 0.0322288 0.0255158 0.0513009 0.0322875 0 0.0491937 0.0326072 0.0109669 0.0554424 0.0321559 0.0261437 0.0478996 0.0156333 0.0352836 0.0377807 0.0111188 0.0109627 0.0507746 0.0108426 0 0.0455887 0.0113908 0.0113969 0.0341015 0.0858162 -4.02054e-005 0.0335869 0.0865198 0.0470644 0.0362275 0.045132 0.0444614 0.0368094 0.0268978 0.0631218 0.0404797 0.0433974 0.0571952 0.0391556 0.0122511 0.0692465 0.059816 0.0389923 0.0642259 0.0557743 0.010283 0.0352836 0.0377807 0.0111188 0.0544548 0.0552836 -0.00140726 0.0256388 0.0376372 0.00454764 0.0424564 0.0532999 -0.00914865 0.0352836 0.0377807 0.0111188 0.0270566 0.0523786 -0.0134421 0.0113971 0.0367525 -0.000245906 0.0114014 0.0507992 -0.0157416 0 0.0495262 -0.0152953 0 0.0356149 0.000150305 0.0544548 0.0552836 -0.00140726 0 0.0677088 -0.0114611 0.0114057 0.0691802 -0.0117181 0 0.0841799 0.0101279 0.0114118 0.0853958 0.00989066 0.0109425 0.0945162 0.0376555 0 0.0942419 0.0379123 0.00984016 0.0860445 0.0652297 0.0287482 0.0845424 0.0626595 0.0270548 0.0936909 0.0371696 0.0452829 0.0811136 0.0578495 0.0456148 0.0875889 0.0371417 0.0605414 0.0723727 0.0521005 0.0623473 0.075806 0.0373172 0.0692465 0.059816 0.0389923 0 0.0858462 0.0657669 0.0270647 0.085696 0.00940996 0.0426687 0.0799335 0.00935563 0.0564208 0.0727283 0.00917639 0.0642259 0.0557743 0.010283 0.0397784 0.0697862 -0.00654434 0.0270647 0.069692 -0.0103855 0.0544548 0.0552836 -0.00140726 0.0655079 0.0513555 0.0535117 0.0579313 0.0649999 0.0614784 0.0445686 0.066659 0.0705231 0.0292057 0.0675711 0.0777618 0.0139033 0.0684352 0.083123 0 0.0691045 0.0844227 0.0121258 0.0625798 0.0938357 0 0.0623661 0.0954811 0 0.054659 0.101105 0.0121224 0.0522722 0.0995601 0.0560339 0.0573154 0.0697489 0.0624187 0.0502778 0.0658891 0.0638226 0.0463365 0.063799 0.0457777 0.0609879 0.0790692 0.0543204 0.0511592 0.0753011 0.0427932 0.0517512 0.0862747 0.0294965 0.0618449 0.0861852 0.0328244 0.0512938 0.0916148 0.0638226 0.0463365 0.063799 0.0649539 0.0467053 0.0672643 0.0633331 0.0458983 0.066927 0.00835924 0.0452742 0.0998116 0 0.046259 0.100504 0.0229317 0.0440185 0.0919358 0.0218421 0.0341559 0.083074 0.0387568 0.0338209 0.0671073 0.0564142 0.0442524 0.0693128 0.0638226 0.0463365 0.063799 0.0447271 0.0460832 0.0804459 0.0349131 0.0445653 0.0861908 0.0655079 0.0513555 0.0535117 0.0534568 0.0484416 0.0804098 0.0501871 0.0482719 0.0857032 0.0446115 0.0486517 0.0873562 0.0310477 0.046101 0.0942838 0.020447 0.044638 0.101796 0.0207384 0.0365188 0.0981161 0.0109303 0.0249725 0.0909737 0 0.0245249 0.0909881 0.0200474 0.0252897 0.0883844 0.0291645 0.0256068 0.0857951 0.0138575 0.0109531 0.0692051 0 0.00997506 0.0682493 0 0.0245249 0.0909881 0 0.0245249 0.0909881 0.0638226 0.0463365 0.063799 0.062516 0.0378704 0.0748038 0.0637423 0.0440367 0.0755099 0.0640692 0.0438917 0.0709397 0.0649679 0.0477086 0.0688393 0.063884 0.0507947 0.0749394 0.0621388 0.0478564 0.0688906 0.0621101 0.0439656 0.0709653 0.062516 0.0378704 0.0748038 0.060056 0.0441079 0.0761263 0.0575561 0.0487832 0.0776453 0.062516 0.0378704 0.0748038 0.0588355 0.0439463 0.0745683 0.062516 0.0378704 0.0748038 0.0550995 0.0490416 0.0740179 0.0621101 0.0439656 0.0709653 0.062516 0.0378704 0.0748038 0.0621388 0.0478564 0.0688906 0.0516532 0.0574871 0.0872696 0.0536682 0.0524553 0.083152 0.0514398 0.0524373 0.087041 0.0478213 0.0526501 0.087869 0.0501871 0.0482719 0.0857032 0.0534568 0.0484416 0.0804098 0.0446115 0.0486517 0.0873562 0.0478213 0.0526501 0.087869 0.0488257 0.053168 0.0843755 0.0468191 0.0491843 0.0820374 0.0516532 0.0574871 0.0872696 0.0478213 0.0526501 0.087869 0.0516532 0.0574871 0.0872696 0.0488257 0.053168 0.0843755 0.0536682 0.0524553 0.083152 0.0534568 0.0484416 0.0804098 0.0468191 0.0491843 0.0820374 0 0.0245249 0.0909881 -0.0109303 0.0249725 0.0909737 0 0.0245249 0.0909881 -0.0207384 0.0365188 0.0981161 -0.0310477 0.046101 0.0942838 -0.0309999 0.0374673 0.0939698 -0.0200474 0.0252897 0.0883844 -0.0291645 0.0256068 0.0857951 -0.0315966 0.0139308 0.0672211 -0.0138575 0.0109531 0.0692051 0 0.0245249 0.0909881 0 0.00997506 0.0682493 0 0.0245249 0.0909881 0 0.0245249 0.0909881 0.0423184 0.161951 -0.00988266 0.0462377 0.156292 0.015747 0.0340535 0.153453 0.0126918 0.04972 0.177299 -0.00720631 0.036753 0.145652 0.0320774 0.0317317 0.149175 0.0197526 0.0298364 0.138076 0.0445463 0.0294102 0.144897 0.0268133 0.0298364 0.138076 0.0445463 0.0152898 0.140613 0.0491833 0.020556 0.149379 0.0338811 0.022886 0.159652 0.0120027 0.0423184 0.161951 -0.00988266 0.0340535 0.153453 0.0126918 0.0317317 0.149175 0.0197526 0.0294102 0.144897 0.0268133 0.0152898 0.140613 0.0491833 -0.0317482 0.149277 0.0348602 -0.024705 0.151172 0.0352674 -0.0225631 0.139591 0.0496438 -0.0152898 0.140613 0.0491833 -0.028826 0.16441 0.018167 -0.0269852 0.16978 -0.0126945 -0.022886 0.159652 0.0120027 -0.0423184 0.161951 -0.00988266 -0.020556 0.149379 0.0338811 -0.0298364 0.138076 0.0445463 -0.036753 0.145652 0.0320774 -0.0462377 0.156292 0.015747 -0.0423184 0.161951 -0.00988266 -0.0340535 0.153453 0.0126918 -0.0317317 0.149175 0.0197526 -0.0340535 0.153453 0.0126918 -0.0317317 0.149175 0.0197526 -0.0294102 0.144897 0.0268133 -0.0152898 0.140613 0.0491833 -0.0294102 0.144897 0.0268133 -0.0298364 0.138076 0.0445463</float_array>
                    <technique_common>
                        <accessor count="949" source="#ID22" stride="3">
                            <param name="X" type="float"/>
                            <param name="Y" type="float"/>
                            <param name="Z" type="float"/>
                        </accessor>
                    </technique_common>
                </source>
                <source id="ID23">
                    <float_array id="ID24" count="2811">-0.937531 0.0357812 0.345969 -0.837594 -0.405531 0.366 -0.142438 -0.957875 0.249313 -0.686719 -0.352437 0.63575 -0.585906 0.760594 -0.279594 -0.462531 0.854344 0.236937 -0.762688 -0.541438 0.353719 -0.550844 0.82525 0.1245 -0.0370312 -0.777094 0.62825 -0.457063 0.721969 0.519437 0.102 0.990562 -0.091375 0.332938 0.898938 0.284687 0.886906 0.00046875 -0.461875 0.0344688 0.826125 -0.562406 0.932625 -0.116812 -0.341312 0.445719 -0.893125 0.0602188 0.558563 -0.744031 0.366562 -0.414562 0.662094 0.624281 0.257656 0.891469 -0.372594 -0.881281 0.189375 0.432938 -0.518844 0.853594 -0.0461562 -0.563969 0.805812 0.180438 -0.902562 0.329562 0.276938 -0.844187 0.362344 0.394937 -0.435375 0.834938 0.336531 -0.400375 -0.809062 0.430187 -0.760469 -0.649094 0.0176875 -0.1005 -0.974312 -0.201469 0.09575 -0.952812 0.288031 0.783156 -0.58675 -0.205844 0.831219 0.32275 -0.452625 0.283812 0.953125 -0.104781 0.438719 -0.897313 0.0479375 0.408688 -0.912188 0.0289063 0.840312 -0.484094 -0.243938 0.486094 -0.856438 -0.173781 0.681125 0.543594 -0.490438 0.71175 -0.307531 -0.6315 0.39275 -0.750812 -0.531031 0.632344 -0.126312 -0.764281 0.314594 -0.683375 -0.65875 0.686594 0.634281 -0.355281 0.178438 0.968469 -0.173812 -0.300875 0.953625 -0.004875 0.271062 -0.64575 -0.713781 -0.681719 0.6765 0.2785 0.170906 0.973656 0.15075 0.189844 0.911812 -0.364062 -0.939156 -0.34225 -0.0284375 -0.161812 -0.880813 -0.444906 -0.1795 -0.817688 -0.546906 -0.122031 -0.891781 0.435656 -0.0336875 -0.947688 0.317313 0.0839062 -0.9535 0.289438 0.113094 -0.968375 0.222281 0.241594 -0.729781 -0.639531 0.193906 -0.710094 -0.676844 0.268719 -0.777219 -0.568906 -0.198781 -0.87225 0.446813 -0.248219 -0.853469 0.458187 0.265781 -0.772812 -0.576281 -0.154938 -0.273031 0.949437 -0.160969 -0.109719 0.980812 -0.25775 0.215344 0.941875 -0.217562 0.182719 0.958781 -0.23025 0.406406 0.884188 -0.367844 0.451625 0.812813 -0.421313 0.330281 0.844625 -0.461625 0.539844 0.703844 -0.32825 0.399531 0.855906 -0.182812 0.434125 0.882094 -0.571719 0.302406 0.762625 -0.194312 0.327281 0.924719 -0.324219 0.320938 0.889844 -0.161812 0.385312 0.908469 -0.3085 0.33775 0.889219 -0.468375 0.232562 0.852344 -0.598437 0.108781 0.793719 -0.474344 0.249344 0.84425 -0.377062 0.296031 0.877594 -0.60125 0.567156 0.562813 -0.492469 0.654562 0.573563 -0.489656 0.490063 0.721125 -0.503531 -0.14475 0.851719 -0.431719 0.73125 0.528063 -0.443219 0.702156 0.557219 -0.686188 0.0551562 0.725312 -0.546 -0.491688 0.678281 -0.339563 -0.208875 0.917063 -0.456656 -0.800125 0.388844 0.232187 -0.87825 -0.417969 0.522062 -0.642563 -0.560812 -0.571625 0.553312 0.605844 0.57475 -0.335906 -0.746188 0.377781 -0.515344 -0.769188 0.335687 -0.494812 -0.8015 0.323438 -0.497562 -0.804844 0.191344 -0.618906 -0.76175 0.390625 -0.861969 -0.323063 -0.507375 -0.531844 0.678 -0.709344 0.171719 0.683594 -0.524594 0.491719 0.694938 -0.429938 0.596031 0.678125 -0.540469 0.407687 0.735937 -0.407594 0.548688 0.729906 -0.480406 0.416813 0.771656 -0.629781 0.378938 0.678031 -0.6835 0.462656 0.564531 -0.873125 0.372625 0.314219 -0.748094 0.364656 0.554406 -0.593156 0.226125 0.772656 -0.873062 0.395406 0.28525 -0.721125 0.466688 0.512 -0.796531 0.540531 0.270719 -0.667687 0.679187 0.304688 -0.659813 0.537969 0.524594 -0.439094 0.823531 0.359062 -0.538312 0.841719 0.0411875 -0.284719 0.9495 0.131594 -0.287094 0.957563 0.0249062 -0.345219 0.9035 -0.253969 -0.120719 0.990906 -0.0592812 -0.147437 0.977906 0.147969 -0.0751562 0.991813 0.103031 -0.122938 0.946094 -0.299563 -0.176563 0.779188 -0.601375 -0.0824375 0.952875 -0.291844 -0.0611563 0.996312 -0.0598437 -0.111969 0.902281 -0.416281 -0.4945 0.713281 -0.496656 -0.112094 0.977156 0.180438 -0.0700938 0.969156 0.236156 -0.696594 0.672938 -0.248688 -0.796 0.605156 0.0118125 -0.489469 0.507281 -0.70925 -0.224438 0.51475 -0.827406 -0.482563 0.330469 -0.811094 -0.234719 0.387719 -0.891375 -0.125406 0.5515 -0.824656 -0.0883125 0.35875 -0.929219 -0.130281 0.644719 -0.753219 -0.782 0.335687 -0.525094 -0.733969 0.511875 -0.446344 -0.864812 0.44475 -0.232969 -0.914906 0.336812 -0.222312 -0.908625 0.417563 0.005375 -0.933062 0.359094 0.0205313 -0.88825 0.388094 0.245625 -0.9265 0.375719 -0.0196563 -0.9685 0.142969 0.203844 -0.989062 0.142031 -0.0391875 -0.981281 -0.189656 -0.0331875 -0.944906 -0.225187 0.237563 -0.855313 -0.518031 -0.006625 -0.807469 -0.530937 0.256938 -0.576594 -0.81275 0.0834062 -0.576594 -0.763125 0.291781 -0.365219 -0.926063 0.0948125 -0.359156 -0.896688 0.258719 -0.392687 -0.917156 -0.067875 -0.58325 -0.810438 -0.0543125 -0.559156 -0.675625 0.480437 -0.326031 -0.845531 0.422781 -0.553031 -0.559906 0.616906 -0.39375 -0.634406 0.665156 -0.614531 -0.322531 0.719906 -0.696688 -0.166562 0.697719 -0.436031 -0.354781 0.827 -0.447812 -0.0562188 0.892344 -0.354875 0.149156 0.922906 -0.243406 -0.940656 0.236375 -0.237906 -0.969031 0.066 -0.122406 -0.990969 0.054625 -0.150937 -0.958406 0.242188 -0.0852813 -0.971937 0.219125 -0.139 -0.982906 -0.120563 -0.239438 -0.968406 -0.06925 -0.068375 -0.994687 -0.0765312 -0.0913125 -0.995469 0.02625 -0.247906 -0.929719 -0.27225 -0.164031 -0.933187 -0.31975 -0.114813 -0.952375 -0.282438 -0.465438 -0.828594 -0.311031 -0.749875 -0.584969 -0.308969 -0.941562 -0.193687 -0.2755 -0.962375 0.13125 -0.237875 -0.914219 0.331969 -0.232313 -0.857813 0.0642188 -0.509875 -0.804781 0.274656 -0.526187 -0.512937 -0.0528125 -0.856781 -0.543156 0.239719 -0.804656 -0.20825 0.172813 -0.962656 -0.191531 -0.156937 -0.968844 -0.210125 -0.451719 -0.867031 -0.403594 -0.481156 -0.778156 -0.095625 -0.378437 -0.920656 -0.082 -0.0666875 -0.994375 -0.0659375 0.171937 -0.982875 -0.190094 -0.705094 -0.683125 -0.368875 -0.694313 -0.617906 -0.130938 -0.678531 -0.722781 -0.182 -0.854375 -0.486656 -0.311125 -0.832531 -0.458344 -0.12575 -0.763344 -0.633594 -0.1455 -0.779094 -0.60975 -0.501219 -0.680875 -0.533969 -0.693 -0.38325 -0.610563 -0.119031 -0.917969 -0.378312 -0.790375 -0.299031 0.534656 -0.609719 -0.120469 0.783375 0.477062 -0.581375 0.659063 -0.903469 -0.0329062 0.427312 -0.32575 -0.453938 0.829344 0.260281 -0.562688 0.784594 -0.473531 -0.202812 0.857094 0.8735 -0.447688 -0.191031 0.775 -0.27375 -0.569562 0.812187 -0.527031 0.250031 0.449437 -0.0014375 -0.893281 0.444406 0.00209375 -0.895813 0.445344 0.00840625 -0.895312 -0.932187 -0.355063 0.0698437 -0.931437 -0.357219 0.0693438 -0.932969 -0.352937 0.0703437 0.447281 -0.0424062 -0.893375 0.38875 0.00625 -0.921313 0.503906 -0.0854687 -0.8595 0.389594 0.011625 -0.920906 -0.661406 0.173 0.729781 -0.639375 0.166938 0.750531 -0.594656 0.117719 0.795281 -0.70925 0.182594 0.680844 -0.600469 0.0984062 0.793531 -0.707 0.157781 0.689344 -0.682844 0.037375 0.729563 -0.678094 0.1665 0.715813 -0.692 0.196938 0.6945 -0.590875 0.0406562 0.805719 -0.704 -0.0154688 0.71 -0.734156 -0.008125 0.678906 -0.64675 0.200906 0.735719 -0.641813 0.219594 0.734688 -0.677562 0.143 0.721406 -0.586469 0.170375 0.791812 -0.678437 0.168031 0.715156 -0.593625 0.267 0.759125 -0.562781 0.145719 0.813625 -0.529281 0.151406 0.834813 -0.614438 0.206531 0.761406 -0.511937 0.382062 0.769344 -0.540531 0.567031 0.6215 -0.693438 0.382187 0.61075 -0.601156 0.395281 0.6945 -0.660844 0.41225 0.627125 -0.46475 0.485312 0.740562 -0.384531 0.709344 0.590688 -0.337656 0.683625 0.647 -0.332188 0.474875 0.814906 -0.164312 0.723594 0.670344 -0.265156 0.771812 0.577906 -0.208281 0.496344 0.84275 -0.0930312 0.739812 0.666313 -0.072875 0.90975 0.408656 -0.0497187 0.913375 0.404031 -0.0995938 0.639156 0.762563 -0.125563 0.418187 0.899625 -0.379719 0.787781 0.484937 -0.207281 0.959437 0.191 -0.166438 0.946906 0.275031 -0.09475 0.230937 0.968313 -0.162344 -0.0600313 0.984875 -0.12825 0.984469 0.119625 -0.0528437 -0.470406 0.880844 -0.134031 -0.524188 0.840969 -0.390969 0.157406 0.906812 -0.0564062 0.763875 -0.642844 0.129656 0.797625 -0.589 -0.0277188 0.999531 0.0117813 0.336531 0.725281 -0.600563 0.138625 0.970844 -0.1955 0.328844 0.729594 -0.599594 0.0997813 0.979594 0.174437 0.490219 0.71025 -0.505156 0.351219 0.856594 -0.377906 0.435562 0.743969 -0.506719 -0.206 0.574719 0.791969 -0.596906 0.172625 0.783469 -0.748875 -0.0016875 0.662687 -0.761875 0.273844 0.586937 -0.384937 0.0267812 0.922531 -0.208406 0.965281 0.157375 -0.138187 0.973813 -0.1805 -0.633062 -0.311594 0.708594 -0.716688 -0.462781 0.521688 -0.802219 -0.272625 0.531125 -0.542687 -0.290156 0.788188 -0.826437 0.114437 0.55125 -0.637438 -0.058875 0.768219 -0.585125 0.135438 0.7995 -0.604563 -0.131125 0.785656 -0.472656 -0.31975 0.821187 0.424969 -0.413781 0.805062 0.230937 0.0578125 0.971219 -0.62825 -0.130281 0.767 0.02025 -0.975187 0.220375 0.564719 -0.798719 -0.207594 0.490187 -0.413875 -0.767062 -0.576813 0.169656 0.799031 -0.364437 -0.46325 0.807781 0.661781 -0.281344 -0.694875 0.694188 -0.0692813 -0.716438 0.654344 -0.557531 -0.510813 0.8265 -0.463656 0.319125 0.389562 0.900594 0.19275 0.102438 0.864375 0.492281 0.149125 0.9685 0.199344 0.212688 0.839063 0.500687 -0.316188 0.84125 0.438469 -0.276969 0.947937 0.157094 -0.464406 0.807281 0.364125 -0.565344 0.798937 0.204969 -0.549312 0.827062 -0.119062 -0.324562 0.944562 -0.0492188 0.458438 0.888 -0.0357188 0.00328125 0.999188 -0.0395625 -0.392437 0.840875 -0.372656 -0.630781 0.709687 -0.313656 0.082 0.857375 -0.508094 0.295625 0.781125 -0.549906 0.140062 0.98975 -0.0269687 0.0190313 0.950406 -0.310375 -0.233688 0.972281 -0.004125 -0.188906 0.980531 -0.0535313 0.651406 0.756688 -0.0554063 0.571938 0.731313 0.371531 0.938281 0.340125 0.0623438 0.844469 0.3995 0.356719 -0.192594 0.975187 -0.109 0.719344 0.373656 0.585563 -0.0371875 0.996188 -0.0785938 0.367625 0.380219 0.848656 0.080875 0.804969 0.58775 0.21025 0.327594 0.921094 0.144531 0.985687 0.0864063 0.0546562 0.192969 0.979656 0.017375 0.4825 0.875687 0.099125 0.995031 0.00521875 0.590563 -0.0290937 0.806437 -0.07975 -0.426437 0.900969 -0.00684375 -0.533844 0.845531 -0.0889375 -0.878656 0.469031 -0.0340937 -0.886156 0.462063 0.0100938 -0.999906 0.00715625 -0.0182188 -0.99625 -0.0842187 0.0935 -0.841 -0.532844 0.225938 -0.814344 -0.534563 0.167469 -0.98575 -0.0139687 0.438688 -0.752906 -0.490531 0.454625 -0.889969 0.0353125 0.759906 -0.533469 -0.371344 0.808844 -0.586563 0.0408125 0.928875 -0.348625 -0.124875 0.00915625 -0.871687 -0.489906 0.178312 -0.875156 0.44975 0.365625 -0.83025 0.420656 0.642156 -0.612562 0.460813 0.859781 -0.360469 0.361625 0.396313 -0.540969 0.741781 0.141031 -0.51525 0.845312 0.727156 -0.294281 0.620156 0.908813 -0.257594 -0.328125 0.7065 -0.459531 -0.538188 0.441719 -0.657906 -0.609937 0.265125 -0.743875 -0.613437 0.189781 -0.795031 -0.576063 0.0662187 -0.801375 -0.594469 0.207031 -0.678344 -0.704938 0.078625 -0.733813 -0.67475 0.151187 -0.532687 -0.832656 0.270719 -0.467281 -0.841594 0.668938 -0.481562 -0.566188 0.848188 -0.325531 -0.417812 0.945844 -0.202375 -0.253688 0.503781 -0.610094 -0.6115 0.696312 -0.339125 -0.6325 0.479719 -0.448125 -0.754313 0.320969 -0.674969 -0.664344 0.362781 -0.496 -0.788875 0.453969 0.889375 0.0535625 0.108719 0.750437 -0.651906 -0.031625 0.740594 -0.671188 0.276656 0.679937 -0.679031 0.03125 0.999469 -0.005875 -0.123844 0.991719 0.0332813 0.400844 0.875125 -0.270969 0.769031 0.620875 -0.151812 0.398594 0.757094 -0.517594 0.411938 0.71425 -0.565781 0.962125 0.266031 -0.0590938 -0.677656 0.658188 0.327906 0.195344 0.974969 0.106031 -0.813406 -0.114906 0.570188 -0.976219 -0.202875 0.0762187 -0.515063 -0.5195 -0.68175 -0.902781 -0.314 -0.293844 -0.602562 -0.0003125 0.798031 0.035 -0.472219 -0.880781 0.03025 -0.502437 -0.864062 0.0311875 -0.534094 -0.844813 0.144031 -0.253719 0.956469 0.400156 -0.450625 0.797969 -0.160469 -0.14375 0.9765 0.814375 -0.571031 0.103375 0.700375 -0.401344 0.590187 0.769719 -0.54875 -0.326063 0.630188 -0.445 -0.636219 0.667656 -0.428031 -0.609094 0.585813 -0.377937 -0.716906 -0.830906 -0.275406 0.483438 -0.593031 -0.0614063 0.802813 -0.573 -0.235 0.785094 -0.221625 -0.243125 0.944313 -0.547031 -0.383344 0.744156 -0.79575 -0.369625 0.479719 0.790031 0.526625 0.313812 0.765531 0.630781 -0.126531 0.781 0.5985 -0.178219 0.786469 0.555062 -0.270844 0.784688 0.604781 -0.135875 0.124688 0.57325 -0.809812 0.111031 0.602375 -0.790438 0.117156 0.583438 -0.803625 0.131437 0.558406 -0.819062 0.139625 0.552562 -0.821656 -0.085625 0.817 0.570188 0.4425 0.616687 0.651031 0.299906 0.685 0.663906 -0.339469 0.815344 0.468969 0.414562 0.662094 0.624281 -0.332938 0.898938 0.284687 -0.980438 0.0650313 -0.185656 -0.886906 0.00046875 -0.461875 -0.102 0.990562 -0.091375 -0.0344688 0.826125 -0.562406 -0.932625 -0.116812 -0.341312 -0.445719 -0.893125 0.0602188 -0.558563 -0.744031 0.366562 0.550844 0.82525 0.1245 0.585906 0.760594 -0.279594 0.937531 0.0357812 0.345969 0.686719 -0.352437 0.63575 0.462531 0.854344 0.236937 0.762688 -0.541438 0.353719 0.142438 -0.957875 0.249313 0.837594 -0.405531 0.366 0.0370312 -0.777094 0.62825 -0.257656 0.891469 -0.372594 0.881281 0.189375 0.432938 0.518844 0.853594 -0.0461562 0.563969 0.805812 0.180438 0.902562 0.329562 0.276938 -0.283812 0.953125 -0.104781 0.844187 0.362344 0.394937 0.435375 0.834938 0.336531 0.400375 -0.809062 0.430187 0.760469 -0.649094 0.0176875 0.1005 -0.974312 -0.201469 -0.09575 -0.952812 0.288031 -0.831219 0.32275 -0.452625 -0.783156 -0.58675 -0.205844 -0.408688 -0.912188 0.0289063 -0.438719 -0.897313 0.0479375 -0.840312 -0.484094 -0.243938 -0.486094 -0.856438 -0.173781 -0.681125 0.543594 -0.490438 -0.71175 -0.307531 -0.6315 -0.39275 -0.750812 -0.531031 -0.632344 -0.126312 -0.764281 -0.314594 -0.683375 -0.65875 -0.686594 0.634281 -0.355281 -0.178438 0.968469 -0.173812 0.300875 0.953625 -0.004875 -0.271062 -0.64575 -0.713781 0.681719 0.6765 0.2785 -0.170906 0.973656 0.15075 -0.189844 0.911812 -0.364062 0.939156 -0.34225 -0.0284375 0.161812 -0.880813 -0.444906 0.1795 -0.817688 -0.546906 0.122031 -0.891781 0.435656 0.0336875 -0.947688 0.317313 -0.113094 -0.968375 0.222281 -0.0839062 -0.9535 0.289438 -0.241594 -0.729781 -0.639531 -0.193906 -0.710094 -0.676844 -0.268719 -0.777219 -0.568906 0.198781 -0.87225 0.446813 0.248219 -0.853469 0.458187 -0.265781 -0.772812 -0.576281 0.154938 -0.273031 0.949437 0.160969 -0.109719 0.980812 0.25775 0.215344 0.941875 0.217562 0.182719 0.958781 0.23025 0.406406 0.884188 0.367844 0.451625 0.812813 0.421313 0.330281 0.844625 0.461625 0.539844 0.703844 0.32825 0.399531 0.855906 0.182812 0.434125 0.882094 0.571719 0.302406 0.762625 0.194312 0.327281 0.924719 0.324219 0.320938 0.889844 0.161812 0.385312 0.908469 0.3085 0.33775 0.889219 0.468375 0.232562 0.852344 0.598437 0.108781 0.793719 0.474344 0.249344 0.84425 0.377062 0.296031 0.877594 0.60125 0.567156 0.562813 0.492469 0.654562 0.573563 0.489656 0.490063 0.721125 0.503531 -0.14475 0.851719 0.431719 0.73125 0.528063 0.443219 0.702156 0.557219 0.686188 0.0551562 0.725312 0.546 -0.491688 0.678281 0.339563 -0.208875 0.917063 0.456656 -0.800125 0.388844 -0.232187 -0.87825 -0.417969 -0.522062 -0.642563 -0.560812 0.571625 0.553312 0.605844 -0.57475 -0.335906 -0.746188 -0.377781 -0.515344 -0.769188 -0.335687 -0.494812 -0.8015 -0.323438 -0.497562 -0.804844 -0.191344 -0.618906 -0.76175 -0.390625 -0.861969 -0.323063 0.507375 -0.531844 0.678 0.709344 0.171719 0.683594 0.524594 0.491719 0.694938 0.429938 0.596031 0.678125 0.540469 0.407687 0.735937 0.407594 0.548688 0.729906 0.480406 0.416813 0.771656 0.629781 0.378938 0.678031 0.6835 0.462656 0.564531 0.873125 0.372625 0.314219 0.748094 0.364656 0.554406 0.593156 0.226125 0.772656 0.873062 0.395438 0.285188 0.721125 0.466688 0.512 0.796531 0.540656 0.2705 0.667781 0.679156 0.304594 0.659813 0.537969 0.524594 0.446063 0.81425 0.371437 0.5385 0.841594 0.041125 0.296688 0.940125 0.167625 0.287094 0.957563 0.0249062 0.345375 0.903469 -0.25375 0.120719 0.990906 -0.0592812 0.147437 0.977906 0.147969 0.0751562 0.991813 0.103031 0.122938 0.94625 -0.299094 0.176625 0.779344 -0.601156 0.0821875 0.953 -0.291594 0.0611563 0.996312 -0.0598437 0.110969 0.902406 -0.416281 0.494656 0.71325 -0.4965 0.112094 0.977156 0.180438 0.0700938 0.969156 0.236156 0.696594 0.673094 -0.248344 0.795969 0.605187 0.01175 0.489594 0.507156 -0.70925 0.224625 0.51475 -0.827344 0.482688 0.330594 -0.810969 0.234688 0.3875 -0.891469 0.125094 0.551406 -0.824781 0.0883125 0.358719 -0.92925 0.129781 0.644781 -0.75325 0.782094 0.335312 -0.525187 0.734031 0.51175 -0.446375 0.864969 0.444656 -0.232531 0.914969 0.33675 -0.222219 0.908531 0.417719 0.0054375 0.933 0.359219 0.0205313 0.88825 0.388094 0.245625 0.9265 0.375719 -0.0196563 0.9685 0.142969 0.203844 0.989062 0.142031 -0.0391875 0.981281 -0.189656 -0.0331875 0.944906 -0.225187 0.237563 0.855313 -0.518031 -0.006625 0.807469 -0.530937 0.256938 0.576594 -0.81275 0.0834062 0.576594 -0.763125 0.291781 0.365219 -0.926063 0.0948125 0.359156 -0.896688 0.258719 0.392687 -0.917156 -0.067875 0.58325 -0.810438 -0.0543125 0.559156 -0.675625 0.480437 0.326031 -0.845531 0.422781 0.553031 -0.559906 0.616906 0.39375 -0.634406 0.665156 0.614531 -0.322531 0.719906 0.696688 -0.166562 0.697719 0.436031 -0.354781 0.827 0.447812 -0.0562188 0.892344 0.354875 0.149156 0.922906 0.401812 -0.341781 0.849531 0.243406 -0.940656 0.236375 0.231125 -0.866969 0.4415 0.150937 -0.958406 0.242188 0.122406 -0.990969 0.054625 0.0852813 -0.971937 0.219125 0.237906 -0.969031 0.066 0.139 -0.982906 -0.120563 0.239438 -0.968406 -0.06925 0.068375 -0.994687 -0.0765312 0.0913125 -0.995469 0.02625 0.247906 -0.929719 -0.27225 0.164031 -0.933187 -0.31975 0.114813 -0.952375 -0.282438 0.465438 -0.828594 -0.311031 0.749875 -0.584969 -0.308969 0.941562 -0.193687 -0.2755 0.962375 0.13125 -0.237875 0.914219 0.331969 -0.232313 0.857813 0.0642188 -0.509875 0.804781 0.274656 -0.526187 0.512937 -0.0528125 -0.856781 0.543156 0.239719 -0.804656 0.20825 0.172813 -0.962656 0.191531 -0.156937 -0.968844 0.210125 -0.451719 -0.867031 0.403594 -0.481156 -0.778156 0.095625 -0.378437 -0.920656 0.082 -0.0666875 -0.994375 0.0659375 0.171937 -0.982875 0.190094 -0.705094 -0.683125 0.368875 -0.694313 -0.617906 0.130938 -0.678531 -0.722781 0.182 -0.854375 -0.486656 0.311125 -0.832531 -0.458344 0.12575 -0.763344 -0.633594 0.1455 -0.779094 -0.60975 0.501219 -0.680875 -0.533969 0.693 -0.38325 -0.610563 0.119031 -0.917969 -0.378312 -0.260281 -0.562688 0.784594 0.609719 -0.120469 0.783375 0.473531 -0.202812 0.857094 0.790375 -0.299031 0.534656 -0.477062 -0.581375 0.659063 0.903469 -0.0329062 0.427312 -0.8735 -0.447688 -0.191031 0.32575 -0.453938 0.829344 -0.775 -0.27375 -0.569562 -0.812187 -0.527031 0.250031 -0.449437 -0.0014375 -0.893281 -0.444406 0.00209375 -0.895813 -0.445344 0.00840625 -0.895312 0.932187 -0.355063 0.0698437 0.931437 -0.357219 0.0693438 0.932969 -0.352937 0.0703437 -0.447281 -0.0424062 -0.893375 -0.38875 0.00625 -0.921313 -0.503906 -0.0854687 -0.8595 -0.389594 0.011625 -0.920906 0.639375 0.166938 0.750531 0.661406 0.173 0.729781 0.594656 0.117719 0.795281 0.70925 0.182594 0.680844 0.600469 0.0984062 0.793531 0.707 0.157781 0.689344 0.682844 0.037375 0.729563 0.678094 0.1665 0.715813 0.692 0.196938 0.6945 0.590875 0.0406562 0.805719 0.704 -0.0154688 0.71 0.734156 -0.008125 0.678906 0.64675 0.200906 0.735719 0.641844 0.219594 0.734688 0.677562 0.143 0.721406 0.586469 0.170375 0.791812 0.678437 0.168031 0.715156 0.593625 0.267 0.759125 0.562781 0.145719 0.813625 0.529281 0.151406 0.834813 0.614438 0.206531 0.761406 0.511937 0.382062 0.769344 0.693438 0.382187 0.61075 0.540531 0.567031 0.6215 0.601156 0.395281 0.6945 0.660844 0.41225 0.627125 0.46475 0.485312 0.740562 0.384531 0.709344 0.590688 0.337656 0.683625 0.647 0.332188 0.474875 0.814906 0.164312 0.723594 0.670344 0.265156 0.771812 0.577906 0.208281 0.496344 0.84275 0.0930312 0.739812 0.666313 0.0995938 0.639156 0.762563 0.125563 0.418187 0.899625 0.389062 0.811188 0.436563 0.072875 0.90975 0.408656 0.0497187 0.913375 0.404031 0.224719 0.957187 0.182344 0.09475 0.230937 0.968313 0.166438 0.946906 0.275031 0.162344 -0.0600313 0.984875 0.12825 0.984469 0.119625 0.0528437 -0.470406 0.880844 0.134031 -0.524188 0.840969 0.0564062 0.763875 -0.642844 -0.129656 0.797625 -0.589 0.0277188 0.999531 0.0117813 -0.336531 0.725281 -0.600563 -0.138625 0.970844 -0.1955 -0.328844 0.729594 -0.599594 -0.0997813 0.979594 0.174437 -0.490219 0.71025 -0.505156 -0.351219 0.856594 -0.377906 -0.435562 0.743969 -0.506719 0.138187 0.973813 -0.1805 0.208406 0.965281 0.157375 0.761875 0.273844 0.586937 0.477844 0.0241875 0.878094 0.748875 -0.0016875 0.662687 0.633062 -0.311594 0.708594 0.716688 -0.462781 0.521688 0.802219 -0.272625 0.531125 0.542687 -0.290156 0.788188 0.826437 0.114437 0.55125 0.637438 -0.058875 0.768219 0.585125 0.135438 0.7995 0.604563 -0.131125 0.785656 0.536438 -0.4085 0.738437 0.379469 -0.787437 0.485656 -0.617 -0.786781 -0.0148125 0.62825 -0.130281 0.767 -0.02025 -0.975187 0.220375 0.412281 -0.77 0.486906 -0.564719 -0.798719 -0.207594 -0.490187 -0.413875 -0.767062 0.576813 0.169656 0.799031 0.364437 -0.46325 0.807781 -0.661781 -0.281344 -0.694875 -0.694188 -0.0692813 -0.716438 -0.654344 -0.557531 -0.510813 -0.8265 -0.463656 0.319125 -0.102438 0.864375 0.492281 -0.389562 0.900594 0.19275 -0.149125 0.9685 0.199344 -0.212688 0.839063 0.500687 0.316188 0.84125 0.438469 0.276969 0.947937 0.157094 0.464406 0.807281 0.364125 0.565344 0.798937 0.204969 0.549312 0.827062 -0.119062 0.324562 0.944562 -0.0492188 -0.458438 0.888 -0.0357188 -0.00328125 0.999188 -0.0395625 0.392437 0.840875 -0.372656 0.630781 0.709687 -0.313656 -0.082 0.857375 -0.508094 -0.295625 0.781125 -0.549906 -0.140062 0.98975 -0.0269687 -0.0190313 0.950406 -0.310375 0.233688 0.972281 -0.004125 0.188906 0.980531 -0.0535313 -0.651406 0.756688 -0.0554063 -0.571938 0.731313 0.371531 -0.938281 0.340125 0.0623438 -0.844469 0.3995 0.356719 0.192594 0.975187 -0.109 -0.719344 0.373656 0.585563 0.0371875 0.996188 -0.0785938 -0.367625 0.380219 0.848656 -0.080875 0.804969 0.58775 -0.21025 0.327594 0.921094 -0.144531 0.985687 0.0864063 -0.0546562 0.192969 0.979656 -0.017375 0.4825 0.875687 -0.099125 0.995031 0.00521875 -0.590563 -0.0290937 0.806437 0.07975 -0.426437 0.900969 0.00684375 -0.533844 0.845531 0.0889375 -0.878656 0.469031 0.0340937 -0.886156 0.462063 -0.0100938 -0.999906 0.00715625 0.0182188 -0.99625 -0.0842187 -0.0935 -0.841 -0.532844 -0.225938 -0.814344 -0.534563 -0.167469 -0.98575 -0.0139687 -0.438688 -0.752906 -0.490531 -0.454625 -0.889969 0.0353125 -0.759906 -0.533469 -0.371344 -0.808844 -0.586563 0.0408125 -0.928875 -0.348625 -0.124875 -0.00915625 -0.871687 -0.489906 -0.178312 -0.875156 0.44975 -0.365625 -0.83025 0.420656 -0.642156 -0.612562 0.460813 -0.859781 -0.360469 0.361625 -0.396313 -0.540969 0.741781 -0.141031 -0.51525 0.845312 -0.727156 -0.294281 0.620156 -0.908813 -0.257594 -0.328125 -0.7065 -0.459531 -0.538188 -0.441719 -0.657906 -0.609937 -0.265125 -0.743875 -0.613437 -0.189781 -0.795031 -0.576063 -0.0662187 -0.801375 -0.594469 -0.207031 -0.678344 -0.704938 -0.078625 -0.733813 -0.67475 -0.151187 -0.532687 -0.832656 -0.270719 -0.467281 -0.841594 -0.668938 -0.481562 -0.566188 -0.848188 -0.325531 -0.417812 -0.945844 -0.202375 -0.253688 -0.503781 -0.610094 -0.6115 -0.696312 -0.339125 -0.6325 -0.479719 -0.448125 -0.754313 -0.320969 -0.674969 -0.664344 -0.362781 -0.496 -0.788875 -0.453969 0.889375 0.0535625 -0.108719 0.750437 -0.651906 0.031625 0.740594 -0.671188 -0.276656 0.679937 -0.679031 -0.03125 0.999469 -0.005875 0.123844 0.991719 0.0332813 -0.400844 0.875125 -0.270969 -0.769031 0.620875 -0.151812 -0.398594 0.757094 -0.517594 -0.411938 0.71425 -0.565781 -0.962125 0.266031 -0.0590938 0.677656 0.658188 0.327906 0.596906 0.172625 0.783469 0.206 0.574719 0.791969 0.416438 0.370031 0.830437 0.390969 0.157406 0.906812 0.336656 -0.458969 0.822156 0.134969 -0.725438 0.674875 0.0278125 -0.655344 0.754781 0.232063 -0.725125 0.648313 0.297938 -0.696312 0.652937 0.111531 -0.882531 0.456781 0.0325 -0.895094 0.444656 0.02225 -0.842094 0.538813 0.0350313 -0.838063 0.544438 -0.195344 0.974969 0.106031 0.976219 -0.202875 0.0762187 0.813406 -0.114906 0.570188 0.515063 -0.5195 -0.68175 0.902781 -0.314 -0.293844 0.602562 -0.0003125 0.798031 -0.035 -0.472219 -0.880781 -0.03025 -0.502437 -0.864062 -0.0311875 -0.534094 -0.844813 -0.144031 -0.253719 0.956469 -0.400156 -0.450625 0.797969 0.160469 -0.14375 0.9765 -0.814375 -0.571031 0.103375 -0.700375 -0.401344 0.590187 -0.769719 -0.54875 -0.326063 -0.630188 -0.445 -0.636219 -0.667656 -0.428031 -0.609094 -0.585813 -0.377937 -0.716906 0.593031 -0.0614063 0.802813 0.830906 -0.275406 0.483438 0.573 -0.235 0.785094 0.221625 -0.243125 0.944313 0.547031 -0.383344 0.744156 0.79575 -0.369625 0.479719 -0.790031 0.526625 0.313812 -0.765531 0.630781 -0.126531 -0.781 0.5985 -0.178219 -0.786469 0.555062 -0.270844 -0.784688 0.604781 -0.135875 -0.111031 0.602375 -0.790438 -0.124688 0.57325 -0.809812 -0.117156 0.583438 -0.803625 -0.131437 0.558406 -0.819062 -0.139625 0.552562 -0.821656 -0.05125 -0.664563 0.745438 -0.134969 -0.725438 0.674875 -0.0278125 -0.655344 0.754781 -0.336656 -0.458969 0.822156 -0.416438 0.370031 0.830437 -0.401812 -0.341781 0.849531 -0.232063 -0.725125 0.648313 -0.297938 -0.696312 0.652937 -0.231125 -0.866969 0.4415 -0.111531 -0.882531 0.456781 -0.0350313 -0.838063 0.544438 -0.0325 -0.895094 0.444656 -0.02225 -0.842094 0.538813 0.05125 -0.664563 0.745438 0.249969 -0.947 -0.201656 0.815531 -0.560469 0.144063 0.292563 -0.895844 -0.334406 0.457063 0.721969 0.519437 0.898594 -0.3695 0.236594 0.330969 -0.856406 -0.39625 0.612813 0.454437 0.646438 0.352281 -0.860438 -0.368094 0.337312 -0.875875 -0.345 -0.207656 0.841781 0.498219 -0.983969 0.123656 -0.128281 -0.804187 -0.462969 -0.372656 -0.356344 -0.850625 -0.386531 -0.393375 -0.765219 -0.509531 -0.535438 -0.673312 -0.509781 -0.679469 -0.508875 -0.5285 -0.679156 -0.51125 -0.526594 -0.4425 0.616687 0.651031 0.085625 0.817 0.570188 -0.299906 0.685 0.663906 0.207656 0.841781 0.498219 0.339469 0.815344 0.468969 0.980438 0.0650313 -0.185656 0.804187 -0.462969 -0.372656 0.356344 -0.850625 -0.386531 0.983969 0.123687 -0.128281 -0.612813 0.454437 0.646438 -0.898594 -0.3695 0.236594 -0.815531 -0.560469 0.144063 -0.249969 -0.947 -0.201656 -0.292563 -0.895844 -0.334406 -0.330969 -0.856406 -0.39625 0.393375 -0.765219 -0.509531 0.535438 -0.673312 -0.509781 0.679469 -0.508875 -0.5285 0.679156 -0.51125 -0.526594 -0.352281 -0.860438 -0.368094 -0.337312 -0.875875 -0.345</float_array>
                    <technique_common>
                        <accessor count="937" source="#ID24" stride="3">
                            <param name="X" type="float"/>
                            <param name="Y" type="float"/>
                            <param name="Z" type="float"/>
                        </accessor>
                    </technique_common>
                </source>
                <source id="ID25">
                    <float_array id="ID26" count="874">0.26981 1.15457 0.195217 1.15028 0.268627 1.1963 0.332453 1.15349 0.33061 1.12347 0.412842 1.1256 0.413819 1.15481 0.269416 1.12429 0.331608 1.20304 0.195591 1.1224 0.269017 1.09901 0.195434 1.09835 0.269045 1.06807 0.329985 1.09547 0.331232 1.06576 0.268988 1.02398 0.331846 1.01816 0.131493 1.12022 0.412657 1.09538 0.480076 1.15362 0.467833 1.12411 0.536403 1.12411 0.53942 1.15326 0.578529 1.14756 0.578274 1.12257 0.53942 1.16873 0.578529 1.16799 0.593893 1.20018 0.545171 1.20149 0.412971 1.06342 0.481067 1.0645 0.466058 1.09247 0.501724 1.01817 0.413452 1.01598 0.541552 1.05431 0.544524 1.02247 0.541552 1.06948 0.578529 1.05971 0.591905 1.02476 0.639657 1.06995 0.666874 1.03981 0.578529 1.07601 0.627581 1.09539 0.737266 1.10523 0.627581 1.12438 0.578274 1.09552 0.536403 1.09247 0.639657 1.15561 0.675629 1.1841 0.413799 1.20558 0.498942 1.20268 0.042146 1.65742 0.010824 1.66283 0.0430605 1.67519 0.0110879 1.68629 0.0782051 1.67624 0.0787048 1.65751 0.107538 1.65821 0.110582 1.67324 0.0434109 1.63291 0.0128548 1.63513 0.0476222 1.61039 0.0154969 1.60802 0.0236522 1.56912 0.0557169 1.5791 0.0865438 1.61626 0.0960269 1.58365 0.0705306 1.53285 0.0356759 1.52507 0.112901 1.54423 0.0583622 1.4739 0.100138 1.48349 0.0906233 1.42141 0.125355 1.44137 0.136469 1.50191 0.164136 1.51953 0.197475 1.4842 0.158882 1.46185 0.137472 1.57421 0.122475 1.59163 0.114327 1.62028 0.106088 1.64329 0.151564 1.59832 0.181819 1.59389 0.131255 1.64503 0.119914 1.65729 0.0791708 1.63973 0.148315 1.66531 0.132565 1.67321 0.157154 1.67682 0.142329 1.6233 0.139265 1.68847 0.1208 1.67886 0.11544 1.68904 0.0649656 1.6906 0.0112343 1.6948 0.175775 1.67813 0.179803 1.66779 0.160524 1.6485 0.190431 1.62799 0.216592 1.59465 0.261239 1.63799 0.262846 1.60293 0.258633 1.58822 0.319649 1.57231 0.320915 1.60152 0.388182 1.56606 0.325678 1.52964 0.290625 1.55249 0.39129 1.52542 0.338712 1.48915 0.3939 1.48405 0.39625 1.4431 0.306681 1.46136 0.366874 1.40668 0.449284 1.42986 0.410048 1.37147 0.449967 1.3794 0.531435 1.4094 0.452065 1.31102 0.404365 1.30968 0.39172 1.25461 0.551782 1.3477 0.615103 1.39424 0.566132 1.29152 0.454549 1.25875 0.641173 1.33515 0.570022 1.44201 0.372863 1.31744 0.356465 1.25946 0.514268 1.46563 0.452419 1.47585 0.611242 1.50342 0.672111 1.46802 0.630806 1.54277 0.688824 1.51589 0.714648 1.41971 0.747698 1.47006 0.566096 1.5516 0.558098 1.51377 0.513973 1.52028 0.515283 1.55461 0.454335 1.52028 0.454718 1.55919 0.388067 1.59463 0.455878 1.59202 0.388284 1.63799 0.459656 1.63217 0.458816 1.6645 0.387421 1.67119 0.457982 1.69662 0.386543 1.705 0.385559 1.74288 0.336983 1.74766 0.377063 1.7976 0.314249 1.79919 0.455672 1.78553 0.456982 1.7351 0.274172 1.75673 0.245812 1.79571 0.235432 1.76855 0.195088 1.78402 0.191712 1.75063 0.216008 1.74254 0.163176 1.75845 0.167068 1.74082 0.155418 1.74148 0.293531 1.84768 0.367794 1.85531 0.354347 1.91596 0.271127 1.89476 0.243286 1.95624 0.45034 1.90315 0.454253 1.84016 0.448985 1.98318 0.340787 1.98027 0.529291 1.80165 0.542877 1.87489 0.560137 1.95848 0.515504 1.73546 0.509089 1.69234 0.511451 1.6624 0.516987 1.62808 0.516356 1.58799 0.566471 1.62932 0.569437 1.5879 0.648783 1.63127 0.644374 1.58307 0.706216 1.5716 0.709975 1.63556 0.693425 1.71063 0.631272 1.68373 0.765817 1.75001 0.782622 1.63934 0.775053 1.54469 0.652097 1.77977 0.608158 1.73323 0.712952 1.8421 0.606106 1.82905 0.578855 1.76681 0.644592 1.90431 0.557689 1.71195 0.558983 1.66813 0.759229 1.93955 0.751711 1.95941 0.79228 1.93955 0.730342 1.94905 0.7761 1.88195 0.798608 1.95911 0.822561 1.94905 0.811082 1.93239 0.84604 1.9325 0.829107 1.92011 0.742032 1.93239 0.708327 1.9325 0.724335 1.92011 0.780855 1.32648 0.84734 1.31839 0.862793 1.40427 0.749071 1.35946 0.902609 1.3438 0.751313 1.39896 0.854011 1.29843 0.765816 1.31027 0.713628 1.34413 0.933271 1.38994 0.921221 1.33083 0.953812 1.38807 0.719098 1.40205 0.656666 1.33402 0.772574 1.44067 0.824646 1.46717 0.749944 1.4569 0.808209 1.49071 0.949213 1.45034 0.892234 1.47085 0.989604 1.45864 0.889844 1.49448 0.280195 1.43833 0.283763 1.49225 0.248422 1.47114 0.298234 1.52289 0.222275 1.44546 0.250154 1.41273 0.221933 1.39043 0.184619 1.4207 0.195753 1.36663 0.294127 1.34987 0.154488 1.39845 0.175336 1.33942 0.291976 1.32839 0.273268 1.28013 0.129238 1.37642 0.297168 1.36705 0.374615 1.349 0.0505616 1.74746 0.0151895 1.7705 0.0560543 1.7635 0.010666 1.74878 0.0344149 1.80735 0.0680962 1.79385 0.0949718 1.75692 0.0104983 1.72247 0.0528608 1.72182 0.0950712 1.74147 0.100491 1.72015 0.120346 1.73645 0.132924 1.72075 0.151067 1.73463 0.159149 1.72161 0.16509 1.72916 0.201128 1.70355 0.159288 1.73491 0.173001 1.73313 0.185167 1.73662 0.210327 1.72629 0.23673 1.71185 0.227564 1.70476 0.203762 1.71604 0.260969 1.72691 0.313301 1.70899 0.31898 1.68397 0.259293 1.70407 0.321592 1.65019 0.256301 1.66696 0.223581 1.65858 0.262557 1.685 0.243396 1.68555 0.229211 1.69509 0.216131 1.66627 0.224325 1.67976 0.218312 1.6913 0.214877 1.67883 0.186666 1.65386 0.194122 1.66902 0.191142 1.68023 0.185899 1.68972 0.219116 1.69895 0.995379 1.87161 0.976922 1.90211 0.976368 1.86734 0.995379 1.9073 0.955017 1.89261 0.947572 1.85453 0.935903 1.87581 0.917609 1.84563 0.916623 1.79596 0.940381 1.81162 0.995379 1.84207 0.976487 1.83362 0.950075 1.77569 0.936051 1.75241 0.97787 1.77352 0.995379 1.77305 0.977513 1.92773 0.995379 1.92963 0.875492 1.8271 0.888008 1.78417 0.864416 1.81969 0.876433 1.77808 0.840583 1.81326 0.866328 1.77016 0.899965 1.74823 0.95484 1.74464 0.929466 1.73445 0.955844 1.72456 0.978324 1.74014 0.979186 1.72081 0.99538 1.71888 0.99538 1.74031 0.995379 1.70088 0.978676 1.702 0.995379 1.67165 0.977946 1.67352 0.978019 1.64823 0.995379 1.64567 0.977478 1.60354 0.943281 1.61054 0.952806 1.65307 0.913889 1.62242 0.922401 1.65873 0.881836 1.63454 0.889755 1.67087 0.855603 1.68823 0.99538 1.60087 0.954396 1.6764 0.929119 1.68264 0.90388 1.69071 0.869657 1.72301 0.936053 1.70155 0.955903 1.70285 0.844404 1.64335 0.873433 1.61202 0.899714 1.58841 0.932082 1.57008 0.96525 1.55833 0.995379 1.55453 0.968664 1.53387 0.995379 1.53014 0.99538 1.50763 0.965263 1.5092 0.864473 1.58836 0.838791 1.59572 0.82703 1.61895 0.891666 1.56797 0.857507 1.56865 0.887907 1.5404 0.92803 1.54902 0.913094 1.52519 0.980856 1.95832 0.99538 1.95756 0.949296 1.94938 0.955463 1.92166 0.917517 1.89603 0.871907 1.90161 0.851067 1.87489 0.895944 1.92798 0.920132 1.93953 0.838894 1.84761 0.183033 1.73021 0.797206 1.93797 0.775977 1.93946 0.754653 1.93797 0.775585 1.96578 0.804894 1.95662 0.74696 1.95662 0.0801582 1.09855 0.0804205 1.11755 0.0165072 1.1062 0.131205 1.09896 0.194496 1.07235 0.133528 1.77098 0.219128 1.8291 0.802679 1.11461 0.869165 1.1227 0.787227 1.20049 0.900949 1.15569 0.74741 1.14002 0.898706 1.19519 0.796008 1.09466 0.884204 1.1065 0.936391 1.14036 0.716749 1.18616 0.728799 1.12705 0.696208 1.18429 0.930921 1.19828 0.993353 1.13025 0.877446 1.2369 0.825374 1.26339 0.900075 1.25312 0.841811 1.28694 0.700807 1.24656 0.757786 1.26708 0.660416 1.25486 0.760175 1.2907 0.122924 1.74678 0.105506 1.78232 0.113683 1.8324 0.0808538 1.85666 0.137783 1.81805 0.161884 1.8037 0.189187 1.86769 0.157001 1.90753 0.192964 1.17941 0.131918 1.14186 0.130264 1.16889 0.0820317 1.13464 0.106243 1.16401 0.0214105 1.12686 0.082222 1.15913 0.0157402 1.08709 0.0797116 1.08612 0.131718 1.0782 0.193864 1.03966 0.130987 1.0509 0.107877 1.05474 0.0847666 1.05859</float_array>
                    <technique_common>
                        <accessor count="437" source="#ID26" stride="2">
                            <param name="S" type="float"/>
                            <param name="T" type="float"/>
                        </accessor>
                    </technique_common>
                </source>
                <vertices id="ID27">
                    <input semantic="POSITION" source="#ID21"/>
                </vertices>
                <triangles count="1382" material="Material1">
                    <input offset="0" semantic="VERTEX" source="#ID27"/>
                    <input offset="1" semantic="NORMAL" source="#ID23"/>
                    <input offset="2" semantic="TEXCOORD" source="#ID25" set="0"/>
                    <p>2 2 2 1 1 1 0 0 0 0 0 0 3 3 3 2 2 2 3 3 3 0 0 0 4 4 4 5 5 5 3 3 3 4 4 4 6 6 6 3 3 3 5 5 5 4 4 4 0 0 0 7 7 7 1 1 1 7 7 7 0 0 0 2 2 2 3 3 3 8 8 8 9 9 9 7 7 7 1 1 1 7 7 7 9 9 9 10 10 10 10 10 10 9 9 9 11 11 11 11 11 11 12 12 12 10 10 10 10 10 10 12 12 12 13 13 13 4 4 4 7 7 7 13 13 13 13 13 13 7 7 7 10 10 10 13 13 13 12 12 12 14 14 14 15 15 15 14 14 14 12 12 12 16 16 16 14 14 14 15 15 15 17 17 17 11 11 11 9 9 9 5 5 5 4 4 4 18 18 18 18 18 18 4 4 4 13 13 13 13 13 13 14 14 14 18 18 18 5 5 5 19 19 19 6 6 6 20 20 20 19 19 19 5 5 5 19 19 19 20 20 20 21 21 21 22 22 22 19 19 19 21 21 21 22 22 22 21 21 21 23 23 23 23 23 23 21 21 21 24 24 24 22 22 22 25 25 25 19 19 19 23 23 23 26 26 26 22 22 22 22 22 22 26 26 26 25 25 25 26 26 26 27 27 27 25 25 25 25 25 25 27 27 27 28 28 28 18 18 18 14 14 14 29 29 29 14 14 14 16 16 16 29 29 29 29 29 29 30 30 30 18 18 18 18 18 18 30 30 30 31 31 31 18 18 18 31 31 31 5 5 5 5 5 5 31 31 31 20 20 20 30 30 30 29 29 29 32 32 32 32 32 32 29 29 29 33 33 33 29 29 29 16 16 16 33 33 33 30 30 30 32 32 32 34 34 34 34 34 34 32 32 32 35 35 35 30 30 30 34 34 34 36 36 36 34 34 34 35 35 35 37 37 37 34 34 34 37 37 37 36 36 36 37 37 37 35 35 35 38 38 38 37 37 37 38 38 38 39 39 39 39 39 39 38 38 38 40 40 40 36 36 36 37 37 37 41 41 41 37 37 37 39 39 39 41 41 41 41 41 41 39 39 39 42 42 42 42 42 42 39 39 39 43 43 43 44 44 43 39 39 39 40 40 40 45 45 44 42 42 42 43 43 43 45 45 44 24 24 24 42 42 42 23 23 23 24 24 24 45 45 44 42 42 42 24 24 24 46 46 45 42 42 42 46 46 45 41 41 41 21 21 21 46 46 45 24 24 24 47 47 46 46 46 45 21 21 21 46 46 45 47 47 46 41 41 41 41 41 41 47 47 46 36 36 36 20 20 20 47 47 46 21 21 21 31 31 31 47 47 46 20 20 20 48 48 47 23 23 23 45 45 44 43 43 43 48 48 47 45 45 44 26 26 26 23 23 23 48 48 47 48 48 47 49 49 48 26 26 26 49 49 48 48 48 47 50 50 43 26 26 26 49 49 48 27 27 27 47 47 46 31 31 31 30 30 30 36 36 36 47 47 46 30 30 30 6 6 6 51 51 49 3 3 3 3 3 3 51 51 49 8 8 8 6 6 6 52 52 50 51 51 49 19 19 19 52 52 50 6 6 6 19 19 19 25 25 25 52 52 50 52 52 50 25 25 25 28 28 28 55 55 53 54 54 52 53 53 51 56 56 54 54 54 52 55 55 53 57 57 55 55 55 53 53 53 51 57 57 55 53 53 51 58 58 56 58 58 56 59 59 57 57 57 55 59 59 57 60 60 58 57 57 55 61 61 59 53 53 51 54 54 52 62 62 60 61 61 59 54 54 52 61 61 59 62 62 60 63 63 61 62 62 60 64 64 62 63 63 61 64 64 62 65 65 63 63 63 61 65 65 63 66 66 64 63 63 61 67 67 65 63 63 61 66 66 64 67 67 65 66 66 64 68 68 66 69 69 67 66 66 64 65 65 63 66 66 64 69 69 67 68 68 66 69 69 67 65 65 63 70 70 68 69 69 67 71 71 69 68 68 66 70 70 68 72 72 70 69 69 67 72 72 70 73 73 71 69 69 67 69 69 67 73 73 71 71 71 69 73 73 71 72 72 70 74 74 72 75 75 73 73 73 71 74 74 72 76 76 74 73 73 71 75 75 73 71 71 69 73 73 71 76 76 74 76 76 74 77 77 75 71 71 69 76 76 74 78 78 76 77 77 75 79 79 77 78 78 76 76 76 74 79 79 77 76 76 74 75 75 73 77 77 75 80 80 78 71 71 69 80 80 78 81 81 79 71 71 69 81 81 79 68 68 66 71 71 69 67 67 65 68 68 66 82 82 80 68 68 66 81 81 79 82 82 80 67 67 65 82 82 80 83 83 81 84 84 82 81 81 79 80 80 78 80 80 78 85 85 83 84 84 82 83 83 81 82 82 80 86 86 84 87 87 85 83 83 81 86 86 84 87 87 85 59 59 57 83 83 81 59 59 57 58 58 56 83 83 81 58 58 56 88 88 86 83 83 81 58 58 56 53 53 51 88 88 86 53 53 51 61 61 59 88 88 86 61 61 59 63 63 61 88 88 86 63 63 61 67 67 65 88 88 86 67 67 65 83 83 81 88 88 86 86 86 84 89 89 87 87 87 85 87 87 85 89 89 87 90 90 88 91 91 89 90 90 88 89 89 87 86 86 84 82 82 80 92 92 90 92 92 90 81 81 79 84 84 82 92 92 90 82 82 80 81 81 79 93 93 91 90 90 88 91 91 89 93 93 91 94 94 92 90 90 88 95 95 93 94 94 92 93 93 91 95 95 93 60 60 58 94 94 92 57 57 55 60 60 58 95 95 93 96 96 94 57 57 55 95 95 93 96 96 94 55 55 53 57 57 55 96 96 94 97 97 95 55 55 53 97 97 95 56 56 54 55 55 53 89 89 87 98 98 96 91 91 89 99 99 97 98 98 96 89 89 87 89 89 87 100 100 98 99 99 97 89 89 87 86 86 84 100 100 98 100 100 98 86 86 84 92 92 90 92 92 90 101 101 99 100 100 98 101 101 99 92 92 90 84 84 82 84 84 82 85 85 83 101 101 99 85 85 83 102 102 100 101 101 99 103 103 101 101 101 99 102 102 100 104 104 102 103 103 101 102 102 100 104 104 102 102 102 100 105 105 103 106 106 104 104 104 102 105 105 103 104 104 102 106 106 104 107 107 105 104 104 102 107 107 105 103 103 101 107 107 105 106 106 104 108 108 106 106 106 104 109 109 107 108 108 106 110 110 108 109 109 107 106 106 104 105 105 103 110 110 108 106 106 104 109 109 107 111 111 109 108 108 106 111 111 109 109 109 107 112 112 110 111 111 109 112 112 110 113 113 111 113 113 111 112 112 110 114 114 112 114 114 112 112 112 110 115 115 113 115 115 113 116 116 114 114 114 112 117 117 115 114 114 112 116 116 114 116 116 114 118 118 116 117 117 115 117 117 115 118 118 116 119 119 117 120 120 118 117 117 115 119 119 117 120 120 118 119 119 117 121 121 119 122 122 120 121 121 119 119 119 117 118 118 116 122 122 120 119 119 117 121 121 119 122 122 120 123 123 121 124 124 122 120 120 118 121 121 119 120 120 118 124 124 122 125 125 123 126 126 124 124 124 122 121 121 119 124 124 122 126 126 124 125 125 123 127 127 125 126 126 124 121 121 119 127 127 125 121 121 119 123 123 121 126 126 124 128 128 126 125 125 123 120 120 118 125 125 123 129 129 127 122 122 120 118 118 116 130 130 128 131 131 129 122 122 120 130 130 128 131 131 129 123 123 121 122 122 120 129 129 127 132 132 130 120 120 118 117 117 115 120 120 118 132 132 130 117 117 115 132 132 130 133 133 131 134 134 132 129 129 127 125 125 123 134 134 132 125 125 123 135 135 133 136 136 134 134 134 132 135 135 133 137 137 135 136 136 134 135 135 133 138 138 136 135 135 133 125 125 123 137 137 135 135 135 133 138 138 136 139 139 137 137 137 135 138 138 136 138 138 136 125 125 123 140 140 126 136 136 134 141 141 138 134 134 132 141 141 138 142 142 139 134 134 132 142 142 139 132 132 130 129 129 127 129 129 127 134 134 132 142 142 139 143 143 140 142 142 139 141 141 138 132 132 130 142 142 139 143 143 140 132 132 130 143 143 140 133 133 131 144 144 141 143 143 140 141 141 138 143 143 140 145 145 142 133 133 131 145 145 142 143 143 140 144 144 141 133 133 131 145 145 142 113 113 111 114 114 112 133 133 131 113 113 111 114 114 112 117 117 115 133 133 131 145 145 142 111 111 109 113 113 111 111 111 109 145 145 142 146 146 143 146 146 143 145 145 142 144 144 141 108 108 106 111 111 109 146 146 143 108 108 106 146 146 143 147 147 144 147 147 144 107 107 105 108 108 106 146 146 143 148 148 145 147 147 144 149 149 146 147 147 144 148 148 145 150 150 147 149 149 146 148 148 145 149 149 146 150 150 147 151 151 148 152 152 149 149 149 146 151 151 148 151 151 148 153 153 150 152 152 149 153 153 150 154 154 151 152 152 149 154 154 151 153 153 150 155 155 152 154 154 151 155 155 152 156 156 153 155 155 152 157 157 154 156 156 153 157 157 154 158 158 155 156 156 153 159 159 156 157 157 154 155 155 152 160 160 157 159 159 156 155 155 152 153 153 150 160 160 157 155 155 152 156 156 153 158 158 155 161 161 158 158 158 155 162 162 159 161 161 158 163 163 160 161 161 158 162 162 159 162 162 159 164 164 161 163 163 160 163 163 160 164 164 161 165 165 162 163 163 160 165 165 162 166 166 163 165 165 162 164 164 161 167 167 164 165 165 162 167 167 164 168 168 165 169 169 166 168 168 165 167 167 164 158 158 155 170 170 167 162 162 159 157 157 154 171 171 168 158 158 155 171 171 168 170 170 167 158 158 155 170 170 167 171 171 168 172 172 169 173 173 170 170 170 167 172 172 169 172 172 169 174 174 171 173 173 170 172 172 169 171 171 168 175 175 172 171 171 168 176 176 173 175 175 172 175 175 172 177 177 174 172 172 169 178 178 175 174 174 171 172 172 169 172 172 169 177 177 174 178 178 175 171 171 168 157 157 154 176 176 173 157 157 154 159 159 156 176 176 173 175 175 172 176 176 173 179 179 176 159 159 156 179 179 176 176 176 173 180 180 177 175 175 172 179 179 176 181 181 178 177 177 174 175 175 172 180 180 177 181 181 178 175 175 172 159 159 156 182 182 179 179 179 176 159 159 156 160 160 157 182 182 179 183 183 180 182 182 179 160 160 157 153 153 150 183 183 180 160 160 157 183 183 180 153 153 150 184 184 181 153 153 150 151 151 148 184 184 181 184 184 181 151 151 148 185 185 182 151 151 148 150 150 147 185 185 182 185 185 182 150 150 147 148 148 145 186 186 183 185 185 182 148 148 145 185 185 182 186 186 183 187 187 184 185 185 182 187 187 184 184 184 181 186 186 183 188 188 185 187 187 184 187 187 184 188 188 185 189 189 186 188 188 185 190 190 187 189 189 186 189 189 186 190 190 187 191 191 188 189 189 186 191 191 188 192 192 189 192 192 189 193 193 190 189 189 186 193 193 190 194 194 191 189 189 186 195 195 192 193 193 190 192 192 189 196 196 193 195 195 192 192 192 189 196 196 193 192 192 189 191 191 188 196 196 193 191 191 188 197 197 194 186 186 183 148 148 145 146 146 143 144 144 141 186 186 183 146 146 143 188 188 185 186 186 183 144 144 141 141 141 138 188 188 185 144 144 141 190 190 187 188 188 185 141 141 138 136 136 134 190 190 187 141 141 138 136 136 134 137 137 135 190 190 187 137 137 135 191 191 188 190 190 187 137 137 135 139 139 137 191 191 188 139 139 137 197 197 194 191 191 188 194 194 191 193 193 190 198 198 195 199 199 196 194 194 191 198 198 195 195 195 192 200 200 197 193 193 190 200 200 197 198 198 195 193 193 190 199 199 196 198 198 195 201 201 198 202 202 199 199 199 196 201 201 198 201 201 198 198 198 195 203 203 200 198 198 195 200 200 197 204 204 200 205 205 201 199 199 196 202 202 199 206 206 202 199 199 196 205 205 201 194 194 191 199 199 196 206 206 202 189 189 186 194 194 191 206 206 202 187 187 184 189 189 186 206 206 202 183 183 180 206 206 202 205 205 201 187 187 184 206 206 202 184 184 181 184 184 181 206 206 202 183 183 180 205 205 201 182 182 179 183 183 180 182 182 179 205 205 201 202 202 199 202 202 199 179 179 176 182 182 179 201 201 198 180 180 177 202 202 199 180 180 177 179 179 176 202 202 199 181 181 178 180 180 177 201 201 198 207 207 200 181 181 178 201 201 198 210 210 205 209 209 204 208 208 203 208 208 203 209 209 204 211 211 206 208 208 203 212 212 207 210 210 205 209 209 204 214 214 205 213 213 208 213 213 208 210 210 205 215 215 209 216 216 210 215 215 209 210 210 205 210 210 205 217 217 207 216 216 210 218 218 211 215 215 209 216 216 210 219 219 212 218 218 211 216 216 210 219 219 212 216 216 210 220 220 207 222 222 206 221 221 213 208 208 203 221 221 213 223 223 207 208 208 203 226 225 215 225 224 213 224 224 214 225 224 213 227 226 206 224 224 214 229 227 207 228 227 213 226 225 215 232 230 218 231 229 217 230 228 216 232 230 218 230 228 216 233 231 219 232 230 218 234 232 220 231 229 217 233 231 219 235 233 221 232 230 218 230 228 216 231 229 217 236 234 222 236 234 222 231 229 217 234 232 220 237 235 223 230 228 216 236 234 222 230 228 216 237 235 223 233 231 219 237 235 223 238 236 224 233 231 219 235 233 221 233 231 219 238 236 224 232 230 218 239 237 225 234 232 220 240 238 226 234 232 220 239 237 225 240 238 226 236 234 222 234 232 220 239 237 225 241 239 227 240 238 226 238 236 224 242 240 228 235 233 221 243 241 229 242 240 228 238 236 224 232 230 218 235 233 221 244 242 230 244 242 230 245 243 231 232 230 218 244 242 230 235 233 221 246 244 232 235 233 221 242 240 228 246 244 232 246 244 232 247 245 233 244 242 230 247 245 233 245 243 231 244 242 230 241 239 227 239 237 225 248 246 234 248 246 234 239 237 225 232 230 218 249 247 235 248 246 234 232 230 218 232 230 218 245 243 231 249 247 235 248 246 234 250 248 236 241 239 227 249 247 235 251 249 237 248 246 234 251 249 237 250 248 236 248 246 234 249 247 235 245 243 231 251 249 237 245 243 231 247 245 233 251 249 237 115 115 113 253 251 239 252 250 238 253 251 239 254 252 240 252 250 238 252 250 238 116 116 114 115 115 113 112 112 110 253 251 239 115 115 113 255 253 241 253 251 239 112 112 110 252 250 238 254 252 240 256 254 242 256 254 242 257 255 243 252 250 238 257 255 243 116 116 114 252 250 238 254 252 240 78 78 76 256 254 242 255 253 241 112 112 110 109 109 107 258 256 244 257 255 243 256 254 242 259 257 245 258 256 244 256 254 242 256 254 242 78 78 76 259 257 245 259 257 245 78 78 76 79 79 77 258 256 244 259 257 245 260 258 246 258 256 244 260 258 246 261 259 247 259 257 245 262 260 248 260 258 246 262 260 248 259 257 245 79 79 77 260 258 246 262 260 248 263 261 249 263 261 249 264 262 250 260 258 246 260 258 246 264 262 250 261 259 247 265 263 251 264 262 250 263 261 249 131 131 129 264 262 250 265 263 251 131 131 129 130 130 128 264 262 250 262 260 248 266 264 252 263 261 249 75 75 73 262 260 248 79 79 77 262 260 248 75 75 73 74 74 72 267 265 252 262 260 248 74 74 72 261 259 247 268 266 253 258 256 244 268 266 253 257 255 243 258 256 244 257 255 243 268 266 253 116 116 114 116 116 114 268 266 253 269 267 254 130 130 128 269 267 254 264 262 250 118 118 116 269 267 254 130 130 128 116 116 114 269 267 254 118 118 116 272 270 257 271 269 256 270 268 255 271 269 256 273 271 258 270 268 255 271 269 256 272 270 257 274 272 259 272 270 257 275 273 260 274 272 259 275 273 260 272 270 257 276 274 261 276 274 261 272 270 257 270 268 255 273 271 258 277 275 262 270 268 255 277 275 262 278 276 263 270 268 255 279 277 264 276 274 261 270 268 255 270 268 255 278 276 263 279 277 264 278 276 263 280 278 265 279 277 264 279 277 264 280 278 265 281 279 266 281 279 266 280 278 265 282 280 267 282 280 267 283 281 268 281 279 266 282 280 267 284 282 269 283 281 268 283 281 268 284 282 269 285 283 270 285 283 270 284 282 269 286 284 271 285 283 270 287 285 272 283 281 268 169 169 166 283 281 268 287 285 272 287 285 272 168 168 165 169 169 166 168 168 165 287 285 272 288 286 273 289 287 274 168 168 165 288 286 273 165 165 162 168 168 165 289 287 274 289 287 274 290 288 275 165 165 162 290 288 275 166 166 163 165 165 162 166 166 163 290 288 275 291 289 276 292 290 277 291 289 276 290 288 275 293 291 278 292 290 277 290 288 275 293 291 278 286 284 271 292 290 277 293 291 278 285 283 270 286 284 271 291 289 276 294 292 279 166 166 163 163 163 160 166 166 163 294 292 279 294 292 279 161 161 158 163 163 160 295 293 280 161 161 158 294 292 279 295 293 280 156 156 153 161 161 158 154 154 151 156 156 153 295 293 280 295 293 280 296 294 281 154 154 151 297 295 282 296 294 281 295 293 280 295 293 280 294 292 279 297 295 282 294 292 279 291 289 276 297 295 282 296 294 281 152 152 149 154 154 151 152 152 149 296 294 281 298 296 283 149 149 146 152 152 149 298 296 283 149 149 146 298 296 283 147 147 144 298 296 283 107 107 105 147 147 144 103 103 101 107 107 105 298 296 283 299 297 284 103 103 101 298 296 283 300 298 285 103 103 101 299 297 284 101 101 99 103 103 101 300 298 285 299 297 284 298 296 283 301 299 286 297 295 282 301 299 286 296 294 281 301 299 286 298 296 283 296 294 281 299 297 284 302 300 287 300 298 285 302 300 287 301 299 286 297 295 282 301 299 286 302 300 287 299 297 284 291 289 276 302 300 287 297 295 282 302 300 287 291 289 276 303 301 288 291 289 276 304 302 277 303 301 288 305 303 289 300 298 285 302 300 287 303 301 288 306 304 290 302 300 287 302 300 287 306 304 290 305 303 289 307 305 291 306 304 290 303 301 288 308 306 292 306 304 290 307 305 291 101 101 99 300 298 285 309 307 293 309 307 293 100 100 98 101 101 99 309 307 293 300 298 285 310 308 294 300 298 285 305 303 289 310 308 294 100 100 98 309 307 293 99 99 97 99 99 97 309 307 293 310 308 294 310 308 294 98 98 96 99 99 97 311 309 295 98 98 96 310 308 294 312 310 296 311 309 295 308 306 292 312 310 296 98 98 96 311 309 295 313 311 291 312 310 296 308 306 292 91 91 89 98 98 96 312 310 296 93 93 91 91 91 89 312 310 296 315 312 297 314 312 291 303 301 288 318 315 300 317 314 299 316 313 298 317 314 299 319 316 301 316 313 298 320 317 302 317 314 299 318 315 300 321 318 303 320 317 302 318 315 300 320 317 302 321 318 303 322 319 304 322 319 304 321 318 303 323 320 305 323 320 305 321 318 303 324 321 306 321 318 303 325 322 307 324 321 306 318 315 300 316 313 298 326 323 308 327 324 309 318 315 300 326 323 308 325 322 307 321 318 303 327 324 309 321 318 303 318 315 300 327 324 309 325 322 307 328 325 310 324 321 306 328 325 310 325 322 307 327 324 309 324 321 306 328 325 310 329 326 311 327 324 309 326 323 308 330 327 312 330 327 312 328 325 310 327 324 309 326 323 308 331 328 313 330 327 312 317 314 299 332 329 314 319 316 301 332 329 314 333 330 315 319 316 301 334 331 316 323 320 305 324 321 306 335 332 317 334 331 316 324 321 306 334 331 316 335 332 317 336 333 318 336 333 318 335 332 317 337 334 319 338 335 320 336 333 318 337 334 319 339 336 321 338 335 320 337 334 319 337 334 319 335 332 317 340 337 311 337 334 319 341 338 322 339 336 321 342 339 323 340 337 311 328 325 310 330 327 312 342 339 323 328 325 310 343 340 324 340 337 311 342 339 323 343 340 324 337 334 319 344 341 311 345 342 325 343 340 324 342 339 323 345 342 325 342 339 323 346 343 326 347 344 327 345 342 325 346 343 326 348 345 328 347 344 327 346 343 326 349 346 329 348 345 328 346 343 326 337 334 319 343 340 324 350 347 322 347 344 327 348 345 328 351 348 330 352 349 331 347 344 327 351 348 330 345 342 325 347 344 327 352 349 331 351 348 330 353 350 332 352 349 331 353 350 332 354 351 333 352 349 331 355 352 334 354 351 333 353 350 332 356 353 335 355 352 334 353 350 332 357 354 336 355 352 334 356 353 335 357 354 336 358 355 337 355 352 334 358 355 337 359 356 338 355 352 334 355 352 334 359 356 338 354 351 333 358 355 337 360 357 339 359 356 338 360 357 339 361 358 340 359 356 338 360 357 339 362 359 341 361 358 340 362 359 341 363 360 342 361 358 340 362 359 341 364 361 343 363 360 342 365 362 344 357 354 336 356 353 335 359 356 338 361 358 340 366 363 345 359 356 338 366 363 345 354 351 333 361 358 340 367 364 346 366 363 345 367 364 346 361 358 340 368 365 347 361 358 340 363 360 342 368 365 347 368 365 347 363 360 342 369 366 348 363 360 342 364 361 343 369 366 348 366 363 345 367 364 346 370 367 349 367 364 346 368 365 347 370 367 349 371 368 350 366 363 345 370 367 349 354 351 333 366 363 345 371 368 350 352 349 331 354 351 333 371 368 350 369 366 348 372 369 322 368 365 347 368 365 347 350 347 322 370 367 349 371 368 350 345 342 325 352 349 331 370 367 349 343 340 324 371 368 350 343 340 324 345 342 325 371 368 350 350 347 322 343 340 324 370 367 349 373 370 351 364 361 343 362 359 341 374 371 352 373 370 351 362 359 341 374 371 352 362 359 341 360 357 339 375 372 353 374 371 352 360 357 339 375 372 353 360 357 339 358 355 337 376 373 354 375 372 353 358 355 337 376 373 354 358 355 337 357 354 336 377 374 355 376 373 354 357 354 336 377 374 355 357 354 336 378 375 356 357 354 336 365 362 344 378 375 356 379 376 357 377 374 355 378 375 356 380 377 358 379 376 357 378 375 356 379 376 357 380 377 358 381 378 359 382 379 360 379 376 357 381 378 359 383 380 361 374 371 352 375 372 353 383 380 361 384 381 362 374 371 352 384 381 362 373 370 351 374 371 352 385 382 363 373 370 351 384 381 362 386 383 364 375 372 353 376 373 354 386 383 364 383 380 361 375 372 353 387 384 365 383 380 361 386 383 364 384 381 362 383 380 361 387 384 365 388 385 366 387 384 365 386 383 364 389 386 367 386 383 364 376 373 354 379 376 357 389 386 367 377 374 355 389 386 367 376 373 354 377 374 355 388 385 366 386 383 364 389 386 367 390 387 368 388 385 366 389 386 367 382 379 360 390 387 368 379 376 357 390 387 368 389 386 367 379 376 357 340 337 311 335 332 317 324 321 306 349 346 329 346 343 326 331 328 313 346 343 326 330 327 312 331 328 313 346 343 326 342 339 323 330 327 312 393 388 277 392 388 297 391 388 288 395 390 370 333 330 315 394 389 369 333 330 315 332 329 314 394 389 369 394 389 369 332 329 314 396 391 371 332 329 314 397 392 372 396 391 371 397 392 372 332 329 314 317 314 299 320 317 302 397 392 372 317 314 299 398 393 373 397 392 372 320 317 302 322 319 304 398 393 373 320 317 302 398 393 373 322 319 304 323 320 305 334 331 316 398 393 373 323 320 305 399 394 374 398 393 373 334 331 316 334 331 316 336 333 318 399 394 374 399 394 374 336 333 318 400 395 375 401 396 376 398 393 373 399 394 374 398 393 373 401 396 376 402 397 377 402 397 377 396 391 371 397 392 372 402 397 377 397 392 372 398 393 373 336 333 318 403 398 378 400 395 375 336 333 318 338 335 320 403 398 378 289 287 274 404 399 379 290 288 275 404 399 379 293 291 278 290 288 275 285 283 270 293 291 278 404 399 379 288 286 273 404 399 379 289 287 274 286 284 271 405 400 297 292 290 277 408 403 213 407 402 207 406 401 203 408 403 213 406 401 203 409 404 206 406 401 203 410 405 204 409 404 206 408 403 213 409 404 206 411 406 214 412 407 215 408 403 213 411 406 214 412 407 215 413 408 207 408 403 213 410 405 204 406 401 203 414 409 205 415 410 208 410 405 204 414 409 205 406 401 203 416 411 207 414 409 205 414 409 205 417 412 210 415 410 208 414 409 205 418 413 207 417 412 210 417 412 210 419 414 209 415 410 208 419 414 209 417 412 210 420 415 212 417 412 210 421 416 207 420 415 212 420 415 212 422 417 211 419 414 209 425 420 381 424 419 207 423 418 380 426 421 382 424 419 207 425 420 381 425 420 381 423 418 380 427 422 383 426 421 382 425 420 381 427 422 383 423 418 380 428 423 384 427 422 383 429 424 385 426 421 382 427 422 383 431 426 215 430 425 382 429 424 385 429 424 385 432 427 214 431 426 215 431 426 215 434 428 207 433 428 382 437 431 380 436 430 207 435 429 212 438 432 384 437 431 380 435 429 212 435 429 212 439 433 211 438 432 384 442 436 388 441 435 387 440 434 386 441 435 387 443 437 389 440 434 386 444 438 17 443 437 389 441 435 387 444 438 17 445 439 11 443 437 389 445 439 11 446 440 390 443 437 389 445 439 11 447 441 12 446 440 390 448 442 10 447 441 12 445 439 11 449 443 13 447 441 12 448 442 10 450 444 14 447 441 12 449 443 13 450 444 14 451 445 15 447 441 12 452 446 16 451 445 15 450 444 14 453 447 7 449 443 13 448 442 10 454 448 4 449 443 13 453 447 7 453 447 7 455 449 0 454 448 4 454 448 4 455 449 0 456 450 3 454 448 4 456 450 3 457 451 5 457 451 5 456 450 3 458 452 6 459 453 2 456 450 3 455 449 0 460 454 1 459 453 2 455 449 0 455 449 0 453 447 7 460 454 1 461 455 8 456 450 3 459 453 2 457 451 5 462 456 18 454 448 4 454 448 4 462 456 18 449 443 13 462 456 18 450 444 14 449 443 13 458 452 6 463 457 19 457 451 5 457 451 5 463 457 19 464 458 20 463 457 19 465 459 21 464 458 20 466 460 22 465 459 21 463 457 19 464 458 20 467 461 31 457 451 5 457 451 5 467 461 31 462 456 18 466 460 22 468 462 23 465 459 21 465 459 21 468 462 23 469 463 24 466 460 22 463 457 19 470 464 25 468 462 23 466 460 22 471 465 26 471 465 26 466 460 22 470 464 25 470 464 25 472 466 27 471 465 26 473 467 28 472 466 27 470 464 25 467 461 31 474 468 30 462 456 18 462 456 18 474 468 30 475 469 29 475 469 29 450 444 14 462 456 18 475 469 29 452 446 16 450 444 14 476 470 33 452 446 16 475 469 29 476 470 33 475 469 29 477 471 32 477 471 32 475 469 29 474 468 30 478 472 34 477 471 32 474 468 30 479 473 35 477 471 32 478 472 34 474 468 30 480 474 36 478 472 34 481 475 37 479 473 35 478 472 34 480 474 36 481 475 37 478 472 34 482 476 38 479 473 35 481 475 37 481 475 37 483 477 39 482 476 38 482 476 38 483 477 39 484 478 40 485 479 41 481 475 37 480 474 36 485 479 41 483 477 39 481 475 37 486 480 42 483 477 39 485 479 41 486 480 42 487 481 43 483 477 39 488 482 43 484 478 40 483 477 39 489 483 44 487 481 43 486 480 42 486 480 42 469 463 24 489 483 44 468 462 23 489 483 44 469 463 24 490 484 45 469 463 24 486 480 42 486 480 42 485 479 41 490 484 45 469 463 24 490 484 45 465 459 21 465 459 21 490 484 45 491 485 46 480 474 36 491 485 46 485 479 41 485 479 41 491 485 46 490 484 45 465 459 21 491 485 46 464 458 20 464 458 20 491 485 46 467 461 31 489 483 44 468 462 23 492 486 47 487 481 43 489 483 44 492 486 47 492 486 47 468 462 23 471 465 26 471 465 26 493 487 48 492 486 47 493 487 48 494 488 43 492 486 47 472 466 27 493 487 48 471 465 26 491 485 46 474 468 30 467 461 31 480 474 36 474 468 30 491 485 46 461 455 8 495 489 49 456 450 3 456 450 3 495 489 49 458 452 6 495 489 49 496 490 50 458 452 6 458 452 6 496 490 50 463 457 19 496 490 50 470 464 25 463 457 19 473 467 28 470 464 25 496 490 50 499 493 53 498 492 51 497 491 52 500 494 54 499 493 53 497 491 52 501 495 55 498 492 51 499 493 53 501 495 55 502 496 56 498 492 51 502 496 56 501 495 55 503 497 57 503 497 57 501 495 55 504 498 58 505 499 59 497 491 52 498 492 51 506 500 60 497 491 52 505 499 59 505 499 59 507 501 61 506 500 60 506 500 60 507 501 61 508 502 62 508 502 62 507 501 61 509 503 63 509 503 63 507 501 61 510 504 64 511 505 65 510 504 64 507 501 61 511 505 65 512 506 66 510 504 64 513 507 67 509 503 63 510 504 64 510 504 64 512 506 66 513 507 67 513 507 67 514 508 68 509 503 63 513 507 67 512 506 66 515 509 69 514 508 68 513 507 67 516 510 70 516 510 70 513 507 67 517 511 71 513 507 67 515 509 69 517 511 71 517 511 71 518 512 72 516 510 70 519 513 73 518 512 72 517 511 71 520 514 74 519 513 73 517 511 71 515 509 69 520 514 74 517 511 71 520 514 74 515 509 69 521 515 75 520 514 74 521 515 75 522 516 76 523 517 77 520 514 74 522 516 76 523 517 77 519 513 73 520 514 74 521 515 75 515 509 69 524 518 78 524 518 78 515 509 69 525 519 79 525 519 79 515 509 69 512 506 66 511 505 65 526 520 80 512 506 66 512 506 66 526 520 80 525 519 79 511 505 65 527 521 81 526 520 80 528 522 82 524 518 78 525 519 79 524 518 78 528 522 82 529 523 83 527 521 81 530 524 84 526 520 80 531 525 85 530 524 84 527 521 81 531 525 85 527 521 81 503 497 57 503 497 57 527 521 81 502 496 56 502 496 56 527 521 81 532 526 86 502 496 56 532 526 86 498 492 51 498 492 51 532 526 86 505 499 59 505 499 59 532 526 86 507 501 61 507 501 61 532 526 86 511 505 65 511 505 65 532 526 86 527 521 81 530 524 84 531 525 85 533 527 87 531 525 85 534 528 88 533 527 87 535 529 89 533 527 87 534 528 88 530 524 84 536 530 90 526 520 80 536 530 90 528 522 82 525 519 79 536 530 90 525 519 79 526 520 80 537 531 91 535 529 89 534 528 88 537 531 91 534 528 88 538 532 92 539 533 93 537 531 91 538 532 92 539 533 93 538 532 92 504 498 58 501 495 55 539 533 93 504 498 58 540 534 94 539 533 93 501 495 55 540 534 94 501 495 55 499 493 53 540 534 94 499 493 53 541 535 95 541 535 95 499 493 53 500 494 54 533 527 87 535 529 89 542 536 96 543 537 97 533 527 87 542 536 96 533 527 87 543 537 97 544 538 98 533 527 87 544 538 98 530 524 84 544 538 98 536 530 90 530 524 84 536 530 90 544 538 98 545 539 99 545 539 99 528 522 82 536 530 90 528 522 82 545 539 99 529 523 83 529 523 83 545 539 99 546 540 100 547 541 101 546 540 100 545 539 99 548 542 102 546 540 100 547 541 101 548 542 102 549 543 103 546 540 100 548 542 102 550 544 104 549 543 103 550 544 104 548 542 102 551 545 105 548 542 102 547 541 101 551 545 105 551 545 105 552 546 106 550 544 104 550 544 104 552 546 106 553 547 107 554 548 108 550 544 104 553 547 107 549 543 103 550 544 104 554 548 108 553 547 107 552 546 106 555 549 109 555 549 109 556 550 110 553 547 107 555 549 109 557 551 111 556 550 110 557 551 111 558 552 112 556 550 110 558 552 112 559 553 113 556 550 110 559 553 113 558 552 112 560 554 114 561 555 115 560 554 114 558 552 112 560 554 114 561 555 115 562 556 116 561 555 115 563 557 117 562 556 116 564 558 118 563 557 117 561 555 115 564 558 118 565 559 119 563 557 117 566 560 120 563 557 117 565 559 119 562 556 116 563 557 117 566 560 120 565 559 119 567 561 121 566 560 120 568 562 122 565 559 119 564 558 118 564 558 118 569 563 123 568 562 122 570 564 124 565 559 119 568 562 122 568 562 122 569 563 123 570 564 124 571 565 125 565 559 119 570 564 124 571 565 125 567 561 121 565 559 119 570 564 124 569 563 123 572 566 126 564 558 118 573 567 127 569 563 123 566 560 120 574 568 128 562 556 116 575 569 129 574 568 128 566 560 120 575 569 129 566 560 120 567 561 121 573 567 127 564 558 118 576 570 130 561 555 115 576 570 130 564 558 118 561 555 115 577 571 131 576 570 130 578 572 132 569 563 123 573 567 127 578 572 132 579 573 133 569 563 123 580 574 134 579 573 133 578 572 132 581 575 135 579 573 133 580 574 134 582 576 136 569 563 123 579 573 133 581 575 135 582 576 136 579 573 133 583 577 137 582 576 136 581 575 135 582 576 136 584 578 126 569 563 123 580 574 134 578 572 132 585 579 138 585 579 138 578 572 132 586 580 139 586 580 139 573 567 127 576 570 130 573 567 127 586 580 139 578 572 132 587 581 140 585 579 138 586 580 139 576 570 130 587 581 140 586 580 139 576 570 130 577 571 131 587 581 140 588 582 141 585 579 138 587 581 140 587 581 140 577 571 131 589 583 142 589 583 142 588 582 141 587 581 140 577 571 131 557 551 111 589 583 142 558 552 112 557 551 111 577 571 131 558 552 112 577 571 131 561 555 115 589 583 142 557 551 111 555 549 109 555 549 109 590 584 143 589 583 142 590 584 143 588 582 141 589 583 142 552 546 106 590 584 143 555 549 109 552 546 106 591 585 144 590 584 143 591 585 144 552 546 106 551 545 105 590 584 143 591 585 144 592 586 145 593 587 146 592 586 145 591 585 144 594 588 147 592 586 145 593 587 146 593 587 146 595 589 148 594 588 147 596 590 149 595 589 148 593 587 146 595 589 148 596 590 149 597 591 150 597 591 150 596 590 149 598 592 151 598 592 151 599 593 152 597 591 150 598 592 151 600 594 153 599 593 152 599 593 152 600 594 153 601 595 154 601 595 154 600 594 153 602 596 155 603 597 156 599 593 152 601 595 154 604 598 157 599 593 152 603 597 156 597 591 150 599 593 152 604 598 157 600 594 153 605 599 158 602 596 155 602 596 155 605 599 158 606 600 159 607 601 160 606 600 159 605 599 158 606 600 159 607 601 160 608 602 161 607 601 160 609 603 162 608 602 161 607 601 160 610 604 163 609 603 162 609 603 162 611 605 164 608 602 161 609 603 162 612 606 165 611 605 164 613 607 166 611 605 164 612 606 165 613 607 166 614 608 391 611 605 164 602 596 155 606 600 159 615 609 167 615 609 167 606 600 159 616 610 392 616 610 392 617 611 170 615 609 167 617 611 170 618 612 169 615 609 167 618 612 169 617 611 170 619 613 171 615 609 167 618 612 169 620 614 168 618 612 169 621 615 172 620 614 168 620 614 168 621 615 172 622 616 173 621 615 172 618 612 169 623 617 174 624 618 175 618 612 169 619 613 171 618 612 169 624 618 175 623 617 174 620 614 168 602 596 155 615 609 167 601 595 154 602 596 155 620 614 168 620 614 168 622 616 173 601 595 154 601 595 154 622 616 173 603 597 156 621 615 172 625 619 176 622 616 173 603 597 156 622 616 173 625 619 176 626 620 177 625 619 176 621 615 172 627 621 178 621 615 172 623 617 174 626 620 177 621 615 172 627 621 178 603 597 156 625 619 176 628 622 179 603 597 156 628 622 179 604 598 157 629 623 180 604 598 157 628 622 179 597 591 150 604 598 157 629 623 180 629 623 180 630 624 181 597 591 150 597 591 150 630 624 181 595 589 148 630 624 181 631 625 182 595 589 148 595 589 148 631 625 182 594 588 147 631 625 182 592 586 145 594 588 147 632 626 183 592 586 145 631 625 182 631 625 182 633 627 184 632 626 183 631 625 182 630 624 181 633 627 184 632 626 183 633 627 184 634 628 185 633 627 184 635 629 186 634 628 185 634 628 185 635 629 186 636 630 187 635 629 186 637 631 188 636 630 187 635 629 186 638 632 189 637 631 188 638 632 189 635 629 186 639 633 190 639 633 190 635 629 186 640 634 191 641 635 192 638 632 189 639 633 190 642 636 193 638 632 189 641 635 192 642 636 193 637 631 188 638 632 189 642 636 193 643 637 194 637 631 188 632 626 183 590 584 143 592 586 145 588 582 141 590 584 143 632 626 183 634 628 185 588 582 141 632 626 183 585 579 138 588 582 141 634 628 185 636 630 187 585 579 138 634 628 185 580 574 134 585 579 138 636 630 187 580 574 134 636 630 187 581 575 135 581 575 135 636 630 187 637 631 188 581 575 135 637 631 188 583 577 137 583 577 137 637 631 188 643 637 194 640 634 191 644 638 195 639 633 190 645 639 196 644 638 195 640 634 191 641 635 192 639 633 190 646 640 197 646 640 197 639 633 190 644 638 195 645 639 196 647 641 198 644 638 195 648 642 199 647 641 198 645 639 196 647 641 198 649 643 200 644 638 195 644 638 195 650 644 200 646 640 197 651 645 201 648 642 199 645 639 196 652 646 202 651 645 201 645 639 196 640 634 191 652 646 202 645 639 196 635 629 186 652 646 202 640 634 191 633 627 184 652 646 202 635 629 186 629 623 180 651 645 201 652 646 202 633 627 184 630 624 181 652 646 202 630 624 181 629 623 180 652 646 202 651 645 201 629 623 180 628 622 179 628 622 179 648 642 199 651 645 201 648 642 199 628 622 179 625 619 176 647 641 198 648 642 199 626 620 177 626 620 177 648 642 199 625 619 176 627 621 178 647 641 198 626 620 177 653 647 200 647 641 198 627 621 178 656 650 205 655 649 204 654 648 208 655 649 204 658 652 205 657 651 203 657 651 203 659 653 206 655 649 204 654 648 208 660 654 209 658 652 205 657 651 203 658 652 205 661 655 207 662 656 210 658 652 205 660 654 209 658 652 205 662 656 210 663 657 207 664 658 211 662 656 210 660 654 209 665 659 212 662 656 210 664 658 211 665 659 212 666 660 207 662 656 210 668 662 206 657 651 203 667 661 213 667 661 213 657 651 203 669 663 207 672 665 215 671 664 214 670 664 213 670 664 213 671 664 214 673 666 206 675 667 207 672 665 215 674 667 213 678 670 395 677 669 394 676 668 393 678 670 395 679 671 396 677 669 394 678 670 395 676 668 393 680 672 397 679 671 396 678 670 395 681 673 398 677 669 394 682 674 399 676 668 393 682 674 399 680 672 397 676 668 393 683 675 400 682 674 399 677 669 394 677 669 394 679 671 396 683 675 400 683 675 400 679 671 396 684 676 401 681 673 398 684 676 401 679 671 396 678 670 395 680 672 397 685 677 402 686 678 403 685 677 402 680 672 397 686 678 403 680 672 397 682 674 399 685 677 402 686 678 403 687 679 404 684 676 401 681 673 398 688 680 405 689 681 406 684 676 401 688 680 405 678 670 395 690 682 407 681 673 398 690 682 407 678 670 395 691 683 408 690 682 407 692 684 409 681 673 398 681 673 398 692 684 409 688 680 405 692 684 409 690 682 407 693 685 410 693 685 410 690 682 407 691 683 408 687 679 404 694 686 411 685 677 402 694 686 411 678 670 395 685 677 402 695 687 412 678 670 395 694 686 411 678 670 395 695 687 412 691 683 408 694 686 411 687 679 404 696 688 413 695 687 412 694 686 411 697 689 414 697 689 414 694 686 411 696 688 413 695 687 412 697 689 414 691 683 408 691 683 408 697 689 414 693 685 410 559 553 113 699 691 238 698 690 239 698 690 239 699 691 238 700 692 240 699 691 238 559 553 113 560 554 114 556 550 110 559 553 113 698 690 239 701 693 241 556 550 110 698 690 239 699 691 238 702 694 242 700 692 240 702 694 242 699 691 238 703 695 243 703 695 243 699 691 238 560 554 114 700 692 240 702 694 242 522 516 76 701 693 241 553 547 107 556 550 110 704 696 244 702 694 242 703 695 243 705 697 245 702 694 242 704 696 244 702 694 242 705 697 245 522 516 76 705 697 245 523 517 77 522 516 76 704 696 244 706 698 246 705 697 245 704 696 244 707 699 247 706 698 246 705 697 245 706 698 246 708 700 248 708 700 248 523 517 77 705 697 245 706 698 246 709 701 249 708 700 248 708 700 248 709 701 249 710 702 252 519 513 73 523 517 77 708 700 248 708 700 248 518 512 72 519 513 73 711 703 252 518 512 72 708 700 248 712 704 253 704 696 244 703 695 243 707 699 247 704 696 244 712 704 253 703 695 243 560 554 114 712 704 253 562 556 116 712 704 253 560 554 114 709 701 249 706 698 246 713 705 250 706 698 246 707 699 247 713 705 250 714 706 251 709 701 249 713 705 250 575 569 129 714 706 251 713 705 250 575 569 129 713 705 250 574 568 128 562 556 116 574 568 128 715 707 254 712 704 253 562 556 116 715 707 254 574 568 128 713 705 250 715 707 254 718 710 257 717 709 255 716 708 256 716 708 256 717 709 255 719 711 258 716 708 256 720 712 259 718 710 257 718 710 257 720 712 259 721 713 260 719 711 258 717 709 255 722 714 262 722 714 262 717 709 255 723 715 263 717 709 255 724 716 264 723 715 263 723 715 263 724 716 264 725 717 265 724 716 264 726 718 266 725 717 265 726 718 266 727 719 267 725 717 265 727 719 267 726 718 266 728 720 268 727 719 267 728 720 268 729 721 269 728 720 268 730 722 270 729 721 269 730 722 270 731 723 271 729 721 269 730 722 270 732 724 278 731 723 271 732 724 278 733 725 277 731 723 271 732 724 278 734 726 275 733 725 277 733 725 277 734 726 275 735 727 276 610 604 163 735 727 276 734 726 275 734 726 275 609 603 162 610 604 163 736 728 274 609 603 162 734 726 275 609 603 162 736 728 274 612 606 165 735 727 276 610 604 163 737 729 279 607 601 160 737 729 279 610 604 163 737 729 279 607 601 160 605 599 158 738 730 280 737 729 279 605 599 158 738 730 280 605 599 158 600 594 153 598 592 151 738 730 280 600 594 153 738 730 280 598 592 151 739 731 281 740 732 282 738 730 280 739 731 281 738 730 280 740 732 282 737 729 279 737 729 279 740 732 282 735 727 276 739 731 281 598 592 151 596 590 149 596 590 149 741 733 283 739 731 281 593 587 146 741 733 283 596 590 149 593 587 146 591 585 144 741 733 283 741 733 283 591 585 144 551 545 105 547 541 101 741 733 283 551 545 105 742 734 284 741 733 283 547 541 101 743 735 285 742 734 284 547 541 101 545 539 99 743 735 285 547 541 101 742 734 284 744 736 286 741 733 283 740 732 282 739 731 281 744 736 286 744 736 286 739 731 281 741 733 283 742 734 284 743 735 285 745 737 287 745 737 287 740 732 282 744 736 286 744 736 286 742 734 284 745 737 287 745 737 287 735 727 276 740 732 282 735 727 276 745 737 287 746 738 277 746 738 277 745 737 287 747 739 288 748 740 289 745 737 287 743 735 285 745 737 287 748 740 289 749 741 290 750 742 288 745 737 287 749 741 290 751 743 291 747 739 288 749 741 290 752 744 292 751 743 291 749 741 290 545 539 99 753 745 293 743 735 285 753 745 293 545 539 99 544 538 98 753 745 293 754 746 294 743 735 285 743 735 285 754 746 294 748 740 289 544 538 98 543 537 97 753 745 293 543 537 97 754 746 294 753 745 293 754 746 294 543 537 97 542 536 96 755 747 295 754 746 294 542 536 96 756 748 296 752 744 292 755 747 295 756 748 296 755 747 295 542 536 96 757 749 291 752 744 292 756 748 296 535 529 89 756 748 296 542 536 96 537 531 91 756 748 296 535 529 89 759 750 297 747 739 288 758 750 291 762 753 300 761 752 298 760 751 299 760 751 299 761 752 298 763 754 301 764 755 302 762 753 300 760 751 299 765 756 303 762 753 300 764 755 302 764 755 302 766 757 304 765 756 303 766 757 304 767 758 305 765 756 303 767 758 305 768 759 306 765 756 303 765 756 303 768 759 306 769 760 307 762 753 300 770 761 308 761 752 298 771 762 309 770 761 308 762 753 300 769 760 307 771 762 309 765 756 303 765 756 303 771 762 309 762 753 300 769 760 307 768 759 306 772 763 310 772 763 310 771 762 309 769 760 307 768 759 306 773 764 311 772 763 310 771 762 309 774 765 312 770 761 308 774 765 312 771 762 309 772 763 310 770 761 308 774 765 312 775 766 313 760 751 299 763 754 301 776 767 314 776 767 314 763 754 301 777 768 315 778 769 316 768 759 306 767 758 305 779 770 317 768 759 306 778 769 316 778 769 316 780 771 318 779 770 317 780 771 318 781 772 319 779 770 317 782 773 320 781 772 319 780 771 318 783 774 321 781 772 319 782 773 320 781 772 319 784 775 311 779 770 317 781 772 319 783 774 321 785 776 322 786 777 323 772 763 310 784 775 311 774 765 312 772 763 310 786 777 323 787 778 324 786 777 323 784 775 311 787 778 324 788 779 311 781 772 319 789 780 325 786 777 323 787 778 324 789 780 325 790 781 326 786 777 323 791 782 327 790 781 326 789 780 325 792 783 328 790 781 326 791 782 327 793 784 329 790 781 326 792 783 328 781 772 319 794 785 322 787 778 324 791 782 327 795 786 330 792 783 328 796 787 331 795 786 330 791 782 327 789 780 325 796 787 331 791 782 327 795 786 330 796 787 331 797 788 332 797 788 332 796 787 331 798 789 333 799 790 334 797 788 332 798 789 333 800 791 335 797 788 332 799 790 334 801 792 336 800 791 335 799 790 334 801 792 336 799 790 334 802 793 337 802 793 337 799 790 334 803 794 338 799 790 334 798 789 333 803 794 338 802 793 337 803 794 338 804 795 339 804 795 339 803 794 338 805 796 340 804 795 339 805 796 340 806 797 341 806 797 341 805 796 340 807 798 342 806 797 341 807 798 342 808 799 343 809 800 344 800 791 335 801 792 336 803 794 338 810 801 345 805 796 340 803 794 338 798 789 333 810 801 345 805 796 340 810 801 345 811 802 346 811 802 346 812 803 347 805 796 340 805 796 340 812 803 347 807 798 342 812 803 347 813 804 348 807 798 342 807 798 342 813 804 348 808 799 343 810 801 345 814 805 349 811 802 346 811 802 346 814 805 349 812 803 347 815 806 350 814 805 349 810 801 345 798 789 333 815 806 350 810 801 345 796 787 331 815 806 350 798 789 333 813 804 348 812 803 347 816 807 322 812 803 347 814 805 349 794 785 322 815 806 350 796 787 331 789 780 325 814 805 349 815 806 350 787 778 324 787 778 324 815 806 350 789 780 325 794 785 322 814 805 349 787 778 324 817 808 351 806 797 341 808 799 343 818 809 352 806 797 341 817 808 351 818 809 352 804 795 339 806 797 341 819 810 353 804 795 339 818 809 352 819 810 353 802 793 337 804 795 339 820 811 354 802 793 337 819 810 353 820 811 354 801 792 336 802 793 337 821 812 355 801 792 336 820 811 354 821 812 355 822 813 356 801 792 336 801 792 336 822 813 356 809 800 344 823 814 357 822 813 356 821 812 355 824 815 358 822 813 356 823 814 357 823 814 357 825 816 359 824 815 358 826 817 360 825 816 359 823 814 357 827 818 361 819 810 353 818 809 352 827 818 361 818 809 352 828 819 362 828 819 362 818 809 352 817 808 351 829 820 363 828 819 362 817 808 351 830 821 364 820 811 354 819 810 353 830 821 364 819 810 353 827 818 361 831 822 365 830 821 364 827 818 361 828 819 362 831 822 365 827 818 361 832 823 366 830 821 364 831 822 365 833 824 367 820 811 354 830 821 364 823 814 357 821 812 355 833 824 367 833 824 367 821 812 355 820 811 354 832 823 366 833 824 367 830 821 364 834 825 368 833 824 367 832 823 366 826 817 360 823 814 357 834 825 368 834 825 368 823 814 357 833 824 367 784 775 311 768 759 306 779 770 317 793 784 329 775 766 313 790 781 326 790 781 326 775 766 313 774 765 312 790 781 326 774 765 312 786 777 323 837 826 277 836 826 288 835 826 297 839 828 370 838 827 369 777 768 315 777 768 315 838 827 369 776 767 314 838 827 369 840 829 371 776 767 314 776 767 314 840 829 371 841 830 372 841 830 372 760 751 299 776 767 314 764 755 302 760 751 299 841 830 372 842 831 373 764 755 302 841 830 372 766 757 304 764 755 302 842 831 373 842 831 373 767 758 305 766 757 304 778 769 316 767 758 305 842 831 373 843 832 374 778 769 316 842 831 373 778 769 316 843 832 374 780 771 318 843 832 374 844 833 375 780 771 318 845 834 376 843 832 374 842 831 373 842 831 373 846 835 377 845 834 376 846 835 377 841 830 372 840 829 371 846 835 377 842 831 373 841 830 372 780 771 318 844 833 375 847 836 378 780 771 318 847 836 378 782 773 320 736 728 274 734 726 275 848 837 379 848 837 379 734 726 275 732 724 278 849 838 273 736 728 274 848 837 379 736 728 274 849 838 273 612 606 165 612 606 165 849 838 273 850 839 272 850 839 272 613 607 166 612 606 165 613 607 166 850 839 272 728 720 268 730 722 270 728 720 268 850 839 272 732 724 278 730 722 270 848 837 379 728 720 268 851 840 415 613 607 166 614 608 391 613 607 166 851 840 415 728 720 268 726 718 266 851 840 415 724 716 264 851 840 415 726 718 266 852 841 261 851 840 415 724 716 264 724 716 264 717 709 255 852 841 261 852 841 261 717 709 255 718 710 257 721 713 260 852 841 261 718 710 257 853 842 416 852 841 261 721 713 260 852 841 261 853 842 416 851 840 415 851 840 415 853 842 416 614 608 391 854 843 417 853 842 416 721 713 260 721 713 260 855 844 418 854 843 417 856 845 419 614 608 391 853 842 416 856 845 419 853 842 416 854 843 417 614 608 391 856 845 419 857 846 420 856 845 419 616 610 392 857 846 420 616 610 392 856 845 419 858 847 421 858 847 421 856 845 419 854 843 417 858 847 421 617 611 170 616 610 392 617 611 170 858 847 421 619 613 171 858 847 421 859 848 422 619 613 171 858 847 421 860 849 418 859 848 422 854 843 417 861 850 418 858 847 421 857 846 420 616 610 392 606 600 159 608 602 161 857 846 420 606 600 159 611 605 164 857 846 420 608 602 161 857 846 420 611 605 164 614 608 391 731 723 271 733 725 277 862 851 297 865 854 213 864 853 203 863 852 207 865 854 213 866 855 206 864 853 203 864 853 203 866 855 206 867 856 204 865 854 213 868 857 214 866 855 206 869 858 215 868 857 214 865 854 213 869 858 215 865 854 213 870 859 207 867 856 204 871 860 205 864 853 203 872 861 208 871 860 205 867 856 204 864 853 203 871 860 205 873 862 207 871 860 205 872 861 208 874 863 210 871 860 205 874 863 210 875 864 207 874 863 210 872 861 208 876 865 209 876 865 209 877 866 212 874 863 210 874 863 210 877 866 212 878 867 207 877 866 212 876 865 209 879 868 211 882 871 381 881 870 380 880 869 207 883 872 382 882 871 381 880 869 207 882 871 381 884 873 383 881 870 380 883 872 382 884 873 383 882 871 381 881 870 380 884 873 383 885 874 384 886 875 385 884 873 383 883 872 382 888 877 215 886 875 385 887 876 382 886 875 385 888 877 215 889 878 214 888 877 215 891 879 382 890 879 207 894 882 380 893 881 212 892 880 207 895 883 384 893 881 212 894 882 380 893 881 212 895 883 384 896 884 211 275 273 260 897 885 418 274 272 259 899 887 418 275 273 260 898 886 417 898 886 417 275 273 260 900 888 416 900 888 416 275 273 260 276 274 261 276 274 261 901 889 415 900 888 416 276 274 261 279 277 264 901 889 415 279 277 264 281 279 266 901 889 415 283 281 268 901 889 415 281 279 266 283 281 268 169 169 166 901 889 415 902 890 391 901 889 415 169 169 166 901 889 415 902 890 391 900 888 416 169 169 166 167 167 164 902 890 391 900 888 416 903 891 419 898 886 417 902 890 391 903 891 419 900 888 416 903 891 419 902 890 391 904 892 420 167 167 164 904 892 420 902 890 391 905 893 392 903 891 419 904 892 420 903 891 419 905 893 392 906 894 421 903 891 419 906 894 421 898 886 417 898 886 417 906 894 421 907 895 418 906 894 421 905 893 392 173 173 170 905 893 392 170 170 167 173 173 170 170 170 167 905 893 392 162 162 159 904 892 420 162 162 159 905 893 392 173 173 170 174 174 171 906 894 421 906 894 421 174 174 171 908 896 422 906 894 421 908 896 422 909 897 418 164 164 161 162 162 159 904 892 420 904 892 420 167 167 164 164 164 161 910 898 418 721 713 260 720 712 259 911 899 423 459 453 2 460 454 1 912 900 424 911 899 423 460 454 1 913 901 425 911 899 423 912 900 424 460 454 1 914 902 9 912 900 424 460 454 1 453 447 7 914 902 9 453 447 7 448 442 10 914 902 9 914 902 9 448 442 10 445 439 11 914 902 9 445 439 11 444 438 17 912 900 424 914 902 9 444 438 17 444 438 17 915 903 426 912 900 424 915 903 426 916 904 427 912 900 424 912 900 424 916 904 427 913 901 425 441 435 387 915 903 426 444 438 17 441 435 387 917 905 428 915 903 426 442 436 388 917 905 428 441 435 387 916 904 427 915 903 426 918 906 429 918 906 429 915 903 426 919 907 428 440 434 386 920 908 430 442 436 388 920 908 430 440 434 386 921 909 431 440 434 386 443 437 389 921 909 431 921 909 431 443 437 389 922 910 432 443 437 389 446 440 390 922 910 432 923 911 433 922 910 432 446 440 390 924 912 434 922 910 432 923 911 433 447 441 12 923 911 433 446 440 390 451 445 15 923 911 433 447 441 12 925 913 435 922 910 432 924 912 434 925 913 435 921 909 431 922 910 432 921 909 431 925 913 435 926 914 436 921 909 431 926 914 436 927 915 430 930 918 388 929 917 386 928 916 387 929 917 386 930 918 388 931 919 430 932 920 389 928 916 387 929 917 386 17 17 17 928 916 387 932 920 389 932 920 389 11 11 11 17 17 17 932 920 389 933 921 390 11 11 11 933 921 390 12 12 12 11 11 11 934 922 432 933 921 390 932 920 389 933 921 390 934 922 432 935 923 433 935 923 433 12 12 12 933 921 390 15 15 15 12 12 12 935 923 433 929 917 386 936 924 431 932 920 389 932 920 389 936 924 431 934 922 432 931 919 430 936 924 431 929 917 386 930 918 388 928 916 387 937 925 428 928 916 387 938 926 426 937 925 428 17 17 17 938 926 426 928 916 387 939 927 424 938 926 426 17 17 17 17 17 17 9 9 9 939 927 424 939 927 424 9 9 9 1 1 1 940 928 423 939 927 424 1 1 1 940 928 423 1 1 1 2 2 2 941 929 425 939 927 424 940 928 423 942 930 427 939 927 424 941 929 425 942 930 427 938 926 426 939 927 424 935 923 433 934 922 432 943 931 434 934 922 432 944 932 435 943 931 434 936 924 431 944 932 435 934 922 432 944 932 435 936 924 431 945 933 436 936 924 431 946 934 430 945 933 436 938 926 426 942 930 427 947 935 429 947 935 429 948 936 428 938 926 426</p>
                </triangles>
            </mesh>
        </geometry>
    </library_geometries>
    <library_controllers>
        <controller id="ID19">
            <skin source="#ID20">
                <bind_shape_matrix>1 0 0 0 0 1 0 0 0 0 1 0 0 0 0 1</bind_shape_matrix>
                <source id="ID28">
                    <Name_array id="ID29" count="4">joint7 joint6 joint2 joint8</Name_array>
                    <technique_common>
                        <accessor count="4" source="#ID29">
                            <param name="JOINT" type="Name"/>
                        </accessor>
                    </technique_common>
                </source>
                <source id="ID30">
                    <float_array id="ID31" count="15">0 1 0.2 0.100008 0.500008 0.8 0.700008 0.900008 0.850004 0.650004 0.6 0.4 0.300008 0.149996 0.349996</float_array>
                    <technique_common>
                        <accessor count="15" source="#ID31">
                            <param name="WEIGHT" type="float"/>
                        </accessor>
                    </technique_common>
                </source>
                <source id="ID32">
                    <float_array id="ID33" count="64">0.944569 0.187005 -0.26985 0.0212226 0.256046 -0.934058 0.248952 0.1113 -0.205501 -0.304246 -0.930163 0.0890784 0 0 0 1 1 -0 0 0 0 0.996593 -0.0824743 -0.0412535 -0 0.0824743 0.996593 -0.000340528 0 0 0 1 1 0 0 0 0 1 0 -0.00953211 0 0 1 0.00306299 0 0 0 1 0.918045 -0.259915 0.299394 -0.0142443 0.305561 0.945012 -0.116554 -0.124645 -0.252637 0.198485 0.946984 -0.0747429 0 0 0 1</float_array>
                    <technique_common>
                        <accessor count="4" source="#ID33" stride="16">
                            <param name="TRANSFORM" type="float4x4"/>
                        </accessor>
                    </technique_common>
                </source>
                <joints>
                    <input semantic="JOINT" source="#ID28"/>
                    <input semantic="INV_BIND_MATRIX" source="#ID32"/>
                </joints>
                <vertex_weights count="949">
                    <input offset="0" semantic="JOINT" source="#ID28"/>
                    <input offset="1" semantic="WEIGHT" source="#ID30"/>
                    <vcount>1 1 1 1 1 1 1 1 1 1 1 1 1 1 1 1 1 1 1 1 1 1 1 1 1 1 1 1 1 1 1 1 1 1 1 1 1 1 1 1 1 1 1 1 1 1 1 1 1 1 1 1 1 1 1 1 1 1 1 1 1 1 1 1 1 1 1 1 1 1 1 1 1 1 1 1 1 1 1 1 1 1 1 1 1 1 1 1 1 1 1 1 1 1 1 1 1 1 1 1 1 1 1 1 1 1 2 2 2 1 1 2 1 1 1 1 1 1 1 1 2 1 1 1 2 2 2 1 2 2 1 1 2 1 2 2 2 2 2 2 2 2 2 2 2 2 2 2 2 2 2 2 2 1 2 1 1 1 1 1 1 1 1 1 1 1 2 1 1 1 1 1 1 1 1 1 1 1 1 2 2 2 2 2 2 2 2 2 2 2 2 2 2 2 2 2 2 2 2 2 2 2 2 2 2 2 2 2 1 1 1 1 1 1 1 1 1 1 1 1 1 1 1 1 1 1 1 1 1 1 1 1 1 1 1 1 1 1 1 1 1 1 1 1 1 1 1 1 1 1 1 1 1 1 1 1 1 1 1 1 1 2 1 1 2 1 1 1 2 2 1 1 1 1 1 1 1 1 1 1 1 1 1 1 1 1 2 1 1 1 2 2 2 2 2 2 2 2 2 2 2 2 2 2 2 2 2 2 2 1 1 2 2 2 2 2 1 1 1 1 1 1 1 1 1 1 1 1 1 1 1 1 1 1 1 1 1 2 2 2 1 2 1 2 1 2 1 2 2 1 2 2 2 1 1 1 1 1 1 1 1 1 1 1 2 1 1 1 1 2 2 2 2 2 1 1 1 1 1 1 1 1 1 1 2 2 1 2 1 1 1 2 2 2 1 1 1 1 1 2 2 1 1 2 1 2 2 2 2 2 2 2 2 2 2 1 2 2 2 2 2 2 2 1 1 1 1 1 1 1 1 1 1 1 1 1 1 1 1 1 2 2 2 1 1 1 1 1 1 1 1 1 1 1 1 1 1 1 1 1 1 1 1 1 1 1 1 1 1 1 1 1 1 1 1 1 1 1 1 1 1 1 1 1 1 1 1 1 1 1 1 1 1 1 1 1 1 1 1 1 1 1 1 1 1 1 1 1 1 1 1 1 1 1 1 1 1 1 1 1 1 1 1 1 1 1 1 1 1 1 1 1 1 1 1 1 1 1 1 1 1 1 1 1 1 1 1 1 1 1 2 2 2 1 1 2 1 1 1 1 1 1 1 1 2 1 1 1 2 2 2 1 2 2 1 1 2 1 2 2 2 2 2 2 2 2 2 2 2 2 2 2 2 2 2 2 2 1 2 1 1 1 1 1 1 1 1 1 1 1 2 1 1 1 1 1 1 1 1 1 1 1 1 1 1 2 2 2 2 2 2 2 2 2 2 2 2 2 2 2 2 2 2 2 2 2 2 2 2 2 2 2 2 2 1 1 1 1 1 1 1 1 1 1 1 1 1 1 1 1 1 1 1 1 1 1 1 1 1 1 1 1 1 1 1 1 1 1 1 1 1 1 1 1 1 1 1 1 1 1 1 1 1 1 1 1 1 2 1 1 1 1 2 2 1 2 1 1 1 1 1 1 1 1 1 1 1 1 1 1 1 2 2 2 2 2 1 2 2 2 2 2 2 2 2 2 2 2 2 2 2 2 2 1 1 2 2 2 2 2 1 1 1 1 1 1 1 1 1 1 1 1 1 1 1 1 1 1 1 1 1 2 2 2 1 2 1 2 1 2 1 2 2 1 2 2 2 1 1 1 1 1 1 1 1 1 1 1 2 1 1 1 1 2 2 2 2 2 1 1 1 1 1 1 1 1 1 1 2 2 1 2 1 1 1 2 2 2 1 1 1 1 1 2 2 1 1 2 1 1 1 1 1 1 1 1 1 1 1 1 1 1 2 2 2 2 2 2 2 2 2 2 1 2 2 2 2 2 2 2 1 1 1 1 1 1 1 1 1 1 1 1 1 1 1 1 1 1 1 1 1 1 1 1 1 1 1 1 1 1 1 1 1 1 1 2 2 2 2 2 2 2 1 1 1 2 2 2 2 2 2 2 1 1 1 1 2 2 2 1 1 1 2 1 2 2 2 2 2</vcount>
                    <v>0 1 0 1 0 1 0 1 0 1 0 1 0 1 0 1 0 1 0 1 0 1 0 1 0 1 0 1 0 1 0 1 0 1 0 1 0 1 0 1 0 1 0 1 0 1 0 1 0 1 0 1 0 1 0 1 0 1 0 1 0 1 0 1 0 1 0 1 0 1 0 1 0 1 0 1 0 1 0 1 0 1 0 1 0 1 0 1 0 1 0 1 0 1 0 1 0 1 0 1 0 1 0 1 0 1 1 1 1 1 1 1 1 1 1 1 1 1 1 1 1 1 1 1 1 1 1 1 1 1 1 1 1 1 1 1 1 1 1 1 1 1 1 1 1 1 1 1 1 1 1 1 1 1 1 1 1 1 1 1 1 1 1 1 1 1 1 1 1 1 1 1 1 1 1 1 1 1 1 1 1 1 1 1 1 1 1 1 1 1 1 1 1 1 1 1 1 1 1 1 1 1 1 1 1 1 1 1 1 1 1 1 1 5 2 2 1 6 2 12 1 5 2 2 1 1 1 1 1 7 2 3 1 1 1 1 1 1 1 1 1 1 1 1 1 1 1 1 1 7 2 3 1 1 1 1 1 1 1 7 2 3 1 5 2 2 1 7 2 3 1 1 1 5 2 2 1 5 2 2 1 1 1 1 1 8 2 13 1 1 1 6 2 12 1 6 2 12 1 9 2 14 1 9 2 14 1 6 2 12 1 9 2 14 1 5 2 2 1 9 2 14 1 6 2 12 1 6 2 12 1 6 2 12 1 5 2 2 1 6 2 12 1 6 2 12 1 6 2 12 1 6 2 12 1 10 2 11 1 4 2 4 1 4 2 4 2 1 1 2 2 5 2 1 2 1 2 1 2 1 2 1 2 1 2 1 2 1 2 1 2 1 2 1 1 3 2 7 2 1 2 1 2 1 2 1 2 1 2 1 2 1 2 1 2 1 2 1 2 1 2 1 1 3 2 7 1 3 2 7 1 3 2 7 1 3 2 7 1 2 2 5 1 11 2 10 1 4 2 4 1 10 2 11 1 4 2 4 1 10 2 11 1 4 2 4 1 10 2 11 1 10 2 11 1 4 2 4 1 11 2 10 1 11 2 10 1 11 2 10 1 4 2 4 1 10 2 11 1 12 2 6 1 12 2 6 1 12 2 6 1 2 2 5 1 2 2 5 1 2 2 5 1 2 2 5 1 12 2 6 1 11 2 10 1 2 2 5 1 1 1 1 1 1 1 1 1 1 1 1 1 1 1 1 1 1 1 1 1 1 1 1 1 1 1 1 1 1 1 1 1 1 1 1 1 1 1 1 1 1 1 1 1 1 1 1 1 1 1 1 1 1 1 1 1 1 1 1 1 1 1 1 1 1 1 1 1 1 1 1 1 1 1 1 1 1 1 1 1 1 1 1 1 1 1 1 1 1 1 1 1 1 1 1 1 1 1 1 1 1 1 1 1 1 0 2 1 5 1 1 1 1 0 2 1 5 1 1 1 1 1 1 0 2 1 5 0 3 1 7 2 1 2 1 2 1 2 1 2 1 2 1 2 1 2 1 2 1 2 1 2 1 2 1 2 1 2 1 2 1 2 1 1 3 2 7 2 1 2 1 2 1 1 2 2 5 1 12 2 6 1 12 2 6 1 3 2 7 1 3 2 7 1 3 2 7 1 4 2 4 1 11 2 10 1 6 2 12 1 7 2 3 1 7 2 3 1 6 2 12 1 10 2 11 1 10 2 11 1 12 2 6 1 7 2 3 1 5 2 2 1 10 2 11 1 5 2 2 1 1 1 1 1 7 2 3 1 7 2 3 1 10 2 11 1 10 2 11 1 12 2 6 2 1 2 1 2 1 2 1 2 1 2 1 2 1 2 1 2 1 2 1 2 1 2 1 2 1 2 1 2 1 2 1 2 1 2 1 2 1 2 1 2 1 1 6 2 12 1 4 2 4 1 4 2 4 2 1 1 4 2 4 2 1 1 4 2 4 2 1 1 4 2 4 2 1 1 4 2 4 1 4 2 4 2 1 1 4 2 4 1 4 2 4 1 6 2 12 1 1 1 1 1 1 1 1 1 1 1 1 1 1 1 1 1 1 1 1 1 1 1 4 2 4 1 1 1 1 1 1 1 1 1 4 2 4 1 6 2 12 1 6 2 12 1 4 2 4 1 12 2 6 1 1 1 1 1 1 1 1 1 1 1 1 1 1 1 1 1 1 1 1 1 10 2 11 1 12 2 6 1 1 1 7 2 3 1 1 1 1 1 1 1 10 2 11 1 12 2 6 1 12 2 6 2 1 2 1 2 1 2 1 2 1 1 3 2 7 1 12 2 6 2 1 2 1 1 12 2 6 2 1 1 12 2 6 1 7 2 3 1 7 2 3 1 5 2 2 1 5 2 2 1 7 2 3 1 5 2 2 1 5 2 2 1 7 2 3 1 7 2 3 1 1 1 7 2 3 1 7 2 3 1 7 2 3 1 7 2 3 1 5 2 2 1 7 2 3 1 5 2 2 2 1 2 1 2 1 2 1 2 1 2 1 2 1 2 1 2 1 2 1 2 1 2 1 2 1 2 1 2 1 2 1 2 1 1 4 3 4 1 4 3 4 1 5 3 2 3 1 3 1 3 1 3 1 3 1 3 1 3 1 3 1 3 1 3 1 3 1 3 1 3 1 3 1 3 1 3 1 3 1 3 1 3 1 3 1 3 1 3 1 3 1 3 1 3 1 3 1 3 1 3 1 3 1 3 1 3 1 3 1 3 1 3 1 3 1 3 1 3 1 3 1 3 1 3 1 3 1 3 1 3 1 3 1 3 1 3 1 3 1 3 1 3 1 3 1 3 1 3 1 3 1 3 1 1 1 1 1 1 1 1 1 1 1 1 1 1 1 1 1 1 1 1 1 1 1 1 1 1 1 1 1 1 1 1 1 1 1 1 1 1 1 1 1 1 1 1 1 1 1 1 1 1 1 1 1 1 1 1 1 1 1 1 1 1 1 1 1 1 1 1 1 1 1 1 1 1 1 1 1 1 1 1 1 1 1 1 1 1 1 1 1 1 1 1 1 1 1 1 1 1 1 1 1 1 1 1 1 1 1 1 5 2 2 1 6 2 12 1 5 2 2 1 1 1 1 1 7 2 3 1 1 1 1 1 1 1 1 1 1 1 1 1 1 1 1 1 7 2 3 1 1 1 1 1 1 1 7 2 3 1 5 2 2 1 7 2 3 1 1 1 5 2 2 1 5 2 2 1 1 1 1 1 8 2 13 1 1 1 6 2 12 1 6 2 12 1 9 2 14 1 9 2 14 1 6 2 12 1 9 2 14 1 5 2 2 1 9 2 14 1 6 2 12 1 6 2 12 1 6 2 12 1 5 2 2 1 6 2 12 1 6 2 12 1 6 2 12 1 6 2 12 1 10 2 11 1 4 2 4 1 4 2 4 2 1 1 2 2 5 2 1 2 1 2 1 2 1 2 1 2 1 2 1 2 1 2 1 2 1 2 1 1 3 2 7 2 1 2 1 2 1 2 1 2 1 2 1 2 1 2 1 2 1 2 1 2 1 2 1 2 1 2 1 1 3 2 7 1 3 2 7 1 3 2 7 1 3 2 7 1 2 2 5 1 11 2 10 1 4 2 4 1 10 2 11 1 4 2 4 1 10 2 11 1 4 2 4 1 10 2 11 1 10 2 11 1 4 2 4 1 11 2 10 1 11 2 10 1 11 2 10 1 4 2 4 1 10 2 11 1 12 2 6 1 12 2 6 1 12 2 6 1 2 2 5 1 2 2 5 1 2 2 5 1 2 2 5 1 12 2 6 1 11 2 10 1 2 2 5 1 1 1 1 1 1 1 1 1 1 1 1 1 1 1 1 1 1 1 1 1 1 1 1 1 1 1 1 1 1 1 1 1 1 1 1 1 1 1 1 1 1 1 1 1 1 1 1 1 1 1 1 1 1 1 1 1 1 1 1 1 1 1 1 1 1 1 1 1 1 1 1 1 1 1 1 1 1 1 1 1 1 1 1 1 1 1 1 1 1 1 1 1 1 1 1 1 1 1 1 1 1 1 1 1 1 1 5 3 2 1 1 1 1 1 1 1 1 1 5 3 2 1 5 3 2 1 1 1 7 3 3 2 1 2 1 2 1 2 1 2 1 2 1 2 1 2 1 2 1 2 1 2 1 2 1 2 1 2 1 2 1 1 3 2 7 1 3 2 7 1 12 2 6 1 2 2 5 1 12 2 6 2 1 1 3 2 7 1 3 2 7 1 4 2 4 1 11 2 10 1 6 2 12 1 7 2 3 1 7 2 3 1 6 2 12 1 10 2 11 1 12 2 6 1 10 2 11 1 7 2 3 1 5 2 2 1 10 2 11 1 10 2 11 1 5 2 2 1 1 1 1 1 7 2 3 1 7 2 3 1 10 2 11 1 10 2 11 1 12 2 6 2 1 2 1 2 1 2 1 2 1 2 1 2 1 2 1 2 1 2 1 2 1 2 1 2 1 2 1 2 1 2 1 2 1 2 1 2 1 2 1 2 1 1 6 2 12 1 4 2 4 1 4 2 4 2 1 1 4 2 4 2 1 1 4 2 4 2 1 1 4 2 4 2 1 1 4 2 4 1 4 2 4 2 1 1 4 2 4 1 4 2 4 1 6 2 12 1 1 1 1 1 1 1 1 1 1 1 1 1 1 1 1 1 1 1 1 1 1 1 4 2 4 1 1 1 1 1 1 1 1 1 4 2 4 1 6 2 12 1 6 2 12 1 4 2 4 1 4 2 4 1 1 1 1 1 1 1 1 1 1 1 1 1 1 1 1 1 1 1 1 1 10 2 11 1 12 2 6 1 1 1 7 2 3 1 1 1 1 1 1 1 12 2 6 1 10 2 11 1 12 2 6 2 1 2 1 2 1 2 1 2 1 1 3 2 7 1 12 2 6 2 1 2 1 1 4 2 4 2 1 2 1 2 1 2 1 2 1 2 1 2 1 2 1 2 1 2 1 2 1 2 1 2 1 2 1 1 12 2 6 1 7 2 3 1 7 2 3 1 5 2 2 1 5 2 2 1 7 2 3 1 5 2 2 1 5 2 2 1 7 2 3 1 7 2 3 1 1 1 7 2 3 1 7 2 3 1 7 2 3 1 7 2 3 1 5 2 2 1 7 2 3 1 5 2 2 2 1 2 1 2 1 2 1 2 1 2 1 2 1 2 1 2 1 2 1 2 1 2 1 2 1 2 1 2 1 2 1 2 1 2 1 2 1 2 1 2 1 2 1 2 1 2 1 2 1 2 1 2 1 2 1 2 1 2 1 2 1 3 1 3 1 3 1 3 1 1 4 3 4 1 4 3 4 1 5 3 2 1 7 3 3 1 5 3 2 1 5 3 2 1 4 3 4 3 1 3 1 3 1 1 4 3 4 1 7 3 3 1 5 3 2 0 4 1 4 0 4 1 4 0 2 1 5 0 2 1 5 0 1 0 1 0 1 0 1 0 4 1 4 0 2 1 5 0 4 1 4 0 1 0 1 0 1 0 4 1 4 0 1 0 4 1 4 0 3 1 7 0 2 1 5 0 3 1 7 0 2 1 5</v>
                </vertex_weights>
            </skin>
        </controller>
    </library_controllers>
    <library_visual_scenes>
        <visual_scene id="ID6">
            <node id="ID7" name="chr322">
                <translate sid="translate">0 0 -0</translate>
                <rotate sid="rotateY">0 1 0 -0</rotate>
                <rotate sid="rotateX">1 0 0 0</rotate>
                <rotate sid="rotateZ">0 0 1 -0</rotate>
                <scale sid="scale">1 1 1</scale>
                <node id="ID8" name="GRP_mesh">
                    <translate sid="translate">0 0 -0</translate>
                    <rotate sid="rotateY">0 1 0 -0</rotate>
                    <rotate sid="rotateX">1 0 0 0</rotate>
                    <rotate sid="rotateZ">0 0 1 -0</rotate>
                    <scale sid="scale">1 1 1</scale>
                    <node id="ID9" name="chr322">
                        <translate sid="translate">0 0 -0</translate>
                        <rotate sid="rotateY">0 1 0 -0</rotate>
                        <rotate sid="rotateX">1 0 0 0</rotate>
                        <rotate sid="rotateZ">0 0 1 -0</rotate>
                        <scale sid="scale">1 1 1</scale>
                        <instance_controller url="#ID19">
                            <skeleton>#ID6</skeleton>
                            <bind_material>
                                <technique_common>
                                    <instance_material symbol="Material1" target="#ID1">
                                        <bind_vertex_input semantic="UVSET0" input_semantic="TEXCOORD" input_set="0"/>
                                    </instance_material>
                                </technique_common>
                            </bind_material>
                        </instance_controller>
                    </node>
                </node>
                <node id="ID10" name="GRP_joint">
                    <translate sid="translate">0 0 -0</translate>
                    <rotate sid="rotateY">0 1 0 -0</rotate>
                    <rotate sid="rotateX">1 0 0 0</rotate>
                    <rotate sid="rotateZ">0 0 1 -0</rotate>
                    <scale sid="scale">1 1 1</scale>
                    <node id="ID11" name="J_base" sid="joint1" type="JOINT">
                        <translate sid="translate">0 0.0263622 -0.0406832</translate>
                        <rotate sid="rotateY">0 1 0 -0</rotate>
                        <rotate sid="rotateX">1 0 0 0</rotate>
                        <rotate sid="rotateZ">0 0 1 -0</rotate>
                        <scale sid="scale">1 1 1</scale>
                        <node id="ID12" name="J_center" sid="joint2" type="JOINT">
                            <translate sid="translate">0 -0.01683 0.0376202</translate>
                            <rotate sid="rotateY">0 1 0 -0</rotate>
                            <rotate sid="rotateX">1 0 0 0</rotate>
                            <rotate sid="rotateZ">0 0 1 -0</rotate>
                            <scale sid="scale">1 1 1</scale>
                            <node id="ID13" name="HUDTarget" sid="joint3" type="JOINT">
                                <translate sid="translate">0 0.139367 -6.69742e-018</translate>
                                <rotate sid="rotateY">0 1 0 -0</rotate>
                                <rotate sid="rotateX">1 0 0 0</rotate>
                                <rotate sid="rotateZ">0 0 1 -0</rotate>
                                <scale sid="scale">2.54 2.54 2.54</scale>
                            </node>
                            <node id="ID14" name="CharacterCenterTarget" sid="joint4" type="JOINT">
                                <translate sid="translate">0 0.0721944 0.00303101</translate>
                                <rotate sid="rotateY">0 1 0 -0</rotate>
                                <rotate sid="rotateX">1 0 0 0</rotate>
                                <rotate sid="rotateZ">0 0 1 -0</rotate>
                                <scale sid="scale">2.54 2.54 2.54</scale>
                            </node>
                            <node id="ID15" name="CharacterFaceCenterTarget" sid="joint5" type="JOINT">
                                <translate sid="translate">0 0.0635975 0.00640235</translate>
                                <rotate sid="rotateY">0 1 0 -0</rotate>
                                <rotate sid="rotateX">1 0 0 0</rotate>
                                <rotate sid="rotateZ">0 0 1 -0</rotate>
                                <scale sid="scale">2.54 2.54 2.54</scale>
                            </node>
                        </node>
                        <node id="ID16" name="J_ue_ago" sid="joint6" type="JOINT">
                            <translate sid="translate">0 0.0147789 0.0376202</translate>
                            <rotate sid="rotateY">0 1 0 -0</rotate>
                            <rotate sid="rotateX">1 0 0 -4.7308</rotate>
                            <rotate sid="rotateZ">0 0 1 -0</rotate>
                            <scale sid="scale">1 1 1</scale>
                            <node id="ID17" name="J_mimiR" sid="joint7" type="JOINT">
                                <translate sid="translate">-0.0302384 0.0803864 0.0708101</translate>
                                <rotate sid="rotateY">0 1 0 192.18</rotate>
                                <rotate sid="rotateX">1 0 0 13.0908</rotate>
                                <rotate sid="rotateZ">0 0 1 -192.368</rotate>
                                <scale sid="scale">1 1 1</scale>
                            </node>
                            <node id="ID18" name="J_mimiL" sid="joint8" type="JOINT">
                                <translate sid="translate">0.0322806 0.0822399 0.0706034</translate>
                                <rotate sid="rotateY">0 1 0 345.258</rotate>
                                <rotate sid="rotateX">1 0 0 -6.87517</rotate>
                                <rotate sid="rotateZ">0 0 1 -16.6053</rotate>
                                <scale sid="scale">1 1 1</scale>
                            </node>
                        </node>
                    </node>
                </node>
            </node>
        </visual_scene>
    </library_visual_scenes>
    <scene>
        <instance_visual_scene url="#ID6"/>
    </scene>
</COLLADA>
